<svg width="429" height="927" viewBox="0 0 429 927" fill="none" xmlns="http://www.w3.org/2000/svg">
<path d="M392.458 0.5H36.5421C16.6366 0.5 0.5 15.6101 0.5 34.2494V892.751C0.5 911.39 16.6366 926.5 36.5421 926.5H392.458C412.363 926.5 428.5 911.39 428.5 892.751V34.2494C428.5 15.6101 412.363 0.5 392.458 0.5Z" fill="white" stroke="#E0E0E0"/>
<path d="M61 129.5C73.4264 129.5 83.5 119.426 83.5 107C83.5 94.5736 73.4264 84.5 61 84.5C48.5736 84.5 38.5 94.5736 38.5 107C38.5 119.426 48.5736 129.5 61 129.5Z" fill="#EEF4FF"/>
<path d="M66.5 97.5L52.5 107.5L66.5 117.5" stroke="#378ADD" stroke-width="2" stroke-linecap="round" stroke-linejoin="round"/>
<path d="M93.948 116.5V109.108H91.956V106.132H93.948V98.74H100.644C102.1 98.74 103.372 98.996 104.46 99.508C105.548 100.004 106.452 100.676 107.172 101.524C107.908 102.372 108.452 103.324 108.804 104.38C109.172 105.436 109.356 106.516 109.356 107.62C109.356 108.724 109.172 109.804 108.804 110.86C108.452 111.916 107.908 112.868 107.172 113.716C106.452 114.564 105.548 115.244 104.46 115.756C103.372 116.252 102.1 116.5 100.644 116.5H93.948ZM100.98 109.108H97.644V113.212H100.476C101.644 113.212 102.612 112.94 103.38 112.396C104.148 111.852 104.716 111.148 105.084 110.284C105.452 109.42 105.636 108.524 105.636 107.596C105.636 106.668 105.452 105.78 105.084 104.932C104.716 104.068 104.148 103.364 103.38 102.82C102.612 102.26 101.644 101.98 100.476 101.98H97.644V106.132H100.98V109.108ZM113.872 102.052C113.232 102.052 112.712 101.852 112.312 101.452C111.912 101.036 111.712 100.548 111.712 99.988C111.712 99.396 111.912 98.9 112.312 98.5C112.712 98.084 113.232 97.876 113.872 97.876C114.48 97.876 114.992 98.084 115.408 98.5C115.824 98.9 116.032 99.396 116.032 99.988C116.032 100.548 115.824 101.036 115.408 101.452C114.992 101.852 114.48 102.052 113.872 102.052ZM112.048 116.5V103.78H115.696V116.5H112.048ZM124.585 116.5V98.26H128.233V108.772L132.433 103.78H136.585L131.593 109.588L136.801 116.5H132.505L128.233 110.788V116.5H124.585ZM138.952 116.5V98.26H142.6V105.604H142.72C142.864 105.348 143.072 105.06 143.344 104.74C143.632 104.42 144.008 104.14 144.472 103.9C144.952 103.66 145.56 103.54 146.296 103.54C147.288 103.54 148.096 103.772 148.72 104.236C149.344 104.684 149.8 105.268 150.088 105.988C150.376 106.692 150.52 107.436 150.52 108.22V116.5H146.872V108.844C146.872 108.236 146.704 107.7 146.368 107.236C146.048 106.772 145.528 106.54 144.808 106.54C144.264 106.54 143.832 106.668 143.512 106.924C143.192 107.18 142.96 107.508 142.816 107.908C142.672 108.308 142.6 108.732 142.6 109.18V116.5H138.952ZM161.117 102.028L158.405 102.004L160.349 97.684H163.733L161.117 102.028ZM158.645 103.54C159.461 103.54 160.133 103.676 160.661 103.948C161.189 104.204 161.589 104.484 161.861 104.788C162.149 105.092 162.325 105.3 162.389 105.412H162.581V103.78H166.229V116.5H162.581V114.868H162.389C162.325 114.98 162.149 115.188 161.861 115.492C161.589 115.796 161.189 116.084 160.661 116.356C160.133 116.612 159.461 116.74 158.645 116.74C157.701 116.74 156.877 116.556 156.173 116.188C155.485 115.804 154.909 115.3 154.445 114.676C153.981 114.036 153.629 113.324 153.389 112.54C153.165 111.756 153.053 110.956 153.053 110.14C153.053 109.324 153.165 108.524 153.389 107.74C153.629 106.956 153.981 106.252 154.445 105.628C154.909 104.988 155.485 104.484 156.173 104.116C156.877 103.732 157.701 103.54 158.645 103.54ZM159.701 106.492C159.045 106.492 158.493 106.676 158.045 107.044C157.613 107.396 157.285 107.852 157.061 108.412C156.853 108.972 156.749 109.548 156.749 110.14C156.749 110.732 156.853 111.308 157.061 111.868C157.285 112.428 157.613 112.892 158.045 113.26C158.493 113.612 159.045 113.788 159.701 113.788C160.357 113.788 160.901 113.612 161.333 113.26C161.781 112.892 162.109 112.428 162.317 111.868C162.541 111.308 162.653 110.732 162.653 110.14C162.653 109.548 162.541 108.972 162.317 108.412C162.109 107.852 161.781 107.396 161.333 107.044C160.901 106.676 160.357 106.492 159.701 106.492ZM169.158 116.5V103.78H172.806V105.508H172.926C173.198 105.044 173.606 104.604 174.15 104.188C174.694 103.756 175.438 103.54 176.382 103.54C177.342 103.54 178.11 103.764 178.686 104.212C179.278 104.66 179.71 105.212 179.982 105.868H180.03C180.238 105.5 180.51 105.14 180.846 104.788C181.198 104.42 181.63 104.124 182.142 103.9C182.67 103.66 183.286 103.54 183.99 103.54C184.87 103.54 185.598 103.74 186.174 104.14C186.75 104.54 187.174 105.068 187.446 105.724C187.734 106.364 187.878 107.052 187.878 107.788V116.5H184.23V108.7C184.23 108.076 184.07 107.564 183.75 107.164C183.446 106.748 182.982 106.54 182.358 106.54C181.878 106.54 181.486 106.66 181.182 106.9C180.894 107.14 180.678 107.452 180.534 107.836C180.406 108.204 180.342 108.588 180.342 108.988V116.5H176.694V108.7C176.694 108.076 176.534 107.564 176.214 107.164C175.91 106.748 175.446 106.54 174.822 106.54C174.342 106.54 173.95 106.66 173.646 106.9C173.358 107.14 173.142 107.452 172.998 107.836C172.87 108.204 172.806 108.588 172.806 108.988V116.5H169.158ZM204.029 116.74C203.213 116.74 202.541 116.612 202.013 116.356C201.485 116.084 201.077 115.796 200.789 115.492C200.517 115.188 200.341 114.98 200.261 114.868H200.093V116.5H196.445V98.26H200.093V105.412H200.261C200.341 105.3 200.517 105.092 200.789 104.788C201.077 104.484 201.485 104.204 202.013 103.948C202.541 103.676 203.213 103.54 204.029 103.54C204.973 103.54 205.789 103.732 206.477 104.116C207.181 104.484 207.765 104.988 208.229 105.628C208.693 106.252 209.037 106.956 209.261 107.74C209.501 108.524 209.621 109.324 209.621 110.14C209.621 110.956 209.501 111.756 209.261 112.54C209.037 113.324 208.693 114.036 208.229 114.676C207.765 115.3 207.181 115.804 206.477 116.188C205.789 116.556 204.973 116.74 204.029 116.74ZM202.973 113.788C203.629 113.788 204.173 113.612 204.605 113.26C205.053 112.892 205.381 112.428 205.589 111.868C205.813 111.308 205.925 110.732 205.925 110.14C205.925 109.548 205.813 108.972 205.589 108.412C205.381 107.852 205.053 107.396 204.605 107.044C204.173 106.676 203.629 106.492 202.973 106.492C202.317 106.492 201.765 106.676 201.317 107.044C200.885 107.396 200.557 107.852 200.333 108.412C200.125 108.972 200.021 109.548 200.021 110.14C200.021 110.732 200.125 111.308 200.333 111.868C200.557 112.428 200.885 112.892 201.317 113.26C201.765 113.612 202.317 113.788 202.973 113.788ZM213.799 102.196L216.895 97.876H219.799L222.895 102.196H220.039L218.335 99.7L216.655 102.196H213.799ZM218.455 116.74C217.335 116.74 216.367 116.556 215.551 116.188C214.735 115.804 214.063 115.3 213.535 114.676C213.007 114.036 212.607 113.324 212.335 112.54C212.079 111.756 211.951 110.948 211.951 110.116C211.951 109.316 212.079 108.532 212.335 107.764C212.591 106.98 212.975 106.268 213.487 105.628C214.015 104.988 214.679 104.484 215.479 104.116C216.279 103.732 217.231 103.54 218.335 103.54C219.519 103.54 220.559 103.796 221.455 104.308C222.351 104.82 223.055 105.58 223.567 106.588C224.079 107.58 224.335 108.788 224.335 110.212V111.1H215.623C215.671 111.868 215.935 112.532 216.415 113.092C216.911 113.652 217.591 113.932 218.455 113.932C218.951 113.932 219.351 113.86 219.655 113.716C219.975 113.556 220.223 113.38 220.399 113.188C220.575 112.98 220.695 112.796 220.759 112.636C220.839 112.476 220.879 112.396 220.879 112.396H224.239C224.239 112.396 224.199 112.548 224.119 112.852C224.039 113.14 223.887 113.5 223.663 113.932C223.439 114.364 223.111 114.796 222.679 115.228C222.263 115.66 221.711 116.02 221.023 116.308C220.335 116.596 219.479 116.74 218.455 116.74ZM215.623 108.892H220.831C220.799 108.012 220.535 107.356 220.039 106.924C219.559 106.492 218.967 106.276 218.263 106.276C217.559 106.276 216.959 106.508 216.463 106.972C215.983 107.42 215.703 108.06 215.623 108.892ZM218.335 122.404C217.775 122.404 217.311 122.212 216.943 121.828C216.591 121.46 216.415 121.02 216.415 120.508C216.415 119.98 216.591 119.524 216.943 119.14C217.311 118.772 217.775 118.588 218.335 118.588C218.879 118.588 219.327 118.772 219.679 119.14C220.047 119.524 220.231 119.98 220.231 120.508C220.231 121.02 220.047 121.46 219.679 121.828C219.327 122.212 218.879 122.404 218.335 122.404ZM226.814 116.5V103.78H230.462V105.604H230.582C230.726 105.348 230.934 105.06 231.206 104.74C231.494 104.42 231.87 104.14 232.334 103.9C232.814 103.66 233.422 103.54 234.158 103.54C235.15 103.54 235.958 103.772 236.582 104.236C237.206 104.684 237.662 105.268 237.95 105.988C238.238 106.692 238.382 107.436 238.382 108.22V116.5H234.734V108.844C234.734 108.236 234.566 107.7 234.23 107.236C233.91 106.772 233.39 106.54 232.67 106.54C232.126 106.54 231.694 106.668 231.374 106.924C231.054 107.18 230.822 107.508 230.678 107.908C230.534 108.308 230.462 108.732 230.462 109.18V116.5H226.814ZM241.398 116.5V98.26H245.046V105.604H245.166C245.31 105.348 245.518 105.06 245.79 104.74C246.078 104.42 246.454 104.14 246.918 103.9C247.398 103.66 248.006 103.54 248.742 103.54C249.734 103.54 250.542 103.772 251.166 104.236C251.79 104.684 252.246 105.268 252.534 105.988C252.822 106.692 252.966 107.436 252.966 108.22V116.5H249.318V108.844C249.318 108.236 249.15 107.7 248.814 107.236C248.494 106.772 247.974 106.54 247.254 106.54C246.71 106.54 246.278 106.668 245.958 106.924C245.638 107.18 245.406 107.508 245.262 107.908C245.118 108.308 245.046 108.732 245.046 109.18V116.5H241.398Z" fill="#0961F5"/>
<path d="M86.896 174.78C85.1787 174.78 83.676 174.481 82.388 173.884C81.1187 173.268 80.0547 172.456 79.196 171.448C78.3373 170.421 77.6933 169.273 77.264 168.004C76.8347 166.735 76.62 165.437 76.62 164.112C76.62 162.805 76.8347 161.517 77.264 160.248C77.6933 158.979 78.3373 157.84 79.196 156.832C80.0547 155.805 81.1187 154.993 82.388 154.396C83.676 153.799 85.1787 153.5 86.896 153.5C88.3333 153.5 89.556 153.687 90.564 154.06C91.5907 154.415 92.44 154.881 93.112 155.46C93.8027 156.02 94.3533 156.627 94.764 157.28C95.1933 157.915 95.5107 158.521 95.716 159.1C95.9213 159.66 96.052 160.127 96.108 160.5C96.1827 160.855 96.22 161.032 96.22 161.032H91.936C91.936 161.032 91.8987 160.911 91.824 160.668C91.768 160.407 91.6467 160.099 91.46 159.744C91.2733 159.371 90.9933 159.007 90.62 158.652C90.2653 158.297 89.78 157.999 89.164 157.756C88.5667 157.495 87.82 157.364 86.924 157.364C85.636 157.364 84.5533 157.7 83.676 158.372C82.8173 159.025 82.164 159.865 81.716 160.892C81.2867 161.919 81.072 162.992 81.072 164.112C81.072 165.232 81.2867 166.315 81.716 167.36C82.164 168.387 82.8173 169.236 83.676 169.908C84.5533 170.561 85.636 170.888 86.924 170.888C87.82 170.888 88.5667 170.767 89.164 170.524C89.78 170.281 90.2653 169.983 90.62 169.628C90.9933 169.255 91.2733 168.891 91.46 168.536C91.6467 168.163 91.768 167.855 91.824 167.612C91.8987 167.369 91.936 167.248 91.936 167.248H96.22C96.22 167.248 96.1827 167.435 96.108 167.808C96.052 168.163 95.9213 168.629 95.716 169.208C95.5107 169.768 95.1933 170.375 94.764 171.028C94.3533 171.663 93.8027 172.269 93.112 172.848C92.44 173.408 91.5907 173.875 90.564 174.248C89.556 174.603 88.3333 174.78 86.896 174.78ZM99.2517 174.5V153.78H103.564V162.04H111.628V153.78H115.94V174.5H111.628V165.792H103.564V174.5H99.2517ZM129.447 174.78C127.73 174.78 126.218 174.481 124.911 173.884C123.605 173.268 122.503 172.456 121.607 171.448C120.73 170.421 120.067 169.273 119.619 168.004C119.19 166.735 118.975 165.437 118.975 164.112C118.975 162.787 119.19 161.499 119.619 160.248C120.067 158.979 120.73 157.84 121.607 156.832C122.503 155.824 123.605 155.021 124.911 154.424C126.218 153.808 127.73 153.5 129.447 153.5C131.183 153.5 132.705 153.808 134.011 154.424C135.318 155.021 136.41 155.824 137.287 156.832C138.165 157.84 138.818 158.979 139.247 160.248C139.695 161.499 139.919 162.787 139.919 164.112C139.919 165.437 139.695 166.735 139.247 168.004C138.818 169.273 138.165 170.421 137.287 171.448C136.41 172.456 135.318 173.268 134.011 173.884C132.705 174.481 131.183 174.78 129.447 174.78ZM129.447 170.888C130.754 170.888 131.855 170.561 132.751 169.908C133.647 169.255 134.319 168.415 134.767 167.388C135.215 166.343 135.439 165.251 135.439 164.112C135.439 162.973 135.215 161.891 134.767 160.864C134.319 159.837 133.647 158.997 132.751 158.344C131.855 157.691 130.754 157.364 129.447 157.364C128.141 157.364 127.039 157.691 126.143 158.344C125.266 158.997 124.603 159.837 124.155 160.864C123.707 161.891 123.483 162.973 123.483 164.112C123.483 165.251 123.707 166.343 124.155 167.388C124.603 168.415 125.266 169.255 126.143 169.908C127.039 170.561 128.141 170.888 129.447 170.888ZM129.447 181.416C128.794 181.416 128.262 181.192 127.851 180.744C127.441 180.315 127.235 179.792 127.235 179.176C127.235 178.56 127.441 178.037 127.851 177.608C128.262 177.179 128.794 176.964 129.447 176.964C130.082 176.964 130.605 177.179 131.015 177.608C131.445 178.037 131.659 178.56 131.659 179.176C131.659 179.792 131.445 180.315 131.015 180.744C130.605 181.192 130.082 181.416 129.447 181.416ZM142.947 174.5V153.78H146.895L155.827 166.996V153.78H160.111V174.5H156.107L147.231 161.648V174.5H142.947ZM179.865 174.78C178.147 174.78 176.645 174.481 175.357 173.884C174.087 173.268 173.023 172.456 172.165 171.448C171.306 170.421 170.662 169.273 170.233 168.004C169.803 166.735 169.589 165.437 169.589 164.112C169.589 162.805 169.803 161.517 170.233 160.248C170.662 158.979 171.306 157.84 172.165 156.832C173.023 155.805 174.087 154.993 175.357 154.396C176.645 153.799 178.147 153.5 179.865 153.5C181.302 153.5 182.525 153.687 183.533 154.06C184.559 154.415 185.409 154.881 186.081 155.46C186.771 156.02 187.322 156.627 187.733 157.28C188.162 157.915 188.479 158.521 188.685 159.1C188.89 159.66 189.021 160.127 189.077 160.5C189.151 160.855 189.189 161.032 189.189 161.032H184.905C184.905 161.032 184.867 160.911 184.793 160.668C184.737 160.407 184.615 160.099 184.429 159.744C184.242 159.371 183.962 159.007 183.589 158.652C183.234 158.297 182.749 157.999 182.133 157.756C181.535 157.495 180.789 157.364 179.893 157.364C178.605 157.364 177.522 157.7 176.645 158.372C175.786 159.025 175.133 159.865 174.685 160.892C174.255 161.919 174.041 162.992 174.041 164.112C174.041 165.232 174.255 166.315 174.685 167.36C175.133 168.387 175.786 169.236 176.645 169.908C177.522 170.561 178.605 170.888 179.893 170.888C180.789 170.888 181.535 170.767 182.133 170.524C182.749 170.281 183.234 169.983 183.589 169.628C183.962 169.255 184.242 168.891 184.429 168.536C184.615 168.163 184.737 167.855 184.793 167.612C184.867 167.369 184.905 167.248 184.905 167.248H189.189C189.189 167.248 189.151 167.435 189.077 167.808C189.021 168.163 188.89 168.629 188.685 169.208C188.479 169.768 188.162 170.375 187.733 171.028C187.322 171.663 186.771 172.269 186.081 172.848C185.409 173.408 184.559 173.875 183.533 174.248C182.525 174.603 181.302 174.78 179.865 174.78ZM192.22 174.5V153.78H196.532V162.04H204.596V153.78H208.908V174.5H204.596V165.792H196.532V174.5H192.22ZM226.812 148.32L223.648 148.292L225.916 143.28H229.864L226.812 148.32ZM214.772 151.932L218.384 147.62H221.772L225.384 151.932H222.052L220.092 149.552L218.104 151.932H214.772ZM212.84 174.5V153.78H227.12V157.532H217.152V162.18H225.832V165.792H217.152V170.748H227.26V174.5H212.84ZM238.235 174.5V165.876H235.911V162.404H238.235V153.78H246.047C247.746 153.78 249.23 154.079 250.499 154.676C251.768 155.255 252.823 156.039 253.663 157.028C254.522 158.017 255.156 159.128 255.567 160.36C255.996 161.592 256.211 162.852 256.211 164.14C256.211 165.428 255.996 166.688 255.567 167.92C255.156 169.152 254.522 170.263 253.663 171.252C252.823 172.241 251.768 173.035 250.499 173.632C249.23 174.211 247.746 174.5 246.047 174.5H238.235ZM246.439 165.876H242.547V170.664H245.851C247.214 170.664 248.343 170.347 249.239 169.712C250.135 169.077 250.798 168.256 251.227 167.248C251.656 166.24 251.871 165.195 251.871 164.112C251.871 163.029 251.656 161.993 251.227 161.004C250.798 159.996 250.135 159.175 249.239 158.54C248.343 157.887 247.214 157.56 245.851 157.56H242.547V162.404H246.439V165.876ZM263.636 151.652L267.248 147.34H270.636L274.248 151.652H270.916L268.956 149.272L266.968 151.652H263.636ZM268.928 174.78C267.211 174.78 265.699 174.481 264.392 173.884C263.085 173.268 261.984 172.456 261.088 171.448C260.211 170.421 259.548 169.273 259.1 168.004C258.671 166.735 258.456 165.437 258.456 164.112C258.456 162.787 258.671 161.499 259.1 160.248C259.548 158.979 260.211 157.84 261.088 156.832C261.984 155.824 263.085 155.021 264.392 154.424C265.699 153.808 267.211 153.5 268.928 153.5C270.664 153.5 272.185 153.808 273.492 154.424C274.799 155.021 275.891 155.824 276.768 156.832C277.645 157.84 278.299 158.979 278.728 160.248C279.176 161.499 279.4 162.787 279.4 164.112C279.4 165.437 279.176 166.735 278.728 168.004C278.299 169.273 277.645 170.421 276.768 171.448C275.891 172.456 274.799 173.268 273.492 173.884C272.185 174.481 270.664 174.78 268.928 174.78ZM268.928 170.888C270.235 170.888 271.336 170.561 272.232 169.908C273.128 169.255 273.8 168.415 274.248 167.388C274.696 166.343 274.92 165.251 274.92 164.112C274.92 162.973 274.696 161.891 274.248 160.864C273.8 159.837 273.128 158.997 272.232 158.344C271.336 157.691 270.235 157.364 268.928 157.364C267.621 157.364 266.52 157.691 265.624 158.344C264.747 158.997 264.084 159.837 263.636 160.864C263.188 161.891 262.964 162.973 262.964 164.112C262.964 165.251 263.188 166.343 263.636 167.388C264.084 168.415 264.747 169.255 265.624 169.908C266.52 170.561 267.621 170.888 268.928 170.888ZM268.928 181.416C268.275 181.416 267.743 181.192 267.332 180.744C266.921 180.315 266.716 179.792 266.716 179.176C266.716 178.56 266.921 178.037 267.332 177.608C267.743 177.179 268.275 176.964 268.928 176.964C269.563 176.964 270.085 177.179 270.496 177.608C270.925 178.037 271.14 178.56 271.14 179.176C271.14 179.792 270.925 180.315 270.496 180.744C270.085 181.192 269.563 181.416 268.928 181.416ZM288.881 174.5V153.78H293.193V162.04H301.257V153.78H305.569V174.5H301.257V165.792H293.193V174.5H288.881ZM319.076 174.78C317.359 174.78 315.847 174.481 314.54 173.884C313.234 173.268 312.132 172.456 311.236 171.448C310.359 170.421 309.696 169.273 309.248 168.004C308.819 166.735 308.604 165.437 308.604 164.112C308.604 162.787 308.819 161.499 309.248 160.248C309.696 158.979 310.359 157.84 311.236 156.832C312.132 155.824 313.234 155.021 314.54 154.424C315.847 153.808 317.359 153.5 319.076 153.5C320.812 153.5 322.334 153.808 323.64 154.424C324.947 155.021 326.039 155.824 326.916 156.832C327.794 157.84 328.447 158.979 328.876 160.248C329.324 161.499 329.548 162.787 329.548 164.112C329.548 165.437 329.324 166.735 328.876 168.004C328.447 169.273 327.794 170.421 326.916 171.448C326.039 172.456 324.947 173.268 323.64 173.884C322.334 174.481 320.812 174.78 319.076 174.78ZM319.076 170.888C320.383 170.888 321.484 170.561 322.38 169.908C323.276 169.255 323.948 168.415 324.396 167.388C324.844 166.343 325.068 165.251 325.068 164.112C325.068 162.973 324.844 161.891 324.396 160.864C323.948 159.837 323.276 158.997 322.38 158.344C321.484 157.691 320.383 157.364 319.076 157.364C317.77 157.364 316.668 157.691 315.772 158.344C314.895 158.997 314.232 159.837 313.784 160.864C313.336 161.891 313.112 162.973 313.112 164.112C313.112 165.251 313.336 166.343 313.784 167.388C314.232 168.415 314.895 169.255 315.772 169.908C316.668 170.561 317.77 170.888 319.076 170.888ZM319.076 181.416C318.423 181.416 317.891 181.192 317.48 180.744C317.07 180.315 316.864 179.792 316.864 179.176C316.864 178.56 317.07 178.037 317.48 177.608C317.891 177.179 318.423 176.964 319.076 176.964C319.711 176.964 320.234 177.179 320.644 177.608C321.074 178.037 321.288 178.56 321.288 179.176C321.288 179.792 321.074 180.315 320.644 180.744C320.234 181.192 319.711 181.416 319.076 181.416ZM342.068 174.78C340.351 174.78 338.848 174.481 337.56 173.884C336.291 173.268 335.227 172.456 334.368 171.448C333.509 170.421 332.865 169.273 332.436 168.004C332.007 166.735 331.792 165.437 331.792 164.112C331.792 162.805 332.007 161.517 332.436 160.248C332.865 158.979 333.509 157.84 334.368 156.832C335.227 155.805 336.291 154.993 337.56 154.396C338.848 153.799 340.351 153.5 342.068 153.5C343.505 153.5 344.728 153.687 345.736 154.06C346.763 154.415 347.612 154.881 348.284 155.46C348.975 156.02 349.525 156.627 349.936 157.28C350.365 157.915 350.683 158.521 350.888 159.1C351.093 159.66 351.224 160.127 351.28 160.5C351.355 160.855 351.392 161.032 351.392 161.032H347.108C347.108 161.032 347.071 160.911 346.996 160.668C346.94 160.407 346.819 160.099 346.632 159.744C346.445 159.371 346.165 159.007 345.792 158.652C345.437 158.297 344.952 157.999 344.336 157.756C343.739 157.495 342.992 157.364 342.096 157.364C340.808 157.364 339.725 157.7 338.848 158.372C337.989 159.025 337.336 159.865 336.888 160.892C336.459 161.919 336.244 162.992 336.244 164.112C336.244 165.232 336.459 166.315 336.888 167.36C337.336 168.387 337.989 169.236 338.848 169.908C339.725 170.561 340.808 170.888 342.096 170.888C342.992 170.888 343.739 170.767 344.336 170.524C344.952 170.281 345.437 169.983 345.792 169.628C346.165 169.255 346.445 168.891 346.632 168.536C346.819 168.163 346.94 167.855 346.996 167.612C347.071 167.369 347.108 167.248 347.108 167.248H351.392C351.392 167.248 351.355 167.435 351.28 167.808C351.224 168.163 351.093 168.629 350.888 169.208C350.683 169.768 350.365 170.375 349.936 171.028C349.525 171.663 348.975 172.269 348.284 172.848C347.612 173.408 346.763 173.875 345.736 174.248C344.728 174.603 343.505 174.78 342.068 174.78Z" fill="#1A1A1A"/>
<path d="M52.948 229.74C51.812 229.74 50.82 229.524 49.972 229.092C49.14 228.66 48.452 228.068 47.908 227.316C47.364 226.548 46.956 225.676 46.684 224.7C46.428 223.724 46.3 222.7 46.3 221.628C46.3 220.748 46.396 219.836 46.588 218.892C46.78 217.948 47.076 217.036 47.476 216.156C47.892 215.276 48.436 214.492 49.108 213.804C49.796 213.1 50.62 212.54 51.58 212.124C52.556 211.708 53.692 211.5 54.988 211.5C55.5 211.5 55.964 211.532 56.38 211.596C56.812 211.644 57.156 211.7 57.412 211.764C57.668 211.828 57.796 211.86 57.796 211.86V214.02C57.796 214.02 57.652 213.988 57.364 213.924C57.076 213.86 56.708 213.804 56.26 213.756C55.828 213.692 55.388 213.66 54.94 213.66C53.964 213.66 53.124 213.812 52.42 214.116C51.732 214.404 51.148 214.796 50.668 215.292C50.204 215.772 49.828 216.3 49.54 216.876C49.268 217.436 49.068 217.996 48.94 218.556C48.812 219.1 48.74 219.572 48.724 219.972C48.836 219.78 49.06 219.516 49.396 219.18C49.732 218.844 50.204 218.54 50.812 218.268C51.42 217.996 52.196 217.86 53.14 217.86C54.452 217.86 55.54 218.148 56.404 218.724C57.268 219.284 57.916 220.012 58.348 220.908C58.796 221.804 59.02 222.748 59.02 223.74C59.02 224.732 58.796 225.692 58.348 226.62C57.9 227.532 57.228 228.284 56.332 228.876C55.436 229.452 54.308 229.74 52.948 229.74ZM52.9 227.724C53.54 227.724 54.148 227.58 54.724 227.292C55.316 227.004 55.796 226.572 56.164 225.996C56.548 225.404 56.74 224.676 56.74 223.812C56.74 222.932 56.548 222.204 56.164 221.628C55.796 221.036 55.316 220.596 54.724 220.308C54.148 220.02 53.54 219.876 52.9 219.876C52.26 219.876 51.644 220.02 51.052 220.308C50.476 220.596 49.996 221.036 49.612 221.628C49.244 222.204 49.06 222.932 49.06 223.812C49.06 224.676 49.244 225.404 49.612 225.996C49.996 226.572 50.476 227.004 51.052 227.292C51.644 227.58 52.26 227.724 52.9 227.724ZM74.7918 229.74C73.9918 229.74 73.3198 229.612 72.7758 229.356C72.2318 229.1 71.7918 228.796 71.4558 228.444C71.1358 228.092 70.8798 227.772 70.6878 227.484H70.5438V229.5H68.2638V211.26H70.5438V218.796H70.6878C70.8798 218.492 71.1358 218.164 71.4558 217.812C71.7918 217.46 72.2318 217.164 72.7758 216.924C73.3198 216.668 73.9918 216.54 74.7918 216.54C75.7518 216.54 76.5918 216.732 77.3118 217.116C78.0318 217.484 78.6318 217.988 79.1118 218.628C79.5918 219.252 79.9518 219.956 80.1918 220.74C80.4318 221.524 80.5518 222.324 80.5518 223.14C80.5518 223.956 80.4318 224.756 80.1918 225.54C79.9518 226.324 79.5918 227.036 79.1118 227.676C78.6318 228.3 78.0318 228.804 77.3118 229.188C76.5918 229.556 75.7518 229.74 74.7918 229.74ZM74.4078 227.796C75.2718 227.796 75.9838 227.572 76.5438 227.124C77.1198 226.66 77.5438 226.076 77.8158 225.372C78.1038 224.652 78.2478 223.908 78.2478 223.14C78.2478 222.356 78.1038 221.612 77.8158 220.908C77.5438 220.204 77.1198 219.628 76.5438 219.18C75.9838 218.716 75.2718 218.484 74.4078 218.484C73.5598 218.484 72.8478 218.716 72.2718 219.18C71.7118 219.628 71.2878 220.204 70.9998 220.908C70.7278 221.612 70.5918 222.356 70.5918 223.14C70.5918 223.908 70.7278 224.652 70.9998 225.372C71.2878 226.076 71.7118 226.66 72.2718 227.124C72.8478 227.572 73.5598 227.796 74.4078 227.796ZM88.8668 214.86L86.3948 210.516H88.7468L90.8108 214.836L88.8668 214.86ZM89.2028 216.54C90.0028 216.54 90.6748 216.668 91.2188 216.924C91.7628 217.18 92.2028 217.484 92.5388 217.836C92.8748 218.172 93.1308 218.492 93.3068 218.796H93.4508V216.78H95.7308V229.5H93.4508V227.484H93.3068C93.1308 227.788 92.8748 228.116 92.5388 228.468C92.2028 228.82 91.7628 229.124 91.2188 229.38C90.6748 229.62 90.0028 229.74 89.2028 229.74C88.2428 229.74 87.4028 229.556 86.6828 229.188C85.9628 228.804 85.3628 228.3 84.8828 227.676C84.4028 227.036 84.0428 226.324 83.8028 225.54C83.5628 224.756 83.4428 223.956 83.4428 223.14C83.4428 222.324 83.5628 221.524 83.8028 220.74C84.0428 219.956 84.4028 219.252 84.8828 218.628C85.3628 217.988 85.9628 217.484 86.6828 217.116C87.4028 216.732 88.2428 216.54 89.2028 216.54ZM89.5868 218.484C88.7388 218.484 88.0268 218.716 87.4508 219.18C86.8748 219.628 86.4428 220.204 86.1548 220.908C85.8828 221.612 85.7468 222.356 85.7468 223.14C85.7468 223.908 85.8828 224.652 86.1548 225.372C86.4428 226.076 86.8748 226.66 87.4508 227.124C88.0268 227.572 88.7388 227.796 89.5868 227.796C90.4348 227.796 91.1388 227.572 91.6988 227.124C92.2748 226.66 92.6988 226.076 92.9708 225.372C93.2588 224.652 93.4028 223.908 93.4028 223.14C93.4028 222.356 93.2588 221.612 92.9708 220.908C92.6988 220.204 92.2748 219.628 91.6988 219.18C91.1388 218.716 90.4348 218.484 89.5868 218.484ZM100.73 214.356C100.299 214.356 99.9385 214.212 99.6505 213.924C99.3785 213.636 99.2425 213.292 99.2425 212.892C99.2425 212.476 99.3785 212.124 99.6505 211.836C99.9385 211.548 100.299 211.404 100.73 211.404C101.147 211.404 101.499 211.548 101.787 211.836C102.075 212.124 102.219 212.476 102.219 212.892C102.219 213.292 102.075 213.636 101.787 213.924C101.499 214.212 101.147 214.356 100.73 214.356ZM99.6025 229.5V216.78H101.883V229.5H99.6025ZM113.19 221.628C112.742 221.628 112.366 221.476 112.062 221.172C111.774 220.852 111.63 220.484 111.63 220.068C111.63 219.636 111.774 219.268 112.062 218.964C112.366 218.66 112.742 218.508 113.19 218.508C113.638 218.508 114.006 218.66 114.294 218.964C114.598 219.268 114.75 219.636 114.75 220.068C114.75 220.5 114.598 220.868 114.294 221.172C114.006 221.476 113.638 221.628 113.19 221.628ZM130.79 229.74C129.398 229.74 128.174 229.484 127.118 228.972C126.062 228.444 125.182 227.748 124.478 226.884C123.79 226.004 123.27 225.028 122.918 223.956C122.566 222.868 122.39 221.756 122.39 220.62C122.39 219.484 122.566 218.372 122.918 217.284C123.27 216.196 123.79 215.22 124.478 214.356C125.182 213.476 126.062 212.78 127.118 212.268C128.174 211.756 129.398 211.5 130.79 211.5C131.942 211.5 132.926 211.652 133.742 211.956C134.574 212.244 135.262 212.62 135.806 213.084C136.366 213.548 136.814 214.044 137.15 214.572C137.502 215.1 137.758 215.596 137.918 216.06C138.094 216.524 138.206 216.908 138.254 217.212C138.318 217.5 138.35 217.644 138.35 217.644H135.998C135.998 217.644 135.966 217.516 135.902 217.26C135.838 216.988 135.71 216.66 135.518 216.276C135.326 215.876 135.038 215.476 134.654 215.076C134.27 214.676 133.766 214.348 133.142 214.092C132.518 213.82 131.742 213.684 130.814 213.684C129.806 213.684 128.926 213.884 128.174 214.284C127.422 214.668 126.79 215.196 126.278 215.868C125.782 216.524 125.406 217.268 125.15 218.1C124.91 218.916 124.79 219.756 124.79 220.62C124.79 221.484 124.91 222.332 125.15 223.164C125.406 223.98 125.782 224.724 126.278 225.396C126.79 226.052 127.422 226.58 128.174 226.98C128.926 227.364 129.806 227.556 130.814 227.556C131.742 227.556 132.518 227.42 133.142 227.148C133.766 226.876 134.27 226.548 134.654 226.164C135.038 225.764 135.326 225.372 135.518 224.988C135.71 224.588 135.838 224.252 135.902 223.98C135.966 223.708 135.998 223.572 135.998 223.572H138.35C138.35 223.572 138.318 223.724 138.254 224.028C138.206 224.316 138.094 224.7 137.918 225.18C137.758 225.644 137.502 226.14 137.15 226.668C136.814 227.18 136.366 227.676 135.806 228.156C135.262 228.62 134.574 229.004 133.742 229.308C132.926 229.596 131.942 229.74 130.79 229.74ZM141.6 229.5V211.26H143.88V218.628H144.024C144.136 218.436 144.32 218.172 144.576 217.836C144.848 217.5 145.232 217.204 145.728 216.948C146.224 216.676 146.848 216.54 147.6 216.54C148.528 216.54 149.32 216.756 149.976 217.188C150.632 217.604 151.128 218.172 151.464 218.892C151.816 219.612 151.992 220.42 151.992 221.316V229.5H149.712V221.46C149.712 220.612 149.472 219.908 148.992 219.348C148.528 218.788 147.848 218.508 146.952 218.508C146.232 218.508 145.648 218.692 145.2 219.06C144.752 219.412 144.416 219.884 144.192 220.476C143.984 221.052 143.88 221.668 143.88 222.324V229.5H141.6ZM159.504 229.74C158.24 229.74 157.232 229.348 156.48 228.564C155.728 227.78 155.352 226.692 155.352 225.3V216.78H157.632V225.18C157.632 226.012 157.856 226.652 158.304 227.1C158.768 227.548 159.376 227.772 160.128 227.772C160.896 227.772 161.512 227.572 161.976 227.172C162.44 226.772 162.776 226.26 162.984 225.636C163.192 225.012 163.296 224.372 163.296 223.716V216.78H165.24C165.864 216.78 166.176 216.452 166.176 215.796V214.356H168.192V215.796C168.192 216.532 168 217.124 167.616 217.572C167.232 218.02 166.648 218.244 165.864 218.244H165.576V229.5H163.296V227.676H163.152C163.056 227.868 162.872 228.132 162.6 228.468C162.328 228.788 161.944 229.084 161.448 229.356C160.952 229.612 160.304 229.74 159.504 229.74ZM175.052 216.54C175.852 216.54 176.524 216.668 177.068 216.924C177.612 217.18 178.052 217.484 178.388 217.836C178.724 218.172 178.98 218.492 179.156 218.796H179.3V216.78H181.58V229.5H179.3V227.484H179.156C178.98 227.788 178.724 228.116 178.388 228.468C178.052 228.82 177.612 229.124 177.068 229.38C176.524 229.62 175.852 229.74 175.052 229.74C174.092 229.74 173.252 229.556 172.532 229.188C171.812 228.804 171.212 228.3 170.732 227.676C170.252 227.036 169.892 226.324 169.652 225.54C169.412 224.756 169.292 223.956 169.292 223.14C169.292 222.324 169.412 221.524 169.652 220.74C169.892 219.956 170.252 219.252 170.732 218.628C171.212 217.988 171.812 217.484 172.532 217.116C173.252 216.732 174.092 216.54 175.052 216.54ZM175.436 218.484C174.588 218.484 173.876 218.716 173.3 219.18C172.724 219.628 172.292 220.204 172.004 220.908C171.732 221.612 171.596 222.356 171.596 223.14C171.596 223.908 171.732 224.652 172.004 225.372C172.292 226.076 172.724 226.66 173.3 227.124C173.876 227.572 174.588 227.796 175.436 227.796C176.284 227.796 176.988 227.572 177.548 227.124C178.124 226.66 178.548 226.076 178.82 225.372C179.108 224.652 179.252 223.908 179.252 223.14C179.252 222.356 179.108 221.612 178.82 220.908C178.548 220.204 178.124 219.628 177.548 219.18C176.988 218.716 176.284 218.484 175.436 218.484ZM197.229 229.74C196.429 229.74 195.757 229.612 195.213 229.356C194.669 229.1 194.229 228.796 193.893 228.444C193.573 228.092 193.317 227.772 193.125 227.484H192.981V229.5H190.701V211.26H192.981V218.796H193.125C193.317 218.492 193.573 218.164 193.893 217.812C194.229 217.46 194.669 217.164 195.213 216.924C195.757 216.668 196.429 216.54 197.229 216.54C198.189 216.54 199.029 216.732 199.749 217.116C200.469 217.484 201.069 217.988 201.549 218.628C202.029 219.252 202.389 219.956 202.629 220.74C202.869 221.524 202.989 222.324 202.989 223.14C202.989 223.956 202.869 224.756 202.629 225.54C202.389 226.324 202.029 227.036 201.549 227.676C201.069 228.3 200.469 228.804 199.749 229.188C199.029 229.556 198.189 229.74 197.229 229.74ZM196.845 227.796C197.709 227.796 198.421 227.572 198.981 227.124C199.557 226.66 199.981 226.076 200.253 225.372C200.541 224.652 200.685 223.908 200.685 223.14C200.685 222.356 200.541 221.612 200.253 220.908C199.981 220.204 199.557 219.628 198.981 219.18C198.421 218.716 197.709 218.484 196.845 218.484C195.997 218.484 195.285 218.716 194.709 219.18C194.149 219.628 193.725 220.204 193.437 220.908C193.165 221.612 193.029 222.356 193.029 223.14C193.029 223.908 193.165 224.652 193.437 225.372C193.725 226.076 194.149 226.66 194.709 227.124C195.285 227.572 195.997 227.796 196.845 227.796ZM213.128 210.9L211.184 210.876L213.248 206.556H215.6L213.128 210.9ZM212.168 214.98C211.416 214.98 210.8 214.868 210.32 214.644C209.84 214.404 209.464 214.116 209.192 213.78C208.92 213.444 208.72 213.108 208.592 212.772C208.48 212.436 208.408 212.156 208.376 211.932C208.344 211.692 208.328 211.572 208.328 211.572H210.032C210.032 211.572 210.048 211.668 210.08 211.86C210.128 212.052 210.216 212.276 210.344 212.532C210.472 212.772 210.68 212.988 210.968 213.18C211.272 213.372 211.672 213.468 212.168 213.468C212.68 213.468 213.08 213.372 213.368 213.18C213.656 212.988 213.864 212.772 213.992 212.532C214.12 212.276 214.2 212.052 214.232 211.86C214.28 211.668 214.304 211.572 214.304 211.572H216.008C216.008 211.572 215.992 211.692 215.96 211.932C215.928 212.156 215.848 212.436 215.72 212.772C215.608 213.108 215.416 213.444 215.144 213.78C214.872 214.116 214.496 214.404 214.016 214.644C213.536 214.868 212.92 214.98 212.168 214.98ZM211.64 216.54C212.44 216.54 213.112 216.668 213.656 216.924C214.2 217.18 214.64 217.484 214.976 217.836C215.312 218.172 215.568 218.492 215.744 218.796H215.888V216.78H218.168V229.5H215.888V227.484H215.744C215.568 227.788 215.312 228.116 214.976 228.468C214.64 228.82 214.2 229.124 213.656 229.38C213.112 229.62 212.44 229.74 211.64 229.74C210.68 229.74 209.84 229.556 209.12 229.188C208.4 228.804 207.8 228.3 207.32 227.676C206.84 227.036 206.48 226.324 206.24 225.54C206 224.756 205.88 223.956 205.88 223.14C205.88 222.324 206 221.524 206.24 220.74C206.48 219.956 206.84 219.252 207.32 218.628C207.8 217.988 208.4 217.484 209.12 217.116C209.84 216.732 210.68 216.54 211.64 216.54ZM212.024 218.484C211.176 218.484 210.464 218.716 209.888 219.18C209.312 219.628 208.88 220.204 208.592 220.908C208.32 221.612 208.184 222.356 208.184 223.14C208.184 223.908 208.32 224.652 208.592 225.372C208.88 226.076 209.312 226.66 209.888 227.124C210.464 227.572 211.176 227.796 212.024 227.796C212.872 227.796 213.576 227.572 214.136 227.124C214.712 226.66 215.136 226.076 215.408 225.372C215.696 224.652 215.84 223.908 215.84 223.14C215.84 222.356 215.696 221.612 215.408 220.908C215.136 220.204 214.712 219.628 214.136 219.18C213.576 218.716 212.872 218.484 212.024 218.484ZM226.611 229.74C225.299 229.74 224.307 229.404 223.635 228.732C222.979 228.06 222.651 227.116 222.651 225.9V218.652H220.371V216.78H222.651V213.588H224.931V216.78H228.027V218.652H224.931V225.9C224.931 226.54 225.107 227.012 225.459 227.316C225.811 227.604 226.323 227.748 226.995 227.748C227.347 227.748 227.683 227.724 228.003 227.676C228.323 227.628 228.483 227.604 228.483 227.604V229.548C228.483 229.548 228.299 229.58 227.931 229.644C227.563 229.708 227.123 229.74 226.611 229.74ZM242.528 229.74C241.568 229.74 240.728 229.556 240.008 229.188C239.288 228.804 238.688 228.3 238.208 227.676C237.728 227.036 237.368 226.324 237.128 225.54C236.888 224.756 236.768 223.956 236.768 223.14C236.768 222.324 236.888 221.524 237.128 220.74C237.368 219.956 237.728 219.252 238.208 218.628C238.688 217.988 239.288 217.484 240.008 217.116C240.728 216.732 241.568 216.54 242.528 216.54C243.328 216.54 244 216.668 244.544 216.924C245.088 217.18 245.528 217.484 245.864 217.836C246.2 218.172 246.456 218.492 246.632 218.796H246.776V215.388H243.44V213.564H246.776V211.26H249.056V213.564H251.24V215.388H249.056V229.5H246.776V227.484H246.632C246.456 227.788 246.2 228.116 245.864 228.468C245.528 228.82 245.088 229.124 244.544 229.38C244 229.62 243.328 229.74 242.528 229.74ZM242.912 227.796C243.76 227.796 244.464 227.572 245.024 227.124C245.6 226.66 246.024 226.076 246.296 225.372C246.584 224.652 246.728 223.908 246.728 223.14C246.728 222.356 246.584 221.612 246.296 220.908C246.024 220.204 245.6 219.628 245.024 219.18C244.464 218.716 243.76 218.484 242.912 218.484C242.064 218.484 241.352 218.716 240.776 219.18C240.2 219.628 239.768 220.204 239.48 220.908C239.208 221.612 239.072 222.356 239.072 223.14C239.072 223.908 239.208 224.652 239.48 225.372C239.768 226.076 240.2 226.66 240.776 227.124C241.352 227.572 242.064 227.796 242.912 227.796ZM262.824 211.884L260.352 207.54H262.704L264.768 211.86L262.824 211.884ZM255.672 214.956L258.576 211.428H260.52L263.424 214.956H261.36L259.536 212.748L257.736 214.956H255.672ZM259.008 216.54C259.808 216.54 260.48 216.668 261.024 216.924C261.568 217.18 262.008 217.484 262.344 217.836C262.68 218.172 262.936 218.492 263.112 218.796H263.256V216.78H265.536V229.5H263.256V227.484H263.112C262.936 227.788 262.68 228.116 262.344 228.468C262.008 228.82 261.568 229.124 261.024 229.38C260.48 229.62 259.808 229.74 259.008 229.74C258.048 229.74 257.208 229.556 256.488 229.188C255.768 228.804 255.168 228.3 254.688 227.676C254.208 227.036 253.848 226.324 253.608 225.54C253.368 224.756 253.248 223.956 253.248 223.14C253.248 222.324 253.368 221.524 253.608 220.74C253.848 219.956 254.208 219.252 254.688 218.628C255.168 217.988 255.768 217.484 256.488 217.116C257.208 216.732 258.048 216.54 259.008 216.54ZM259.392 218.484C258.544 218.484 257.832 218.716 257.256 219.18C256.68 219.628 256.248 220.204 255.96 220.908C255.688 221.612 255.552 222.356 255.552 223.14C255.552 223.908 255.688 224.652 255.96 225.372C256.248 226.076 256.68 226.66 257.256 227.124C257.832 227.572 258.544 227.796 259.392 227.796C260.24 227.796 260.944 227.572 261.504 227.124C262.08 226.66 262.504 226.076 262.776 225.372C263.064 224.652 263.208 223.908 263.208 223.14C263.208 222.356 263.064 221.612 262.776 220.908C262.504 220.204 262.08 219.628 261.504 219.18C260.944 218.716 260.24 218.484 259.392 218.484ZM273.199 229.74C271.935 229.74 270.927 229.348 270.175 228.564C269.423 227.78 269.047 226.692 269.047 225.3V216.78H271.327V225.18C271.327 226.012 271.551 226.652 271.999 227.1C272.463 227.548 273.071 227.772 273.823 227.772C274.591 227.772 275.207 227.572 275.671 227.172C276.135 226.772 276.471 226.26 276.679 225.636C276.887 225.012 276.991 224.372 276.991 223.716V216.78H279.271V229.5H276.991V227.676H276.847C276.751 227.868 276.567 228.132 276.295 228.468C276.023 228.788 275.639 229.084 275.143 229.356C274.647 229.612 273.999 229.74 273.199 229.74Z" fill="#888780"/>
<path d="M368.5 263.5H60.5C51.6634 263.5 44.5 274.519 44.5 288.112V377.332C44.5 390.925 51.6634 401.944 60.5 401.944H368.5C377.337 401.944 384.5 390.925 384.5 377.332V288.112C384.5 274.519 377.337 263.5 368.5 263.5Z" fill="#E6F1FB" stroke="#BAD3FC"/>
<path d="M90.5 360.411C104.859 360.411 116.5 348.9 116.5 334.7C116.5 320.5 104.859 308.989 90.5 308.989C76.1406 308.989 64.5 320.5 64.5 334.7C64.5 348.9 76.1406 360.411 90.5 360.411Z" fill="#0961F5"/>
<path d="M96.5 326.789C96.5 323.512 93.8137 320.855 90.5 320.855C87.1863 320.855 84.5 323.512 84.5 326.789V332.722C84.5 335.999 87.1863 338.655 90.5 338.655C93.8137 338.655 96.5 335.999 96.5 332.722V326.789Z" fill="white"/>
<path d="M79.5 334.7C79.5 341.952 83.1667 345.578 90.5 345.578C97.8333 345.578 101.5 341.952 101.5 334.7" stroke="white" stroke-width="2" stroke-linecap="round"/>
<path d="M90.5 345.578V351.511" stroke="white" stroke-width="2" stroke-linecap="round"/>
<path d="M85.5 351.511H95.5" stroke="white" stroke-width="2" stroke-linecap="round"/>
<path d="M136.404 323.145V302.425H140.716V319.393H150.852V323.145H136.404ZM158.408 323.425C157.363 323.425 156.495 323.201 155.804 322.753C155.132 322.305 154.628 321.707 154.292 320.961C153.956 320.195 153.788 319.337 153.788 318.385V308.305H158.016V317.545C158.016 318.254 158.203 318.833 158.576 319.281C158.949 319.71 159.5 319.925 160.228 319.925C160.844 319.925 161.329 319.775 161.684 319.477C162.057 319.178 162.328 318.795 162.496 318.329C162.664 317.862 162.748 317.367 162.748 316.845V308.305H167.004V323.145H162.748V321.045H162.58C162.263 321.623 161.768 322.165 161.096 322.669C160.443 323.173 159.547 323.425 158.408 323.425ZM171.453 328.605C170.949 328.605 170.548 328.586 170.249 328.549C169.95 328.511 169.801 328.493 169.801 328.493V325.077C169.801 325.077 169.922 325.086 170.165 325.105C170.426 325.123 170.744 325.133 171.117 325.133C172.013 325.133 172.75 325.002 173.329 324.741C173.908 324.498 174.412 324.013 174.841 323.285L169.353 308.305H173.609L177.053 318.357L180.413 308.305H184.697L179.377 322.557C178.892 323.919 178.304 325.049 177.613 325.945C176.941 326.841 176.11 327.503 175.121 327.933C174.132 328.381 172.909 328.605 171.453 328.605ZM188.014 306.457L191.626 301.417H195.014L198.626 306.457H195.294L193.306 303.545L191.346 306.457H188.014ZM193.446 323.425C192.139 323.425 191.01 323.21 190.058 322.781C189.106 322.333 188.322 321.745 187.706 321.017C187.09 320.27 186.623 319.439 186.306 318.525C186.007 317.61 185.858 316.667 185.858 315.697C185.858 314.763 186.007 313.849 186.306 312.953C186.604 312.038 187.052 311.207 187.65 310.461C188.266 309.714 189.04 309.126 189.974 308.697C190.907 308.249 192.018 308.025 193.306 308.025C194.687 308.025 195.9 308.323 196.946 308.921C197.991 309.518 198.812 310.405 199.41 311.581C200.007 312.738 200.306 314.147 200.306 315.809V316.845H190.142C190.198 317.741 190.506 318.515 191.066 319.169C191.644 319.822 192.438 320.149 193.446 320.149C194.024 320.149 194.491 320.065 194.846 319.897C195.219 319.71 195.508 319.505 195.714 319.281C195.919 319.038 196.059 318.823 196.134 318.637C196.227 318.45 196.274 318.357 196.274 318.357H200.194C200.194 318.357 200.147 318.534 200.054 318.889C199.96 319.225 199.783 319.645 199.522 320.149C199.26 320.653 198.878 321.157 198.374 321.661C197.888 322.165 197.244 322.585 196.442 322.921C195.639 323.257 194.64 323.425 193.446 323.425ZM190.142 314.269H196.218C196.18 313.242 195.872 312.477 195.294 311.973C194.734 311.469 194.043 311.217 193.222 311.217C192.4 311.217 191.7 311.487 191.122 312.029C190.562 312.551 190.235 313.298 190.142 314.269ZM193.306 330.033C192.652 330.033 192.111 329.809 191.682 329.361C191.271 328.931 191.066 328.418 191.066 327.821C191.066 327.205 191.271 326.673 191.682 326.225C192.111 325.795 192.652 325.581 193.306 325.581C193.94 325.581 194.463 325.795 194.874 326.225C195.303 326.673 195.518 327.205 195.518 327.821C195.518 328.418 195.303 328.931 194.874 329.361C194.463 329.809 193.94 330.033 193.306 330.033ZM203.198 323.145V308.305H207.454V310.433H207.594C207.762 310.134 208.005 309.798 208.322 309.425C208.658 309.051 209.097 308.725 209.638 308.445C210.198 308.165 210.908 308.025 211.766 308.025C212.924 308.025 213.866 308.295 214.594 308.837C215.322 309.359 215.854 310.041 216.19 310.881C216.526 311.702 216.694 312.57 216.694 313.485V323.145H212.438V314.213C212.438 313.503 212.242 312.878 211.85 312.337C211.477 311.795 210.87 311.525 210.03 311.525C209.396 311.525 208.892 311.674 208.518 311.973C208.145 312.271 207.874 312.654 207.706 313.121C207.538 313.587 207.454 314.082 207.454 314.605V323.145H203.198ZM232.714 323.425C231.612 323.425 230.651 323.21 229.83 322.781C229.027 322.333 228.355 321.745 227.814 321.017C227.272 320.27 226.862 319.439 226.582 318.525C226.32 317.61 226.19 316.677 226.19 315.725C226.19 314.773 226.32 313.839 226.582 312.925C226.862 312.01 227.272 311.189 227.814 310.461C228.355 309.714 229.027 309.126 229.83 308.697C230.651 308.249 231.612 308.025 232.714 308.025C233.666 308.025 234.45 308.183 235.066 308.501C235.682 308.799 236.148 309.126 236.466 309.481C236.802 309.835 237.007 310.078 237.082 310.209H237.306V307.073H233.666V304.273H237.306V301.865H241.562V304.273H243.858V307.073H241.562V323.145H237.306V321.241H237.082C237.007 321.371 236.802 321.614 236.466 321.969C236.148 322.323 235.682 322.659 235.066 322.977C234.45 323.275 233.666 323.425 232.714 323.425ZM233.946 319.981C234.711 319.981 235.346 319.775 235.85 319.365C236.372 318.935 236.755 318.394 236.998 317.741C237.259 317.087 237.39 316.415 237.39 315.725C237.39 315.034 237.259 314.362 236.998 313.709C236.755 313.055 236.372 312.523 235.85 312.113C235.346 311.683 234.711 311.469 233.946 311.469C233.18 311.469 232.536 311.683 232.014 312.113C231.51 312.523 231.127 313.055 230.866 313.709C230.623 314.362 230.502 315.034 230.502 315.725C230.502 316.415 230.623 317.087 230.866 317.741C231.127 318.394 231.51 318.935 232.014 319.365C232.536 319.775 233.18 319.981 233.946 319.981ZM253.333 323.425C251.672 323.425 250.262 323.07 249.105 322.361C247.948 321.633 247.061 320.69 246.445 319.533C245.848 318.357 245.549 317.087 245.549 315.725C245.549 314.362 245.848 313.102 246.445 311.945C247.061 310.769 247.948 309.826 249.105 309.117C250.262 308.389 251.672 308.025 253.333 308.025C254.994 308.025 256.404 308.389 257.561 309.117C258.718 309.826 259.596 310.769 260.193 311.945C260.809 313.102 261.117 314.362 261.117 315.725C261.117 317.087 260.809 318.357 260.193 319.533C259.596 320.69 258.718 321.633 257.561 322.361C256.404 323.07 254.994 323.425 253.333 323.425ZM253.333 319.953C254.08 319.953 254.714 319.757 255.237 319.365C255.76 318.973 256.152 318.459 256.413 317.825C256.693 317.171 256.833 316.471 256.833 315.725C256.833 314.959 256.693 314.259 256.413 313.625C256.152 312.99 255.76 312.477 255.237 312.085C254.714 311.693 254.08 311.497 253.333 311.497C252.586 311.497 251.952 311.693 251.429 312.085C250.906 312.477 250.505 312.99 250.225 313.625C249.964 314.259 249.833 314.959 249.833 315.725C249.833 316.471 249.964 317.171 250.225 317.825C250.505 318.459 250.906 318.973 251.429 319.365C251.952 319.757 252.586 319.953 253.333 319.953ZM253.333 330.061C252.68 330.061 252.138 329.837 251.709 329.389C251.298 328.959 251.093 328.437 251.093 327.821C251.093 327.205 251.298 326.682 251.709 326.253C252.138 325.823 252.68 325.609 253.333 325.609C253.968 325.609 254.49 325.823 254.901 326.253C255.33 326.682 255.545 327.205 255.545 327.821C255.545 328.437 255.33 328.959 254.901 329.389C254.49 329.837 253.968 330.061 253.333 330.061ZM271.57 323.425C270.263 323.425 269.125 323.21 268.154 322.781C267.183 322.333 266.381 321.745 265.746 321.017C265.111 320.289 264.635 319.467 264.318 318.553C264.001 317.619 263.842 316.677 263.842 315.725C263.842 314.773 264.001 313.839 264.318 312.925C264.635 312.01 265.111 311.189 265.746 310.461C266.381 309.714 267.183 309.126 268.154 308.697C269.125 308.249 270.263 308.025 271.57 308.025C272.895 308.025 273.987 308.221 274.846 308.613C275.705 308.986 276.386 309.462 276.89 310.041C277.413 310.601 277.795 311.17 278.038 311.749C278.281 312.309 278.43 312.785 278.486 313.177C278.561 313.55 278.598 313.737 278.598 313.737H274.622C274.622 313.737 274.585 313.625 274.51 313.401C274.454 313.158 274.323 312.887 274.118 312.589C273.931 312.271 273.642 312.001 273.25 311.777C272.858 311.534 272.335 311.413 271.682 311.413C270.879 311.413 270.207 311.618 269.666 312.029C269.143 312.421 268.751 312.943 268.49 313.597C268.229 314.25 268.098 314.959 268.098 315.725C268.098 316.49 268.229 317.199 268.49 317.853C268.751 318.506 269.143 319.038 269.666 319.449C270.207 319.841 270.879 320.037 271.682 320.037C272.335 320.037 272.858 319.925 273.25 319.701C273.642 319.458 273.931 319.187 274.118 318.889C274.323 318.571 274.454 318.301 274.51 318.077C274.585 317.834 274.622 317.713 274.622 317.713H278.598C278.598 317.713 278.561 317.909 278.486 318.301C278.43 318.674 278.281 319.15 278.038 319.729C277.795 320.289 277.413 320.858 276.89 321.437C276.386 321.997 275.705 322.473 274.846 322.865C273.987 323.238 272.895 323.425 271.57 323.425Z" fill="#0C447C"/>
<path d="M136.1 355.689V340.889H137.86L145.58 352.149V340.889H147.54V355.689H145.78L138.06 344.449V355.689H136.1ZM156.448 343.469L154.828 343.449L156.548 339.849H158.508L156.448 343.469ZM155.668 355.889C154.535 355.889 153.582 355.629 152.808 355.109C152.035 354.576 151.448 353.889 151.048 353.049C150.648 352.209 150.448 351.322 150.448 350.389C150.448 349.442 150.648 348.556 151.048 347.729C151.448 346.889 152.035 346.209 152.808 345.689C153.582 345.156 154.535 344.889 155.668 344.889C156.802 344.889 157.755 345.156 158.528 345.689C159.302 346.209 159.888 346.889 160.288 347.729C160.688 348.556 160.888 349.442 160.888 350.389C160.888 351.322 160.688 352.209 160.288 353.049C159.888 353.889 159.302 354.576 158.528 355.109C157.755 355.629 156.802 355.889 155.668 355.889ZM155.668 354.229C156.388 354.229 156.988 354.049 157.468 353.689C157.962 353.316 158.328 352.836 158.568 352.249C158.822 351.662 158.948 351.042 158.948 350.389C158.948 349.722 158.822 349.102 158.568 348.529C158.328 347.942 157.962 347.469 157.468 347.109C156.988 346.736 156.388 346.549 155.668 346.549C154.962 346.549 154.362 346.736 153.868 347.109C153.375 347.469 153.002 347.942 152.748 348.529C152.508 349.102 152.388 349.722 152.388 350.389C152.388 351.042 152.508 351.662 152.748 352.249C153.002 352.836 153.375 353.316 153.868 353.689C154.362 354.049 154.962 354.229 155.668 354.229ZM164.835 343.069C164.475 343.069 164.175 342.949 163.935 342.709C163.709 342.469 163.595 342.182 163.595 341.849C163.595 341.502 163.709 341.209 163.935 340.969C164.175 340.729 164.475 340.609 164.835 340.609C165.182 340.609 165.475 340.729 165.715 340.969C165.955 341.209 166.075 341.502 166.075 341.849C166.075 342.182 165.955 342.469 165.715 342.709C165.475 342.949 165.182 343.069 164.835 343.069ZM163.895 355.689V345.089H165.795V355.689H163.895ZM177.978 355.889C176.885 355.889 176.058 355.609 175.498 355.049C174.951 354.489 174.678 353.702 174.678 352.689V346.649H172.778V345.089H174.678V342.429H176.578V345.089H179.158V346.649H176.578V352.689C176.578 353.222 176.725 353.616 177.018 353.869C177.311 354.109 177.738 354.229 178.298 354.229C178.591 354.229 178.871 354.209 179.138 354.169C179.405 354.129 179.538 354.109 179.538 354.109V355.729C179.538 355.729 179.385 355.756 179.078 355.809C178.771 355.862 178.405 355.889 177.978 355.889ZM186.662 355.889C185.529 355.889 184.576 355.629 183.802 355.109C183.029 354.576 182.442 353.889 182.042 353.049C181.642 352.209 181.442 351.322 181.442 350.389C181.442 349.442 181.642 348.556 182.042 347.729C182.442 346.889 183.029 346.209 183.802 345.689C184.576 345.156 185.529 344.889 186.662 344.889C187.796 344.889 188.749 345.156 189.522 345.689C190.296 346.209 190.882 346.889 191.282 347.729C191.682 348.556 191.882 349.442 191.882 350.389C191.882 351.322 191.682 352.209 191.282 353.049C190.882 353.889 190.296 354.576 189.522 355.109C188.749 355.629 187.796 355.889 186.662 355.889ZM186.662 354.229C187.382 354.229 187.982 354.049 188.462 353.689C188.956 353.316 189.322 352.836 189.562 352.249C189.816 351.662 189.942 351.042 189.942 350.389C189.942 349.722 189.816 349.102 189.562 348.529C189.322 347.942 188.956 347.469 188.462 347.109C187.982 346.736 187.382 346.549 186.662 346.549C185.956 346.549 185.356 346.736 184.862 347.109C184.369 347.469 183.996 347.942 183.742 348.529C183.502 349.102 183.382 349.722 183.382 350.389C183.382 351.042 183.502 351.662 183.742 352.249C183.996 352.836 184.369 353.316 184.862 353.689C185.356 354.049 185.956 354.229 186.662 354.229ZM204.104 355.889C203.237 355.889 202.477 355.736 201.824 355.429C201.17 355.109 200.624 354.689 200.184 354.169C199.757 353.636 199.43 353.042 199.204 352.389C198.99 351.736 198.884 351.069 198.884 350.389C198.884 349.709 198.99 349.049 199.204 348.409C199.417 347.756 199.737 347.162 200.164 346.629C200.604 346.096 201.15 345.676 201.804 345.369C202.457 345.049 203.224 344.889 204.104 344.889C204.957 344.889 205.664 345.016 206.224 345.269C206.784 345.522 207.23 345.842 207.564 346.229C207.91 346.602 208.164 346.982 208.324 347.369C208.497 347.742 208.61 348.056 208.664 348.309C208.717 348.562 208.744 348.689 208.744 348.689H206.904C206.904 348.689 206.87 348.582 206.804 348.369C206.737 348.142 206.61 347.889 206.424 347.609C206.237 347.329 205.957 347.082 205.584 346.869C205.21 346.642 204.717 346.529 204.104 346.529C203.37 346.529 202.75 346.716 202.244 347.089C201.75 347.449 201.377 347.922 201.124 348.509C200.884 349.096 200.764 349.722 200.764 350.389C200.764 351.056 200.884 351.682 201.124 352.269C201.377 352.856 201.75 353.336 202.244 353.709C202.75 354.069 203.37 354.249 204.104 354.249C204.717 354.249 205.21 354.142 205.584 353.929C205.957 353.702 206.237 353.449 206.424 353.169C206.61 352.889 206.737 352.642 206.804 352.429C206.87 352.202 206.904 352.089 206.904 352.089H208.744C208.744 352.089 208.717 352.216 208.664 352.469C208.61 352.722 208.497 353.042 208.324 353.429C208.164 353.802 207.91 354.182 207.564 354.569C207.23 354.942 206.784 355.256 206.224 355.509C205.664 355.762 204.957 355.889 204.104 355.889ZM213.269 343.569L215.689 340.229H217.309L219.729 343.569H218.009L216.489 341.429L214.989 343.569H213.269ZM216.049 344.889C216.716 344.889 217.276 344.996 217.729 345.209C218.183 345.422 218.549 345.676 218.829 345.969C219.109 346.249 219.323 346.516 219.469 346.769H219.589V345.089H221.489V355.689H219.589V354.009H219.469C219.323 354.262 219.109 354.536 218.829 354.829C218.549 355.122 218.183 355.376 217.729 355.589C217.276 355.789 216.716 355.889 216.049 355.889C215.249 355.889 214.549 355.736 213.949 355.429C213.349 355.109 212.849 354.689 212.449 354.169C212.049 353.636 211.749 353.042 211.549 352.389C211.349 351.736 211.249 351.069 211.249 350.389C211.249 349.709 211.349 349.042 211.549 348.389C211.749 347.736 212.049 347.149 212.449 346.629C212.849 346.096 213.349 345.676 213.949 345.369C214.549 345.049 215.249 344.889 216.049 344.889ZM216.369 346.509C215.663 346.509 215.069 346.702 214.589 347.089C214.109 347.462 213.749 347.942 213.509 348.529C213.283 349.116 213.169 349.736 213.169 350.389C213.169 351.029 213.283 351.649 213.509 352.249C213.749 352.836 214.109 353.322 214.589 353.709C215.069 354.082 215.663 354.269 216.369 354.269C217.076 354.269 217.663 354.082 218.129 353.709C218.609 353.322 218.963 352.836 219.189 352.249C219.429 351.649 219.549 351.029 219.549 350.389C219.549 349.736 219.429 349.116 219.189 348.529C218.963 347.942 218.609 347.462 218.129 347.089C217.663 346.702 217.076 346.509 216.369 346.509ZM227.876 355.889C226.822 355.889 225.982 355.562 225.356 354.909C224.729 354.256 224.416 353.349 224.416 352.189V345.089H226.316V352.089C226.316 352.782 226.502 353.316 226.876 353.689C227.262 354.062 227.769 354.249 228.396 354.249C229.036 354.249 229.549 354.082 229.936 353.749C230.322 353.416 230.602 352.989 230.776 352.469C230.949 351.949 231.036 351.416 231.036 350.869V345.089H232.936V355.689H231.036V354.169H230.916C230.836 354.329 230.682 354.549 230.456 354.829C230.229 355.096 229.909 355.342 229.496 355.569C229.082 355.782 228.542 355.889 227.876 355.889ZM244.853 355.889C243.76 355.889 242.933 355.609 242.373 355.049C241.826 354.489 241.553 353.702 241.553 352.689V346.649H239.653V345.089H241.553V342.429H243.453V345.089H246.033V346.649H243.453V352.689C243.453 353.222 243.6 353.616 243.893 353.869C244.186 354.109 244.613 354.229 245.173 354.229C245.466 354.229 245.746 354.209 246.013 354.169C246.28 354.129 246.413 354.109 246.413 354.109V355.729C246.413 355.729 246.26 355.756 245.953 355.809C245.646 355.862 245.28 355.889 244.853 355.889ZM250.148 343.069C249.788 343.069 249.488 342.949 249.248 342.709C249.021 342.469 248.908 342.182 248.908 341.849C248.908 341.502 249.021 341.209 249.248 340.969C249.488 340.729 249.788 340.609 250.148 340.609C250.494 340.609 250.788 340.729 251.028 340.969C251.268 341.209 251.388 341.502 251.388 341.849C251.388 342.182 251.268 342.469 251.028 342.709C250.788 342.949 250.494 343.069 250.148 343.069ZM249.208 355.689V345.089H251.108V355.689H249.208ZM262.881 341.029L261.261 341.009L262.981 337.409H264.941L262.881 341.029ZM255.801 343.589L258.221 340.649H259.841L262.261 343.589H260.541L259.021 341.749L257.521 343.589H255.801ZM259.101 355.889C258.235 355.889 257.481 355.736 256.841 355.429C256.215 355.109 255.695 354.682 255.281 354.149C254.881 353.616 254.581 353.029 254.381 352.389C254.181 351.736 254.081 351.069 254.081 350.389C254.081 349.722 254.175 349.062 254.361 348.409C254.561 347.756 254.861 347.162 255.261 346.629C255.675 346.096 256.188 345.676 256.801 345.369C257.428 345.049 258.168 344.889 259.021 344.889C259.928 344.889 260.728 345.096 261.421 345.509C262.115 345.922 262.661 346.536 263.061 347.349C263.461 348.162 263.661 349.182 263.661 350.409V350.969H256.001C256.041 351.569 256.181 352.122 256.421 352.629C256.675 353.122 257.028 353.522 257.481 353.829C257.935 354.122 258.475 354.269 259.101 354.269C259.648 354.269 260.088 354.182 260.421 354.009C260.768 353.822 261.041 353.609 261.241 353.369C261.441 353.129 261.575 352.922 261.641 352.749C261.721 352.562 261.761 352.469 261.761 352.469H263.541C263.541 352.469 263.508 352.589 263.441 352.829C263.375 353.056 263.255 353.336 263.081 353.669C262.908 354.002 262.655 354.342 262.321 354.689C261.988 355.022 261.561 355.309 261.041 355.549C260.521 355.776 259.875 355.889 259.101 355.889ZM256.021 349.489H261.801C261.775 348.796 261.628 348.236 261.361 347.809C261.095 347.369 260.755 347.042 260.341 346.829C259.928 346.616 259.488 346.509 259.021 346.509C258.181 346.509 257.495 346.782 256.961 347.329C256.428 347.862 256.115 348.582 256.021 349.489ZM266.369 355.689V345.089H268.269V346.629H268.389C268.482 346.469 268.635 346.249 268.849 345.969C269.075 345.689 269.395 345.442 269.809 345.229C270.222 345.002 270.742 344.889 271.369 344.889C272.142 344.889 272.802 345.069 273.349 345.429C273.895 345.776 274.309 346.249 274.589 346.849C274.882 347.449 275.029 348.122 275.029 348.869V355.689H273.129V348.989C273.129 348.282 272.929 347.696 272.529 347.229C272.142 346.762 271.575 346.529 270.829 346.529C270.229 346.529 269.742 346.682 269.369 346.989C268.995 347.282 268.715 347.676 268.529 348.169C268.355 348.649 268.269 349.162 268.269 349.709V355.689H266.369ZM282.934 359.889C282.054 359.889 281.32 359.769 280.734 359.529C280.147 359.302 279.674 359.009 279.314 358.649C278.967 358.302 278.707 357.956 278.534 357.609C278.36 357.262 278.247 356.969 278.194 356.729C278.14 356.502 278.114 356.389 278.114 356.389H280.014C280.014 356.389 280.047 356.482 280.114 356.669C280.18 356.856 280.307 357.069 280.494 357.309C280.694 357.549 280.987 357.762 281.374 357.949C281.76 358.136 282.28 358.229 282.934 358.229C283.707 358.229 284.314 358.076 284.754 357.769C285.194 357.476 285.507 357.089 285.694 356.609C285.894 356.129 285.994 355.622 285.994 355.089V353.869H285.894C285.76 354.096 285.547 354.356 285.254 354.649C284.974 354.929 284.6 355.176 284.134 355.389C283.667 355.589 283.094 355.689 282.414 355.689C281.614 355.689 280.914 355.536 280.314 355.229C279.714 354.922 279.214 354.509 278.814 353.989C278.427 353.469 278.134 352.889 277.934 352.249C277.734 351.609 277.634 350.956 277.634 350.289C277.634 349.622 277.734 348.969 277.934 348.329C278.134 347.689 278.427 347.109 278.814 346.589C279.214 346.069 279.714 345.656 280.314 345.349C280.914 345.042 281.614 344.889 282.414 344.889C283.094 344.889 283.667 344.996 284.134 345.209C284.6 345.409 284.974 345.649 285.254 345.929C285.547 346.209 285.76 346.469 285.894 346.709H285.994V345.089H287.894V355.069C287.894 356.549 287.46 357.722 286.594 358.589C285.74 359.456 284.52 359.889 282.934 359.889ZM282.774 354.069C283.48 354.069 284.067 353.889 284.534 353.529C285.014 353.156 285.367 352.682 285.594 352.109C285.834 351.536 285.954 350.929 285.954 350.289C285.954 349.649 285.834 349.042 285.594 348.469C285.367 347.882 285.014 347.409 284.534 347.049C284.067 346.689 283.48 346.509 282.774 346.509C282.067 346.509 281.474 346.689 280.994 347.049C280.514 347.409 280.154 347.882 279.914 348.469C279.687 349.042 279.574 349.649 279.574 350.289C279.574 350.929 279.687 351.536 279.914 352.109C280.154 352.682 280.514 353.156 280.994 353.529C281.474 353.889 282.067 354.069 282.774 354.069ZM294.795 355.689L300.015 340.889H302.475L307.715 355.689H305.635L304.395 352.149H298.115L296.875 355.689H294.795ZM298.715 350.389H303.795L301.255 343.129L298.715 350.389ZM310.021 355.689V345.089H311.921V346.629H312.041C312.134 346.469 312.288 346.249 312.501 345.969C312.728 345.689 313.048 345.442 313.461 345.229C313.874 345.002 314.394 344.889 315.021 344.889C315.794 344.889 316.454 345.069 317.001 345.429C317.548 345.776 317.961 346.249 318.241 346.849C318.534 347.449 318.681 348.122 318.681 348.869V355.689H316.781V348.989C316.781 348.282 316.581 347.696 316.181 347.229C315.794 346.762 315.228 346.529 314.481 346.529C313.881 346.529 313.394 346.682 313.021 346.989C312.648 347.282 312.368 347.676 312.181 348.169C312.008 348.649 311.921 349.162 311.921 349.709V355.689H310.021ZM321.686 355.689V340.489H323.586V346.629H323.706C323.799 346.469 323.953 346.249 324.166 345.969C324.393 345.689 324.713 345.442 325.126 345.229C325.539 345.002 326.059 344.889 326.686 344.889C327.459 344.889 328.119 345.069 328.666 345.429C329.213 345.776 329.626 346.249 329.906 346.849C330.199 347.449 330.346 348.122 330.346 348.869V355.689H328.446V348.989C328.446 348.282 328.246 347.696 327.846 347.229C327.459 346.762 326.893 346.529 326.146 346.529C325.546 346.529 325.059 346.682 324.686 346.989C324.313 347.282 324.033 347.676 323.846 348.169C323.673 348.649 323.586 349.162 323.586 349.709V355.689H321.686Z" fill="#185FA5"/>
<path d="M135.4 380.411L140.62 365.611H143.08L148.32 380.411H146.24L145 376.871H138.72L137.48 380.411H135.4ZM139.32 375.111H144.4L141.86 367.851L139.32 375.111ZM150.827 380.411V365.611H152.787V380.411H150.827ZM165.412 380.611C164.546 380.611 163.786 380.458 163.132 380.151C162.479 379.831 161.932 379.411 161.492 378.891C161.066 378.358 160.739 377.764 160.512 377.111C160.299 376.458 160.192 375.791 160.192 375.111C160.192 374.431 160.299 373.771 160.512 373.131C160.726 372.478 161.046 371.884 161.472 371.351C161.912 370.818 162.459 370.398 163.112 370.091C163.766 369.771 164.532 369.611 165.412 369.611C166.266 369.611 166.972 369.738 167.532 369.991C168.092 370.244 168.539 370.564 168.872 370.951C169.219 371.324 169.472 371.704 169.632 372.091C169.806 372.464 169.919 372.778 169.972 373.031C170.026 373.284 170.052 373.411 170.052 373.411H168.212C168.212 373.411 168.179 373.304 168.112 373.091C168.046 372.864 167.919 372.611 167.732 372.331C167.546 372.051 167.266 371.804 166.892 371.591C166.519 371.364 166.026 371.251 165.412 371.251C164.679 371.251 164.059 371.438 163.552 371.811C163.059 372.171 162.686 372.644 162.432 373.231C162.192 373.818 162.072 374.444 162.072 375.111C162.072 375.778 162.192 376.404 162.432 376.991C162.686 377.578 163.059 378.058 163.552 378.431C164.059 378.791 164.679 378.971 165.412 378.971C166.026 378.971 166.519 378.864 166.892 378.651C167.266 378.424 167.546 378.171 167.732 377.891C167.919 377.611 168.046 377.364 168.112 377.151C168.179 376.924 168.212 376.811 168.212 376.811H170.052C170.052 376.811 170.026 376.938 169.972 377.191C169.919 377.444 169.806 377.764 169.632 378.151C169.472 378.524 169.219 378.904 168.872 379.291C168.539 379.664 168.092 379.978 167.532 380.231C166.972 380.484 166.266 380.611 165.412 380.611ZM172.858 380.411V365.211H174.758V371.351H174.878C174.971 371.191 175.124 370.971 175.338 370.691C175.564 370.411 175.884 370.164 176.298 369.951C176.711 369.724 177.231 369.611 177.858 369.611C178.631 369.611 179.291 369.791 179.838 370.151C180.384 370.498 180.798 370.971 181.078 371.571C181.371 372.171 181.518 372.844 181.518 373.591V380.411H179.618V373.711C179.618 373.004 179.418 372.418 179.018 371.951C178.631 371.484 178.064 371.251 177.318 371.251C176.718 371.251 176.231 371.404 175.858 371.711C175.484 372.004 175.204 372.398 175.018 372.891C174.844 373.371 174.758 373.884 174.758 374.431V380.411H172.858ZM193.318 365.731L191.698 365.711L193.418 362.111H195.378L193.318 365.731ZM186.238 368.291L188.658 365.351H190.278L192.698 368.291H190.978L189.458 366.451L187.958 368.291H186.238ZM189.018 369.611C189.685 369.611 190.245 369.718 190.698 369.931C191.151 370.144 191.518 370.398 191.798 370.691C192.078 370.971 192.291 371.238 192.438 371.491H192.558V369.811H194.458V380.411H192.558V378.731H192.438C192.291 378.984 192.078 379.258 191.798 379.551C191.518 379.844 191.151 380.098 190.698 380.311C190.245 380.511 189.685 380.611 189.018 380.611C188.218 380.611 187.518 380.458 186.918 380.151C186.318 379.831 185.818 379.411 185.418 378.891C185.018 378.358 184.718 377.764 184.518 377.111C184.318 376.458 184.218 375.791 184.218 375.111C184.218 374.431 184.318 373.764 184.518 373.111C184.718 372.458 185.018 371.871 185.418 371.351C185.818 370.818 186.318 370.398 186.918 370.091C187.518 369.771 188.218 369.611 189.018 369.611ZM189.338 371.231C188.631 371.231 188.038 371.424 187.558 371.811C187.078 372.184 186.718 372.664 186.478 373.251C186.251 373.838 186.138 374.458 186.138 375.111C186.138 375.751 186.251 376.371 186.478 376.971C186.718 377.558 187.078 378.044 187.558 378.431C188.038 378.804 188.631 378.991 189.338 378.991C190.045 378.991 190.631 378.804 191.098 378.431C191.578 378.044 191.931 377.558 192.158 376.971C192.398 376.371 192.518 375.751 192.518 375.111C192.518 374.458 192.398 373.838 192.158 373.251C191.931 372.664 191.578 372.184 191.098 371.811C190.631 371.424 190.045 371.231 189.338 371.231ZM197.384 380.411V369.811H199.284V371.351H199.364C199.471 371.151 199.638 370.918 199.864 370.651C200.091 370.371 200.398 370.131 200.784 369.931C201.184 369.718 201.684 369.611 202.284 369.611C203.071 369.611 203.731 369.804 204.264 370.191C204.811 370.564 205.218 371.071 205.484 371.711H205.504C205.798 371.124 206.211 370.631 206.744 370.231C207.291 369.818 207.998 369.611 208.864 369.611C210.011 369.611 210.891 370.004 211.504 370.791C212.131 371.564 212.444 372.564 212.444 373.791V380.411H210.544V373.891C210.544 373.104 210.358 372.471 209.984 371.991C209.611 371.498 209.071 371.251 208.364 371.251C207.751 371.251 207.258 371.418 206.884 371.751C206.524 372.084 206.264 372.498 206.104 372.991C205.944 373.484 205.864 373.978 205.864 374.471V380.411H203.964V373.891C203.964 373.104 203.778 372.471 203.404 371.991C203.044 371.498 202.504 371.251 201.784 371.251C201.171 371.251 200.678 371.418 200.304 371.751C199.944 372.084 199.684 372.504 199.524 373.011C199.364 373.504 199.284 373.991 199.284 374.471V380.411H197.384ZM220.045 384.331V369.811H221.945V371.491H222.065C222.225 371.238 222.439 370.964 222.705 370.671C222.985 370.378 223.352 370.131 223.805 369.931C224.259 369.718 224.819 369.611 225.485 369.611C226.285 369.611 226.985 369.771 227.585 370.091C228.185 370.398 228.685 370.818 229.085 371.351C229.485 371.871 229.785 372.458 229.985 373.111C230.185 373.764 230.285 374.431 230.285 375.111C230.285 375.791 230.185 376.458 229.985 377.111C229.785 377.764 229.485 378.358 229.085 378.891C228.685 379.411 228.185 379.831 227.585 380.151C226.985 380.458 226.285 380.611 225.485 380.611C224.819 380.611 224.259 380.504 223.805 380.291C223.352 380.078 222.985 379.824 222.705 379.531C222.439 379.238 222.225 378.971 222.065 378.731H221.945V384.331H220.045ZM221.985 375.111C221.985 375.751 222.099 376.371 222.325 376.971C222.565 377.558 222.919 378.044 223.385 378.431C223.865 378.804 224.459 378.991 225.165 378.991C225.885 378.991 226.479 378.804 226.945 378.431C227.425 378.044 227.779 377.558 228.005 376.971C228.245 376.371 228.365 375.751 228.365 375.111C228.365 374.458 228.245 373.838 228.005 373.251C227.779 372.664 227.425 372.184 226.945 371.811C226.479 371.424 225.885 371.231 225.165 371.231C224.459 371.231 223.865 371.424 223.385 371.811C222.919 372.184 222.565 372.664 222.325 373.251C222.099 373.838 221.985 374.458 221.985 375.111ZM233.092 380.411V365.211H234.992V371.351H235.112C235.206 371.191 235.359 370.971 235.572 370.691C235.799 370.411 236.119 370.164 236.532 369.951C236.946 369.724 237.466 369.611 238.092 369.611C238.866 369.611 239.526 369.791 240.072 370.151C240.619 370.498 241.032 370.971 241.312 371.571C241.606 372.171 241.752 372.844 241.752 373.591V380.411H239.852V373.711C239.852 373.004 239.652 372.418 239.252 371.951C238.866 371.484 238.299 371.251 237.552 371.251C236.952 371.251 236.466 371.404 236.092 371.711C235.719 372.004 235.439 372.398 235.252 372.891C235.079 373.371 234.992 373.884 234.992 374.431V380.411H233.092ZM250.492 368.211L248.872 368.191L250.592 364.591H252.552L250.492 368.211ZM249.252 369.611C249.919 369.611 250.479 369.718 250.932 369.931C251.386 370.144 251.752 370.398 252.032 370.691C252.312 370.971 252.526 371.238 252.672 371.491H252.792V369.811H254.692V380.411H252.792V378.731H252.672C252.526 378.984 252.312 379.258 252.032 379.551C251.752 379.844 251.386 380.098 250.932 380.311C250.479 380.511 249.919 380.611 249.252 380.611C248.452 380.611 247.752 380.458 247.152 380.151C246.552 379.831 246.052 379.411 245.652 378.891C245.252 378.358 244.952 377.764 244.752 377.111C244.552 376.458 244.452 375.791 244.452 375.111C244.452 374.431 244.552 373.764 244.752 373.111C244.952 372.458 245.252 371.871 245.652 371.351C246.052 370.818 246.552 370.398 247.152 370.091C247.752 369.771 248.452 369.611 249.252 369.611ZM249.572 371.231C248.866 371.231 248.272 371.424 247.792 371.811C247.312 372.184 246.952 372.664 246.712 373.251C246.486 373.838 246.372 374.458 246.372 375.111C246.372 375.751 246.486 376.371 246.712 376.971C246.952 377.558 247.312 378.044 247.792 378.431C248.272 378.804 248.866 378.991 249.572 378.991C250.279 378.991 250.866 378.804 251.332 378.431C251.812 378.044 252.166 377.558 252.392 376.971C252.632 376.371 252.752 375.751 252.752 375.111C252.752 374.458 252.632 373.838 252.392 373.251C252.166 372.664 251.812 372.184 251.332 371.811C250.866 371.424 250.279 371.231 249.572 371.231ZM261.728 380.611C260.635 380.611 259.808 380.331 259.248 379.771C258.701 379.211 258.428 378.424 258.428 377.411V371.371H256.528V369.811H258.428V367.151H260.328V369.811H262.908V371.371H260.328V377.411C260.328 377.944 260.475 378.338 260.768 378.591C261.061 378.831 261.488 378.951 262.048 378.951C262.341 378.951 262.621 378.931 262.888 378.891C263.155 378.851 263.288 378.831 263.288 378.831V380.451C263.288 380.451 263.135 380.478 262.828 380.531C262.521 380.584 262.155 380.611 261.728 380.611ZM272.312 368.291L274.732 364.951H276.352L278.772 368.291H277.052L275.532 366.151L274.032 368.291H272.312ZM275.092 369.611C275.759 369.611 276.319 369.718 276.772 369.931C277.226 370.144 277.592 370.398 277.872 370.691C278.152 370.971 278.366 371.238 278.512 371.491H278.632V369.811H280.532V380.411H278.632V378.731H278.512C278.366 378.984 278.152 379.258 277.872 379.551C277.592 379.844 277.226 380.098 276.772 380.311C276.319 380.511 275.759 380.611 275.092 380.611C274.292 380.611 273.592 380.458 272.992 380.151C272.392 379.831 271.892 379.411 271.492 378.891C271.092 378.358 270.792 377.764 270.592 377.111C270.392 376.458 270.292 375.791 270.292 375.111C270.292 374.431 270.392 373.764 270.592 373.111C270.792 372.458 271.092 371.871 271.492 371.351C271.892 370.818 272.392 370.398 272.992 370.091C273.592 369.771 274.292 369.611 275.092 369.611ZM275.412 371.231C274.706 371.231 274.112 371.424 273.632 371.811C273.152 372.184 272.792 372.664 272.552 373.251C272.326 373.838 272.212 374.458 272.212 375.111C272.212 375.751 272.326 376.371 272.552 376.971C272.792 377.558 273.152 378.044 273.632 378.431C274.112 378.804 274.706 378.991 275.412 378.991C276.119 378.991 276.706 378.804 277.172 378.431C277.652 378.044 278.006 377.558 278.232 376.971C278.472 376.371 278.592 375.751 278.592 375.111C278.592 374.458 278.472 373.838 278.232 373.251C278.006 372.664 277.652 372.184 277.172 371.811C276.706 371.424 276.119 371.231 275.412 371.231ZM283.459 380.411V369.811H285.359V371.351H285.439C285.545 371.151 285.712 370.918 285.939 370.651C286.165 370.371 286.472 370.131 286.859 369.931C287.259 369.718 287.759 369.611 288.359 369.611C289.145 369.611 289.805 369.804 290.339 370.191C290.885 370.564 291.292 371.071 291.559 371.711H291.579C291.872 371.124 292.285 370.631 292.819 370.231C293.365 369.818 294.072 369.611 294.939 369.611C296.085 369.611 296.965 370.004 297.579 370.791C298.205 371.564 298.519 372.564 298.519 373.791V380.411H296.619V373.891C296.619 373.104 296.432 372.471 296.059 371.991C295.685 371.498 295.145 371.251 294.439 371.251C293.825 371.251 293.332 371.418 292.959 371.751C292.599 372.084 292.339 372.498 292.179 372.991C292.019 373.484 291.939 373.978 291.939 374.471V380.411H290.039V373.891C290.039 373.104 289.852 372.471 289.479 371.991C289.119 371.498 288.579 371.251 287.859 371.251C287.245 371.251 286.752 371.418 286.379 371.751C286.019 372.084 285.759 372.504 285.599 373.011C285.439 373.504 285.359 373.991 285.359 374.471V380.411H283.459ZM305.92 380.411V369.811H307.82V371.351H307.94C308.033 371.191 308.186 370.971 308.4 370.691C308.626 370.411 308.946 370.164 309.36 369.951C309.773 369.724 310.293 369.611 310.92 369.611C311.693 369.611 312.353 369.791 312.9 370.151C313.446 370.498 313.86 370.971 314.14 371.571C314.433 372.171 314.58 372.844 314.58 373.591V380.411H312.68V373.711C312.68 373.004 312.48 372.418 312.08 371.951C311.693 371.484 311.126 371.251 310.38 371.251C309.78 371.251 309.293 371.404 308.92 371.711C308.546 372.004 308.266 372.398 308.08 372.891C307.906 373.371 307.82 373.884 307.82 374.431V380.411H305.92ZM322.484 384.611C321.604 384.611 320.871 384.491 320.284 384.251C319.698 384.024 319.224 383.731 318.864 383.371C318.518 383.024 318.258 382.678 318.084 382.331C317.911 381.984 317.798 381.691 317.744 381.451C317.691 381.224 317.664 381.111 317.664 381.111H319.564C319.564 381.111 319.598 381.204 319.664 381.391C319.731 381.578 319.858 381.791 320.044 382.031C320.244 382.271 320.538 382.484 320.924 382.671C321.311 382.858 321.831 382.951 322.484 382.951C323.258 382.951 323.864 382.798 324.304 382.491C324.744 382.198 325.058 381.811 325.244 381.331C325.444 380.851 325.544 380.344 325.544 379.811V378.591H325.444C325.311 378.818 325.098 379.078 324.804 379.371C324.524 379.651 324.151 379.898 323.684 380.111C323.218 380.311 322.644 380.411 321.964 380.411C321.164 380.411 320.464 380.258 319.864 379.951C319.264 379.644 318.764 379.231 318.364 378.711C317.978 378.191 317.684 377.611 317.484 376.971C317.284 376.331 317.184 375.678 317.184 375.011C317.184 374.344 317.284 373.691 317.484 373.051C317.684 372.411 317.978 371.831 318.364 371.311C318.764 370.791 319.264 370.378 319.864 370.071C320.464 369.764 321.164 369.611 321.964 369.611C322.644 369.611 323.218 369.718 323.684 369.931C324.151 370.131 324.524 370.371 324.804 370.651C325.098 370.931 325.311 371.191 325.444 371.431H325.544V369.811H327.444V379.791C327.444 381.271 327.011 382.444 326.144 383.311C325.291 384.178 324.071 384.611 322.484 384.611ZM322.324 378.791C323.031 378.791 323.618 378.611 324.084 378.251C324.564 377.878 324.918 377.404 325.144 376.831C325.384 376.258 325.504 375.651 325.504 375.011C325.504 374.371 325.384 373.764 325.144 373.191C324.918 372.604 324.564 372.131 324.084 371.771C323.618 371.411 323.031 371.231 322.324 371.231C321.618 371.231 321.024 371.411 320.544 371.771C320.064 372.131 319.704 372.604 319.464 373.191C319.238 373.764 319.124 374.371 319.124 375.011C319.124 375.651 319.238 376.258 319.464 376.831C319.704 377.404 320.064 377.878 320.544 378.251C321.024 378.611 321.618 378.791 322.324 378.791ZM334.445 369.611C335.112 369.611 335.672 369.718 336.125 369.931C336.579 370.144 336.945 370.398 337.225 370.691C337.505 370.971 337.719 371.238 337.865 371.491H337.985V369.811H339.885V380.411H337.985V378.731H337.865C337.719 378.984 337.505 379.258 337.225 379.551C336.945 379.844 336.579 380.098 336.125 380.311C335.672 380.511 335.112 380.611 334.445 380.611C333.645 380.611 332.945 380.458 332.345 380.151C331.745 379.831 331.245 379.411 330.845 378.891C330.445 378.358 330.145 377.764 329.945 377.111C329.745 376.458 329.645 375.791 329.645 375.111C329.645 374.431 329.745 373.764 329.945 373.111C330.145 372.458 330.445 371.871 330.845 371.351C331.245 370.818 331.745 370.398 332.345 370.091C332.945 369.771 333.645 369.611 334.445 369.611ZM334.765 371.231C334.059 371.231 333.465 371.424 332.985 371.811C332.505 372.184 332.145 372.664 331.905 373.251C331.679 373.838 331.565 374.458 331.565 375.111C331.565 375.751 331.679 376.371 331.905 376.971C332.145 377.558 332.505 378.044 332.985 378.431C333.465 378.804 334.059 378.991 334.765 378.991C335.472 378.991 336.059 378.804 336.525 378.431C337.005 378.044 337.359 377.558 337.585 376.971C337.825 376.371 337.945 375.751 337.945 375.111C337.945 374.458 337.825 373.838 337.585 373.251C337.359 372.664 337.005 372.184 336.525 371.811C336.059 371.424 335.472 371.231 334.765 371.231ZM342.784 384.311C342.478 384.311 342.218 384.298 342.004 384.271C341.791 384.244 341.684 384.231 341.684 384.231V382.611C341.684 382.611 341.791 382.618 342.004 382.631C342.231 382.658 342.471 382.671 342.724 382.671C343.511 382.671 344.151 382.504 344.644 382.171C345.151 381.851 345.578 381.318 345.924 380.571L341.824 369.811H343.804L346.864 378.091L349.944 369.811H351.944L347.844 380.431C347.324 381.764 346.651 382.744 345.824 383.371C345.011 383.998 343.998 384.311 342.784 384.311Z" fill="#185FA5"/>
<path d="M368.5 438.5H60.5C51.6634 438.5 44.5 449.643 44.5 463.389V553.611C44.5 567.357 51.6634 578.5 60.5 578.5H368.5C377.337 578.5 384.5 567.357 384.5 553.611V463.389C384.5 449.643 377.337 438.5 368.5 438.5Z" fill="#EAF3DE" stroke="#C0DD97"/>
<path d="M92.5 535.5C106.859 535.5 118.5 523.859 118.5 509.5C118.5 495.141 106.859 483.5 92.5 483.5C78.1406 483.5 66.5 495.141 66.5 509.5C66.5 523.859 78.1406 535.5 92.5 535.5Z" fill="#639922"/>
<path d="M83.5 502.5V516.5H89.5L98.5 523.5V495.5L89.5 502.5H83.5Z" fill="white"/>
<path d="M102.5 502.5C105.833 507.167 105.833 511.833 102.5 516.5" stroke="white" stroke-width="2" stroke-linecap="round"/>
<path d="M142.404 501.5V480.78H146.716V497.748H156.852V501.5H142.404ZM164.408 501.78C163.363 501.78 162.495 501.556 161.804 501.108C161.132 500.66 160.628 500.063 160.292 499.316C159.956 498.551 159.788 497.692 159.788 496.74V486.66H164.016V495.9C164.016 496.609 164.203 497.188 164.576 497.636C164.949 498.065 165.5 498.28 166.228 498.28C166.844 498.28 167.329 498.131 167.684 497.832C168.057 497.533 168.328 497.151 168.496 496.684C168.664 496.217 168.748 495.723 168.748 495.2V486.66H173.004V501.5H168.748V499.4H168.58C168.263 499.979 167.768 500.52 167.096 501.024C166.443 501.528 165.547 501.78 164.408 501.78ZM177.453 506.96C176.949 506.96 176.548 506.941 176.249 506.904C175.95 506.867 175.801 506.848 175.801 506.848V503.432C175.801 503.432 175.922 503.441 176.165 503.46C176.426 503.479 176.744 503.488 177.117 503.488C178.013 503.488 178.75 503.357 179.329 503.096C179.908 502.853 180.412 502.368 180.841 501.64L175.353 486.66H179.609L183.053 496.712L186.413 486.66H190.697L185.377 500.912C184.892 502.275 184.304 503.404 183.613 504.3C182.941 505.196 182.11 505.859 181.121 506.288C180.132 506.736 178.909 506.96 177.453 506.96ZM194.014 484.812L197.626 479.772H201.014L204.626 484.812H201.294L199.306 481.9L197.346 484.812H194.014ZM199.446 501.78C198.139 501.78 197.01 501.565 196.058 501.136C195.106 500.688 194.322 500.1 193.706 499.372C193.09 498.625 192.623 497.795 192.306 496.88C192.007 495.965 191.858 495.023 191.858 494.052C191.858 493.119 192.007 492.204 192.306 491.308C192.604 490.393 193.052 489.563 193.65 488.816C194.266 488.069 195.04 487.481 195.974 487.052C196.907 486.604 198.018 486.38 199.306 486.38C200.687 486.38 201.9 486.679 202.946 487.276C203.991 487.873 204.812 488.76 205.41 489.936C206.007 491.093 206.306 492.503 206.306 494.164V495.2H196.142C196.198 496.096 196.506 496.871 197.066 497.524C197.644 498.177 198.438 498.504 199.446 498.504C200.024 498.504 200.491 498.42 200.846 498.252C201.219 498.065 201.508 497.86 201.714 497.636C201.919 497.393 202.059 497.179 202.134 496.992C202.227 496.805 202.274 496.712 202.274 496.712H206.194C206.194 496.712 206.147 496.889 206.054 497.244C205.96 497.58 205.783 498 205.522 498.504C205.26 499.008 204.878 499.512 204.374 500.016C203.888 500.52 203.244 500.94 202.442 501.276C201.639 501.612 200.64 501.78 199.446 501.78ZM196.142 492.624H202.218C202.18 491.597 201.872 490.832 201.294 490.328C200.734 489.824 200.043 489.572 199.222 489.572C198.4 489.572 197.7 489.843 197.122 490.384C196.562 490.907 196.235 491.653 196.142 492.624ZM199.306 508.388C198.652 508.388 198.111 508.164 197.682 507.716C197.271 507.287 197.066 506.773 197.066 506.176C197.066 505.56 197.271 505.028 197.682 504.58C198.111 504.151 198.652 503.936 199.306 503.936C199.94 503.936 200.463 504.151 200.874 504.58C201.303 505.028 201.518 505.56 201.518 506.176C201.518 506.773 201.303 507.287 200.874 507.716C200.463 508.164 199.94 508.388 199.306 508.388ZM209.198 501.5V486.66H213.454V488.788H213.594C213.762 488.489 214.005 488.153 214.322 487.78C214.658 487.407 215.097 487.08 215.638 486.8C216.198 486.52 216.908 486.38 217.766 486.38C218.924 486.38 219.866 486.651 220.594 487.192C221.322 487.715 221.854 488.396 222.19 489.236C222.526 490.057 222.694 490.925 222.694 491.84V501.5H218.438V492.568C218.438 491.859 218.242 491.233 217.85 490.692C217.477 490.151 216.87 489.88 216.03 489.88C215.396 489.88 214.892 490.029 214.518 490.328C214.145 490.627 213.874 491.009 213.706 491.476C213.538 491.943 213.454 492.437 213.454 492.96V501.5H209.198ZM232.386 501.5V486.66H236.642V488.788H236.782C236.95 488.489 237.192 488.153 237.51 487.78C237.846 487.407 238.284 487.08 238.826 486.8C239.386 486.52 240.095 486.38 240.954 486.38C242.111 486.38 243.054 486.651 243.782 487.192C244.51 487.715 245.042 488.396 245.378 489.236C245.714 490.057 245.882 490.925 245.882 491.84V501.5H241.626V492.568C241.626 491.859 241.43 491.233 241.038 490.692C240.664 490.151 240.058 489.88 239.218 489.88C238.583 489.88 238.079 490.029 237.706 490.328C237.332 490.627 237.062 491.009 236.894 491.476C236.726 491.943 236.642 492.437 236.642 492.96V501.5H232.386ZM256.572 507.436C255.191 507.436 254.052 507.268 253.156 506.932C252.279 506.596 251.579 506.167 251.056 505.644C250.533 505.14 250.151 504.636 249.908 504.132C249.665 503.628 249.507 503.199 249.432 502.844C249.376 502.508 249.348 502.34 249.348 502.34H253.492C253.492 502.34 253.52 502.424 253.576 502.592C253.651 502.779 253.791 502.984 253.996 503.208C254.201 503.451 254.5 503.656 254.892 503.824C255.303 504.011 255.844 504.104 256.516 504.104C257.673 504.104 258.523 503.777 259.064 503.124C259.624 502.471 259.904 501.612 259.904 500.548V498.98H259.708C259.521 499.279 259.241 499.605 258.868 499.96C258.495 500.315 258.019 500.613 257.44 500.856C256.861 501.099 256.161 501.22 255.34 501.22C254.239 501.22 253.277 501.015 252.456 500.604C251.635 500.175 250.944 499.605 250.384 498.896C249.843 498.187 249.432 497.393 249.152 496.516C248.891 495.639 248.76 494.733 248.76 493.8C248.76 492.885 248.891 491.989 249.152 491.112C249.432 490.216 249.843 489.413 250.384 488.704C250.944 487.995 251.635 487.435 252.456 487.024C253.277 486.595 254.239 486.38 255.34 486.38C256.161 486.38 256.861 486.511 257.44 486.772C258.019 487.015 258.495 487.313 258.868 487.668C259.26 488.004 259.54 488.331 259.708 488.648H259.904V486.66H264.16V500.548C264.16 501.78 263.889 502.919 263.348 503.964C262.807 505.009 261.976 505.849 260.856 506.484C259.736 507.119 258.308 507.436 256.572 507.436ZM256.516 497.86C257.3 497.86 257.944 497.664 258.448 497.272C258.971 496.88 259.363 496.376 259.624 495.76C259.885 495.125 260.016 494.472 260.016 493.8C260.016 493.109 259.885 492.456 259.624 491.84C259.363 491.224 258.971 490.72 258.448 490.328C257.944 489.936 257.3 489.74 256.516 489.74C255.751 489.74 255.107 489.936 254.584 490.328C254.08 490.72 253.697 491.224 253.436 491.84C253.175 492.456 253.044 493.109 253.044 493.8C253.044 494.472 253.175 495.125 253.436 495.76C253.697 496.376 254.08 496.88 254.584 497.272C255.107 497.664 255.751 497.86 256.516 497.86ZM267.693 501.5V480.22H271.949V488.788H272.089C272.257 488.489 272.5 488.153 272.817 487.78C273.153 487.407 273.592 487.08 274.133 486.8C274.693 486.52 275.402 486.38 276.261 486.38C277.418 486.38 278.361 486.651 279.089 487.192C279.817 487.715 280.349 488.396 280.685 489.236C281.021 490.057 281.189 490.925 281.189 491.84V501.5H276.933V492.568C276.933 491.859 276.737 491.233 276.345 490.692C275.972 490.151 275.365 489.88 274.525 489.88C273.89 489.88 273.386 490.029 273.013 490.328C272.64 490.627 272.369 491.009 272.201 491.476C272.033 491.943 271.949 492.437 271.949 492.96V501.5H267.693ZM291.676 501.78C290.369 501.78 289.24 501.565 288.288 501.136C287.336 500.688 286.552 500.1 285.936 499.372C285.32 498.625 284.853 497.795 284.536 496.88C284.237 495.965 284.088 495.023 284.088 494.052C284.088 493.119 284.228 492.204 284.508 491.308C284.807 490.393 285.255 489.563 285.852 488.816C286.468 488.069 287.243 487.481 288.176 487.052C289.128 486.604 290.248 486.38 291.536 486.38C292.899 486.38 294.103 486.679 295.148 487.276C296.212 487.873 297.043 488.76 297.64 489.936C298.237 491.093 298.536 492.503 298.536 494.164V495.2H288.372C288.428 496.096 288.736 496.871 289.296 497.524C289.875 498.177 290.668 498.504 291.676 498.504C292.255 498.504 292.721 498.42 293.076 498.252C293.449 498.065 293.739 497.86 293.944 497.636C294.149 497.393 294.289 497.179 294.364 496.992C294.439 496.805 294.476 496.712 294.476 496.712H298.396C298.396 496.712 298.349 496.889 298.256 497.244C298.181 497.58 298.013 498 297.752 498.504C297.491 499.008 297.108 499.512 296.604 500.016C296.119 500.52 295.475 500.94 294.672 501.276C293.869 501.612 292.871 501.78 291.676 501.78ZM288.372 492.624H294.448C294.392 491.597 294.084 490.832 293.524 490.328C292.964 489.824 292.273 489.572 291.452 489.572C290.631 489.572 289.931 489.843 289.352 490.384C288.773 490.907 288.447 491.653 288.372 492.624Z" fill="#27500A"/>
<path d="M142.1 533.5V518.7H143.86L151.58 529.96V518.7H153.54V533.5H151.78L144.06 522.26V533.5H142.1ZM161.648 537.7C160.768 537.7 160.035 537.58 159.448 537.34C158.862 537.113 158.388 536.82 158.028 536.46C157.682 536.113 157.422 535.767 157.248 535.42C157.075 535.073 156.962 534.78 156.908 534.54C156.855 534.313 156.828 534.2 156.828 534.2H158.728C158.728 534.2 158.762 534.293 158.828 534.48C158.895 534.667 159.022 534.88 159.208 535.12C159.408 535.36 159.702 535.573 160.088 535.76C160.475 535.947 160.995 536.04 161.648 536.04C162.422 536.04 163.028 535.887 163.468 535.58C163.908 535.287 164.222 534.9 164.408 534.42C164.608 533.94 164.708 533.433 164.708 532.9V531.68H164.608C164.475 531.907 164.262 532.167 163.968 532.46C163.688 532.74 163.315 532.987 162.848 533.2C162.382 533.4 161.808 533.5 161.128 533.5C160.328 533.5 159.628 533.347 159.028 533.04C158.428 532.733 157.928 532.32 157.528 531.8C157.142 531.28 156.848 530.7 156.648 530.06C156.448 529.42 156.348 528.767 156.348 528.1C156.348 527.433 156.448 526.78 156.648 526.14C156.848 525.5 157.142 524.92 157.528 524.4C157.928 523.88 158.428 523.467 159.028 523.16C159.628 522.853 160.328 522.7 161.128 522.7C161.808 522.7 162.382 522.807 162.848 523.02C163.315 523.22 163.688 523.46 163.968 523.74C164.262 524.02 164.475 524.28 164.608 524.52H164.708V522.9H166.608V532.88C166.608 534.36 166.175 535.533 165.308 536.4C164.455 537.267 163.235 537.7 161.648 537.7ZM161.488 531.88C162.195 531.88 162.782 531.7 163.248 531.34C163.728 530.967 164.082 530.493 164.308 529.92C164.548 529.347 164.668 528.74 164.668 528.1C164.668 527.46 164.548 526.853 164.308 526.28C164.082 525.693 163.728 525.22 163.248 524.86C162.782 524.5 162.195 524.32 161.488 524.32C160.782 524.32 160.188 524.5 159.708 524.86C159.228 525.22 158.868 525.693 158.628 526.28C158.402 526.853 158.288 527.46 158.288 528.1C158.288 528.74 158.402 529.347 158.628 529.92C158.868 530.493 159.228 530.967 159.708 531.34C160.188 531.7 160.782 531.88 161.488 531.88ZM169.6 533.5V518.3H171.5V524.44H171.62C171.713 524.28 171.867 524.06 172.08 523.78C172.307 523.5 172.627 523.253 173.04 523.04C173.453 522.813 173.973 522.7 174.6 522.7C175.373 522.7 176.033 522.88 176.58 523.24C177.127 523.587 177.54 524.06 177.82 524.66C178.113 525.26 178.26 525.933 178.26 526.68V533.5H176.36V526.8C176.36 526.093 176.16 525.507 175.76 525.04C175.373 524.573 174.807 524.34 174.06 524.34C173.46 524.34 172.973 524.493 172.6 524.8C172.227 525.093 171.947 525.487 171.76 525.98C171.587 526.46 171.5 526.973 171.5 527.52V533.5H169.6ZM185.88 533.7C185.013 533.7 184.26 533.547 183.62 533.24C182.993 532.92 182.473 532.493 182.06 531.96C181.66 531.427 181.36 530.84 181.16 530.2C180.96 529.547 180.86 528.88 180.86 528.2C180.86 527.533 180.953 526.873 181.14 526.22C181.34 525.567 181.64 524.973 182.04 524.44C182.453 523.907 182.967 523.487 183.58 523.18C184.207 522.86 184.947 522.7 185.8 522.7C186.707 522.7 187.507 522.907 188.2 523.32C188.893 523.733 189.44 524.347 189.84 525.16C190.24 525.973 190.44 526.993 190.44 528.22V528.78H182.78C182.82 529.38 182.96 529.933 183.2 530.44C183.453 530.933 183.807 531.333 184.26 531.64C184.713 531.933 185.253 532.08 185.88 532.08C186.427 532.08 186.867 531.993 187.2 531.82C187.547 531.633 187.82 531.42 188.02 531.18C188.22 530.94 188.353 530.733 188.42 530.56C188.5 530.373 188.54 530.28 188.54 530.28H190.32C190.32 530.28 190.287 530.4 190.22 530.64C190.153 530.867 190.033 531.147 189.86 531.48C189.687 531.813 189.433 532.153 189.1 532.5C188.767 532.833 188.34 533.12 187.82 533.36C187.3 533.587 186.653 533.7 185.88 533.7ZM182.8 527.3H188.58C188.553 526.607 188.407 526.047 188.14 525.62C187.873 525.18 187.533 524.853 187.12 524.64C186.707 524.427 186.267 524.32 185.8 524.32C184.96 524.32 184.273 524.593 183.74 525.14C183.207 525.673 182.893 526.393 182.8 527.3ZM202.662 533.7C201.796 533.7 201.036 533.547 200.382 533.24C199.729 532.92 199.182 532.5 198.742 531.98C198.316 531.447 197.989 530.853 197.762 530.2C197.549 529.547 197.442 528.88 197.442 528.2C197.442 527.52 197.549 526.86 197.762 526.22C197.976 525.567 198.296 524.973 198.722 524.44C199.162 523.907 199.709 523.487 200.362 523.18C201.016 522.86 201.782 522.7 202.662 522.7C203.516 522.7 204.222 522.827 204.782 523.08C205.342 523.333 205.789 523.653 206.122 524.04C206.469 524.413 206.722 524.793 206.882 525.18C207.056 525.553 207.169 525.867 207.222 526.12C207.276 526.373 207.302 526.5 207.302 526.5H205.462C205.462 526.5 205.429 526.393 205.362 526.18C205.296 525.953 205.169 525.7 204.982 525.42C204.796 525.14 204.516 524.893 204.142 524.68C203.769 524.453 203.276 524.34 202.662 524.34C201.929 524.34 201.309 524.527 200.802 524.9C200.309 525.26 199.936 525.733 199.682 526.32C199.442 526.907 199.322 527.533 199.322 528.2C199.322 528.867 199.442 529.493 199.682 530.08C199.936 530.667 200.309 531.147 200.802 531.52C201.309 531.88 201.929 532.06 202.662 532.06C203.276 532.06 203.769 531.953 204.142 531.74C204.516 531.513 204.796 531.26 204.982 530.98C205.169 530.7 205.296 530.453 205.362 530.24C205.429 530.013 205.462 529.9 205.462 529.9H207.302C207.302 529.9 207.276 530.027 207.222 530.28C207.169 530.533 207.056 530.853 206.882 531.24C206.722 531.613 206.469 531.993 206.122 532.38C205.789 532.753 205.342 533.067 204.782 533.32C204.222 533.573 203.516 533.7 202.662 533.7ZM211.828 521.38L214.248 518.04H215.868L218.288 521.38H216.568L215.048 519.24L213.548 521.38H211.828ZM214.608 522.7C215.274 522.7 215.834 522.807 216.288 523.02C216.741 523.233 217.108 523.487 217.388 523.78C217.668 524.06 217.881 524.327 218.028 524.58H218.148V522.9H220.048V533.5H218.148V531.82H218.028C217.881 532.073 217.668 532.347 217.388 532.64C217.108 532.933 216.741 533.187 216.288 533.4C215.834 533.6 215.274 533.7 214.608 533.7C213.808 533.7 213.108 533.547 212.508 533.24C211.908 532.92 211.408 532.5 211.008 531.98C210.608 531.447 210.308 530.853 210.108 530.2C209.908 529.547 209.808 528.88 209.808 528.2C209.808 527.52 209.908 526.853 210.108 526.2C210.308 525.547 210.608 524.96 211.008 524.44C211.408 523.907 211.908 523.487 212.508 523.18C213.108 522.86 213.808 522.7 214.608 522.7ZM214.928 524.32C214.221 524.32 213.628 524.513 213.148 524.9C212.668 525.273 212.308 525.753 212.068 526.34C211.841 526.927 211.728 527.547 211.728 528.2C211.728 528.84 211.841 529.46 212.068 530.06C212.308 530.647 212.668 531.133 213.148 531.52C213.628 531.893 214.221 532.08 214.928 532.08C215.634 532.08 216.221 531.893 216.688 531.52C217.168 531.133 217.521 530.647 217.748 530.06C217.988 529.46 218.108 528.84 218.108 528.2C218.108 527.547 217.988 526.927 217.748 526.34C217.521 525.753 217.168 525.273 216.688 524.9C216.221 524.513 215.634 524.32 214.928 524.32ZM226.434 533.7C225.381 533.7 224.541 533.373 223.914 532.72C223.288 532.067 222.974 531.16 222.974 530V522.9H224.874V529.9C224.874 530.593 225.061 531.127 225.434 531.5C225.821 531.873 226.328 532.06 226.954 532.06C227.594 532.06 228.108 531.893 228.494 531.56C228.881 531.227 229.161 530.8 229.334 530.28C229.508 529.76 229.594 529.227 229.594 528.68V522.9H231.494V533.5H229.594V531.98H229.474C229.394 532.14 229.241 532.36 229.014 532.64C228.788 532.907 228.468 533.153 228.054 533.38C227.641 533.593 227.101 533.7 226.434 533.7ZM238.312 536.52L245.252 517.02H247.072L240.132 536.52H238.312ZM258.08 533.7C256.986 533.7 256.16 533.42 255.6 532.86C255.053 532.3 254.78 531.513 254.78 530.5V524.46H252.88V522.9H254.78V520.24H256.68V522.9H259.26V524.46H256.68V530.5C256.68 531.033 256.826 531.427 257.12 531.68C257.413 531.92 257.84 532.04 258.4 532.04C258.693 532.04 258.973 532.02 259.24 531.98C259.506 531.94 259.64 531.92 259.64 531.92V533.54C259.64 533.54 259.486 533.567 259.18 533.62C258.873 533.673 258.506 533.7 258.08 533.7ZM265.774 521.3L263.714 517.68H265.674L267.394 521.28L265.774 521.3ZM265.894 533.7C264.841 533.7 264.001 533.373 263.374 532.72C262.748 532.067 262.434 531.16 262.434 530V522.9H264.334V529.9C264.334 530.593 264.521 531.127 264.894 531.5C265.281 531.873 265.788 532.06 266.414 532.06C267.054 532.06 267.568 531.893 267.954 531.56C268.341 531.227 268.621 530.8 268.794 530.28C268.968 529.76 269.054 529.227 269.054 528.68V522.9H270.674C271.194 522.9 271.454 522.627 271.454 522.08V520.88H273.134V522.08C273.134 522.693 272.974 523.187 272.654 523.56C272.334 523.933 271.848 524.12 271.194 524.12H270.954V533.5H269.054V531.98H268.934C268.854 532.14 268.701 532.36 268.474 532.64C268.248 532.907 267.928 533.153 267.514 533.38C267.101 533.593 266.561 533.7 265.894 533.7ZM278.56 533.5V522.9H280.46V524.22H280.54C280.767 523.82 281.1 523.467 281.54 523.16C281.98 522.853 282.6 522.7 283.4 522.7C283.627 522.7 283.833 522.713 284.02 522.74C284.207 522.753 284.3 522.76 284.3 522.76V524.58C284.3 524.58 284.193 524.573 283.98 524.56C283.78 524.533 283.567 524.52 283.34 524.52C282.42 524.52 281.707 524.787 281.2 525.32C280.707 525.84 280.46 526.693 280.46 527.88V533.5H278.56ZM293.431 518.8L291.371 515.18H293.331L295.051 518.78L293.431 518.8ZM287.471 521.36L289.891 518.42H291.511L293.931 521.36H292.211L290.691 519.52L289.191 521.36H287.471ZM290.711 533.7C289.578 533.7 288.625 533.44 287.851 532.92C287.078 532.387 286.491 531.7 286.091 530.86C285.691 530.02 285.491 529.133 285.491 528.2C285.491 527.253 285.691 526.367 286.091 525.54C286.491 524.7 287.078 524.02 287.851 523.5C288.625 522.967 289.578 522.7 290.711 522.7C291.845 522.7 292.798 522.967 293.571 523.5C294.345 524.02 294.931 524.7 295.331 525.54C295.731 526.367 295.931 527.253 295.931 528.2C295.931 529.133 295.731 530.02 295.331 530.86C294.931 531.7 294.345 532.387 293.571 532.92C292.798 533.44 291.845 533.7 290.711 533.7ZM290.711 532.04C291.431 532.04 292.031 531.86 292.511 531.5C293.005 531.127 293.371 530.647 293.611 530.06C293.865 529.473 293.991 528.853 293.991 528.2C293.991 527.533 293.865 526.913 293.611 526.34C293.371 525.753 293.005 525.28 292.511 524.92C292.031 524.547 291.431 524.36 290.711 524.36C290.005 524.36 289.405 524.547 288.911 524.92C288.418 525.28 288.045 525.753 287.791 526.34C287.551 526.913 287.431 527.533 287.431 528.2C287.431 528.853 287.551 529.473 287.791 530.06C288.045 530.647 288.418 531.127 288.911 531.5C289.405 531.86 290.005 532.04 290.711 532.04ZM299.878 520.88C299.518 520.88 299.218 520.76 298.978 520.52C298.752 520.28 298.638 519.993 298.638 519.66C298.638 519.313 298.752 519.02 298.978 518.78C299.218 518.54 299.518 518.42 299.878 518.42C300.225 518.42 300.518 518.54 300.758 518.78C300.998 519.02 301.118 519.313 301.118 519.66C301.118 519.993 300.998 520.28 300.758 520.52C300.518 520.76 300.225 520.88 299.878 520.88ZM298.938 533.5V522.9H300.838V533.5H298.938ZM313.541 533.7C312.674 533.7 311.914 533.547 311.261 533.24C310.608 532.92 310.061 532.5 309.621 531.98C309.194 531.447 308.868 530.853 308.641 530.2C308.428 529.547 308.321 528.88 308.321 528.2C308.321 527.52 308.428 526.86 308.641 526.22C308.854 525.567 309.174 524.973 309.601 524.44C310.041 523.907 310.588 523.487 311.241 523.18C311.894 522.86 312.661 522.7 313.541 522.7C314.394 522.7 315.101 522.827 315.661 523.08C316.221 523.333 316.668 523.653 317.001 524.04C317.348 524.413 317.601 524.793 317.761 525.18C317.934 525.553 318.048 525.867 318.101 526.12C318.154 526.373 318.181 526.5 318.181 526.5H316.341C316.341 526.5 316.308 526.393 316.241 526.18C316.174 525.953 316.048 525.7 315.861 525.42C315.674 525.14 315.394 524.893 315.021 524.68C314.648 524.453 314.154 524.34 313.541 524.34C312.808 524.34 312.188 524.527 311.681 524.9C311.188 525.26 310.814 525.733 310.561 526.32C310.321 526.907 310.201 527.533 310.201 528.2C310.201 528.867 310.321 529.493 310.561 530.08C310.814 530.667 311.188 531.147 311.681 531.52C312.188 531.88 312.808 532.06 313.541 532.06C314.154 532.06 314.648 531.953 315.021 531.74C315.394 531.513 315.674 531.26 315.861 530.98C316.048 530.7 316.174 530.453 316.241 530.24C316.308 530.013 316.341 529.9 316.341 529.9H318.181C318.181 529.9 318.154 530.027 318.101 530.28C318.048 530.533 317.934 530.853 317.761 531.24C317.601 531.613 317.348 531.993 317.001 532.38C316.668 532.753 316.221 533.067 315.661 533.32C315.101 533.573 314.394 533.7 313.541 533.7ZM320.987 533.5V518.3H322.887V524.44H323.007C323.1 524.28 323.253 524.06 323.467 523.78C323.693 523.5 324.013 523.253 324.427 523.04C324.84 522.813 325.36 522.7 325.987 522.7C326.76 522.7 327.42 522.88 327.967 523.24C328.513 523.587 328.927 524.06 329.207 524.66C329.5 525.26 329.647 525.933 329.647 526.68V533.5H327.747V526.8C327.747 526.093 327.547 525.507 327.147 525.04C326.76 524.573 326.193 524.34 325.447 524.34C324.847 524.34 324.36 524.493 323.987 524.8C323.613 525.093 323.333 525.487 323.147 525.98C322.973 526.46 322.887 526.973 322.887 527.52V533.5H320.987ZM337.567 533.7C336.434 533.7 335.48 533.44 334.707 532.92C333.934 532.387 333.347 531.7 332.947 530.86C332.547 530.02 332.347 529.133 332.347 528.2C332.347 527.253 332.547 526.367 332.947 525.54C333.347 524.7 333.934 524.02 334.707 523.5C335.48 522.967 336.434 522.7 337.567 522.7C338.7 522.7 339.654 522.967 340.427 523.5C341.2 524.02 341.787 524.7 342.187 525.54C342.587 526.367 342.787 527.253 342.787 528.2C342.787 529.133 342.587 530.02 342.187 530.86C341.787 531.7 341.2 532.387 340.427 532.92C339.654 533.44 338.7 533.7 337.567 533.7ZM337.567 532.04C338.287 532.04 338.887 531.86 339.367 531.5C339.86 531.127 340.227 530.647 340.467 530.06C340.72 529.473 340.847 528.853 340.847 528.2C340.847 527.533 340.72 526.913 340.467 526.34C340.227 525.753 339.86 525.28 339.367 524.92C338.887 524.547 338.287 524.36 337.567 524.36C336.86 524.36 336.26 524.547 335.767 524.92C335.274 525.28 334.9 525.753 334.647 526.34C334.407 526.913 334.287 527.533 334.287 528.2C334.287 528.853 334.407 529.473 334.647 530.06C334.9 530.647 335.274 531.127 335.767 531.5C336.26 531.86 336.86 532.04 337.567 532.04ZM337.567 538.04C337.194 538.04 336.88 537.907 336.627 537.64C336.387 537.387 336.267 537.087 336.267 536.74C336.267 536.38 336.387 536.073 336.627 535.82C336.88 535.567 337.194 535.44 337.567 535.44C337.94 535.44 338.247 535.567 338.487 535.82C338.74 536.073 338.867 536.38 338.867 536.74C338.867 537.1 338.74 537.407 338.487 537.66C338.247 537.913 337.94 538.04 337.567 538.04ZM345.494 533.5V522.9H347.394V524.44H347.514C347.607 524.28 347.76 524.06 347.974 523.78C348.2 523.5 348.52 523.253 348.934 523.04C349.347 522.813 349.867 522.7 350.494 522.7C351.267 522.7 351.927 522.88 352.474 523.24C353.02 523.587 353.434 524.06 353.714 524.66C354.007 525.26 354.154 525.933 354.154 526.68V533.5H352.254V526.8C352.254 526.093 352.054 525.507 351.654 525.04C351.267 524.573 350.7 524.34 349.954 524.34C349.354 524.34 348.867 524.493 348.494 524.8C348.12 525.093 347.84 525.487 347.654 525.98C347.48 526.46 347.394 526.973 347.394 527.52V533.5H345.494Z" fill="#3B6D11"/>
<path d="M146.5 558.7C145.7 558.7 145 558.547 144.4 558.24C143.8 557.92 143.3 557.5 142.9 556.98C142.5 556.447 142.2 555.853 142 555.2C141.8 554.547 141.7 553.88 141.7 553.2C141.7 552.52 141.8 551.853 142 551.2C142.2 550.547 142.5 549.96 142.9 549.44C143.3 548.907 143.8 548.487 144.4 548.18C145 547.86 145.7 547.7 146.5 547.7C147.167 547.7 147.727 547.807 148.18 548.02C148.633 548.233 149 548.487 149.28 548.78C149.56 549.06 149.773 549.327 149.92 549.58H150.04V546.74H147.26V545.22H150.04V543.3H151.94V545.22H153.76V546.74H151.94V558.5H150.04V556.82H149.92C149.773 557.073 149.56 557.347 149.28 557.64C149 557.933 148.633 558.187 148.18 558.4C147.727 558.6 147.167 558.7 146.5 558.7ZM146.82 557.08C147.527 557.08 148.113 556.893 148.58 556.52C149.06 556.133 149.413 555.647 149.64 555.06C149.88 554.46 150 553.84 150 553.2C150 552.547 149.88 551.927 149.64 551.34C149.413 550.753 149.06 550.273 148.58 549.9C148.113 549.513 147.527 549.32 146.82 549.32C146.113 549.32 145.52 549.513 145.04 549.9C144.56 550.273 144.2 550.753 143.96 551.34C143.733 551.927 143.62 552.547 143.62 553.2C143.62 553.84 143.733 554.46 143.96 555.06C144.2 555.647 144.56 556.133 145.04 556.52C145.52 556.893 146.113 557.08 146.82 557.08ZM161.473 546.3L159.853 546.28L161.573 542.68H163.533L161.473 546.3ZM160.233 547.7C160.899 547.7 161.459 547.807 161.913 548.02C162.366 548.233 162.733 548.487 163.013 548.78C163.293 549.06 163.506 549.327 163.653 549.58H163.773V547.9H165.673V558.5H163.773V556.82H163.653C163.506 557.073 163.293 557.347 163.013 557.64C162.733 557.933 162.366 558.187 161.913 558.4C161.459 558.6 160.899 558.7 160.233 558.7C159.433 558.7 158.733 558.547 158.133 558.24C157.533 557.92 157.033 557.5 156.633 556.98C156.233 556.447 155.933 555.853 155.733 555.2C155.533 554.547 155.433 553.88 155.433 553.2C155.433 552.52 155.533 551.853 155.733 551.2C155.933 550.547 156.233 549.96 156.633 549.44C157.033 548.907 157.533 548.487 158.133 548.18C158.733 547.86 159.433 547.7 160.233 547.7ZM160.553 549.32C159.846 549.32 159.253 549.513 158.773 549.9C158.293 550.273 157.933 550.753 157.693 551.34C157.466 551.927 157.353 552.547 157.353 553.2C157.353 553.84 157.466 554.46 157.693 555.06C157.933 555.647 158.293 556.133 158.773 556.52C159.253 556.893 159.846 557.08 160.553 557.08C161.259 557.08 161.846 556.893 162.313 556.52C162.793 556.133 163.146 555.647 163.373 555.06C163.613 554.46 163.733 553.84 163.733 553.2C163.733 552.547 163.613 551.927 163.373 551.34C163.146 550.753 162.793 550.273 162.313 549.9C161.846 549.513 161.259 549.32 160.553 549.32ZM168.799 562.42V547.9H170.699V549.58H170.819C170.979 549.327 171.193 549.053 171.459 548.76C171.739 548.467 172.106 548.22 172.559 548.02C173.013 547.807 173.573 547.7 174.239 547.7C175.039 547.7 175.739 547.86 176.339 548.18C176.939 548.487 177.439 548.907 177.839 549.44C178.239 549.96 178.539 550.547 178.739 551.2C178.939 551.853 179.039 552.52 179.039 553.2C179.039 553.88 178.939 554.547 178.739 555.2C178.539 555.853 178.239 556.447 177.839 556.98C177.439 557.5 176.939 557.92 176.339 558.24C175.739 558.547 175.039 558.7 174.239 558.7C173.573 558.7 173.013 558.593 172.559 558.38C172.106 558.167 171.739 557.913 171.459 557.62C171.193 557.327 170.979 557.06 170.819 556.82H170.699V562.42H168.799ZM170.739 553.2C170.739 553.84 170.853 554.46 171.079 555.06C171.319 555.647 171.673 556.133 172.139 556.52C172.619 556.893 173.213 557.08 173.919 557.08C174.639 557.08 175.233 556.893 175.699 556.52C176.179 556.133 176.533 555.647 176.759 555.06C176.999 554.46 177.119 553.84 177.119 553.2C177.119 552.547 176.999 551.927 176.759 551.34C176.533 550.753 176.179 550.273 175.699 549.9C175.233 549.513 174.639 549.32 173.919 549.32C173.213 549.32 172.619 549.513 172.139 549.9C171.673 550.273 171.319 550.753 171.079 551.34C170.853 551.927 170.739 552.547 170.739 553.2ZM192.195 546.3L190.575 546.28L192.295 542.68H194.255L192.195 546.3ZM190.955 547.7C191.622 547.7 192.182 547.807 192.635 548.02C193.089 548.233 193.455 548.487 193.735 548.78C194.015 549.06 194.229 549.327 194.375 549.58H194.495V547.9H196.395V558.5H194.495V556.82H194.375C194.229 557.073 194.015 557.347 193.735 557.64C193.455 557.933 193.089 558.187 192.635 558.4C192.182 558.6 191.622 558.7 190.955 558.7C190.155 558.7 189.455 558.547 188.855 558.24C188.255 557.92 187.755 557.5 187.355 556.98C186.955 556.447 186.655 555.853 186.455 555.2C186.255 554.547 186.155 553.88 186.155 553.2C186.155 552.52 186.255 551.853 186.455 551.2C186.655 550.547 186.955 549.96 187.355 549.44C187.755 548.907 188.255 548.487 188.855 548.18C189.455 547.86 190.155 547.7 190.955 547.7ZM191.275 549.32C190.569 549.32 189.975 549.513 189.495 549.9C189.015 550.273 188.655 550.753 188.415 551.34C188.189 551.927 188.075 552.547 188.075 553.2C188.075 553.84 188.189 554.46 188.415 555.06C188.655 555.647 189.015 556.133 189.495 556.52C189.975 556.893 190.569 557.08 191.275 557.08C191.982 557.08 192.569 556.893 193.035 556.52C193.515 556.133 193.869 555.647 194.095 555.06C194.335 554.46 194.455 553.84 194.455 553.2C194.455 552.547 194.335 551.927 194.095 551.34C193.869 550.753 193.515 550.273 193.035 549.9C192.569 549.513 191.982 549.32 191.275 549.32ZM199.322 558.5V547.9H201.222V549.44H201.342C201.435 549.28 201.589 549.06 201.802 548.78C202.029 548.5 202.349 548.253 202.762 548.04C203.175 547.813 203.695 547.7 204.322 547.7C205.095 547.7 205.755 547.88 206.302 548.24C206.849 548.587 207.262 549.06 207.542 549.66C207.835 550.26 207.982 550.933 207.982 551.68V558.5H206.082V551.8C206.082 551.093 205.882 550.507 205.482 550.04C205.095 549.573 204.529 549.34 203.782 549.34C203.182 549.34 202.695 549.493 202.322 549.8C201.949 550.093 201.669 550.487 201.482 550.98C201.309 551.46 201.222 551.973 201.222 552.52V558.5H199.322ZM219.996 558.7C219.196 558.7 218.496 558.547 217.896 558.24C217.296 557.92 216.796 557.5 216.396 556.98C215.996 556.447 215.696 555.853 215.496 555.2C215.296 554.547 215.196 553.88 215.196 553.2C215.196 552.52 215.296 551.853 215.496 551.2C215.696 550.547 215.996 549.96 216.396 549.44C216.796 548.907 217.296 548.487 217.896 548.18C218.496 547.86 219.196 547.7 219.996 547.7C220.663 547.7 221.223 547.807 221.676 548.02C222.129 548.233 222.496 548.487 222.776 548.78C223.056 549.06 223.269 549.327 223.416 549.58H223.536V546.74H220.756V545.22H223.536V543.3H225.436V545.22H227.256V546.74H225.436V558.5H223.536V556.82H223.416C223.269 557.073 223.056 557.347 222.776 557.64C222.496 557.933 222.129 558.187 221.676 558.4C221.223 558.6 220.663 558.7 219.996 558.7ZM220.316 557.08C221.023 557.08 221.609 556.893 222.076 556.52C222.556 556.133 222.909 555.647 223.136 555.06C223.376 554.46 223.496 553.84 223.496 553.2C223.496 552.547 223.376 551.927 223.136 551.34C222.909 550.753 222.556 550.273 222.076 549.9C221.609 549.513 221.023 549.32 220.316 549.32C219.609 549.32 219.016 549.513 218.536 549.9C218.056 550.273 217.696 550.753 217.456 551.34C217.229 551.927 217.116 552.547 217.116 553.2C217.116 553.84 217.229 554.46 217.456 555.06C217.696 555.647 218.056 556.133 218.536 556.52C219.016 556.893 219.609 557.08 220.316 557.08ZM233.958 546.3L232.338 546.28L234.058 542.68H236.018L233.958 546.3ZM232.398 558.7C231.345 558.7 230.505 558.373 229.878 557.72C229.252 557.067 228.938 556.16 228.938 555V547.9H230.838V554.9C230.838 555.593 231.025 556.127 231.398 556.5C231.785 556.873 232.292 557.06 232.918 557.06C233.558 557.06 234.072 556.893 234.458 556.56C234.845 556.227 235.125 555.8 235.298 555.28C235.472 554.76 235.558 554.227 235.558 553.68V547.9H237.458V558.5H235.558V556.98H235.438C235.358 557.14 235.205 557.36 234.978 557.64C234.752 557.907 234.432 558.153 234.018 558.38C233.605 558.593 233.065 558.7 232.398 558.7ZM240.455 558.5V547.9H242.355V549.44H242.475C242.568 549.28 242.721 549.06 242.935 548.78C243.161 548.5 243.481 548.253 243.895 548.04C244.308 547.813 244.828 547.7 245.455 547.7C246.228 547.7 246.888 547.88 247.435 548.24C247.981 548.587 248.395 549.06 248.675 549.66C248.968 550.26 249.115 550.933 249.115 551.68V558.5H247.215V551.8C247.215 551.093 247.015 550.507 246.615 550.04C246.228 549.573 245.661 549.34 244.915 549.34C244.315 549.34 243.828 549.493 243.455 549.8C243.081 550.093 242.801 550.487 242.615 550.98C242.441 551.46 242.355 551.973 242.355 552.52V558.5H240.455ZM257.02 562.7C256.14 562.7 255.406 562.58 254.82 562.34C254.233 562.113 253.76 561.82 253.4 561.46C253.053 561.113 252.793 560.767 252.62 560.42C252.446 560.073 252.333 559.78 252.28 559.54C252.226 559.313 252.2 559.2 252.2 559.2H254.1C254.1 559.2 254.133 559.293 254.2 559.48C254.266 559.667 254.393 559.88 254.58 560.12C254.78 560.36 255.073 560.573 255.46 560.76C255.846 560.947 256.366 561.04 257.02 561.04C257.793 561.04 258.4 560.887 258.84 560.58C259.28 560.287 259.593 559.9 259.78 559.42C259.98 558.94 260.08 558.433 260.08 557.9V556.68H259.98C259.846 556.907 259.633 557.167 259.34 557.46C259.06 557.74 258.686 557.987 258.22 558.2C257.753 558.4 257.18 558.5 256.5 558.5C255.7 558.5 255 558.347 254.4 558.04C253.8 557.733 253.3 557.32 252.9 556.8C252.513 556.28 252.22 555.7 252.02 555.06C251.82 554.42 251.72 553.767 251.72 553.1C251.72 552.433 251.82 551.78 252.02 551.14C252.22 550.5 252.513 549.92 252.9 549.4C253.3 548.88 253.8 548.467 254.4 548.16C255 547.853 255.7 547.7 256.5 547.7C257.18 547.7 257.753 547.807 258.22 548.02C258.686 548.22 259.06 548.46 259.34 548.74C259.633 549.02 259.846 549.28 259.98 549.52H260.08V547.9H261.98V557.88C261.98 559.36 261.546 560.533 260.68 561.4C259.826 562.267 258.606 562.7 257.02 562.7ZM256.86 556.88C257.566 556.88 258.153 556.7 258.62 556.34C259.1 555.967 259.453 555.493 259.68 554.92C259.92 554.347 260.04 553.74 260.04 553.1C260.04 552.46 259.92 551.853 259.68 551.28C259.453 550.693 259.1 550.22 258.62 549.86C258.153 549.5 257.566 549.32 256.86 549.32C256.153 549.32 255.56 549.5 255.08 549.86C254.6 550.22 254.24 550.693 254 551.28C253.773 551.853 253.66 552.46 253.66 553.1C253.66 553.74 253.773 554.347 254 554.92C254.24 555.493 254.6 555.967 255.08 556.34C255.56 556.7 256.153 556.88 256.86 556.88Z" fill="#3B6D11"/>
<path d="M368.5 612.5H60.5C51.6634 612.5 44.5 623.643 44.5 637.389V727.611C44.5 741.357 51.6634 752.5 60.5 752.5H368.5C377.337 752.5 384.5 741.357 384.5 727.611V637.389C384.5 623.643 377.337 612.5 368.5 612.5Z" fill="#FAEEDA" stroke="#FAC775"/>
<path d="M93.5 710.5C107.859 710.5 119.5 698.859 119.5 684.5C119.5 670.141 107.859 658.5 93.5 658.5C79.1406 658.5 67.5 670.141 67.5 684.5C67.5 698.859 79.1406 710.5 93.5 710.5Z" fill="#BA7517"/>
<path d="M86.5 695.5L99.5 682.5L103.5 686.5L90.5 699.5L86.5 695.5Z" fill="white"/>
<path d="M99.5 682.5L102.5 679.5L105.5 682.5L103.5 686.5L99.5 682.5Z" fill="white"/>
<path d="M86.5 695.5L84.5 699.5" stroke="white" stroke-width="1.5" stroke-linecap="round"/>
<path d="M140.404 672.5V651.78H144.716V668.748H154.852V672.5H140.404ZM162.408 672.78C161.363 672.78 160.495 672.556 159.804 672.108C159.132 671.66 158.628 671.063 158.292 670.316C157.956 669.551 157.788 668.692 157.788 667.74V657.66H162.016V666.9C162.016 667.609 162.203 668.188 162.576 668.636C162.949 669.065 163.5 669.28 164.228 669.28C164.844 669.28 165.329 669.131 165.684 668.832C166.057 668.533 166.328 668.151 166.496 667.684C166.664 667.217 166.748 666.723 166.748 666.2V657.66H171.004V672.5H166.748V670.4H166.58C166.263 670.979 165.768 671.52 165.096 672.024C164.443 672.528 163.547 672.78 162.408 672.78ZM175.453 677.96C174.949 677.96 174.548 677.941 174.249 677.904C173.95 677.867 173.801 677.848 173.801 677.848V674.432C173.801 674.432 173.922 674.441 174.165 674.46C174.426 674.479 174.744 674.488 175.117 674.488C176.013 674.488 176.75 674.357 177.329 674.096C177.908 673.853 178.412 673.368 178.841 672.64L173.353 657.66H177.609L181.053 667.712L184.413 657.66H188.697L183.377 671.912C182.892 673.275 182.304 674.404 181.613 675.3C180.941 676.196 180.11 676.859 179.121 677.288C178.132 677.736 176.909 677.96 175.453 677.96ZM192.014 655.812L195.626 650.772H199.014L202.626 655.812H199.294L197.306 652.9L195.346 655.812H192.014ZM197.446 672.78C196.139 672.78 195.01 672.565 194.058 672.136C193.106 671.688 192.322 671.1 191.706 670.372C191.09 669.625 190.623 668.795 190.306 667.88C190.007 666.965 189.858 666.023 189.858 665.052C189.858 664.119 190.007 663.204 190.306 662.308C190.604 661.393 191.052 660.563 191.65 659.816C192.266 659.069 193.04 658.481 193.974 658.052C194.907 657.604 196.018 657.38 197.306 657.38C198.687 657.38 199.9 657.679 200.946 658.276C201.991 658.873 202.812 659.76 203.41 660.936C204.007 662.093 204.306 663.503 204.306 665.164V666.2H194.142C194.198 667.096 194.506 667.871 195.066 668.524C195.644 669.177 196.438 669.504 197.446 669.504C198.024 669.504 198.491 669.42 198.846 669.252C199.219 669.065 199.508 668.86 199.714 668.636C199.919 668.393 200.059 668.179 200.134 667.992C200.227 667.805 200.274 667.712 200.274 667.712H204.194C204.194 667.712 204.147 667.889 204.054 668.244C203.96 668.58 203.783 669 203.522 669.504C203.26 670.008 202.878 670.512 202.374 671.016C201.888 671.52 201.244 671.94 200.442 672.276C199.639 672.612 198.64 672.78 197.446 672.78ZM194.142 663.624H200.218C200.18 662.597 199.872 661.832 199.294 661.328C198.734 660.824 198.043 660.572 197.222 660.572C196.4 660.572 195.7 660.843 195.122 661.384C194.562 661.907 194.235 662.653 194.142 663.624ZM197.306 679.388C196.652 679.388 196.111 679.164 195.682 678.716C195.271 678.287 195.066 677.773 195.066 677.176C195.066 676.56 195.271 676.028 195.682 675.58C196.111 675.151 196.652 674.936 197.306 674.936C197.94 674.936 198.463 675.151 198.874 675.58C199.303 676.028 199.518 676.56 199.518 677.176C199.518 677.773 199.303 678.287 198.874 678.716C198.463 679.164 197.94 679.388 197.306 679.388ZM207.198 672.5V657.66H211.454V659.788H211.594C211.762 659.489 212.005 659.153 212.322 658.78C212.658 658.407 213.097 658.08 213.638 657.8C214.198 657.52 214.908 657.38 215.766 657.38C216.924 657.38 217.866 657.651 218.594 658.192C219.322 658.715 219.854 659.396 220.19 660.236C220.526 661.057 220.694 661.925 220.694 662.84V672.5H216.438V663.568C216.438 662.859 216.242 662.233 215.85 661.692C215.477 661.151 214.87 660.88 214.03 660.88C213.396 660.88 212.892 661.029 212.518 661.328C212.145 661.627 211.874 662.009 211.706 662.476C211.538 662.943 211.454 663.437 211.454 663.96V672.5H207.198ZM234.838 672.5L229.406 657.66H233.662L237.134 667.712L240.466 657.66H244.75L239.29 672.5H234.838ZM249.531 655.644C248.784 655.644 248.177 655.411 247.711 654.944C247.244 654.459 247.011 653.889 247.011 653.236C247.011 652.545 247.244 651.967 247.711 651.5C248.177 651.015 248.784 650.772 249.531 650.772C250.24 650.772 250.837 651.015 251.323 651.5C251.808 651.967 252.051 652.545 252.051 653.236C252.051 653.889 251.808 654.459 251.323 654.944C250.837 655.411 250.24 655.644 249.531 655.644ZM247.403 672.5V657.66H251.659V672.5H247.403ZM269.268 652.2L266.104 652.172L268.372 647.132H272.32L269.268 652.2ZM257.228 655.812L260.84 651.5H264.228L267.84 655.812H264.508L262.548 653.432L260.56 655.812H257.228ZM262.688 672.78C261.381 672.78 260.252 672.565 259.3 672.136C258.348 671.688 257.564 671.1 256.948 670.372C256.332 669.625 255.865 668.795 255.548 667.88C255.249 666.965 255.1 666.023 255.1 665.052C255.1 664.119 255.249 663.204 255.548 662.308C255.847 661.393 256.295 660.563 256.892 659.816C257.508 659.069 258.283 658.481 259.216 658.052C260.149 657.604 261.26 657.38 262.548 657.38C263.929 657.38 265.143 657.679 266.188 658.276C267.233 658.873 268.055 659.76 268.652 660.936C269.249 662.093 269.548 663.503 269.548 665.164V666.2H259.384C259.44 667.096 259.748 667.871 260.308 668.524C260.887 669.177 261.68 669.504 262.688 669.504C263.267 669.504 263.733 669.42 264.088 669.252C264.461 669.065 264.751 668.86 264.956 668.636C265.161 668.393 265.301 668.179 265.376 667.992C265.469 667.805 265.516 667.712 265.516 667.712H269.436C269.436 667.712 269.389 667.889 269.296 668.244C269.203 668.58 269.025 669 268.764 669.504C268.503 670.008 268.12 670.512 267.616 671.016C267.131 671.52 266.487 671.94 265.684 672.276C264.881 672.612 263.883 672.78 262.688 672.78ZM259.384 663.624H265.46C265.423 662.597 265.115 661.832 264.536 661.328C263.976 660.824 263.285 660.572 262.464 660.572C261.643 660.572 260.943 660.843 260.364 661.384C259.804 661.907 259.477 662.653 259.384 663.624ZM279.247 672.78C278.09 672.78 277.166 672.612 276.475 672.276C275.784 671.921 275.262 671.483 274.907 670.96C274.552 670.419 274.319 669.849 274.207 669.252C274.095 668.655 274.039 668.104 274.039 667.6V661.048H271.519V657.66H274.039V653.992H278.295V657.66H281.459V661.048H278.295V667.488C278.295 668.104 278.454 668.58 278.771 668.916C279.107 669.252 279.658 669.42 280.423 669.42C280.759 669.42 281.067 669.392 281.347 669.336C281.627 669.28 281.767 669.252 281.767 669.252V672.528C281.767 672.528 281.515 672.565 281.011 672.64C280.507 672.733 279.919 672.78 279.247 672.78Z" fill="#412402"/>
<path d="M140.1 706.5V691.7H141.86L149.58 702.96V691.7H151.54V706.5H149.78L142.06 695.26V706.5H140.1ZM154.748 706.5V691.3H156.648V697.44H156.768C156.862 697.28 157.015 697.06 157.228 696.78C157.455 696.5 157.775 696.253 158.188 696.04C158.602 695.813 159.122 695.7 159.748 695.7C160.522 695.7 161.182 695.88 161.728 696.24C162.275 696.587 162.688 697.06 162.968 697.66C163.262 698.26 163.408 698.933 163.408 699.68V706.5H161.508V699.8C161.508 699.093 161.308 698.507 160.908 698.04C160.522 697.573 159.955 697.34 159.208 697.34C158.608 697.34 158.122 697.493 157.748 697.8C157.375 698.093 157.095 698.487 156.908 698.98C156.735 699.46 156.648 699.973 156.648 700.52V706.5H154.748ZM166.849 694.3L164.789 690.68H166.749L168.469 694.28L166.849 694.3ZM166.629 706.5V695.9H168.529V706.5H166.629ZM171.736 706.5V695.9H173.636V697.44H173.756C173.849 697.28 174.003 697.06 174.216 696.78C174.443 696.5 174.763 696.253 175.176 696.04C175.589 695.813 176.109 695.7 176.736 695.7C177.509 695.7 178.169 695.88 178.716 696.24C179.263 696.587 179.676 697.06 179.956 697.66C180.249 698.26 180.396 698.933 180.396 699.68V706.5H178.496V699.8C178.496 699.093 178.296 698.507 177.896 698.04C177.509 697.573 176.943 697.34 176.196 697.34C175.596 697.34 175.109 697.493 174.736 697.8C174.363 698.093 174.083 698.487 173.896 698.98C173.723 699.46 173.636 699.973 173.636 700.52V706.5H171.736ZM187.81 706.5V695.9H189.71V697.44H189.83C189.923 697.28 190.077 697.06 190.29 696.78C190.517 696.5 190.837 696.253 191.25 696.04C191.663 695.813 192.183 695.7 192.81 695.7C193.583 695.7 194.243 695.88 194.79 696.24C195.337 696.587 195.75 697.06 196.03 697.66C196.323 698.26 196.47 698.933 196.47 699.68V706.5H194.57V699.8C194.57 699.093 194.37 698.507 193.97 698.04C193.583 697.573 193.017 697.34 192.27 697.34C191.67 697.34 191.183 697.493 190.81 697.8C190.437 698.093 190.157 698.487 189.97 698.98C189.797 699.46 189.71 699.973 189.71 700.52V706.5H187.81ZM204.375 710.7C203.495 710.7 202.762 710.58 202.175 710.34C201.588 710.113 201.115 709.82 200.755 709.46C200.408 709.113 200.148 708.767 199.975 708.42C199.802 708.073 199.688 707.78 199.635 707.54C199.582 707.313 199.555 707.2 199.555 707.2H201.455C201.455 707.2 201.488 707.293 201.555 707.48C201.622 707.667 201.748 707.88 201.935 708.12C202.135 708.36 202.428 708.573 202.815 708.76C203.202 708.947 203.722 709.04 204.375 709.04C205.148 709.04 205.755 708.887 206.195 708.58C206.635 708.287 206.948 707.9 207.135 707.42C207.335 706.94 207.435 706.433 207.435 705.9V704.68H207.335C207.202 704.907 206.988 705.167 206.695 705.46C206.415 705.74 206.042 705.987 205.575 706.2C205.108 706.4 204.535 706.5 203.855 706.5C203.055 706.5 202.355 706.347 201.755 706.04C201.155 705.733 200.655 705.32 200.255 704.8C199.868 704.28 199.575 703.7 199.375 703.06C199.175 702.42 199.075 701.767 199.075 701.1C199.075 700.433 199.175 699.78 199.375 699.14C199.575 698.5 199.868 697.92 200.255 697.4C200.655 696.88 201.155 696.467 201.755 696.16C202.355 695.853 203.055 695.7 203.855 695.7C204.535 695.7 205.108 695.807 205.575 696.02C206.042 696.22 206.415 696.46 206.695 696.74C206.988 697.02 207.202 697.28 207.335 697.52H207.435V695.9H209.335V705.88C209.335 707.36 208.902 708.533 208.035 709.4C207.182 710.267 205.962 710.7 204.375 710.7ZM204.215 704.88C204.922 704.88 205.508 704.7 205.975 704.34C206.455 703.967 206.808 703.493 207.035 702.92C207.275 702.347 207.395 701.74 207.395 701.1C207.395 700.46 207.275 699.853 207.035 699.28C206.808 698.693 206.455 698.22 205.975 697.86C205.508 697.5 204.922 697.32 204.215 697.32C203.508 697.32 202.915 697.5 202.435 697.86C201.955 698.22 201.595 698.693 201.355 699.28C201.128 699.853 201.015 700.46 201.015 701.1C201.015 701.74 201.128 702.347 201.355 702.92C201.595 703.493 201.955 703.967 202.435 704.34C202.915 704.7 203.508 704.88 204.215 704.88ZM212.327 706.5V691.3H214.227V697.44H214.347C214.44 697.28 214.593 697.06 214.807 696.78C215.033 696.5 215.353 696.253 215.767 696.04C216.18 695.813 216.7 695.7 217.327 695.7C218.1 695.7 218.76 695.88 219.307 696.24C219.853 696.587 220.267 697.06 220.547 697.66C220.84 698.26 220.987 698.933 220.987 699.68V706.5H219.087V699.8C219.087 699.093 218.887 698.507 218.487 698.04C218.1 697.573 217.533 697.34 216.787 697.34C216.187 697.34 215.7 697.493 215.327 697.8C214.953 698.093 214.673 698.487 214.487 698.98C214.313 699.46 214.227 699.973 214.227 700.52V706.5H212.327ZM226.507 694.16C226.147 694.16 225.84 694.093 225.587 693.96C225.347 693.827 225.133 693.673 224.947 693.5C224.773 693.327 224.607 693.173 224.447 693.04C224.287 692.907 224.113 692.84 223.927 692.84C223.7 692.84 223.533 692.953 223.427 693.18C223.333 693.393 223.287 693.68 223.287 694.04H222.007C222.007 693.627 222.06 693.227 222.167 692.84C222.26 692.44 222.44 692.113 222.707 691.86C222.973 691.593 223.34 691.46 223.807 691.46C224.167 691.46 224.473 691.527 224.727 691.66C224.98 691.793 225.193 691.947 225.367 692.12C225.553 692.28 225.727 692.427 225.887 692.56C226.047 692.693 226.213 692.76 226.387 692.76C226.6 692.76 226.753 692.653 226.847 692.44C226.953 692.227 227.007 691.933 227.007 691.56H228.287C228.287 691.973 228.233 692.38 228.127 692.78C228.033 693.18 227.853 693.513 227.587 693.78C227.333 694.033 226.973 694.16 226.507 694.16ZM224.207 706.5V695.9H226.107V706.5H224.207ZM233.914 695.7C234.581 695.7 235.141 695.807 235.594 696.02C236.047 696.233 236.414 696.487 236.694 696.78C236.974 697.06 237.187 697.327 237.334 697.58H237.454V695.9H239.354V706.5H237.454V704.82H237.334C237.187 705.073 236.974 705.347 236.694 705.64C236.414 705.933 236.047 706.187 235.594 706.4C235.141 706.6 234.581 706.7 233.914 706.7C233.114 706.7 232.414 706.547 231.814 706.24C231.214 705.92 230.714 705.5 230.314 704.98C229.914 704.447 229.614 703.853 229.414 703.2C229.214 702.547 229.114 701.88 229.114 701.2C229.114 700.52 229.214 699.853 229.414 699.2C229.614 698.547 229.914 697.96 230.314 697.44C230.714 696.907 231.214 696.487 231.814 696.18C232.414 695.86 233.114 695.7 233.914 695.7ZM234.234 697.32C233.527 697.32 232.934 697.513 232.454 697.9C231.974 698.273 231.614 698.753 231.374 699.34C231.147 699.927 231.034 700.547 231.034 701.2C231.034 701.84 231.147 702.46 231.374 703.06C231.614 703.647 231.974 704.133 232.454 704.52C232.934 704.893 233.527 705.08 234.234 705.08C234.941 705.08 235.527 704.893 235.994 704.52C236.474 704.133 236.827 703.647 237.054 703.06C237.294 702.46 237.414 701.84 237.414 701.2C237.414 700.547 237.294 699.927 237.054 699.34C236.827 698.753 236.474 698.273 235.994 697.9C235.527 697.513 234.941 697.32 234.234 697.32ZM251.255 706.7C250.162 706.7 249.335 706.42 248.775 705.86C248.229 705.3 247.955 704.513 247.955 703.5V697.46H246.055V695.9H247.955V693.24H249.855V695.9H252.435V697.46H249.855V703.5C249.855 704.033 250.002 704.427 250.295 704.68C250.589 704.92 251.015 705.04 251.575 705.04C251.869 705.04 252.149 705.02 252.415 704.98C252.682 704.94 252.815 704.92 252.815 704.92V706.54C252.815 706.54 252.662 706.567 252.355 706.62C252.049 706.673 251.682 706.7 251.255 706.7ZM256.55 693.88C256.19 693.88 255.89 693.76 255.65 693.52C255.423 693.28 255.31 692.993 255.31 692.66C255.31 692.313 255.423 692.02 255.65 691.78C255.89 691.54 256.19 691.42 256.55 691.42C256.897 691.42 257.19 691.54 257.43 691.78C257.67 692.02 257.79 692.313 257.79 692.66C257.79 692.993 257.67 693.28 257.43 693.52C257.19 693.76 256.897 693.88 256.55 693.88ZM255.61 706.5V695.9H257.51V706.5H255.61ZM269.284 691.84L267.664 691.82L269.384 688.22H271.344L269.284 691.84ZM262.204 694.4L264.624 691.46H266.244L268.664 694.4H266.944L265.424 692.56L263.924 694.4H262.204ZM265.504 706.7C264.637 706.7 263.884 706.547 263.244 706.24C262.617 705.92 262.097 705.493 261.684 704.96C261.284 704.427 260.984 703.84 260.784 703.2C260.584 702.547 260.484 701.88 260.484 701.2C260.484 700.533 260.577 699.873 260.764 699.22C260.964 698.567 261.264 697.973 261.664 697.44C262.077 696.907 262.59 696.487 263.204 696.18C263.83 695.86 264.57 695.7 265.424 695.7C266.33 695.7 267.13 695.907 267.824 696.32C268.517 696.733 269.064 697.347 269.464 698.16C269.864 698.973 270.064 699.993 270.064 701.22V701.78H262.404C262.444 702.38 262.584 702.933 262.824 703.44C263.077 703.933 263.43 704.333 263.884 704.64C264.337 704.933 264.877 705.08 265.504 705.08C266.05 705.08 266.49 704.993 266.824 704.82C267.17 704.633 267.444 704.42 267.644 704.18C267.844 703.94 267.977 703.733 268.044 703.56C268.124 703.373 268.164 703.28 268.164 703.28H269.944C269.944 703.28 269.91 703.4 269.844 703.64C269.777 703.867 269.657 704.147 269.484 704.48C269.31 704.813 269.057 705.153 268.724 705.5C268.39 705.833 267.964 706.12 267.444 706.36C266.924 706.587 266.277 706.7 265.504 706.7ZM262.424 700.3H268.204C268.177 699.607 268.03 699.047 267.764 698.62C267.497 698.18 267.157 697.853 266.744 697.64C266.33 697.427 265.89 697.32 265.424 697.32C264.584 697.32 263.897 697.593 263.364 698.14C262.83 698.673 262.517 699.393 262.424 700.3ZM272.771 706.5V695.9H274.671V697.44H274.791C274.884 697.28 275.038 697.06 275.251 696.78C275.478 696.5 275.798 696.253 276.211 696.04C276.624 695.813 277.144 695.7 277.771 695.7C278.544 695.7 279.204 695.88 279.751 696.24C280.298 696.587 280.711 697.06 280.991 697.66C281.284 698.26 281.431 698.933 281.431 699.68V706.5H279.531V699.8C279.531 699.093 279.331 698.507 278.931 698.04C278.544 697.573 277.978 697.34 277.231 697.34C276.631 697.34 276.144 697.493 275.771 697.8C275.398 698.093 275.118 698.487 274.931 698.98C274.758 699.46 274.671 699.973 274.671 700.52V706.5H272.771ZM289.336 710.7C288.456 710.7 287.723 710.58 287.136 710.34C286.549 710.113 286.076 709.82 285.716 709.46C285.369 709.113 285.109 708.767 284.936 708.42C284.763 708.073 284.649 707.78 284.596 707.54C284.543 707.313 284.516 707.2 284.516 707.2H286.416C286.416 707.2 286.449 707.293 286.516 707.48C286.583 707.667 286.709 707.88 286.896 708.12C287.096 708.36 287.389 708.573 287.776 708.76C288.163 708.947 288.683 709.04 289.336 709.04C290.109 709.04 290.716 708.887 291.156 708.58C291.596 708.287 291.909 707.9 292.096 707.42C292.296 706.94 292.396 706.433 292.396 705.9V704.68H292.296C292.163 704.907 291.949 705.167 291.656 705.46C291.376 705.74 291.003 705.987 290.536 706.2C290.069 706.4 289.496 706.5 288.816 706.5C288.016 706.5 287.316 706.347 286.716 706.04C286.116 705.733 285.616 705.32 285.216 704.8C284.829 704.28 284.536 703.7 284.336 703.06C284.136 702.42 284.036 701.767 284.036 701.1C284.036 700.433 284.136 699.78 284.336 699.14C284.536 698.5 284.829 697.92 285.216 697.4C285.616 696.88 286.116 696.467 286.716 696.16C287.316 695.853 288.016 695.7 288.816 695.7C289.496 695.7 290.069 695.807 290.536 696.02C291.003 696.22 291.376 696.46 291.656 696.74C291.949 697.02 292.163 697.28 292.296 697.52H292.396V695.9H294.296V705.88C294.296 707.36 293.863 708.533 292.996 709.4C292.143 710.267 290.923 710.7 289.336 710.7ZM289.176 704.88C289.883 704.88 290.469 704.7 290.936 704.34C291.416 703.967 291.769 703.493 291.996 702.92C292.236 702.347 292.356 701.74 292.356 701.1C292.356 700.46 292.236 699.853 291.996 699.28C291.769 698.693 291.416 698.22 290.936 697.86C290.469 697.5 289.883 697.32 289.176 697.32C288.469 697.32 287.876 697.5 287.396 697.86C286.916 698.22 286.556 698.693 286.316 699.28C286.089 699.853 285.976 700.46 285.976 701.1C285.976 701.74 286.089 702.347 286.316 702.92C286.556 703.493 286.916 703.967 287.396 704.34C287.876 704.7 288.469 704.88 289.176 704.88ZM306.117 706.5L300.897 691.7H302.977L307.357 704.26L311.737 691.7H313.817L308.577 706.5H306.117ZM317.058 693.88C316.698 693.88 316.398 693.76 316.158 693.52C315.931 693.28 315.818 692.993 315.818 692.66C315.818 692.313 315.931 692.02 316.158 691.78C316.398 691.54 316.698 691.42 317.058 691.42C317.405 691.42 317.698 691.54 317.938 691.78C318.178 692.02 318.298 692.313 318.298 692.66C318.298 692.993 318.178 693.28 317.938 693.52C317.698 693.76 317.405 693.88 317.058 693.88ZM316.118 706.5V695.9H318.018V706.5H316.118ZM322.711 694.4L325.131 691.06H326.751L329.171 694.4H327.451L325.931 692.26L324.431 694.4H322.711ZM326.011 706.7C325.145 706.7 324.391 706.547 323.751 706.24C323.125 705.92 322.605 705.493 322.191 704.96C321.791 704.427 321.491 703.84 321.291 703.2C321.091 702.547 320.991 701.88 320.991 701.2C320.991 700.533 321.085 699.873 321.271 699.22C321.471 698.567 321.771 697.973 322.171 697.44C322.585 696.907 323.098 696.487 323.711 696.18C324.338 695.86 325.078 695.7 325.931 695.7C326.838 695.7 327.638 695.907 328.331 696.32C329.025 696.733 329.571 697.347 329.971 698.16C330.371 698.973 330.571 699.993 330.571 701.22V701.78H322.911C322.951 702.38 323.091 702.933 323.331 703.44C323.585 703.933 323.938 704.333 324.391 704.64C324.845 704.933 325.385 705.08 326.011 705.08C326.558 705.08 326.998 704.993 327.331 704.82C327.678 704.633 327.951 704.42 328.151 704.18C328.351 703.94 328.485 703.733 328.551 703.56C328.631 703.373 328.671 703.28 328.671 703.28H330.451C330.451 703.28 330.418 703.4 330.351 703.64C330.285 703.867 330.165 704.147 329.991 704.48C329.818 704.813 329.565 705.153 329.231 705.5C328.898 705.833 328.471 706.12 327.951 706.36C327.431 706.587 326.785 706.7 326.011 706.7ZM322.931 700.3H328.711C328.685 699.607 328.538 699.047 328.271 698.62C328.005 698.18 327.665 697.853 327.251 697.64C326.838 697.427 326.398 697.32 325.931 697.32C325.091 697.32 324.405 697.593 323.871 698.14C323.338 698.673 323.025 699.393 322.931 700.3ZM325.931 711.04C325.558 711.04 325.245 710.907 324.991 710.64C324.751 710.387 324.631 710.087 324.631 709.74C324.631 709.38 324.751 709.073 324.991 708.82C325.245 708.567 325.558 708.44 325.931 708.44C326.305 708.44 326.611 708.567 326.851 708.82C327.105 709.073 327.231 709.38 327.231 709.74C327.231 710.1 327.105 710.407 326.851 710.66C326.611 710.913 326.305 711.04 325.931 711.04ZM337.584 706.7C336.49 706.7 335.664 706.42 335.104 705.86C334.557 705.3 334.284 704.513 334.284 703.5V697.46H332.384V695.9H334.284V693.24H336.184V695.9H338.764V697.46H336.184V703.5C336.184 704.033 336.33 704.427 336.624 704.68C336.917 704.92 337.344 705.04 337.904 705.04C338.197 705.04 338.477 705.02 338.744 704.98C339.01 704.94 339.144 704.92 339.144 704.92V706.54C339.144 706.54 338.99 706.567 338.684 706.62C338.377 706.673 338.01 706.7 337.584 706.7Z" fill="#854F0B"/>
<path d="M145 734.7C144.12 734.7 143.387 734.58 142.8 734.34C142.213 734.113 141.74 733.82 141.38 733.46C141.033 733.113 140.773 732.767 140.6 732.42C140.427 732.073 140.313 731.78 140.26 731.54C140.207 731.313 140.18 731.2 140.18 731.2H142.08C142.08 731.2 142.113 731.293 142.18 731.48C142.247 731.667 142.373 731.88 142.56 732.12C142.76 732.36 143.053 732.573 143.44 732.76C143.827 732.947 144.347 733.04 145 733.04C145.773 733.04 146.38 732.887 146.82 732.58C147.26 732.287 147.573 731.9 147.76 731.42C147.96 730.94 148.06 730.433 148.06 729.9V728.68H147.96C147.827 728.907 147.613 729.167 147.32 729.46C147.04 729.74 146.667 729.987 146.2 730.2C145.733 730.4 145.16 730.5 144.48 730.5C143.68 730.5 142.98 730.347 142.38 730.04C141.78 729.733 141.28 729.32 140.88 728.8C140.493 728.28 140.2 727.7 140 727.06C139.8 726.42 139.7 725.767 139.7 725.1C139.7 724.433 139.8 723.78 140 723.14C140.2 722.5 140.493 721.92 140.88 721.4C141.28 720.88 141.78 720.467 142.38 720.16C142.98 719.853 143.68 719.7 144.48 719.7C145.16 719.7 145.733 719.807 146.2 720.02C146.667 720.22 147.04 720.46 147.32 720.74C147.613 721.02 147.827 721.28 147.96 721.52H148.06V719.9H149.96V729.88C149.96 731.36 149.527 732.533 148.66 733.4C147.807 734.267 146.587 734.7 145 734.7ZM144.84 728.88C145.547 728.88 146.133 728.7 146.6 728.34C147.08 727.967 147.433 727.493 147.66 726.92C147.9 726.347 148.02 725.74 148.02 725.1C148.02 724.46 147.9 723.853 147.66 723.28C147.433 722.693 147.08 722.22 146.6 721.86C146.133 721.5 145.547 721.32 144.84 721.32C144.133 721.32 143.54 721.5 143.06 721.86C142.58 722.22 142.22 722.693 141.98 723.28C141.753 723.853 141.64 724.46 141.64 725.1C141.64 725.74 141.753 726.347 141.98 726.92C142.22 727.493 142.58 727.967 143.06 728.34C143.54 728.7 144.133 728.88 144.84 728.88ZM158.821 718.14C158.461 718.14 158.154 718.073 157.901 717.94C157.661 717.807 157.448 717.653 157.261 717.48C157.088 717.307 156.921 717.153 156.761 717.02C156.601 716.887 156.428 716.82 156.241 716.82C156.014 716.82 155.848 716.933 155.741 717.16C155.648 717.373 155.601 717.66 155.601 718.02H154.321C154.321 717.607 154.368 717.207 154.461 716.82C154.568 716.42 154.754 716.093 155.021 715.84C155.288 715.573 155.654 715.44 156.121 715.44C156.481 715.44 156.788 715.507 157.041 715.64C157.294 715.773 157.508 715.927 157.681 716.1C157.868 716.26 158.041 716.407 158.201 716.54C158.361 716.673 158.528 716.74 158.701 716.74C158.914 716.74 159.068 716.633 159.161 716.42C159.268 716.207 159.321 715.913 159.321 715.54H160.601C160.601 715.953 160.548 716.36 160.441 716.76C160.348 717.16 160.168 717.493 159.901 717.76C159.648 718.013 159.288 718.14 158.821 718.14ZM157.481 730.7C156.348 730.7 155.394 730.44 154.621 729.92C153.848 729.387 153.261 728.7 152.861 727.86C152.461 727.02 152.261 726.133 152.261 725.2C152.261 724.253 152.461 723.367 152.861 722.54C153.261 721.7 153.848 721.02 154.621 720.5C155.394 719.967 156.348 719.7 157.481 719.7C158.614 719.7 159.568 719.967 160.341 720.5C161.114 721.02 161.701 721.7 162.101 722.54C162.501 723.367 162.701 724.253 162.701 725.2C162.701 726.133 162.501 727.02 162.101 727.86C161.701 728.7 161.114 729.387 160.341 729.92C159.568 730.44 158.614 730.7 157.481 730.7ZM157.481 729.04C158.201 729.04 158.801 728.86 159.281 728.5C159.774 728.127 160.141 727.647 160.381 727.06C160.634 726.473 160.761 725.853 160.761 725.2C160.761 724.533 160.634 723.913 160.381 723.34C160.141 722.753 159.774 722.28 159.281 721.92C158.801 721.547 158.201 721.36 157.481 721.36C156.774 721.36 156.174 721.547 155.681 721.92C155.188 722.28 154.814 722.753 154.561 723.34C154.321 723.913 154.201 724.533 154.201 725.2C154.201 725.853 154.321 726.473 154.561 727.06C154.814 727.647 155.188 728.127 155.681 728.5C156.174 728.86 156.774 729.04 157.481 729.04ZM175.037 730.7C174.171 730.7 173.411 730.547 172.757 730.24C172.104 729.92 171.557 729.5 171.117 728.98C170.691 728.447 170.364 727.853 170.137 727.2C169.924 726.547 169.817 725.88 169.817 725.2C169.817 724.52 169.924 723.86 170.137 723.22C170.351 722.567 170.671 721.973 171.097 721.44C171.537 720.907 172.084 720.487 172.737 720.18C173.391 719.86 174.157 719.7 175.037 719.7C175.891 719.7 176.597 719.827 177.157 720.08C177.717 720.333 178.164 720.653 178.497 721.04C178.844 721.413 179.097 721.793 179.257 722.18C179.431 722.553 179.544 722.867 179.597 723.12C179.651 723.373 179.677 723.5 179.677 723.5H177.837C177.837 723.5 177.804 723.393 177.737 723.18C177.671 722.953 177.544 722.7 177.357 722.42C177.171 722.14 176.891 721.893 176.517 721.68C176.144 721.453 175.651 721.34 175.037 721.34C174.304 721.34 173.684 721.527 173.177 721.9C172.684 722.26 172.311 722.733 172.057 723.32C171.817 723.907 171.697 724.533 171.697 725.2C171.697 725.867 171.817 726.493 172.057 727.08C172.311 727.667 172.684 728.147 173.177 728.52C173.684 728.88 174.304 729.06 175.037 729.06C175.651 729.06 176.144 728.953 176.517 728.74C176.891 728.513 177.171 728.26 177.357 727.98C177.544 727.7 177.671 727.453 177.737 727.24C177.804 727.013 177.837 726.9 177.837 726.9H179.677C179.677 726.9 179.651 727.027 179.597 727.28C179.544 727.533 179.431 727.853 179.257 728.24C179.097 728.613 178.844 728.993 178.497 729.38C178.164 729.753 177.717 730.067 177.157 730.32C176.597 730.573 175.891 730.7 175.037 730.7ZM184.203 718.38L186.623 715.04H188.243L190.663 718.38H188.943L187.423 716.24L185.923 718.38H184.203ZM186.983 719.7C187.649 719.7 188.209 719.807 188.663 720.02C189.116 720.233 189.483 720.487 189.763 720.78C190.043 721.06 190.256 721.327 190.403 721.58H190.523V719.9H192.423V730.5H190.523V728.82H190.403C190.256 729.073 190.043 729.347 189.763 729.64C189.483 729.933 189.116 730.187 188.663 730.4C188.209 730.6 187.649 730.7 186.983 730.7C186.183 730.7 185.483 730.547 184.883 730.24C184.283 729.92 183.783 729.5 183.383 728.98C182.983 728.447 182.683 727.853 182.483 727.2C182.283 726.547 182.183 725.88 182.183 725.2C182.183 724.52 182.283 723.853 182.483 723.2C182.683 722.547 182.983 721.96 183.383 721.44C183.783 720.907 184.283 720.487 184.883 720.18C185.483 719.86 186.183 719.7 186.983 719.7ZM187.303 721.32C186.596 721.32 186.003 721.513 185.523 721.9C185.043 722.273 184.683 722.753 184.443 723.34C184.216 723.927 184.103 724.547 184.103 725.2C184.103 725.84 184.216 726.46 184.443 727.06C184.683 727.647 185.043 728.133 185.523 728.52C186.003 728.893 186.596 729.08 187.303 729.08C188.009 729.08 188.596 728.893 189.063 728.52C189.543 728.133 189.896 727.647 190.123 727.06C190.363 726.46 190.483 725.84 190.483 725.2C190.483 724.547 190.363 723.927 190.123 723.34C189.896 722.753 189.543 722.273 189.063 721.9C188.596 721.513 188.009 721.32 187.303 721.32ZM198.809 730.7C197.756 730.7 196.916 730.373 196.289 729.72C195.663 729.067 195.349 728.16 195.349 727V719.9H197.249V726.9C197.249 727.593 197.436 728.127 197.809 728.5C198.196 728.873 198.703 729.06 199.329 729.06C199.969 729.06 200.483 728.893 200.869 728.56C201.256 728.227 201.536 727.8 201.709 727.28C201.883 726.76 201.969 726.227 201.969 725.68V719.9H203.869V730.5H201.969V728.98H201.849C201.769 729.14 201.616 729.36 201.389 729.64C201.163 729.907 200.843 730.153 200.429 730.38C200.016 730.593 199.476 730.7 198.809 730.7ZM215.787 730.7C214.693 730.7 213.867 730.42 213.307 729.86C212.76 729.3 212.487 728.513 212.487 727.5V721.46H210.587V719.9H212.487V717.24H214.387V719.9H216.967V721.46H214.387V727.5C214.387 728.033 214.533 728.427 214.827 728.68C215.12 728.92 215.547 729.04 216.107 729.04C216.4 729.04 216.68 729.02 216.947 728.98C217.213 728.94 217.347 728.92 217.347 728.92V730.54C217.347 730.54 217.193 730.567 216.887 730.62C216.58 730.673 216.213 730.7 215.787 730.7ZM221.081 717.88C220.721 717.88 220.421 717.76 220.181 717.52C219.955 717.28 219.841 716.993 219.841 716.66C219.841 716.313 219.955 716.02 220.181 715.78C220.421 715.54 220.721 715.42 221.081 715.42C221.428 715.42 221.721 715.54 221.961 715.78C222.201 716.02 222.321 716.313 222.321 716.66C222.321 716.993 222.201 717.28 221.961 717.52C221.721 717.76 221.428 717.88 221.081 717.88ZM220.141 730.5V719.9H222.041V730.5H220.141ZM233.815 715.84L232.195 715.82L233.915 712.22H235.875L233.815 715.84ZM226.735 718.4L229.155 715.46H230.775L233.195 718.4H231.475L229.955 716.56L228.455 718.4H226.735ZM230.035 730.7C229.168 730.7 228.415 730.547 227.775 730.24C227.148 729.92 226.628 729.493 226.215 728.96C225.815 728.427 225.515 727.84 225.315 727.2C225.115 726.547 225.015 725.88 225.015 725.2C225.015 724.533 225.108 723.873 225.295 723.22C225.495 722.567 225.795 721.973 226.195 721.44C226.608 720.907 227.122 720.487 227.735 720.18C228.362 719.86 229.102 719.7 229.955 719.7C230.862 719.7 231.662 719.907 232.355 720.32C233.048 720.733 233.595 721.347 233.995 722.16C234.395 722.973 234.595 723.993 234.595 725.22V725.78H226.935C226.975 726.38 227.115 726.933 227.355 727.44C227.608 727.933 227.962 728.333 228.415 728.64C228.868 728.933 229.408 729.08 230.035 729.08C230.582 729.08 231.022 728.993 231.355 728.82C231.702 728.633 231.975 728.42 232.175 728.18C232.375 727.94 232.508 727.733 232.575 727.56C232.655 727.373 232.695 727.28 232.695 727.28H234.475C234.475 727.28 234.442 727.4 234.375 727.64C234.308 727.867 234.188 728.147 234.015 728.48C233.842 728.813 233.588 729.153 233.255 729.5C232.922 729.833 232.495 730.12 231.975 730.36C231.455 730.587 230.808 730.7 230.035 730.7ZM226.955 724.3H232.735C232.708 723.607 232.562 723.047 232.295 722.62C232.028 722.18 231.688 721.853 231.275 721.64C230.862 721.427 230.422 721.32 229.955 721.32C229.115 721.32 228.428 721.593 227.895 722.14C227.362 722.673 227.048 723.393 226.955 724.3ZM237.302 730.5V719.9H239.202V721.44H239.322C239.416 721.28 239.569 721.06 239.782 720.78C240.009 720.5 240.329 720.253 240.742 720.04C241.156 719.813 241.676 719.7 242.302 719.7C243.076 719.7 243.736 719.88 244.282 720.24C244.829 720.587 245.242 721.06 245.522 721.66C245.816 722.26 245.962 722.933 245.962 723.68V730.5H244.062V723.8C244.062 723.093 243.862 722.507 243.462 722.04C243.076 721.573 242.509 721.34 241.762 721.34C241.162 721.34 240.676 721.493 240.302 721.8C239.929 722.093 239.649 722.487 239.462 722.98C239.289 723.46 239.202 723.973 239.202 724.52V730.5H237.302ZM253.867 734.7C252.987 734.7 252.254 734.58 251.667 734.34C251.081 734.113 250.607 733.82 250.247 733.46C249.901 733.113 249.641 732.767 249.467 732.42C249.294 732.073 249.181 731.78 249.127 731.54C249.074 731.313 249.047 731.2 249.047 731.2H250.947C250.947 731.2 250.981 731.293 251.047 731.48C251.114 731.667 251.241 731.88 251.427 732.12C251.627 732.36 251.921 732.573 252.307 732.76C252.694 732.947 253.214 733.04 253.867 733.04C254.641 733.04 255.247 732.887 255.687 732.58C256.127 732.287 256.441 731.9 256.627 731.42C256.827 730.94 256.927 730.433 256.927 729.9V728.68H256.827C256.694 728.907 256.481 729.167 256.187 729.46C255.907 729.74 255.534 729.987 255.067 730.2C254.601 730.4 254.027 730.5 253.347 730.5C252.547 730.5 251.847 730.347 251.247 730.04C250.647 729.733 250.147 729.32 249.747 728.8C249.361 728.28 249.067 727.7 248.867 727.06C248.667 726.42 248.567 725.767 248.567 725.1C248.567 724.433 248.667 723.78 248.867 723.14C249.067 722.5 249.361 721.92 249.747 721.4C250.147 720.88 250.647 720.467 251.247 720.16C251.847 719.853 252.547 719.7 253.347 719.7C254.027 719.7 254.601 719.807 255.067 720.02C255.534 720.22 255.907 720.46 256.187 720.74C256.481 721.02 256.694 721.28 256.827 721.52H256.927V719.9H258.827V729.88C258.827 731.36 258.394 732.533 257.527 733.4C256.674 734.267 255.454 734.7 253.867 734.7ZM253.707 728.88C254.414 728.88 255.001 728.7 255.467 728.34C255.947 727.967 256.301 727.493 256.527 726.92C256.767 726.347 256.887 725.74 256.887 725.1C256.887 724.46 256.767 723.853 256.527 723.28C256.301 722.693 255.947 722.22 255.467 721.86C255.001 721.5 254.414 721.32 253.707 721.32C253.001 721.32 252.407 721.5 251.927 721.86C251.447 722.22 251.087 722.693 250.847 723.28C250.621 723.853 250.507 724.46 250.507 725.1C250.507 725.74 250.621 726.347 250.847 726.92C251.087 727.493 251.447 727.967 251.927 728.34C252.407 728.7 253.001 728.88 253.707 728.88ZM265.728 730.5L270.948 715.7H273.408L278.648 730.5H276.568L275.328 726.96H269.048L267.808 730.5H265.728ZM269.648 725.2H274.728L272.188 717.94L269.648 725.2ZM280.955 730.5V719.9H282.855V721.44H282.975C283.068 721.28 283.221 721.06 283.435 720.78C283.661 720.5 283.981 720.253 284.395 720.04C284.808 719.813 285.328 719.7 285.955 719.7C286.728 719.7 287.388 719.88 287.935 720.24C288.481 720.587 288.895 721.06 289.175 721.66C289.468 722.26 289.615 722.933 289.615 723.68V730.5H287.715V723.8C287.715 723.093 287.515 722.507 287.115 722.04C286.728 721.573 286.161 721.34 285.415 721.34C284.815 721.34 284.328 721.493 283.955 721.8C283.581 722.093 283.301 722.487 283.115 722.98C282.941 723.46 282.855 723.973 282.855 724.52V730.5H280.955ZM292.62 730.5V715.3H294.52V721.44H294.64C294.733 721.28 294.886 721.06 295.1 720.78C295.326 720.5 295.646 720.253 296.06 720.04C296.473 719.813 296.993 719.7 297.62 719.7C298.393 719.7 299.053 719.88 299.6 720.24C300.146 720.587 300.56 721.06 300.84 721.66C301.133 722.26 301.28 722.933 301.28 723.68V730.5H299.38V723.8C299.38 723.093 299.18 722.507 298.78 722.04C298.393 721.573 297.826 721.34 297.08 721.34C296.48 721.34 295.993 721.493 295.62 721.8C295.246 722.093 294.966 722.487 294.78 722.98C294.606 723.46 294.52 723.973 294.52 724.52V730.5H292.62Z" fill="#854F0B"/>
<path d="M44.5 791.5H384.5" stroke="#E8E8E8"/>
<path d="M192.5 813.5H56.5C49.8726 813.5 44.5 818.873 44.5 825.5V853.5C44.5 860.127 49.8726 865.5 56.5 865.5H192.5C199.127 865.5 204.5 860.127 204.5 853.5V825.5C204.5 818.873 199.127 813.5 192.5 813.5Z" fill="#F5F5F0" stroke="#D3D1C7"/>
<path d="M54.5 837.5L69.5 824.5L84.5 837.5V850.5H75.9286V841.833H63.0714V850.5H54.5V837.5Z" fill="#5F5E5A"/>
<path d="M102.32 837.5L97.1 822.7H99.18L103.56 835.26L107.94 822.7H110.02L104.78 837.5H102.32ZM118.703 822.84L116.643 819.22H118.603L120.323 822.82L118.703 822.84ZM112.743 825.4L115.163 822.46H116.783L119.203 825.4H117.483L115.963 823.56L114.463 825.4H112.743ZM116.043 837.7C115.176 837.7 114.423 837.547 113.783 837.24C113.156 836.92 112.636 836.493 112.223 835.96C111.823 835.427 111.523 834.84 111.323 834.2C111.123 833.547 111.023 832.88 111.023 832.2C111.023 831.533 111.116 830.873 111.303 830.22C111.503 829.567 111.803 828.973 112.203 828.44C112.616 827.907 113.129 827.487 113.743 827.18C114.369 826.86 115.109 826.7 115.963 826.7C116.869 826.7 117.669 826.907 118.363 827.32C119.056 827.733 119.603 828.347 120.003 829.16C120.403 829.973 120.603 830.993 120.603 832.22V832.78H112.943C112.983 833.38 113.123 833.933 113.363 834.44C113.616 834.933 113.969 835.333 114.423 835.64C114.876 835.933 115.416 836.08 116.043 836.08C116.589 836.08 117.029 835.993 117.363 835.82C117.709 835.633 117.983 835.42 118.183 835.18C118.383 834.94 118.516 834.733 118.583 834.56C118.663 834.373 118.703 834.28 118.703 834.28H120.483C120.483 834.28 120.449 834.4 120.383 834.64C120.316 834.867 120.196 835.147 120.023 835.48C119.849 835.813 119.596 836.153 119.263 836.5C118.929 836.833 118.503 837.12 117.983 837.36C117.463 837.587 116.816 837.7 116.043 837.7ZM112.963 831.3H118.743C118.716 830.607 118.569 830.047 118.303 829.62C118.036 829.18 117.696 828.853 117.283 828.64C116.869 828.427 116.429 828.32 115.963 828.32C115.123 828.32 114.436 828.593 113.903 829.14C113.369 829.673 113.056 830.393 112.963 831.3ZM132.42 837.7C131.326 837.7 130.5 837.42 129.94 836.86C129.393 836.3 129.12 835.513 129.12 834.5V828.46H127.22V826.9H129.12V824.24H131.02V826.9H133.6V828.46H131.02V834.5C131.02 835.033 131.166 835.427 131.46 835.68C131.753 835.92 132.18 836.04 132.74 836.04C133.033 836.04 133.313 836.02 133.58 835.98C133.846 835.94 133.98 835.92 133.98 835.92V837.54C133.98 837.54 133.826 837.567 133.52 837.62C133.213 837.673 132.846 837.7 132.42 837.7ZM136.474 837.5V826.9H138.374V828.22H138.454C138.681 827.82 139.014 827.467 139.454 827.16C139.894 826.853 140.514 826.7 141.314 826.7C141.541 826.7 141.748 826.713 141.934 826.74C142.121 826.753 142.214 826.76 142.214 826.76V828.58C142.214 828.58 142.108 828.573 141.894 828.56C141.694 828.533 141.481 828.52 141.254 828.52C140.334 828.52 139.621 828.787 139.114 829.32C138.621 829.84 138.374 830.693 138.374 831.88V837.5H136.474ZM148.105 826.7C148.772 826.7 149.332 826.807 149.785 827.02C150.239 827.233 150.605 827.487 150.885 827.78C151.165 828.06 151.379 828.327 151.525 828.58H151.645V826.9H153.545V837.5H151.645V835.82H151.525C151.379 836.073 151.165 836.347 150.885 836.64C150.605 836.933 150.239 837.187 149.785 837.4C149.332 837.6 148.772 837.7 148.105 837.7C147.305 837.7 146.605 837.547 146.005 837.24C145.405 836.92 144.905 836.5 144.505 835.98C144.105 835.447 143.805 834.853 143.605 834.2C143.405 833.547 143.305 832.88 143.305 832.2C143.305 831.52 143.405 830.853 143.605 830.2C143.805 829.547 144.105 828.96 144.505 828.44C144.905 827.907 145.405 827.487 146.005 827.18C146.605 826.86 147.305 826.7 148.105 826.7ZM148.425 828.32C147.719 828.32 147.125 828.513 146.645 828.9C146.165 829.273 145.805 829.753 145.565 830.34C145.339 830.927 145.225 831.547 145.225 832.2C145.225 832.84 145.339 833.46 145.565 834.06C145.805 834.647 146.165 835.133 146.645 835.52C147.125 835.893 147.719 836.08 148.425 836.08C149.132 836.08 149.719 835.893 150.185 835.52C150.665 835.133 151.019 834.647 151.245 834.06C151.485 833.46 151.605 832.84 151.605 832.2C151.605 831.547 151.485 830.927 151.245 830.34C151.019 829.753 150.665 829.273 150.185 828.9C149.719 828.513 149.132 828.32 148.425 828.32ZM156.338 837.5V826.9H158.238V828.44H158.358C158.451 828.28 158.604 828.06 158.818 827.78C159.044 827.5 159.364 827.253 159.778 827.04C160.191 826.813 160.711 826.7 161.338 826.7C162.111 826.7 162.771 826.88 163.318 827.24C163.864 827.587 164.278 828.06 164.558 828.66C164.851 829.26 164.998 829.933 164.998 830.68V837.5H163.098V830.8C163.098 830.093 162.898 829.507 162.498 829.04C162.111 828.573 161.544 828.34 160.798 828.34C160.198 828.34 159.711 828.493 159.338 828.8C158.964 829.093 158.684 829.487 158.498 829.98C158.324 830.46 158.238 830.973 158.238 831.52V837.5H156.338ZM172.902 841.7C172.022 841.7 171.289 841.58 170.702 841.34C170.116 841.113 169.642 840.82 169.282 840.46C168.936 840.113 168.676 839.767 168.502 839.42C168.329 839.073 168.216 838.78 168.162 838.54C168.109 838.313 168.082 838.2 168.082 838.2H169.982C169.982 838.2 170.016 838.293 170.082 838.48C170.149 838.667 170.276 838.88 170.462 839.12C170.662 839.36 170.956 839.573 171.342 839.76C171.729 839.947 172.249 840.04 172.902 840.04C173.676 840.04 174.282 839.887 174.722 839.58C175.162 839.287 175.476 838.9 175.662 838.42C175.862 837.94 175.962 837.433 175.962 836.9V835.68H175.862C175.729 835.907 175.516 836.167 175.222 836.46C174.942 836.74 174.569 836.987 174.102 837.2C173.636 837.4 173.062 837.5 172.382 837.5C171.582 837.5 170.882 837.347 170.282 837.04C169.682 836.733 169.182 836.32 168.782 835.8C168.396 835.28 168.102 834.7 167.902 834.06C167.702 833.42 167.602 832.767 167.602 832.1C167.602 831.433 167.702 830.78 167.902 830.14C168.102 829.5 168.396 828.92 168.782 828.4C169.182 827.88 169.682 827.467 170.282 827.16C170.882 826.853 171.582 826.7 172.382 826.7C173.062 826.7 173.636 826.807 174.102 827.02C174.569 827.22 174.942 827.46 175.222 827.74C175.516 828.02 175.729 828.28 175.862 828.52H175.962V826.9H177.862V836.88C177.862 838.36 177.429 839.533 176.562 840.4C175.709 841.267 174.489 841.7 172.902 841.7ZM172.742 835.88C173.449 835.88 174.036 835.7 174.502 835.34C174.982 834.967 175.336 834.493 175.562 833.92C175.802 833.347 175.922 832.74 175.922 832.1C175.922 831.46 175.802 830.853 175.562 830.28C175.336 829.693 174.982 829.22 174.502 828.86C174.036 828.5 173.449 828.32 172.742 828.32C172.036 828.32 171.442 828.5 170.962 828.86C170.482 829.22 170.122 829.693 169.882 830.28C169.656 830.853 169.542 831.46 169.542 832.1C169.542 832.74 169.656 833.347 169.882 833.92C170.122 834.493 170.482 834.967 170.962 835.34C171.442 835.7 172.036 835.88 172.742 835.88Z" fill="#444441"/>
<path d="M101.92 857.7C101.053 857.7 100.293 857.547 99.64 857.24C98.9867 856.92 98.44 856.5 98 855.98C97.5733 855.447 97.2467 854.853 97.02 854.2C96.8067 853.547 96.7 852.88 96.7 852.2C96.7 851.52 96.8067 850.86 97.02 850.22C97.2333 849.567 97.5533 848.973 97.98 848.44C98.42 847.907 98.9667 847.487 99.62 847.18C100.273 846.86 101.04 846.7 101.92 846.7C102.773 846.7 103.48 846.827 104.04 847.08C104.6 847.333 105.047 847.653 105.38 848.04C105.727 848.413 105.98 848.793 106.14 849.18C106.313 849.553 106.427 849.867 106.48 850.12C106.533 850.373 106.56 850.5 106.56 850.5H104.72C104.72 850.5 104.687 850.393 104.62 850.18C104.553 849.953 104.427 849.7 104.24 849.42C104.053 849.14 103.773 848.893 103.4 848.68C103.027 848.453 102.533 848.34 101.92 848.34C101.187 848.34 100.567 848.527 100.06 848.9C99.5667 849.26 99.1933 849.733 98.94 850.32C98.7 850.907 98.58 851.533 98.58 852.2C98.58 852.867 98.7 853.493 98.94 854.08C99.1933 854.667 99.5667 855.147 100.06 855.52C100.567 855.88 101.187 856.06 101.92 856.06C102.533 856.06 103.027 855.953 103.4 855.74C103.773 855.513 104.053 855.26 104.24 854.98C104.427 854.7 104.553 854.453 104.62 854.24C104.687 854.013 104.72 853.9 104.72 853.9H106.56C106.56 853.9 106.533 854.027 106.48 854.28C106.427 854.533 106.313 854.853 106.14 855.24C105.98 855.613 105.727 855.993 105.38 856.38C105.047 856.753 104.6 857.067 104.04 857.32C103.48 857.573 102.773 857.7 101.92 857.7ZM109.366 857.5V842.3H111.266V848.44H111.386C111.479 848.28 111.632 848.06 111.846 847.78C112.072 847.5 112.392 847.253 112.806 847.04C113.219 846.813 113.739 846.7 114.366 846.7C115.139 846.7 115.799 846.88 116.346 847.24C116.892 847.587 117.306 848.06 117.586 848.66C117.879 849.26 118.026 849.933 118.026 850.68V857.5H116.126V850.8C116.126 850.093 115.926 849.507 115.526 849.04C115.139 848.573 114.572 848.34 113.826 848.34C113.226 848.34 112.739 848.493 112.366 848.8C111.992 849.093 111.712 849.487 111.526 849.98C111.352 850.46 111.266 850.973 111.266 851.52V857.5H109.366ZM124.706 845.44V844.8C124.706 844.667 124.732 844.533 124.786 844.4C124.839 844.267 124.946 844.16 125.106 844.08L125.386 843.94C125.999 843.633 126.306 843.293 126.306 842.92C126.306 842.733 126.232 842.567 126.086 842.42C125.952 842.26 125.732 842.18 125.426 842.18C125.159 842.18 124.959 842.24 124.826 842.36C124.706 842.467 124.626 842.587 124.586 842.72C124.546 842.853 124.526 842.96 124.526 843.04H123.206C123.206 842.707 123.279 842.387 123.426 842.08C123.586 841.773 123.826 841.52 124.146 841.32C124.479 841.12 124.899 841.02 125.406 841.02C126.112 841.02 126.666 841.207 127.066 841.58C127.479 841.94 127.686 842.373 127.686 842.88C127.686 843.253 127.559 843.607 127.306 843.94C127.052 844.26 126.646 844.553 126.086 844.82L126.006 844.86V845.44H124.706ZM124.586 857.7C123.532 857.7 122.692 857.373 122.066 856.72C121.439 856.067 121.126 855.16 121.126 854V846.9H123.026V853.9C123.026 854.593 123.212 855.127 123.586 855.5C123.972 855.873 124.479 856.06 125.106 856.06C125.746 856.06 126.259 855.893 126.646 855.56C127.032 855.227 127.312 854.8 127.486 854.28C127.659 853.76 127.746 853.227 127.746 852.68V846.9H129.646V857.5H127.746V855.98H127.626C127.546 856.14 127.392 856.36 127.166 856.64C126.939 856.907 126.619 857.153 126.206 857.38C125.792 857.593 125.252 857.7 124.586 857.7Z" fill="#444441"/>
<path d="M373.5 813.5H233.5C226.873 813.5 221.5 818.873 221.5 825.5V853.5C221.5 860.127 226.873 865.5 233.5 865.5H373.5C380.127 865.5 385.5 860.127 385.5 853.5V825.5C385.5 818.873 380.127 813.5 373.5 813.5Z" fill="#0961F5"/>
<path d="M236.5 847.5L251.5 832.5L266.5 847.5M236.5 832.5L251.5 847.5L266.5 832.5" stroke="white" stroke-width="1.8" stroke-linecap="round" stroke-linejoin="round"/>
<path d="M283.54 822.98L285.96 820.04H287.58L290 822.98H288.28L286.76 821.14L285.26 822.98H283.54ZM286.76 839.7C285.587 839.7 284.553 839.487 283.66 839.06C282.767 838.62 282.02 838.04 281.42 837.32C280.82 836.587 280.367 835.767 280.06 834.86C279.753 833.953 279.6 833.027 279.6 832.08C279.6 831.133 279.753 830.213 280.06 829.32C280.367 828.413 280.82 827.6 281.42 826.88C282.02 826.16 282.767 825.587 283.66 825.16C284.553 824.72 285.587 824.5 286.76 824.5C287.933 824.5 288.967 824.72 289.86 825.16C290.753 825.587 291.5 826.16 292.1 826.88C292.7 827.6 293.153 828.413 293.46 829.32C293.767 830.213 293.92 831.133 293.92 832.08C293.92 833.027 293.767 833.953 293.46 834.86C293.153 835.767 292.7 836.587 292.1 837.32C291.5 838.04 290.753 838.62 289.86 839.06C288.967 839.487 287.933 839.7 286.76 839.7ZM286.76 837.88C287.6 837.88 288.34 837.72 288.98 837.4C289.62 837.08 290.153 836.647 290.58 836.1C291.02 835.553 291.353 834.933 291.58 834.24C291.807 833.547 291.92 832.827 291.92 832.08C291.92 831.347 291.807 830.64 291.58 829.96C291.353 829.267 291.02 828.647 290.58 828.1C290.153 827.553 289.62 827.12 288.98 826.8C288.34 826.48 287.6 826.32 286.76 826.32C285.92 826.32 285.18 826.48 284.54 826.8C283.9 827.12 283.36 827.553 282.92 828.1C282.493 828.647 282.167 829.267 281.94 829.96C281.713 830.64 281.6 831.347 281.6 832.08C281.6 832.827 281.713 833.547 281.94 834.24C282.167 834.933 282.493 835.553 282.92 836.1C283.36 836.647 283.9 837.08 284.54 837.4C285.18 837.72 285.92 837.88 286.76 837.88ZM296.423 839.5V828.9H298.323V830.44H298.443C298.537 830.28 298.69 830.06 298.903 829.78C299.13 829.5 299.45 829.253 299.863 829.04C300.277 828.813 300.797 828.7 301.423 828.7C302.197 828.7 302.857 828.88 303.403 829.24C303.95 829.587 304.363 830.06 304.643 830.66C304.937 831.26 305.083 831.933 305.083 832.68V839.5H303.183V832.8C303.183 832.093 302.983 831.507 302.583 831.04C302.197 830.573 301.63 830.34 300.883 830.34C300.283 830.34 299.797 830.493 299.423 830.8C299.05 831.093 298.77 831.487 298.583 831.98C298.41 832.46 298.323 832.973 298.323 833.52V839.5H296.423ZM312.498 839.5V828.9H314.398V830.44H314.518C314.611 830.28 314.764 830.06 314.978 829.78C315.204 829.5 315.524 829.253 315.938 829.04C316.351 828.813 316.871 828.7 317.498 828.7C318.271 828.7 318.931 828.88 319.478 829.24C320.024 829.587 320.438 830.06 320.718 830.66C321.011 831.26 321.158 831.933 321.158 832.68V839.5H319.258V832.8C319.258 832.093 319.058 831.507 318.658 831.04C318.271 830.573 317.704 830.34 316.958 830.34C316.358 830.34 315.871 830.493 315.498 830.8C315.124 831.093 314.844 831.487 314.658 831.98C314.484 832.46 314.398 832.973 314.398 833.52V839.5H312.498ZM329.063 843.7C328.183 843.7 327.449 843.58 326.863 843.34C326.276 843.113 325.803 842.82 325.443 842.46C325.096 842.113 324.836 841.767 324.663 841.42C324.489 841.073 324.376 840.78 324.323 840.54C324.269 840.313 324.243 840.2 324.243 840.2H326.143C326.143 840.2 326.176 840.293 326.243 840.48C326.309 840.667 326.436 840.88 326.623 841.12C326.823 841.36 327.116 841.573 327.503 841.76C327.889 841.947 328.409 842.04 329.063 842.04C329.836 842.04 330.443 841.887 330.883 841.58C331.323 841.287 331.636 840.9 331.823 840.42C332.023 839.94 332.123 839.433 332.123 838.9V837.68H332.023C331.889 837.907 331.676 838.167 331.383 838.46C331.103 838.74 330.729 838.987 330.263 839.2C329.796 839.4 329.223 839.5 328.543 839.5C327.743 839.5 327.043 839.347 326.443 839.04C325.843 838.733 325.343 838.32 324.943 837.8C324.556 837.28 324.263 836.7 324.063 836.06C323.863 835.42 323.763 834.767 323.763 834.1C323.763 833.433 323.863 832.78 324.063 832.14C324.263 831.5 324.556 830.92 324.943 830.4C325.343 829.88 325.843 829.467 326.443 829.16C327.043 828.853 327.743 828.7 328.543 828.7C329.223 828.7 329.796 828.807 330.263 829.02C330.729 829.22 331.103 829.46 331.383 829.74C331.676 830.02 331.889 830.28 332.023 830.52H332.123V828.9H334.023V838.88C334.023 840.36 333.589 841.533 332.723 842.4C331.869 843.267 330.649 843.7 329.063 843.7ZM328.903 837.88C329.609 837.88 330.196 837.7 330.663 837.34C331.143 836.967 331.496 836.493 331.723 835.92C331.963 835.347 332.083 834.74 332.083 834.1C332.083 833.46 331.963 832.853 331.723 832.28C331.496 831.693 331.143 831.22 330.663 830.86C330.196 830.5 329.609 830.32 328.903 830.32C328.196 830.32 327.603 830.5 327.123 830.86C326.643 831.22 326.283 831.693 326.043 832.28C325.816 832.853 325.703 833.46 325.703 834.1C325.703 834.74 325.816 835.347 326.043 835.92C326.283 836.493 326.643 836.967 327.123 837.34C327.603 837.7 328.196 837.88 328.903 837.88ZM342.923 823.66C342.563 823.66 342.257 823.593 342.003 823.46C341.763 823.327 341.55 823.173 341.363 823C341.19 822.827 341.023 822.673 340.863 822.54C340.703 822.407 340.53 822.34 340.343 822.34C340.117 822.34 339.95 822.453 339.843 822.68C339.75 822.893 339.703 823.18 339.703 823.54H338.423C338.423 823.127 338.47 822.727 338.563 822.34C338.67 821.94 338.857 821.613 339.123 821.36C339.39 821.093 339.757 820.96 340.223 820.96C340.583 820.96 340.89 821.027 341.143 821.16C341.397 821.293 341.61 821.447 341.783 821.62C341.97 821.78 342.143 821.927 342.303 822.06C342.463 822.193 342.63 822.26 342.803 822.26C343.017 822.26 343.17 822.153 343.263 821.94C343.37 821.727 343.423 821.433 343.423 821.06H344.703C344.703 821.473 344.65 821.88 344.543 822.28C344.45 822.68 344.27 823.013 344.003 823.28C343.75 823.533 343.39 823.66 342.923 823.66ZM338.323 827.38L340.743 824.44H342.363L344.783 827.38H343.063L341.543 825.54L340.043 827.38H338.323ZM341.123 828.7C341.79 828.7 342.35 828.807 342.803 829.02C343.257 829.233 343.623 829.487 343.903 829.78C344.183 830.06 344.397 830.327 344.543 830.58H344.663V828.9H346.563V839.5H344.663V837.82H344.543C344.397 838.073 344.183 838.347 343.903 838.64C343.623 838.933 343.257 839.187 342.803 839.4C342.35 839.6 341.79 839.7 341.123 839.7C340.323 839.7 339.623 839.547 339.023 839.24C338.423 838.92 337.923 838.5 337.523 837.98C337.123 837.447 336.823 836.853 336.623 836.2C336.423 835.547 336.323 834.88 336.323 834.2C336.323 833.52 336.423 832.853 336.623 832.2C336.823 831.547 337.123 830.96 337.523 830.44C337.923 829.907 338.423 829.487 339.023 829.18C339.623 828.86 340.323 828.7 341.123 828.7ZM341.443 830.32C340.737 830.32 340.143 830.513 339.663 830.9C339.183 831.273 338.823 831.753 338.583 832.34C338.357 832.927 338.243 833.547 338.243 834.2C338.243 834.84 338.357 835.46 338.583 836.06C338.823 836.647 339.183 837.133 339.663 837.52C340.143 837.893 340.737 838.08 341.443 838.08C342.15 838.08 342.737 837.893 343.203 837.52C343.683 837.133 344.037 836.647 344.263 836.06C344.503 835.46 344.623 834.84 344.623 834.2C344.623 833.547 344.503 832.927 344.263 832.34C344.037 831.753 343.683 831.273 343.203 830.9C342.737 830.513 342.15 830.32 341.443 830.32ZM352.95 839.7C351.897 839.7 351.057 839.373 350.43 838.72C349.803 838.067 349.49 837.16 349.49 836V828.9H351.39V835.9C351.39 836.593 351.577 837.127 351.95 837.5C352.337 837.873 352.843 838.06 353.47 838.06C354.11 838.06 354.623 837.893 355.01 837.56C355.397 837.227 355.677 836.8 355.85 836.28C356.023 835.76 356.11 835.227 356.11 834.68V828.9H358.01V839.5H356.11V837.98H355.99C355.91 838.14 355.757 838.36 355.53 838.64C355.303 838.907 354.983 839.153 354.57 839.38C354.157 839.593 353.617 839.7 352.95 839.7Z" fill="white"/>
<path d="M279.9 857.5V846.9H281.8V848.44H281.92C282.013 848.28 282.167 848.06 282.38 847.78C282.607 847.5 282.927 847.253 283.34 847.04C283.753 846.813 284.273 846.7 284.9 846.7C285.673 846.7 286.333 846.88 286.88 847.24C287.427 847.587 287.84 848.06 288.12 848.66C288.413 849.26 288.56 849.933 288.56 850.68V857.5H286.66V850.8C286.66 850.093 286.46 849.507 286.06 849.04C285.673 848.573 285.107 848.34 284.36 848.34C283.76 848.34 283.273 848.493 282.9 848.8C282.527 849.093 282.247 849.487 282.06 849.98C281.887 850.46 281.8 850.973 281.8 851.52V857.5H279.9ZM291.565 857.5V842.3H293.465V848.44H293.585C293.678 848.28 293.832 848.06 294.045 847.78C294.272 847.5 294.592 847.253 295.005 847.04C295.418 846.813 295.938 846.7 296.565 846.7C297.338 846.7 297.998 846.88 298.545 847.24C299.092 847.587 299.505 848.06 299.785 848.66C300.078 849.26 300.225 849.933 300.225 850.68V857.5H298.325V850.8C298.325 850.093 298.125 849.507 297.725 849.04C297.338 848.573 296.772 848.34 296.025 848.34C295.425 848.34 294.938 848.493 294.565 848.8C294.192 849.093 293.912 849.487 293.725 849.98C293.552 850.46 293.465 850.973 293.465 851.52V857.5H291.565ZM304.265 844.88C303.905 844.88 303.605 844.76 303.365 844.52C303.138 844.28 303.025 843.993 303.025 843.66C303.025 843.313 303.138 843.02 303.365 842.78C303.605 842.54 303.905 842.42 304.265 842.42C304.612 842.42 304.905 842.54 305.145 842.78C305.385 843.02 305.505 843.313 305.505 843.66C305.505 843.993 305.385 844.28 305.145 844.52C304.905 844.76 304.612 844.88 304.265 844.88ZM303.325 857.5V846.9H305.225V857.5H303.325ZM309.918 845.4L312.338 842.06H313.958L316.378 845.4H314.658L313.138 843.26L311.638 845.4H309.918ZM313.218 857.7C312.352 857.7 311.598 857.547 310.958 857.24C310.332 856.92 309.812 856.493 309.398 855.96C308.998 855.427 308.698 854.84 308.498 854.2C308.298 853.547 308.198 852.88 308.198 852.2C308.198 851.533 308.292 850.873 308.478 850.22C308.678 849.567 308.978 848.973 309.378 848.44C309.792 847.907 310.305 847.487 310.918 847.18C311.545 846.86 312.285 846.7 313.138 846.7C314.045 846.7 314.845 846.907 315.538 847.32C316.232 847.733 316.778 848.347 317.178 849.16C317.578 849.973 317.778 850.993 317.778 852.22V852.78H310.118C310.158 853.38 310.298 853.933 310.538 854.44C310.792 854.933 311.145 855.333 311.598 855.64C312.052 855.933 312.592 856.08 313.218 856.08C313.765 856.08 314.205 855.993 314.538 855.82C314.885 855.633 315.158 855.42 315.358 855.18C315.558 854.94 315.692 854.733 315.758 854.56C315.838 854.373 315.878 854.28 315.878 854.28H317.658C317.658 854.28 317.625 854.4 317.558 854.64C317.492 854.867 317.372 855.147 317.198 855.48C317.025 855.813 316.772 856.153 316.438 856.5C316.105 856.833 315.678 857.12 315.158 857.36C314.638 857.587 313.992 857.7 313.218 857.7ZM310.138 851.3H315.918C315.892 850.607 315.745 850.047 315.478 849.62C315.212 849.18 314.872 848.853 314.458 848.64C314.045 848.427 313.605 848.32 313.138 848.32C312.298 848.32 311.612 848.593 311.078 849.14C310.545 849.673 310.232 850.393 310.138 851.3ZM320.486 857.5V846.9H322.386V848.44H322.506C322.599 848.28 322.753 848.06 322.966 847.78C323.193 847.5 323.513 847.253 323.926 847.04C324.339 846.813 324.859 846.7 325.486 846.7C326.259 846.7 326.919 846.88 327.466 847.24C328.013 847.587 328.426 848.06 328.706 848.66C328.999 849.26 329.146 849.933 329.146 850.68V857.5H327.246V850.8C327.246 850.093 327.046 849.507 326.646 849.04C326.259 848.573 325.693 848.34 324.946 848.34C324.346 848.34 323.859 848.493 323.486 848.8C323.113 849.093 322.833 849.487 322.646 849.98C322.473 850.46 322.386 850.973 322.386 851.52V857.5H320.486Z" fill="white"/>
<path d="M257 900.5H172C170.619 900.5 169.5 901.619 169.5 903C169.5 904.381 170.619 905.5 172 905.5H257C258.381 905.5 259.5 904.381 259.5 903C259.5 901.619 258.381 900.5 257 900.5Z" fill="#C8C8C8"/>
<rect opacity="0.35" x="390.333" y="18.3333" width="21" height="10.3333" rx="2.16667" stroke="black"/>
<path opacity="0.4" d="M412.833 21.5V25.5C413.638 25.1612 414.161 24.3731 414.161 23.5C414.161 22.6269 413.638 21.8388 412.833 21.5Z" fill="black"/>
<rect x="391.833" y="19.8333" width="18" height="7.33333" rx="1.33333" fill="black"/>
<path fill-rule="evenodd" clip-rule="evenodd" d="M367.38 26.2574C368.842 25.1752 370.983 25.1752 372.444 26.2574C372.518 26.3156 372.56 26.3983 372.563 26.485C372.564 26.5715 372.525 26.6548 372.455 26.7154L370.166 28.7379C370.099 28.7973 370.007 28.8307 369.912 28.8307C369.817 28.8307 369.725 28.7972 369.658 28.7379L367.369 26.7154C367.299 26.6547 367.26 26.5716 367.262 26.485C367.264 26.3982 367.306 26.3156 367.38 26.2574ZM364.326 23.5602C367.475 20.9958 372.352 20.9958 375.501 23.5602C375.572 23.6203 375.612 23.7032 375.613 23.7897C375.614 23.876 375.575 23.9589 375.506 24.0201L374.184 25.191C374.047 25.3105 373.826 25.3123 373.687 25.1959C372.652 24.3763 371.307 23.9224 369.912 23.9225C368.518 23.923 367.174 24.3769 366.141 25.1959C366.001 25.3122 365.78 25.3104 365.644 25.191L364.321 24.0201C364.252 23.9589 364.212 23.8761 364.213 23.7897C364.214 23.7031 364.255 23.6203 364.326 23.5602ZM361.271 20.8697C366.102 16.8175 373.722 16.8175 378.552 20.8697C378.622 20.9299 378.662 21.0124 378.662 21.0983C378.663 21.184 378.624 21.2669 378.555 21.3277L377.23 22.4977C377.094 22.6178 376.872 22.6188 376.733 22.5006C374.893 20.9691 372.451 20.115 369.912 20.1149C367.373 20.1149 364.93 20.969 363.09 22.5006C362.951 22.619 362.729 22.6179 362.593 22.4977L361.269 21.3277C361.2 21.2669 361.161 21.184 361.161 21.0983C361.162 21.0124 361.202 20.9299 361.271 20.8697Z" fill="#A0A4AB"/>
<path fill-rule="evenodd" clip-rule="evenodd" d="M338.335 24.8337C338.965 24.8339 339.476 25.2815 339.476 25.8337V27.8337C339.475 28.3858 338.965 28.8336 338.335 28.8337H337.193C336.563 28.8337 336.052 28.3859 336.052 27.8337V25.8337C336.052 25.2815 336.563 24.8337 337.193 24.8337H338.335ZM343.661 22.8337C344.291 22.8339 344.802 23.2815 344.802 23.8337V27.8337C344.802 28.3858 344.291 28.8336 343.661 28.8337H342.52C341.889 28.8337 341.378 28.3859 341.378 27.8337V23.8337C341.378 23.2815 341.889 22.8338 342.52 22.8337H343.661ZM348.987 20.4998C349.617 20.4998 350.129 20.9477 350.129 21.4998V27.8337C350.129 28.3858 349.617 28.8336 348.987 28.8337H347.846C347.216 28.8337 346.704 28.3859 346.704 27.8337V21.4998C346.704 20.9476 347.216 20.4998 347.846 20.4998H348.987ZM354.313 18.1667C354.944 18.1668 355.455 18.6145 355.455 19.1667V27.8337C355.455 28.3858 354.944 28.8337 354.313 28.8337H353.172C352.542 28.8337 352.03 28.3858 352.03 27.8337V19.1667C352.03 18.6145 352.542 18.1668 353.172 18.1667H354.313Z" fill="#A0A4AB"/>
<g clip-path="url(#clip0_17_358)">
<path d="M39.887 21.615C39.887 21.215 39.802 20.87 39.632 20.58C39.462 20.28 39.227 20.05 38.927 19.89C38.637 19.72 38.307 19.635 37.937 19.635C37.567 19.635 37.232 19.72 36.932 19.89C36.642 20.05 36.412 20.28 36.242 20.58C36.072 20.87 35.987 21.215 35.987 21.615C35.987 22.005 36.072 22.35 36.242 22.65C36.412 22.95 36.642 23.185 36.932 23.355C37.232 23.525 37.567 23.61 37.937 23.61C38.307 23.61 38.637 23.525 38.927 23.355C39.227 23.185 39.462 22.95 39.632 22.65C39.802 22.35 39.887 22.005 39.887 21.615ZM37.757 28.47H35.042L38.417 24.51L38.792 24.375C38.542 24.635 38.287 24.81 38.027 24.9C37.767 24.98 37.452 25.02 37.082 25.02C36.682 25.02 36.292 24.94 35.912 24.78C35.532 24.62 35.187 24.39 34.877 24.09C34.577 23.79 34.337 23.43 34.157 23.01C33.977 22.59 33.887 22.125 33.887 21.615C33.887 20.795 34.067 20.1 34.427 19.53C34.797 18.96 35.287 18.53 35.897 18.24C36.507 17.94 37.187 17.79 37.937 17.79C38.687 17.79 39.367 17.94 39.977 18.24C40.587 18.53 41.072 18.96 41.432 19.53C41.802 20.1 41.987 20.795 41.987 21.615C41.987 22.135 41.887 22.62 41.687 23.07C41.487 23.51 41.242 23.92 40.952 24.3L37.757 28.47ZM43.5717 27.615C43.5717 27.275 43.6867 26.99 43.9167 26.76C44.1567 26.52 44.4517 26.4 44.8017 26.4C45.1617 26.4 45.4567 26.52 45.6867 26.76C45.9167 26.99 46.0317 27.275 46.0317 27.615C46.0317 27.935 45.9167 28.215 45.6867 28.455C45.4567 28.695 45.1617 28.815 44.8017 28.815C44.4517 28.815 44.1567 28.695 43.9167 28.455C43.6867 28.215 43.5717 27.935 43.5717 27.615ZM43.5717 21.975C43.5717 21.645 43.6867 21.36 43.9167 21.12C44.1567 20.88 44.4517 20.76 44.8017 20.76C45.1617 20.76 45.4567 20.88 45.6867 21.12C45.9167 21.36 46.0317 21.645 46.0317 21.975C46.0317 22.305 45.9167 22.59 45.6867 22.83C45.4567 23.07 45.1617 23.19 44.8017 23.19C44.4517 23.19 44.1567 23.07 43.9167 22.83C43.6867 22.59 43.5717 22.305 43.5717 21.975ZM47.1032 26.565L53.1182 18H54.5732V28.5H52.3682V25.86L52.5482 25.695V21.42L50.0732 24.96H53.8232L54.0782 24.735H56.2232V26.565H47.1032ZM57.5598 20.73V18.795L62.1648 17.82V28.5H60.0798V20.07L57.5598 20.73Z" fill="black"/>
</g>
<defs>
<clipPath id="clip0_17_358">
<rect width="54" height="22" fill="white" transform="translate(21.5 12.5)"/>
</clipPath>
</defs>
</svg>
