<svg width="428" height="926" viewBox="0 0 428 926" fill="none" xmlns="http://www.w3.org/2000/svg">
<g clip-path="url(#clip0_22_1479)">
<rect width="428" height="926" rx="25" fill="white"/>
<path d="M0 15C0 6.71576 6.71573 0 15 0H413C421.284 0 428 6.71573 428 15V1126H0V15Z" fill="#F5F9FF"/>
<path d="M428 822H0V926H428V822Z" fill="white"/>
<path d="M194 855L214 840L234 855V875C234 876.833 232.5 878.333 230.667 878.333H197.333C195.5 878.333 194 876.833 194 875V855Z" stroke="#0961F5" stroke-width="2" stroke-linecap="round" stroke-linejoin="round"/>
<path d="M215 878.333V865H225V878.333" stroke="#0961F5" stroke-width="2" stroke-linecap="round"/>
<path d="M174.103 906V895.092H170.017V892.68H180.961V895.092H176.875V906H174.103ZM181.768 906V896.46H184.486V897.846H184.576C184.684 897.594 184.834 897.348 185.026 897.108C185.218 896.868 185.482 896.67 185.818 896.514C186.154 896.358 186.586 896.28 187.114 896.28C187.378 896.28 187.588 896.298 187.744 896.334C187.9 896.358 187.978 896.37 187.978 896.37V899.07C187.978 899.07 187.888 899.052 187.708 899.016C187.54 898.98 187.318 898.962 187.042 898.962C186.19 898.962 185.554 899.196 185.134 899.664C184.714 900.12 184.504 900.87 184.504 901.914V906H181.768ZM193.148 896.28C193.76 896.28 194.264 896.382 194.66 896.586C195.056 896.778 195.356 896.988 195.56 897.216C195.776 897.444 195.908 897.6 195.956 897.684H196.1V896.46H198.836V906H196.1V904.776H195.956C195.908 904.86 195.776 905.016 195.56 905.244C195.356 905.472 195.056 905.688 194.66 905.892C194.264 906.084 193.76 906.18 193.148 906.18C192.44 906.18 191.822 906.042 191.294 905.766C190.778 905.478 190.346 905.1 189.998 904.632C189.65 904.152 189.386 903.618 189.206 903.03C189.038 902.442 188.954 901.842 188.954 901.23C188.954 900.618 189.038 900.018 189.206 899.43C189.386 898.842 189.65 898.314 189.998 897.846C190.346 897.366 190.778 896.988 191.294 896.712C191.822 896.424 192.44 896.28 193.148 896.28ZM193.94 898.494C193.448 898.494 193.034 898.632 192.698 898.908C192.374 899.172 192.128 899.514 191.96 899.934C191.804 900.354 191.726 900.786 191.726 901.23C191.726 901.674 191.804 902.106 191.96 902.526C192.128 902.946 192.374 903.294 192.698 903.57C193.034 903.834 193.448 903.966 193.94 903.966C194.432 903.966 194.84 903.834 195.164 903.57C195.5 903.294 195.746 902.946 195.902 902.526C196.07 902.106 196.154 901.674 196.154 901.23C196.154 900.786 196.07 900.354 195.902 899.934C195.746 899.514 195.5 899.172 195.164 898.908C194.84 898.632 194.432 898.494 193.94 898.494ZM200.981 906V896.46H203.717V897.828H203.807C203.915 897.636 204.071 897.42 204.275 897.18C204.491 896.94 204.773 896.73 205.121 896.55C205.481 896.37 205.937 896.28 206.489 896.28C207.233 896.28 207.839 896.454 208.307 896.802C208.775 897.138 209.117 897.576 209.333 898.116C209.549 898.644 209.657 899.202 209.657 899.79V906H206.921V900.258C206.921 899.802 206.795 899.4 206.543 899.052C206.303 898.704 205.913 898.53 205.373 898.53C204.965 898.53 204.641 898.626 204.401 898.818C204.161 899.01 203.987 899.256 203.879 899.556C203.771 899.856 203.717 900.174 203.717 900.51V906H200.981ZM216.529 909.816C215.641 909.816 214.909 909.708 214.333 909.492C213.769 909.276 213.319 909 212.983 908.664C212.647 908.34 212.401 908.016 212.245 907.692C212.089 907.368 211.987 907.092 211.939 906.864C211.903 906.648 211.885 906.54 211.885 906.54H214.549C214.549 906.54 214.567 906.594 214.603 906.702C214.651 906.822 214.741 906.954 214.873 907.098C215.005 907.254 215.197 907.386 215.449 907.494C215.713 907.614 216.061 907.674 216.493 907.674C217.237 907.674 217.783 907.464 218.131 907.044C218.491 906.624 218.671 906.072 218.671 905.388V904.38H218.545C218.425 904.572 218.245 904.782 218.005 905.01C217.765 905.238 217.459 905.43 217.087 905.586C216.715 905.742 216.265 905.82 215.737 905.82C215.029 905.82 214.411 905.688 213.883 905.424C213.355 905.148 212.911 904.782 212.551 904.326C212.203 903.87 211.939 903.36 211.759 902.796C211.591 902.232 211.507 901.65 211.507 901.05C211.507 900.462 211.591 899.886 211.759 899.322C211.939 898.746 212.203 898.23 212.551 897.774C212.911 897.318 213.355 896.958 213.883 896.694C214.411 896.418 215.029 896.28 215.737 896.28C216.265 896.28 216.715 896.364 217.087 896.532C217.459 896.688 217.765 896.88 218.005 897.108C218.257 897.324 218.437 897.534 218.545 897.738H218.671V896.46H221.407V905.388C221.407 906.18 221.233 906.912 220.885 907.584C220.537 908.256 220.003 908.796 219.283 909.204C218.563 909.612 217.645 909.816 216.529 909.816ZM216.493 903.66C216.997 903.66 217.411 903.534 217.735 903.282C218.071 903.03 218.323 902.706 218.491 902.31C218.659 901.902 218.743 901.482 218.743 901.05C218.743 900.606 218.659 900.186 218.491 899.79C218.323 899.394 218.071 899.07 217.735 898.818C217.411 898.566 216.997 898.44 216.493 898.44C216.001 898.44 215.587 898.566 215.251 898.818C214.927 899.07 214.681 899.394 214.513 899.79C214.345 900.186 214.261 900.606 214.261 901.05C214.261 901.482 214.345 901.902 214.513 902.31C214.681 902.706 214.927 903.03 215.251 903.282C215.587 903.534 216.001 903.66 216.493 903.66ZM232.489 906.18C231.649 906.18 230.917 906.042 230.293 905.766C229.669 905.478 229.153 905.1 228.745 904.632C228.337 904.164 228.031 903.636 227.827 903.048C227.623 902.448 227.521 901.842 227.521 901.23C227.521 900.618 227.623 900.018 227.827 899.43C228.031 898.842 228.337 898.314 228.745 897.846C229.153 897.366 229.669 896.988 230.293 896.712C230.917 896.424 231.649 896.28 232.489 896.28C233.341 896.28 234.043 896.406 234.595 896.658C235.147 896.898 235.585 897.204 235.909 897.576C236.245 897.936 236.491 898.302 236.647 898.674C236.803 899.034 236.899 899.34 236.935 899.592C236.983 899.832 237.007 899.952 237.007 899.952H234.451C234.451 899.952 234.427 899.88 234.379 899.736C234.343 899.58 234.259 899.406 234.127 899.214C234.007 899.01 233.821 898.836 233.569 898.692C233.317 898.536 232.981 898.458 232.561 898.458C232.045 898.458 231.613 898.59 231.265 898.854C230.929 899.106 230.677 899.442 230.509 899.862C230.341 900.282 230.257 900.738 230.257 901.23C230.257 901.722 230.341 902.178 230.509 902.598C230.677 903.018 230.929 903.36 231.265 903.624C231.613 903.876 232.045 904.002 232.561 904.002C232.981 904.002 233.317 903.93 233.569 903.786C233.821 903.63 234.007 903.456 234.127 903.264C234.259 903.06 234.343 902.886 234.379 902.742C234.427 902.586 234.451 902.508 234.451 902.508H237.007C237.007 902.508 236.983 902.634 236.935 902.886C236.899 903.126 236.803 903.432 236.647 903.804C236.491 904.164 236.245 904.53 235.909 904.902C235.585 905.262 235.147 905.568 234.595 905.82C234.043 906.06 233.341 906.18 232.489 906.18ZM239.147 906V892.32H241.883V897.828H241.973C242.081 897.636 242.237 897.42 242.441 897.18C242.657 896.94 242.939 896.73 243.287 896.55C243.647 896.37 244.103 896.28 244.655 896.28C245.399 896.28 246.005 896.454 246.473 896.802C246.941 897.138 247.283 897.576 247.499 898.116C247.715 898.644 247.823 899.202 247.823 899.79V906H245.087V900.258C245.087 899.802 244.961 899.4 244.709 899.052C244.469 898.704 244.079 898.53 243.539 898.53C243.131 898.53 242.807 898.626 242.567 898.818C242.327 899.01 242.153 899.256 242.045 899.556C241.937 899.856 241.883 900.174 241.883 900.51V906H239.147ZM253.536 895.344V894.75C253.536 894.594 253.566 894.45 253.626 894.318C253.698 894.174 253.818 894.066 253.986 893.994L254.256 893.85C254.508 893.718 254.7 893.592 254.832 893.472C254.964 893.34 255.03 893.184 255.03 893.004C255.03 892.848 254.97 892.71 254.85 892.59C254.742 892.47 254.58 892.41 254.364 892.41C254.148 892.41 253.986 892.464 253.878 892.572C253.782 892.68 253.722 892.794 253.698 892.914C253.674 893.034 253.662 893.106 253.662 893.13H252.096C252.096 892.806 252.168 892.488 252.312 892.176C252.468 891.852 252.708 891.582 253.032 891.366C253.368 891.15 253.806 891.042 254.346 891.042C255.066 891.042 255.636 891.234 256.056 891.618C256.488 891.99 256.704 892.428 256.704 892.932C256.704 893.364 256.56 893.73 256.272 894.03C255.996 894.318 255.636 894.57 255.192 894.786L255.102 894.84V895.344H253.536ZM253.05 906.18C252.378 906.18 251.82 906.036 251.376 905.748C250.944 905.46 250.62 905.076 250.404 904.596C250.188 904.104 250.08 903.552 250.08 902.94V896.46H252.798V902.4C252.798 902.856 252.918 903.228 253.158 903.516C253.41 903.792 253.764 903.93 254.22 903.93C254.616 903.93 254.928 903.834 255.156 903.642C255.396 903.45 255.57 903.204 255.678 902.904C255.786 902.604 255.84 902.286 255.84 901.95V896.46H258.576V906H255.84V904.65H255.732C255.528 905.022 255.21 905.37 254.778 905.694C254.358 906.018 253.782 906.18 253.05 906.18Z" fill="#0961F5"/>
<path d="M64.3333 855H54.3333C52.4924 855 51 856.492 51 858.333V875C51 876.841 52.4924 878.333 54.3333 878.333H64.3333C66.1743 878.333 67.6667 876.841 67.6667 875V858.333C67.6667 856.492 66.1743 855 64.3333 855Z" stroke="#A0A4AB" stroke-width="2"/>
<path d="M87.6667 855H77.6667C75.8257 855 74.3333 856.492 74.3333 858.333V875C74.3333 876.841 75.8257 878.333 77.6667 878.333H87.6667C89.5076 878.333 91 876.841 91 875V858.333C91 856.492 89.5076 855 87.6667 855Z" stroke="#A0A4AB" stroke-width="2"/>
<path d="M20.6713 906V892.68H23.4433V897.99H28.6273V892.68H31.3993V906H28.6273V900.402H23.4433V906H20.6713ZM38.4474 906.18C37.3794 906.18 36.4734 905.952 35.7294 905.496C34.9854 905.028 34.4154 904.422 34.0194 903.678C33.6354 902.922 33.4434 902.106 33.4434 901.23C33.4434 900.354 33.6354 899.544 34.0194 898.8C34.4154 898.044 34.9854 897.438 35.7294 896.982C36.4734 896.514 37.3794 896.28 38.4474 896.28C39.5154 896.28 40.4214 896.514 41.1654 896.982C41.9094 897.438 42.4734 898.044 42.8574 898.8C43.2534 899.544 43.4514 900.354 43.4514 901.23C43.4514 902.106 43.2534 902.922 42.8574 903.678C42.4734 904.422 41.9094 905.028 41.1654 905.496C40.4214 905.952 39.5154 906.18 38.4474 906.18ZM38.4474 903.948C38.9274 903.948 39.3354 903.822 39.6714 903.57C40.0074 903.318 40.2594 902.988 40.4274 902.58C40.6074 902.16 40.6974 901.71 40.6974 901.23C40.6974 900.738 40.6074 900.288 40.4274 899.88C40.2594 899.472 40.0074 899.142 39.6714 898.89C39.3354 898.638 38.9274 898.512 38.4474 898.512C37.9674 898.512 37.5594 898.638 37.2234 898.89C36.8874 899.142 36.6294 899.472 36.4494 899.88C36.2814 900.288 36.1974 900.738 36.1974 901.23C36.1974 901.71 36.2814 902.16 36.4494 902.58C36.6294 902.988 36.8874 903.318 37.2234 903.57C37.5594 903.822 37.9674 903.948 38.4474 903.948ZM38.4474 910.446C38.0274 910.446 37.6794 910.302 37.4034 910.014C37.1394 909.738 37.0074 909.402 37.0074 909.006C37.0074 908.61 37.1394 908.274 37.4034 907.998C37.6794 907.722 38.0274 907.584 38.4474 907.584C38.8554 907.584 39.1914 907.722 39.4554 907.998C39.7314 908.274 39.8694 908.61 39.8694 909.006C39.8694 909.402 39.7314 909.738 39.4554 910.014C39.1914 910.302 38.8554 910.446 38.4474 910.446ZM50.1712 906.18C49.3312 906.18 48.5992 906.042 47.9752 905.766C47.3512 905.478 46.8352 905.1 46.4272 904.632C46.0192 904.164 45.7132 903.636 45.5092 903.048C45.3052 902.448 45.2032 901.842 45.2032 901.23C45.2032 900.618 45.3052 900.018 45.5092 899.43C45.7132 898.842 46.0192 898.314 46.4272 897.846C46.8352 897.366 47.3512 896.988 47.9752 896.712C48.5992 896.424 49.3312 896.28 50.1712 896.28C51.0232 896.28 51.7252 896.406 52.2772 896.658C52.8292 896.898 53.2672 897.204 53.5912 897.576C53.9272 897.936 54.1732 898.302 54.3292 898.674C54.4852 899.034 54.5812 899.34 54.6172 899.592C54.6652 899.832 54.6892 899.952 54.6892 899.952H52.1332C52.1332 899.952 52.1092 899.88 52.0612 899.736C52.0252 899.58 51.9412 899.406 51.8092 899.214C51.6892 899.01 51.5032 898.836 51.2512 898.692C50.9992 898.536 50.6632 898.458 50.2432 898.458C49.7272 898.458 49.2952 898.59 48.9472 898.854C48.6112 899.106 48.3592 899.442 48.1912 899.862C48.0232 900.282 47.9392 900.738 47.9392 901.23C47.9392 901.722 48.0232 902.178 48.1912 902.598C48.3592 903.018 48.6112 903.36 48.9472 903.624C49.2952 903.876 49.7272 904.002 50.2432 904.002C50.6632 904.002 50.9992 903.93 51.2512 903.786C51.5032 903.63 51.6892 903.456 51.8092 903.264C51.9412 903.06 52.0252 902.886 52.0612 902.742C52.1092 902.586 52.1332 902.508 52.1332 902.508H54.6892C54.6892 902.508 54.6652 902.634 54.6172 902.886C54.5812 903.126 54.4852 903.432 54.3292 903.804C54.1732 904.164 53.9272 904.53 53.5912 904.902C53.2672 905.262 52.8292 905.568 52.2772 905.82C51.7252 906.06 51.0232 906.18 50.1712 906.18ZM65.2439 906.18C64.4999 906.18 63.9059 906.072 63.4619 905.856C63.0179 905.628 62.6819 905.346 62.4539 905.01C62.2259 904.662 62.0759 904.296 62.0039 903.912C61.9319 903.528 61.8959 903.174 61.8959 902.85V898.638H60.2759V896.46H61.8959V894.102H64.6319V896.46H66.6659V898.638H64.6319V902.778C64.6319 903.174 64.7339 903.48 64.9379 903.696C65.1539 903.912 65.5079 904.02 65.9999 904.02C66.2159 904.02 66.4139 904.002 66.5939 903.966C66.7739 903.93 66.8639 903.912 66.8639 903.912V906.018C66.8639 906.018 66.7019 906.042 66.3779 906.09C66.0539 906.15 65.6759 906.18 65.2439 906.18ZM72.0385 895.146L70.0585 891.888H72.5965L74.0545 895.128L72.0385 895.146ZM71.8225 906.18C71.1505 906.18 70.5925 906.036 70.1485 905.748C69.7165 905.46 69.3925 905.076 69.1765 904.596C68.9605 904.104 68.8525 903.552 68.8525 902.94V896.46H71.5705V902.4C71.5705 902.856 71.6905 903.228 71.9305 903.516C72.1825 903.792 72.5365 903.93 72.9925 903.93C73.3885 903.93 73.7005 903.834 73.9285 903.642C74.1685 903.45 74.3425 903.204 74.4505 902.904C74.5585 902.604 74.6125 902.286 74.6125 901.95V896.46H76.5025C76.9825 896.46 77.2225 896.22 77.2225 895.74V894.462H79.4185V895.83C79.4185 896.466 79.2505 896.964 78.9145 897.324C78.5785 897.672 78.0805 897.846 77.4205 897.846H77.3485V906H74.6125V904.65H74.5045C74.3005 905.022 73.9825 905.37 73.5505 905.694C73.1305 906.018 72.5545 906.18 71.8225 906.18ZM86.5115 906L83.0195 896.46H85.7555L87.9875 902.922L90.1295 896.46H92.8835L89.3735 906H86.5115ZM97.469 906.18C96.797 906.18 96.239 906.036 95.795 905.748C95.363 905.46 95.039 905.076 94.823 904.596C94.607 904.104 94.499 903.552 94.499 902.94V896.46H97.217V902.4C97.217 902.856 97.337 903.228 97.577 903.516C97.829 903.792 98.183 903.93 98.639 903.93C99.035 903.93 99.347 903.834 99.575 903.642C99.815 903.45 99.989 903.204 100.097 902.904C100.205 902.604 100.259 902.286 100.259 901.95V896.46H102.149C102.629 896.46 102.869 896.22 102.869 895.74V894.462H105.065V895.83C105.065 896.466 104.897 896.964 104.561 897.324C104.225 897.672 103.727 897.846 103.067 897.846H102.995V906H100.259V904.65H100.151C99.947 905.022 99.629 905.37 99.197 905.694C98.777 906.018 98.201 906.18 97.469 906.18ZM98.639 910.446C98.219 910.446 97.871 910.302 97.595 910.014C97.331 909.738 97.199 909.402 97.199 909.006C97.199 908.61 97.331 908.274 97.595 907.998C97.871 907.722 98.219 907.584 98.639 907.584C99.047 907.584 99.383 907.722 99.647 907.998C99.923 908.274 100.061 908.61 100.061 909.006C100.061 909.402 99.923 909.738 99.647 910.014C99.383 910.302 99.047 910.446 98.639 910.446ZM106.079 906V896.46H108.815V897.828H108.905C109.013 897.636 109.169 897.42 109.373 897.18C109.589 896.94 109.871 896.73 110.219 896.55C110.579 896.37 111.035 896.28 111.587 896.28C112.331 896.28 112.937 896.454 113.405 896.802C113.873 897.138 114.215 897.576 114.431 898.116C114.647 898.644 114.755 899.202 114.755 899.79V906H112.019V900.258C112.019 899.802 111.893 899.4 111.641 899.052C111.401 898.704 111.011 898.53 110.471 898.53C110.063 898.53 109.739 898.626 109.499 898.818C109.259 899.01 109.085 899.256 108.977 899.556C108.869 899.856 108.815 900.174 108.815 900.51V906H106.079ZM121.628 909.816C120.74 909.816 120.008 909.708 119.432 909.492C118.868 909.276 118.418 909 118.082 908.664C117.746 908.34 117.5 908.016 117.344 907.692C117.188 907.368 117.086 907.092 117.038 906.864C117.002 906.648 116.984 906.54 116.984 906.54H119.648C119.648 906.54 119.666 906.594 119.702 906.702C119.75 906.822 119.84 906.954 119.972 907.098C120.104 907.254 120.296 907.386 120.548 907.494C120.812 907.614 121.16 907.674 121.592 907.674C122.336 907.674 122.882 907.464 123.23 907.044C123.59 906.624 123.77 906.072 123.77 905.388V904.38H123.644C123.524 904.572 123.344 904.782 123.104 905.01C122.864 905.238 122.558 905.43 122.186 905.586C121.814 905.742 121.364 905.82 120.836 905.82C120.128 905.82 119.51 905.688 118.982 905.424C118.454 905.148 118.01 904.782 117.65 904.326C117.302 903.87 117.038 903.36 116.858 902.796C116.69 902.232 116.606 901.65 116.606 901.05C116.606 900.462 116.69 899.886 116.858 899.322C117.038 898.746 117.302 898.23 117.65 897.774C118.01 897.318 118.454 896.958 118.982 896.694C119.51 896.418 120.128 896.28 120.836 896.28C121.364 896.28 121.814 896.364 122.186 896.532C122.558 896.688 122.864 896.88 123.104 897.108C123.356 897.324 123.536 897.534 123.644 897.738H123.77V896.46H126.506V905.388C126.506 906.18 126.332 906.912 125.984 907.584C125.636 908.256 125.102 908.796 124.382 909.204C123.662 909.612 122.744 909.816 121.628 909.816ZM121.592 903.66C122.096 903.66 122.51 903.534 122.834 903.282C123.17 903.03 123.422 902.706 123.59 902.31C123.758 901.902 123.842 901.482 123.842 901.05C123.842 900.606 123.758 900.186 123.59 899.79C123.422 899.394 123.17 899.07 122.834 898.818C122.51 898.566 122.096 898.44 121.592 898.44C121.1 898.44 120.686 898.566 120.35 898.818C120.026 899.07 119.78 899.394 119.612 899.79C119.444 900.186 119.36 900.606 119.36 901.05C119.36 901.482 119.444 901.902 119.612 902.31C119.78 902.706 120.026 903.03 120.35 903.282C120.686 903.534 121.1 903.66 121.592 903.66Z" fill="#A0A4AB"/>
<path d="M314.003 906V895.092H309.917V892.68H320.861V895.092H316.775V906H314.003ZM322.779 906V892.32H325.515V897.828H325.605C325.713 897.636 325.869 897.42 326.073 897.18C326.289 896.94 326.571 896.73 326.919 896.55C327.279 896.37 327.735 896.28 328.287 896.28C329.031 896.28 329.637 896.454 330.105 896.802C330.573 897.138 330.915 897.576 331.131 898.116C331.347 898.644 331.455 899.202 331.455 899.79V906H328.719V900.258C328.719 899.802 328.593 899.4 328.341 899.052C328.101 898.704 327.711 898.53 327.171 898.53C326.763 898.53 326.439 898.626 326.199 898.818C325.959 899.01 325.785 899.256 325.677 899.556C325.569 899.856 325.515 900.174 325.515 900.51V906H322.779ZM334.902 895.272L337.242 892.032H339.402L341.742 895.272H339.6L338.322 893.4L337.044 895.272H334.902ZM338.322 906.18C337.254 906.18 336.348 905.952 335.604 905.496C334.86 905.028 334.29 904.422 333.894 903.678C333.51 902.922 333.318 902.106 333.318 901.23C333.318 900.354 333.51 899.544 333.894 898.8C334.29 898.044 334.86 897.438 335.604 896.982C336.348 896.514 337.254 896.28 338.322 896.28C339.39 896.28 340.296 896.514 341.04 896.982C341.784 897.438 342.348 898.044 342.732 898.8C343.128 899.544 343.326 900.354 343.326 901.23C343.326 902.106 343.128 902.922 342.732 903.678C342.348 904.422 341.784 905.028 341.04 905.496C340.296 905.952 339.39 906.18 338.322 906.18ZM338.322 903.948C338.802 903.948 339.21 903.822 339.546 903.57C339.882 903.318 340.134 902.988 340.302 902.58C340.482 902.16 340.572 901.71 340.572 901.23C340.572 900.738 340.482 900.288 340.302 899.88C340.134 899.472 339.882 899.142 339.546 898.89C339.21 898.638 338.802 898.512 338.322 898.512C337.842 898.512 337.434 898.638 337.098 898.89C336.762 899.142 336.504 899.472 336.324 899.88C336.156 900.288 336.072 900.738 336.072 901.23C336.072 901.71 336.156 902.16 336.324 902.58C336.504 902.988 336.762 903.318 337.098 903.57C337.434 903.822 337.842 903.948 338.322 903.948ZM345.187 906V896.46H347.923V897.828H348.013C348.121 897.636 348.277 897.42 348.481 897.18C348.697 896.94 348.979 896.73 349.327 896.55C349.687 896.37 350.143 896.28 350.695 896.28C351.439 896.28 352.045 896.454 352.513 896.802C352.981 897.138 353.323 897.576 353.539 898.116C353.755 898.644 353.863 899.202 353.863 899.79V906H351.127V900.258C351.127 899.802 351.001 899.4 350.749 899.052C350.509 898.704 350.119 898.53 349.579 898.53C349.171 898.53 348.847 898.626 348.607 898.818C348.367 899.01 348.193 899.256 348.085 899.556C347.977 899.856 347.923 900.174 347.923 900.51V906H345.187ZM360.735 909.816C359.847 909.816 359.115 909.708 358.539 909.492C357.975 909.276 357.525 909 357.189 908.664C356.853 908.34 356.607 908.016 356.451 907.692C356.295 907.368 356.193 907.092 356.145 906.864C356.109 906.648 356.091 906.54 356.091 906.54H358.755C358.755 906.54 358.773 906.594 358.809 906.702C358.857 906.822 358.947 906.954 359.079 907.098C359.211 907.254 359.403 907.386 359.655 907.494C359.919 907.614 360.267 907.674 360.699 907.674C361.443 907.674 361.989 907.464 362.337 907.044C362.697 906.624 362.877 906.072 362.877 905.388V904.38H362.751C362.631 904.572 362.451 904.782 362.211 905.01C361.971 905.238 361.665 905.43 361.293 905.586C360.921 905.742 360.471 905.82 359.943 905.82C359.235 905.82 358.617 905.688 358.089 905.424C357.561 905.148 357.117 904.782 356.757 904.326C356.409 903.87 356.145 903.36 355.965 902.796C355.797 902.232 355.713 901.65 355.713 901.05C355.713 900.462 355.797 899.886 355.965 899.322C356.145 898.746 356.409 898.23 356.757 897.774C357.117 897.318 357.561 896.958 358.089 896.694C358.617 896.418 359.235 896.28 359.943 896.28C360.471 896.28 360.921 896.364 361.293 896.532C361.665 896.688 361.971 896.88 362.211 897.108C362.463 897.324 362.643 897.534 362.751 897.738H362.877V896.46H365.613V905.388C365.613 906.18 365.439 906.912 365.091 907.584C364.743 908.256 364.209 908.796 363.489 909.204C362.769 909.612 361.851 909.816 360.735 909.816ZM360.699 903.66C361.203 903.66 361.617 903.534 361.941 903.282C362.277 903.03 362.529 902.706 362.697 902.31C362.865 901.902 362.949 901.482 362.949 901.05C362.949 900.606 362.865 900.186 362.697 899.79C362.529 899.394 362.277 899.07 361.941 898.818C361.617 898.566 361.203 898.44 360.699 898.44C360.207 898.44 359.793 898.566 359.457 898.818C359.133 899.07 358.887 899.394 358.719 899.79C358.551 900.186 358.467 900.606 358.467 901.05C358.467 901.482 358.551 901.902 358.719 902.31C358.887 902.706 359.133 903.03 359.457 903.282C359.793 903.534 360.207 903.66 360.699 903.66ZM376.299 906.18C375.555 906.18 374.961 906.072 374.517 905.856C374.073 905.628 373.737 905.346 373.509 905.01C373.281 904.662 373.131 904.296 373.059 903.912C372.987 903.528 372.951 903.174 372.951 902.85V898.638H371.331V896.46H372.951V894.102H375.687V896.46H377.721V898.638H375.687V902.778C375.687 903.174 375.789 903.48 375.993 903.696C376.209 903.912 376.563 904.02 377.055 904.02C377.271 904.02 377.469 904.002 377.649 903.966C377.829 903.93 377.919 903.912 377.919 903.912V906.018C377.919 906.018 377.757 906.042 377.433 906.09C377.109 906.15 376.731 906.18 376.299 906.18ZM381.365 895.164C380.885 895.164 380.495 895.014 380.195 894.714C379.895 894.402 379.745 894.036 379.745 893.616C379.745 893.172 379.895 892.8 380.195 892.5C380.495 892.188 380.885 892.032 381.365 892.032C381.821 892.032 382.205 892.188 382.517 892.5C382.829 892.8 382.985 893.172 382.985 893.616C382.985 894.036 382.829 894.402 382.517 894.714C382.205 895.014 381.821 895.164 381.365 895.164ZM379.997 906V896.46H382.733V906H379.997ZM385.071 906V896.46H387.807V897.828H387.897C388.005 897.636 388.161 897.42 388.365 897.18C388.581 896.94 388.863 896.73 389.211 896.55C389.571 896.37 390.027 896.28 390.579 896.28C391.323 896.28 391.929 896.454 392.397 896.802C392.865 897.138 393.207 897.576 393.423 898.116C393.639 898.644 393.747 899.202 393.747 899.79V906H391.011V900.258C391.011 899.802 390.885 899.4 390.633 899.052C390.393 898.704 390.003 898.53 389.463 898.53C389.055 898.53 388.731 898.626 388.491 898.818C388.251 899.01 388.077 899.256 387.969 899.556C387.861 899.856 387.807 900.174 387.807 900.51V906H385.071Z" fill="#A0A4AB"/>
<g clip-path="url(#clip1_22_1479)">
<rect width="428" height="926" fill="white"/>
<path d="M0 15C0 6.71576 6.71573 0 15 0H413C421.284 0 428 6.71573 428 15V1126H0V15Z" fill="#F5F9FF"/>
<path d="M428 822H0V926H428V822Z" fill="white"/>
<path d="M53 855L73 840L93 855V875C93 876.833 91.5 878.333 89.6667 878.333H56.3333C54.5 878.333 53 876.833 53 875V855Z" stroke="#A0A4AB" stroke-width="2" stroke-linecap="round" stroke-linejoin="round"/>
<path d="M68 878.333V865H78V878.333" stroke="#A0A4AB" stroke-width="2" stroke-linecap="round"/>
<path d="M34.1034 906V895.092H30.0174V892.68H40.9614V895.092H36.8754V906H34.1034ZM41.7676 906V896.46H44.4856V897.846H44.5756C44.6836 897.594 44.8336 897.348 45.0256 897.108C45.2176 896.868 45.4816 896.67 45.8176 896.514C46.1536 896.358 46.5856 896.28 47.1136 896.28C47.3776 896.28 47.5876 896.298 47.7436 896.334C47.8996 896.358 47.9776 896.37 47.9776 896.37V899.07C47.9776 899.07 47.8876 899.052 47.7076 899.016C47.5396 898.98 47.3176 898.962 47.0416 898.962C46.1896 898.962 45.5536 899.196 45.1336 899.664C44.7136 900.12 44.5036 900.87 44.5036 901.914V906H41.7676ZM53.1481 896.28C53.7601 896.28 54.2641 896.382 54.6601 896.586C55.0561 896.778 55.3561 896.988 55.5601 897.216C55.7761 897.444 55.9081 897.6 55.9561 897.684H56.1001V896.46H58.8361V906H56.1001V904.776H55.9561C55.9081 904.86 55.7761 905.016 55.5601 905.244C55.3561 905.472 55.0561 905.688 54.6601 905.892C54.2641 906.084 53.7601 906.18 53.1481 906.18C52.4401 906.18 51.8221 906.042 51.2941 905.766C50.7781 905.478 50.3461 905.1 49.9981 904.632C49.6501 904.152 49.3861 903.618 49.2061 903.03C49.0381 902.442 48.9541 901.842 48.9541 901.23C48.9541 900.618 49.0381 900.018 49.2061 899.43C49.3861 898.842 49.6501 898.314 49.9981 897.846C50.3461 897.366 50.7781 896.988 51.2941 896.712C51.8221 896.424 52.4401 896.28 53.1481 896.28ZM53.9401 898.494C53.4481 898.494 53.0341 898.632 52.6981 898.908C52.3741 899.172 52.1281 899.514 51.9601 899.934C51.8041 900.354 51.7261 900.786 51.7261 901.23C51.7261 901.674 51.8041 902.106 51.9601 902.526C52.1281 902.946 52.3741 903.294 52.6981 903.57C53.0341 903.834 53.4481 903.966 53.9401 903.966C54.4321 903.966 54.8401 903.834 55.1641 903.57C55.5001 903.294 55.7461 902.946 55.9021 902.526C56.0701 902.106 56.1541 901.674 56.1541 901.23C56.1541 900.786 56.0701 900.354 55.9021 899.934C55.7461 899.514 55.5001 899.172 55.1641 898.908C54.8401 898.632 54.4321 898.494 53.9401 898.494ZM60.9805 906V896.46H63.7165V897.828H63.8065C63.9145 897.636 64.0705 897.42 64.2745 897.18C64.4905 896.94 64.7725 896.73 65.1205 896.55C65.4805 896.37 65.9365 896.28 66.4885 896.28C67.2325 896.28 67.8385 896.454 68.3065 896.802C68.7745 897.138 69.1165 897.576 69.3325 898.116C69.5485 898.644 69.6565 899.202 69.6565 899.79V906H66.9205V900.258C66.9205 899.802 66.7945 899.4 66.5425 899.052C66.3025 898.704 65.9125 898.53 65.3725 898.53C64.9645 898.53 64.6405 898.626 64.4005 898.818C64.1605 899.01 63.9865 899.256 63.8785 899.556C63.7705 899.856 63.7165 900.174 63.7165 900.51V906H60.9805ZM76.5289 909.816C75.6409 909.816 74.9089 909.708 74.3329 909.492C73.7689 909.276 73.3189 909 72.9829 908.664C72.6469 908.34 72.4009 908.016 72.2449 907.692C72.0889 907.368 71.9869 907.092 71.9389 906.864C71.9029 906.648 71.8849 906.54 71.8849 906.54H74.5489C74.5489 906.54 74.5669 906.594 74.6029 906.702C74.6509 906.822 74.7409 906.954 74.8729 907.098C75.0049 907.254 75.1969 907.386 75.4489 907.494C75.7129 907.614 76.0609 907.674 76.4929 907.674C77.2369 907.674 77.7829 907.464 78.1309 907.044C78.4909 906.624 78.6709 906.072 78.6709 905.388V904.38H78.5449C78.4249 904.572 78.2449 904.782 78.0049 905.01C77.7649 905.238 77.4589 905.43 77.0869 905.586C76.7149 905.742 76.2649 905.82 75.7369 905.82C75.0289 905.82 74.4109 905.688 73.8829 905.424C73.3549 905.148 72.9109 904.782 72.5509 904.326C72.2029 903.87 71.9389 903.36 71.7589 902.796C71.5909 902.232 71.5069 901.65 71.5069 901.05C71.5069 900.462 71.5909 899.886 71.7589 899.322C71.9389 898.746 72.2029 898.23 72.5509 897.774C72.9109 897.318 73.3549 896.958 73.8829 896.694C74.4109 896.418 75.0289 896.28 75.7369 896.28C76.2649 896.28 76.7149 896.364 77.0869 896.532C77.4589 896.688 77.7649 896.88 78.0049 897.108C78.2569 897.324 78.4369 897.534 78.5449 897.738H78.6709V896.46H81.4069V905.388C81.4069 906.18 81.2329 906.912 80.8849 907.584C80.5369 908.256 80.0029 908.796 79.2829 909.204C78.5629 909.612 77.6449 909.816 76.5289 909.816ZM76.4929 903.66C76.9969 903.66 77.4109 903.534 77.7349 903.282C78.0709 903.03 78.3229 902.706 78.4909 902.31C78.6589 901.902 78.7429 901.482 78.7429 901.05C78.7429 900.606 78.6589 900.186 78.4909 899.79C78.3229 899.394 78.0709 899.07 77.7349 898.818C77.4109 898.566 76.9969 898.44 76.4929 898.44C76.0009 898.44 75.5869 898.566 75.2509 898.818C74.9269 899.07 74.6809 899.394 74.5129 899.79C74.3449 900.186 74.2609 900.606 74.2609 901.05C74.2609 901.482 74.3449 901.902 74.5129 902.31C74.6809 902.706 74.9269 903.03 75.2509 903.282C75.5869 903.534 76.0009 903.66 76.4929 903.66ZM92.4885 906.18C91.6485 906.18 90.9165 906.042 90.2925 905.766C89.6685 905.478 89.1525 905.1 88.7445 904.632C88.3365 904.164 88.0305 903.636 87.8265 903.048C87.6225 902.448 87.5205 901.842 87.5205 901.23C87.5205 900.618 87.6225 900.018 87.8265 899.43C88.0305 898.842 88.3365 898.314 88.7445 897.846C89.1525 897.366 89.6685 896.988 90.2925 896.712C90.9165 896.424 91.6485 896.28 92.4885 896.28C93.3405 896.28 94.0425 896.406 94.5945 896.658C95.1465 896.898 95.5845 897.204 95.9085 897.576C96.2445 897.936 96.4905 898.302 96.6465 898.674C96.8025 899.034 96.8985 899.34 96.9345 899.592C96.9825 899.832 97.0065 899.952 97.0065 899.952H94.4505C94.4505 899.952 94.4265 899.88 94.3785 899.736C94.3425 899.58 94.2585 899.406 94.1265 899.214C94.0065 899.01 93.8205 898.836 93.5685 898.692C93.3165 898.536 92.9805 898.458 92.5605 898.458C92.0445 898.458 91.6125 898.59 91.2645 898.854C90.9285 899.106 90.6765 899.442 90.5085 899.862C90.3405 900.282 90.2565 900.738 90.2565 901.23C90.2565 901.722 90.3405 902.178 90.5085 902.598C90.6765 903.018 90.9285 903.36 91.2645 903.624C91.6125 903.876 92.0445 904.002 92.5605 904.002C92.9805 904.002 93.3165 903.93 93.5685 903.786C93.8205 903.63 94.0065 903.456 94.1265 903.264C94.2585 903.06 94.3425 902.886 94.3785 902.742C94.4265 902.586 94.4505 902.508 94.4505 902.508H97.0065C97.0065 902.508 96.9825 902.634 96.9345 902.886C96.8985 903.126 96.8025 903.432 96.6465 903.804C96.4905 904.164 96.2445 904.53 95.9085 904.902C95.5845 905.262 95.1465 905.568 94.5945 905.82C94.0425 906.06 93.3405 906.18 92.4885 906.18ZM99.1469 906V892.32H101.883V897.828H101.973C102.081 897.636 102.237 897.42 102.441 897.18C102.657 896.94 102.939 896.73 103.287 896.55C103.647 896.37 104.103 896.28 104.655 896.28C105.399 896.28 106.005 896.454 106.473 896.802C106.941 897.138 107.283 897.576 107.499 898.116C107.715 898.644 107.823 899.202 107.823 899.79V906H105.087V900.258C105.087 899.802 104.961 899.4 104.709 899.052C104.469 898.704 104.079 898.53 103.539 898.53C103.131 898.53 102.807 898.626 102.567 898.818C102.327 899.01 102.153 899.256 102.045 899.556C101.937 899.856 101.883 900.174 101.883 900.51V906H99.1469ZM113.536 895.344V894.75C113.536 894.594 113.566 894.45 113.626 894.318C113.698 894.174 113.818 894.066 113.986 893.994L114.256 893.85C114.508 893.718 114.7 893.592 114.832 893.472C114.964 893.34 115.03 893.184 115.03 893.004C115.03 892.848 114.97 892.71 114.85 892.59C114.742 892.47 114.58 892.41 114.364 892.41C114.148 892.41 113.986 892.464 113.878 892.572C113.782 892.68 113.722 892.794 113.698 892.914C113.674 893.034 113.662 893.106 113.662 893.13H112.096C112.096 892.806 112.168 892.488 112.312 892.176C112.468 891.852 112.708 891.582 113.032 891.366C113.368 891.15 113.806 891.042 114.346 891.042C115.066 891.042 115.636 891.234 116.056 891.618C116.488 891.99 116.704 892.428 116.704 892.932C116.704 893.364 116.56 893.73 116.272 894.03C115.996 894.318 115.636 894.57 115.192 894.786L115.102 894.84V895.344H113.536ZM113.05 906.18C112.378 906.18 111.82 906.036 111.376 905.748C110.944 905.46 110.62 905.076 110.404 904.596C110.188 904.104 110.08 903.552 110.08 902.94V896.46H112.798V902.4C112.798 902.856 112.918 903.228 113.158 903.516C113.41 903.792 113.764 903.93 114.22 903.93C114.616 903.93 114.928 903.834 115.156 903.642C115.396 903.45 115.57 903.204 115.678 902.904C115.786 902.604 115.84 902.286 115.84 901.95V896.46H118.576V906H115.84V904.65H115.732C115.528 905.022 115.21 905.37 114.778 905.694C114.358 906.018 113.782 906.18 113.05 906.18Z" fill="#A0A4AB"/>
<path d="M218.333 855H208.333C206.492 855 205 856.492 205 858.333V875C205 876.841 206.492 878.333 208.333 878.333H218.333C220.174 878.333 221.667 876.841 221.667 875V858.333C221.667 856.492 220.174 855 218.333 855Z" stroke="#0961F5" stroke-width="2"/>
<path d="M241.667 855H231.667C229.826 855 228.333 856.492 228.333 858.333V875C228.333 876.841 229.826 878.333 231.667 878.333H241.667C243.508 878.333 245 876.841 245 875V858.333C245 856.492 243.508 855 241.667 855Z" stroke="#0961F5" stroke-width="2"/>
<path d="M172.671 906V892.68H175.443V897.99H180.627V892.68H183.399V906H180.627V900.402H175.443V906H172.671ZM190.447 906.18C189.379 906.18 188.473 905.952 187.729 905.496C186.985 905.028 186.415 904.422 186.019 903.678C185.635 902.922 185.443 902.106 185.443 901.23C185.443 900.354 185.635 899.544 186.019 898.8C186.415 898.044 186.985 897.438 187.729 896.982C188.473 896.514 189.379 896.28 190.447 896.28C191.515 896.28 192.421 896.514 193.165 896.982C193.909 897.438 194.473 898.044 194.857 898.8C195.253 899.544 195.451 900.354 195.451 901.23C195.451 902.106 195.253 902.922 194.857 903.678C194.473 904.422 193.909 905.028 193.165 905.496C192.421 905.952 191.515 906.18 190.447 906.18ZM190.447 903.948C190.927 903.948 191.335 903.822 191.671 903.57C192.007 903.318 192.259 902.988 192.427 902.58C192.607 902.16 192.697 901.71 192.697 901.23C192.697 900.738 192.607 900.288 192.427 899.88C192.259 899.472 192.007 899.142 191.671 898.89C191.335 898.638 190.927 898.512 190.447 898.512C189.967 898.512 189.559 898.638 189.223 898.89C188.887 899.142 188.629 899.472 188.449 899.88C188.281 900.288 188.197 900.738 188.197 901.23C188.197 901.71 188.281 902.16 188.449 902.58C188.629 902.988 188.887 903.318 189.223 903.57C189.559 903.822 189.967 903.948 190.447 903.948ZM190.447 910.446C190.027 910.446 189.679 910.302 189.403 910.014C189.139 909.738 189.007 909.402 189.007 909.006C189.007 908.61 189.139 908.274 189.403 907.998C189.679 907.722 190.027 907.584 190.447 907.584C190.855 907.584 191.191 907.722 191.455 907.998C191.731 908.274 191.869 908.61 191.869 909.006C191.869 909.402 191.731 909.738 191.455 910.014C191.191 910.302 190.855 910.446 190.447 910.446ZM202.171 906.18C201.331 906.18 200.599 906.042 199.975 905.766C199.351 905.478 198.835 905.1 198.427 904.632C198.019 904.164 197.713 903.636 197.509 903.048C197.305 902.448 197.203 901.842 197.203 901.23C197.203 900.618 197.305 900.018 197.509 899.43C197.713 898.842 198.019 898.314 198.427 897.846C198.835 897.366 199.351 896.988 199.975 896.712C200.599 896.424 201.331 896.28 202.171 896.28C203.023 896.28 203.725 896.406 204.277 896.658C204.829 896.898 205.267 897.204 205.591 897.576C205.927 897.936 206.173 898.302 206.329 898.674C206.485 899.034 206.581 899.34 206.617 899.592C206.665 899.832 206.689 899.952 206.689 899.952H204.133C204.133 899.952 204.109 899.88 204.061 899.736C204.025 899.58 203.941 899.406 203.809 899.214C203.689 899.01 203.503 898.836 203.251 898.692C202.999 898.536 202.663 898.458 202.243 898.458C201.727 898.458 201.295 898.59 200.947 898.854C200.611 899.106 200.359 899.442 200.191 899.862C200.023 900.282 199.939 900.738 199.939 901.23C199.939 901.722 200.023 902.178 200.191 902.598C200.359 903.018 200.611 903.36 200.947 903.624C201.295 903.876 201.727 904.002 202.243 904.002C202.663 904.002 202.999 903.93 203.251 903.786C203.503 903.63 203.689 903.456 203.809 903.264C203.941 903.06 204.025 902.886 204.061 902.742C204.109 902.586 204.133 902.508 204.133 902.508H206.689C206.689 902.508 206.665 902.634 206.617 902.886C206.581 903.126 206.485 903.432 206.329 903.804C206.173 904.164 205.927 904.53 205.591 904.902C205.267 905.262 204.829 905.568 204.277 905.82C203.725 906.06 203.023 906.18 202.171 906.18ZM217.244 906.18C216.5 906.18 215.906 906.072 215.462 905.856C215.018 905.628 214.682 905.346 214.454 905.01C214.226 904.662 214.076 904.296 214.004 903.912C213.932 903.528 213.896 903.174 213.896 902.85V898.638H212.276V896.46H213.896V894.102H216.632V896.46H218.666V898.638H216.632V902.778C216.632 903.174 216.734 903.48 216.938 903.696C217.154 903.912 217.508 904.02 218 904.02C218.216 904.02 218.414 904.002 218.594 903.966C218.774 903.93 218.864 903.912 218.864 903.912V906.018C218.864 906.018 218.702 906.042 218.378 906.09C218.054 906.15 217.676 906.18 217.244 906.18ZM224.038 895.146L222.058 891.888H224.596L226.054 895.128L224.038 895.146ZM223.822 906.18C223.15 906.18 222.592 906.036 222.148 905.748C221.716 905.46 221.392 905.076 221.176 904.596C220.96 904.104 220.852 903.552 220.852 902.94V896.46H223.57V902.4C223.57 902.856 223.69 903.228 223.93 903.516C224.182 903.792 224.536 903.93 224.992 903.93C225.388 903.93 225.7 903.834 225.928 903.642C226.168 903.45 226.342 903.204 226.45 902.904C226.558 902.604 226.612 902.286 226.612 901.95V896.46H228.502C228.982 896.46 229.222 896.22 229.222 895.74V894.462H231.418V895.83C231.418 896.466 231.25 896.964 230.914 897.324C230.578 897.672 230.08 897.846 229.42 897.846H229.348V906H226.612V904.65H226.504C226.3 905.022 225.982 905.37 225.55 905.694C225.13 906.018 224.554 906.18 223.822 906.18ZM238.511 906L235.019 896.46H237.755L239.987 902.922L242.129 896.46H244.883L241.373 906H238.511ZM249.469 906.18C248.797 906.18 248.239 906.036 247.795 905.748C247.363 905.46 247.039 905.076 246.823 904.596C246.607 904.104 246.499 903.552 246.499 902.94V896.46H249.217V902.4C249.217 902.856 249.337 903.228 249.577 903.516C249.829 903.792 250.183 903.93 250.639 903.93C251.035 903.93 251.347 903.834 251.575 903.642C251.815 903.45 251.989 903.204 252.097 902.904C252.205 902.604 252.259 902.286 252.259 901.95V896.46H254.149C254.629 896.46 254.869 896.22 254.869 895.74V894.462H257.065V895.83C257.065 896.466 256.897 896.964 256.561 897.324C256.225 897.672 255.727 897.846 255.067 897.846H254.995V906H252.259V904.65H252.151C251.947 905.022 251.629 905.37 251.197 905.694C250.777 906.018 250.201 906.18 249.469 906.18ZM250.639 910.446C250.219 910.446 249.871 910.302 249.595 910.014C249.331 909.738 249.199 909.402 249.199 909.006C249.199 908.61 249.331 908.274 249.595 907.998C249.871 907.722 250.219 907.584 250.639 907.584C251.047 907.584 251.383 907.722 251.647 907.998C251.923 908.274 252.061 908.61 252.061 909.006C252.061 909.402 251.923 909.738 251.647 910.014C251.383 910.302 251.047 910.446 250.639 910.446ZM258.079 906V896.46H260.815V897.828H260.905C261.013 897.636 261.169 897.42 261.373 897.18C261.589 896.94 261.871 896.73 262.219 896.55C262.579 896.37 263.035 896.28 263.587 896.28C264.331 896.28 264.937 896.454 265.405 896.802C265.873 897.138 266.215 897.576 266.431 898.116C266.647 898.644 266.755 899.202 266.755 899.79V906H264.019V900.258C264.019 899.802 263.893 899.4 263.641 899.052C263.401 898.704 263.011 898.53 262.471 898.53C262.063 898.53 261.739 898.626 261.499 898.818C261.259 899.01 261.085 899.256 260.977 899.556C260.869 899.856 260.815 900.174 260.815 900.51V906H258.079ZM273.628 909.816C272.74 909.816 272.008 909.708 271.432 909.492C270.868 909.276 270.418 909 270.082 908.664C269.746 908.34 269.5 908.016 269.344 907.692C269.188 907.368 269.086 907.092 269.038 906.864C269.002 906.648 268.984 906.54 268.984 906.54H271.648C271.648 906.54 271.666 906.594 271.702 906.702C271.75 906.822 271.84 906.954 271.972 907.098C272.104 907.254 272.296 907.386 272.548 907.494C272.812 907.614 273.16 907.674 273.592 907.674C274.336 907.674 274.882 907.464 275.23 907.044C275.59 906.624 275.77 906.072 275.77 905.388V904.38H275.644C275.524 904.572 275.344 904.782 275.104 905.01C274.864 905.238 274.558 905.43 274.186 905.586C273.814 905.742 273.364 905.82 272.836 905.82C272.128 905.82 271.51 905.688 270.982 905.424C270.454 905.148 270.01 904.782 269.65 904.326C269.302 903.87 269.038 903.36 268.858 902.796C268.69 902.232 268.606 901.65 268.606 901.05C268.606 900.462 268.69 899.886 268.858 899.322C269.038 898.746 269.302 898.23 269.65 897.774C270.01 897.318 270.454 896.958 270.982 896.694C271.51 896.418 272.128 896.28 272.836 896.28C273.364 896.28 273.814 896.364 274.186 896.532C274.558 896.688 274.864 896.88 275.104 897.108C275.356 897.324 275.536 897.534 275.644 897.738H275.77V896.46H278.506V905.388C278.506 906.18 278.332 906.912 277.984 907.584C277.636 908.256 277.102 908.796 276.382 909.204C275.662 909.612 274.744 909.816 273.628 909.816ZM273.592 903.66C274.096 903.66 274.51 903.534 274.834 903.282C275.17 903.03 275.422 902.706 275.59 902.31C275.758 901.902 275.842 901.482 275.842 901.05C275.842 900.606 275.758 900.186 275.59 899.79C275.422 899.394 275.17 899.07 274.834 898.818C274.51 898.566 274.096 898.44 273.592 898.44C273.1 898.44 272.686 898.566 272.35 898.818C272.026 899.07 271.78 899.394 271.612 899.79C271.444 900.186 271.36 900.606 271.36 901.05C271.36 901.482 271.444 901.902 271.612 902.31C271.78 902.706 272.026 903.03 272.35 903.282C272.686 903.534 273.1 903.66 273.592 903.66Z" fill="#0961F5"/>
<path d="M314.003 906V895.092H309.917V892.68H320.861V895.092H316.775V906H314.003ZM322.779 906V892.32H325.515V897.828H325.605C325.713 897.636 325.869 897.42 326.073 897.18C326.289 896.94 326.571 896.73 326.919 896.55C327.279 896.37 327.735 896.28 328.287 896.28C329.031 896.28 329.637 896.454 330.105 896.802C330.573 897.138 330.915 897.576 331.131 898.116C331.347 898.644 331.455 899.202 331.455 899.79V906H328.719V900.258C328.719 899.802 328.593 899.4 328.341 899.052C328.101 898.704 327.711 898.53 327.171 898.53C326.763 898.53 326.439 898.626 326.199 898.818C325.959 899.01 325.785 899.256 325.677 899.556C325.569 899.856 325.515 900.174 325.515 900.51V906H322.779ZM334.902 895.272L337.242 892.032H339.402L341.742 895.272H339.6L338.322 893.4L337.044 895.272H334.902ZM338.322 906.18C337.254 906.18 336.348 905.952 335.604 905.496C334.86 905.028 334.29 904.422 333.894 903.678C333.51 902.922 333.318 902.106 333.318 901.23C333.318 900.354 333.51 899.544 333.894 898.8C334.29 898.044 334.86 897.438 335.604 896.982C336.348 896.514 337.254 896.28 338.322 896.28C339.39 896.28 340.296 896.514 341.04 896.982C341.784 897.438 342.348 898.044 342.732 898.8C343.128 899.544 343.326 900.354 343.326 901.23C343.326 902.106 343.128 902.922 342.732 903.678C342.348 904.422 341.784 905.028 341.04 905.496C340.296 905.952 339.39 906.18 338.322 906.18ZM338.322 903.948C338.802 903.948 339.21 903.822 339.546 903.57C339.882 903.318 340.134 902.988 340.302 902.58C340.482 902.16 340.572 901.71 340.572 901.23C340.572 900.738 340.482 900.288 340.302 899.88C340.134 899.472 339.882 899.142 339.546 898.89C339.21 898.638 338.802 898.512 338.322 898.512C337.842 898.512 337.434 898.638 337.098 898.89C336.762 899.142 336.504 899.472 336.324 899.88C336.156 900.288 336.072 900.738 336.072 901.23C336.072 901.71 336.156 902.16 336.324 902.58C336.504 902.988 336.762 903.318 337.098 903.57C337.434 903.822 337.842 903.948 338.322 903.948ZM345.187 906V896.46H347.923V897.828H348.013C348.121 897.636 348.277 897.42 348.481 897.18C348.697 896.94 348.979 896.73 349.327 896.55C349.687 896.37 350.143 896.28 350.695 896.28C351.439 896.28 352.045 896.454 352.513 896.802C352.981 897.138 353.323 897.576 353.539 898.116C353.755 898.644 353.863 899.202 353.863 899.79V906H351.127V900.258C351.127 899.802 351.001 899.4 350.749 899.052C350.509 898.704 350.119 898.53 349.579 898.53C349.171 898.53 348.847 898.626 348.607 898.818C348.367 899.01 348.193 899.256 348.085 899.556C347.977 899.856 347.923 900.174 347.923 900.51V906H345.187ZM360.735 909.816C359.847 909.816 359.115 909.708 358.539 909.492C357.975 909.276 357.525 909 357.189 908.664C356.853 908.34 356.607 908.016 356.451 907.692C356.295 907.368 356.193 907.092 356.145 906.864C356.109 906.648 356.091 906.54 356.091 906.54H358.755C358.755 906.54 358.773 906.594 358.809 906.702C358.857 906.822 358.947 906.954 359.079 907.098C359.211 907.254 359.403 907.386 359.655 907.494C359.919 907.614 360.267 907.674 360.699 907.674C361.443 907.674 361.989 907.464 362.337 907.044C362.697 906.624 362.877 906.072 362.877 905.388V904.38H362.751C362.631 904.572 362.451 904.782 362.211 905.01C361.971 905.238 361.665 905.43 361.293 905.586C360.921 905.742 360.471 905.82 359.943 905.82C359.235 905.82 358.617 905.688 358.089 905.424C357.561 905.148 357.117 904.782 356.757 904.326C356.409 903.87 356.145 903.36 355.965 902.796C355.797 902.232 355.713 901.65 355.713 901.05C355.713 900.462 355.797 899.886 355.965 899.322C356.145 898.746 356.409 898.23 356.757 897.774C357.117 897.318 357.561 896.958 358.089 896.694C358.617 896.418 359.235 896.28 359.943 896.28C360.471 896.28 360.921 896.364 361.293 896.532C361.665 896.688 361.971 896.88 362.211 897.108C362.463 897.324 362.643 897.534 362.751 897.738H362.877V896.46H365.613V905.388C365.613 906.18 365.439 906.912 365.091 907.584C364.743 908.256 364.209 908.796 363.489 909.204C362.769 909.612 361.851 909.816 360.735 909.816ZM360.699 903.66C361.203 903.66 361.617 903.534 361.941 903.282C362.277 903.03 362.529 902.706 362.697 902.31C362.865 901.902 362.949 901.482 362.949 901.05C362.949 900.606 362.865 900.186 362.697 899.79C362.529 899.394 362.277 899.07 361.941 898.818C361.617 898.566 361.203 898.44 360.699 898.44C360.207 898.44 359.793 898.566 359.457 898.818C359.133 899.07 358.887 899.394 358.719 899.79C358.551 900.186 358.467 900.606 358.467 901.05C358.467 901.482 358.551 901.902 358.719 902.31C358.887 902.706 359.133 903.03 359.457 903.282C359.793 903.534 360.207 903.66 360.699 903.66ZM376.299 906.18C375.555 906.18 374.961 906.072 374.517 905.856C374.073 905.628 373.737 905.346 373.509 905.01C373.281 904.662 373.131 904.296 373.059 903.912C372.987 903.528 372.951 903.174 372.951 902.85V898.638H371.331V896.46H372.951V894.102H375.687V896.46H377.721V898.638H375.687V902.778C375.687 903.174 375.789 903.48 375.993 903.696C376.209 903.912 376.563 904.02 377.055 904.02C377.271 904.02 377.469 904.002 377.649 903.966C377.829 903.93 377.919 903.912 377.919 903.912V906.018C377.919 906.018 377.757 906.042 377.433 906.09C377.109 906.15 376.731 906.18 376.299 906.18ZM381.365 895.164C380.885 895.164 380.495 895.014 380.195 894.714C379.895 894.402 379.745 894.036 379.745 893.616C379.745 893.172 379.895 892.8 380.195 892.5C380.495 892.188 380.885 892.032 381.365 892.032C381.821 892.032 382.205 892.188 382.517 892.5C382.829 892.8 382.985 893.172 382.985 893.616C382.985 894.036 382.829 894.402 382.517 894.714C382.205 895.014 381.821 895.164 381.365 895.164ZM379.997 906V896.46H382.733V906H379.997ZM385.071 906V896.46H387.807V897.828H387.897C388.005 897.636 388.161 897.42 388.365 897.18C388.581 896.94 388.863 896.73 389.211 896.55C389.571 896.37 390.027 896.28 390.579 896.28C391.323 896.28 391.929 896.454 392.397 896.802C392.865 897.138 393.207 897.576 393.423 898.116C393.639 898.644 393.747 899.202 393.747 899.79V906H391.011V900.258C391.011 899.802 390.885 899.4 390.633 899.052C390.393 898.704 390.003 898.53 389.463 898.53C389.055 898.53 388.731 898.626 388.491 898.818C388.251 899.01 388.077 899.256 387.969 899.556C387.861 899.856 387.807 900.174 387.807 900.51V906H385.071Z" fill="#A0A4AB"/>
<rect opacity="0.35" x="389.833" y="17.8333" width="21" height="10.3333" rx="2.16667" stroke="black"/>
<path opacity="0.4" d="M412.333 21V25C413.138 24.6612 413.661 23.8731 413.661 23C413.661 22.1269 413.138 21.3388 412.333 21Z" fill="black"/>
<rect x="391.333" y="19.3333" width="18" height="7.33333" rx="1.33333" fill="black"/>
<path fill-rule="evenodd" clip-rule="evenodd" d="M366.88 25.7574C368.342 24.6752 370.483 24.6752 371.944 25.7574C372.018 25.8156 372.06 25.8983 372.063 25.985C372.064 26.0715 372.025 26.1548 371.955 26.2154L369.666 28.2379C369.599 28.2973 369.507 28.3307 369.412 28.3307C369.317 28.3307 369.225 28.2972 369.158 28.2379L366.869 26.2154C366.799 26.1547 366.76 26.0716 366.762 25.985C366.764 25.8982 366.806 25.8156 366.88 25.7574ZM363.826 23.0602C366.975 20.4958 371.852 20.4958 375.001 23.0602C375.072 23.1203 375.112 23.2032 375.113 23.2897C375.114 23.376 375.075 23.4589 375.006 23.5201L373.684 24.691C373.547 24.8105 373.326 24.8123 373.187 24.6959C372.152 23.8763 370.807 23.4224 369.412 23.4225C368.018 23.423 366.674 23.8769 365.641 24.6959C365.501 24.8122 365.28 24.8104 365.144 24.691L363.821 23.5201C363.752 23.4589 363.712 23.3761 363.713 23.2897C363.714 23.2031 363.755 23.1203 363.826 23.0602ZM360.771 20.3697C365.602 16.3175 373.222 16.3175 378.052 20.3697C378.122 20.4299 378.162 20.5124 378.162 20.5983C378.163 20.684 378.124 20.7669 378.055 20.8277L376.73 21.9977C376.594 22.1178 376.372 22.1188 376.233 22.0006C374.393 20.4691 371.951 19.615 369.412 19.6149C366.873 19.6149 364.43 20.469 362.59 22.0006C362.451 22.119 362.229 22.1179 362.093 21.9977L360.769 20.8277C360.7 20.7669 360.661 20.684 360.661 20.5983C360.662 20.5124 360.702 20.4299 360.771 20.3697Z" fill="#A0A4AB"/>
<path fill-rule="evenodd" clip-rule="evenodd" d="M337.835 24.3337C338.465 24.3339 338.976 24.7815 338.976 25.3337V27.3337C338.975 27.8858 338.465 28.3336 337.835 28.3337H336.693C336.063 28.3337 335.552 27.8859 335.552 27.3337V25.3337C335.552 24.7815 336.063 24.3337 336.693 24.3337H337.835ZM343.161 22.3337C343.791 22.3339 344.302 22.7815 344.302 23.3337V27.3337C344.302 27.8858 343.791 28.3336 343.161 28.3337H342.02C341.389 28.3337 340.878 27.8859 340.878 27.3337V23.3337C340.878 22.7815 341.389 22.3338 342.02 22.3337H343.161ZM348.487 19.9998C349.117 19.9998 349.629 20.4477 349.629 20.9998V27.3337C349.629 27.8858 349.117 28.3336 348.487 28.3337H347.346C346.716 28.3337 346.204 27.8859 346.204 27.3337V20.9998C346.204 20.4476 346.716 19.9998 347.346 19.9998H348.487ZM353.813 17.6667C354.444 17.6668 354.955 18.1145 354.955 18.6667V27.3337C354.955 27.8858 354.444 28.3337 353.813 28.3337H352.672C352.042 28.3337 351.53 27.8858 351.53 27.3337V18.6667C351.53 18.1145 352.042 17.6668 352.672 17.6667H353.813Z" fill="#A0A4AB"/>
<g clip-path="url(#clip2_22_1479)">
<path d="M39.387 21.115C39.387 20.715 39.302 20.37 39.132 20.08C38.962 19.78 38.727 19.55 38.427 19.39C38.137 19.22 37.807 19.135 37.437 19.135C37.067 19.135 36.732 19.22 36.432 19.39C36.142 19.55 35.912 19.78 35.742 20.08C35.572 20.37 35.487 20.715 35.487 21.115C35.487 21.505 35.572 21.85 35.742 22.15C35.912 22.45 36.142 22.685 36.432 22.855C36.732 23.025 37.067 23.11 37.437 23.11C37.807 23.11 38.137 23.025 38.427 22.855C38.727 22.685 38.962 22.45 39.132 22.15C39.302 21.85 39.387 21.505 39.387 21.115ZM37.257 27.97H34.542L37.917 24.01L38.292 23.875C38.042 24.135 37.787 24.31 37.527 24.4C37.267 24.48 36.952 24.52 36.582 24.52C36.182 24.52 35.792 24.44 35.412 24.28C35.032 24.12 34.687 23.89 34.377 23.59C34.077 23.29 33.837 22.93 33.657 22.51C33.477 22.09 33.387 21.625 33.387 21.115C33.387 20.295 33.567 19.6 33.927 19.03C34.297 18.46 34.787 18.03 35.397 17.74C36.007 17.44 36.687 17.29 37.437 17.29C38.187 17.29 38.867 17.44 39.477 17.74C40.087 18.03 40.572 18.46 40.932 19.03C41.302 19.6 41.487 20.295 41.487 21.115C41.487 21.635 41.387 22.12 41.187 22.57C40.987 23.01 40.742 23.42 40.452 23.8L37.257 27.97ZM43.0717 27.115C43.0717 26.775 43.1867 26.49 43.4167 26.26C43.6567 26.02 43.9517 25.9 44.3017 25.9C44.6617 25.9 44.9567 26.02 45.1867 26.26C45.4167 26.49 45.5317 26.775 45.5317 27.115C45.5317 27.435 45.4167 27.715 45.1867 27.955C44.9567 28.195 44.6617 28.315 44.3017 28.315C43.9517 28.315 43.6567 28.195 43.4167 27.955C43.1867 27.715 43.0717 27.435 43.0717 27.115ZM43.0717 21.475C43.0717 21.145 43.1867 20.86 43.4167 20.62C43.6567 20.38 43.9517 20.26 44.3017 20.26C44.6617 20.26 44.9567 20.38 45.1867 20.62C45.4167 20.86 45.5317 21.145 45.5317 21.475C45.5317 21.805 45.4167 22.09 45.1867 22.33C44.9567 22.57 44.6617 22.69 44.3017 22.69C43.9517 22.69 43.6567 22.57 43.4167 22.33C43.1867 22.09 43.0717 21.805 43.0717 21.475ZM46.6032 26.065L52.6182 17.5H54.0732V28H51.8682V25.36L52.0482 25.195V20.92L49.5732 24.46H53.3232L53.5782 24.235H55.7232V26.065H46.6032ZM57.0598 20.23V18.295L61.6648 17.32V28H59.5798V19.57L57.0598 20.23Z" fill="black"/>
</g>
<path fill-rule="evenodd" clip-rule="evenodd" d="M354.982 843.828C352.452 843.818 350.031 844.826 348.244 846.621C346.456 848.419 345.451 850.861 345.451 853.399C345.441 857.277 347.756 860.782 351.319 862.277C354.874 863.762 358.977 862.952 361.709 860.207C364.435 857.472 365.255 853.341 363.782 849.756C362.307 846.174 358.829 843.828 354.982 843.828ZM349.914 841.016C354.884 838.946 360.617 840.098 364.415 843.936C368.225 847.764 369.357 853.537 367.287 858.537C365.227 863.547 360.362 866.81 354.982 866.8C347.639 866.78 341.691 860.792 341.691 853.399L341.711 852.824C341.926 847.631 345.119 843.018 349.914 841.016ZM349.709 871.917C353.302 871.615 356.917 871.615 360.509 871.917C362.472 872.055 364.425 872.337 366.34 872.777C370.49 873.617 373.205 875.268 374.338 877.688C375.245 879.69 375.218 882.005 374.27 883.998C373.118 886.421 370.402 888.071 366.182 888.931C364.28 889.358 362.335 889.633 360.372 889.761C358.214 890.003 356.379 890.003 354.669 890.003H353.997C353.029 889.896 352.297 889.076 352.297 888.101C352.297 887.123 353.029 886.303 353.997 886.196H355.489C356.984 886.176 358.497 886.108 360.002 885.981C361.779 885.863 363.547 885.608 365.295 885.228C368.282 884.573 370.167 883.625 370.755 882.368C371.212 881.41 371.212 880.295 370.755 879.34C370.167 878.06 368.282 877.073 365.352 876.478C363.585 876.078 361.789 875.813 359.982 875.705C356.604 875.393 353.204 875.393 349.826 875.705C348.039 875.823 346.261 876.068 344.514 876.448C341.513 877.113 339.658 878.06 339.053 879.31C338.828 879.788 338.721 880.305 338.721 880.833C338.721 881.36 338.828 881.888 339.053 882.368C340.088 883.803 341.671 884.731 343.419 884.946L343.674 885.013C344.249 885.208 344.699 885.678 344.874 886.283C345.079 886.956 344.884 887.698 344.376 888.198C343.869 888.696 343.126 888.861 342.461 888.636C339.638 888.178 337.168 886.488 335.703 884.018C334.766 882.025 334.766 879.7 335.703 877.708C336.866 875.218 339.571 873.617 343.751 872.757C345.714 872.327 347.706 872.055 349.709 871.917Z" fill="#A0A4AB"/>
</g>
<path d="M60.5 129C72.9264 129 83 118.926 83 106.5C83 94.0736 72.9264 84 60.5 84C48.0736 84 38 94.0736 38 106.5C38 118.926 48.0736 129 60.5 129Z" fill="#EEF4FF"/>
<path d="M97.384 116V101.456H91.936V98.24H106.528V101.456H101.08V116H97.384ZM111.622 101.528L108.982 97.184H112.366L114.31 101.504L111.622 101.528ZM111.334 116.24C110.438 116.24 109.694 116.048 109.102 115.664C108.526 115.28 108.094 114.768 107.806 114.128C107.518 113.472 107.374 112.736 107.374 111.92V103.28H110.998V111.2C110.998 111.808 111.158 112.304 111.478 112.688C111.814 113.056 112.286 113.24 112.894 113.24C113.422 113.24 113.838 113.112 114.142 112.856C114.462 112.6 114.694 112.272 114.838 111.872C114.982 111.472 115.054 111.048 115.054 110.6V103.28H117.574C118.214 103.28 118.534 102.96 118.534 102.32V100.616H121.462V102.44C121.462 103.288 121.238 103.952 120.79 104.432C120.342 104.896 119.678 105.128 118.798 105.128H118.702V116H115.054V114.2H114.91C114.638 114.696 114.214 115.16 113.638 115.592C113.078 116.024 112.31 116.24 111.334 116.24ZM130.919 116L126.263 103.28H129.911L132.887 111.896L135.743 103.28H139.415L134.735 116H130.919ZM145.529 116.24C144.633 116.24 143.889 116.048 143.297 115.664C142.721 115.28 142.289 114.768 142.001 114.128C141.713 113.472 141.569 112.736 141.569 111.92V103.28H145.193V111.2C145.193 111.808 145.353 112.304 145.673 112.688C146.009 113.056 146.481 113.24 147.089 113.24C147.617 113.24 148.033 113.112 148.337 112.856C148.657 112.6 148.889 112.272 149.033 111.872C149.177 111.472 149.249 111.048 149.249 110.6V103.28H151.769C152.409 103.28 152.729 102.96 152.729 102.32V100.616H155.657V102.44C155.657 103.288 155.433 103.952 154.985 104.432C154.537 104.896 153.873 105.128 152.993 105.128H152.897V116H149.249V114.2H149.105C148.833 114.696 148.409 115.16 147.833 115.592C147.273 116.024 146.505 116.24 145.529 116.24ZM147.089 121.928C146.529 121.928 146.065 121.736 145.697 121.352C145.345 120.984 145.169 120.536 145.169 120.008C145.169 119.48 145.345 119.032 145.697 118.664C146.065 118.296 146.529 118.112 147.089 118.112C147.633 118.112 148.081 118.296 148.433 118.664C148.801 119.032 148.985 119.48 148.985 120.008C148.985 120.536 148.801 120.984 148.433 121.352C148.081 121.736 147.633 121.928 147.089 121.928ZM157.009 116V103.28H160.657V105.104H160.777C160.921 104.848 161.129 104.56 161.401 104.24C161.689 103.92 162.065 103.64 162.529 103.4C163.009 103.16 163.617 103.04 164.353 103.04C165.345 103.04 166.153 103.272 166.777 103.736C167.401 104.184 167.857 104.768 168.145 105.488C168.433 106.192 168.577 106.936 168.577 107.72V116H164.929V108.344C164.929 107.736 164.761 107.2 164.425 106.736C164.105 106.272 163.585 106.04 162.865 106.04C162.321 106.04 161.889 106.168 161.569 106.424C161.249 106.68 161.017 107.008 160.873 107.408C160.729 107.808 160.657 108.232 160.657 108.68V116H157.009ZM177.74 121.088C176.556 121.088 175.58 120.944 174.812 120.656C174.06 120.368 173.46 120 173.012 119.552C172.564 119.12 172.236 118.688 172.028 118.256C171.82 117.824 171.684 117.456 171.62 117.152C171.572 116.864 171.548 116.72 171.548 116.72H175.1C175.1 116.72 175.124 116.792 175.172 116.936C175.236 117.096 175.356 117.272 175.532 117.464C175.708 117.672 175.964 117.848 176.3 117.992C176.652 118.152 177.116 118.232 177.692 118.232C178.684 118.232 179.412 117.952 179.876 117.392C180.356 116.832 180.596 116.096 180.596 115.184V113.84H180.428C180.268 114.096 180.028 114.376 179.708 114.68C179.388 114.984 178.98 115.24 178.484 115.448C177.988 115.656 177.388 115.76 176.684 115.76C175.74 115.76 174.916 115.584 174.212 115.232C173.508 114.864 172.916 114.376 172.436 113.768C171.972 113.16 171.62 112.48 171.38 111.728C171.156 110.976 171.044 110.2 171.044 109.4C171.044 108.616 171.156 107.848 171.38 107.096C171.62 106.328 171.972 105.64 172.436 105.032C172.916 104.424 173.508 103.944 174.212 103.592C174.916 103.224 175.74 103.04 176.684 103.04C177.388 103.04 177.988 103.152 178.484 103.376C178.98 103.584 179.388 103.84 179.708 104.144C180.044 104.432 180.284 104.712 180.428 104.984H180.596V103.28H184.244V115.184C184.244 116.24 184.012 117.216 183.548 118.112C183.084 119.008 182.372 119.728 181.412 120.272C180.452 120.816 179.228 121.088 177.74 121.088ZM177.692 112.88C178.364 112.88 178.916 112.712 179.348 112.376C179.796 112.04 180.132 111.608 180.356 111.08C180.58 110.536 180.692 109.976 180.692 109.4C180.692 108.808 180.58 108.248 180.356 107.72C180.132 107.192 179.796 106.76 179.348 106.424C178.916 106.088 178.364 105.92 177.692 105.92C177.036 105.92 176.484 106.088 176.036 106.424C175.604 106.76 175.276 107.192 175.052 107.72C174.828 108.248 174.716 108.808 174.716 109.4C174.716 109.976 174.828 110.536 175.052 111.08C175.276 111.608 175.604 112.04 176.036 112.376C176.484 112.712 177.036 112.88 177.692 112.88Z" fill="#378ADD"/>
<path d="M66 97L52 107L66 117" stroke="#378ADD" stroke-width="2" stroke-linecap="round" stroke-linejoin="round"/>
<path d="M356 311H52C43.7157 311 37 317.716 37 326V358C37 366.284 43.7157 373 52 373H356C364.284 373 371 366.284 371 358V326C371 317.716 364.284 311 356 311Z" fill="#F0F6FF" stroke="#0961F5" stroke-width="1.5"/>
<path d="M85 322H63C56.3726 322 51 327.373 51 334V350C51 356.627 56.3726 362 63 362H85C91.6274 362 97 356.627 97 350V334C97 327.373 91.6274 322 85 322Z" fill="#F5F9FF"/>
<path d="M112.918 342V324.545H115.551V332.881H115.764L123.085 324.545H126.401L119.361 332.403L126.426 342H123.256L117.614 334.202L115.551 336.571V342H112.918ZM131.199 334.227V342H128.651V324.545H131.165V331.04H131.327C131.634 330.335 132.102 329.776 132.733 329.361C133.364 328.946 134.188 328.739 135.205 328.739C136.102 328.739 136.886 328.923 137.557 329.293C138.233 329.662 138.756 330.213 139.125 330.946C139.5 331.673 139.688 332.582 139.688 333.673V342H137.139V333.98C137.139 333.02 136.892 332.276 136.398 331.747C135.903 331.213 135.216 330.946 134.335 330.946C133.733 330.946 133.193 331.074 132.716 331.33C132.244 331.585 131.872 331.96 131.599 332.455C131.332 332.943 131.199 333.534 131.199 334.227ZM146.898 342.29C146.068 342.29 145.318 342.136 144.648 341.83C143.977 341.517 143.446 341.065 143.054 340.474C142.668 339.884 142.474 339.159 142.474 338.301C142.474 337.562 142.616 336.955 142.901 336.477C143.185 336 143.568 335.622 144.051 335.344C144.534 335.065 145.074 334.855 145.67 334.713C146.267 334.571 146.875 334.463 147.494 334.389C148.278 334.298 148.915 334.224 149.403 334.168C149.892 334.105 150.247 334.006 150.469 333.869C150.69 333.733 150.801 333.511 150.801 333.205V333.145C150.801 332.401 150.591 331.824 150.17 331.415C149.756 331.006 149.136 330.801 148.312 330.801C147.455 330.801 146.778 330.991 146.284 331.372C145.795 331.747 145.457 332.165 145.27 332.625L142.875 332.08C143.159 331.284 143.574 330.642 144.119 330.153C144.67 329.659 145.304 329.301 146.02 329.08C146.736 328.852 147.489 328.739 148.278 328.739C148.801 328.739 149.355 328.801 149.94 328.926C150.531 329.045 151.082 329.267 151.594 329.591C152.111 329.915 152.534 330.378 152.864 330.98C153.193 331.577 153.358 332.352 153.358 333.307V342H150.869V340.21H150.767C150.602 340.54 150.355 340.864 150.026 341.182C149.696 341.5 149.273 341.764 148.756 341.974C148.239 342.185 147.619 342.29 146.898 342.29ZM147.452 340.244C148.156 340.244 148.759 340.105 149.259 339.827C149.764 339.548 150.148 339.185 150.409 338.736C150.676 338.281 150.81 337.795 150.81 337.278V335.591C150.719 335.682 150.543 335.767 150.281 335.847C150.026 335.92 149.733 335.986 149.403 336.043C149.074 336.094 148.753 336.142 148.44 336.188C148.128 336.227 147.866 336.261 147.656 336.29C147.162 336.352 146.71 336.457 146.301 336.605C145.898 336.753 145.574 336.966 145.33 337.244C145.091 337.517 144.972 337.881 144.972 338.335C144.972 338.966 145.205 339.443 145.67 339.767C146.136 340.085 146.73 340.244 147.452 340.244ZM147.358 327.162L149.352 323.233H152.037L149.395 327.162H147.358ZM156.752 342V328.909H159.198V331.04H159.36C159.633 330.318 160.079 329.756 160.698 329.352C161.317 328.943 162.059 328.739 162.923 328.739C163.798 328.739 164.531 328.943 165.121 329.352C165.718 329.761 166.158 330.324 166.442 331.04H166.579C166.891 330.341 167.388 329.784 168.07 329.369C168.752 328.949 169.565 328.739 170.508 328.739C171.695 328.739 172.664 329.111 173.414 329.855C174.17 330.599 174.548 331.722 174.548 333.222V342H171.999V333.46C171.999 332.574 171.758 331.932 171.275 331.534C170.792 331.136 170.215 330.938 169.545 330.938C168.715 330.938 168.07 331.193 167.61 331.705C167.15 332.21 166.92 332.861 166.92 333.656V342H164.38V333.298C164.38 332.588 164.158 332.017 163.715 331.585C163.272 331.153 162.695 330.938 161.985 330.938C161.502 330.938 161.056 331.065 160.647 331.321C160.244 331.571 159.917 331.92 159.667 332.369C159.423 332.818 159.3 333.338 159.3 333.929V342H156.752ZM184.519 342V324.545H187.067V331.031H187.221C187.369 330.759 187.582 330.443 187.86 330.085C188.138 329.727 188.525 329.415 189.019 329.148C189.513 328.875 190.167 328.739 190.979 328.739C192.036 328.739 192.979 329.006 193.809 329.54C194.638 330.074 195.289 330.844 195.761 331.849C196.238 332.855 196.477 334.065 196.477 335.48C196.477 336.895 196.241 338.108 195.769 339.119C195.298 340.125 194.65 340.901 193.826 341.446C193.002 341.986 192.062 342.256 191.005 342.256C190.21 342.256 189.559 342.122 189.053 341.855C188.553 341.588 188.161 341.276 187.877 340.918C187.593 340.56 187.374 340.241 187.221 339.963H187.008V342H184.519ZM187.016 335.455C187.016 336.375 187.15 337.182 187.417 337.875C187.684 338.568 188.07 339.111 188.576 339.503C189.082 339.889 189.701 340.082 190.434 340.082C191.195 340.082 191.832 339.881 192.343 339.477C192.854 339.068 193.241 338.514 193.502 337.815C193.769 337.116 193.903 336.33 193.903 335.455C193.903 334.591 193.772 333.815 193.511 333.128C193.255 332.44 192.869 331.898 192.352 331.5C191.84 331.102 191.201 330.903 190.434 330.903C189.695 330.903 189.07 331.094 188.559 331.474C188.053 331.855 187.67 332.386 187.408 333.068C187.147 333.75 187.016 334.545 187.016 335.455ZM204.98 342.264C203.69 342.264 202.58 341.989 201.648 341.438C200.722 340.881 200.006 340.099 199.5 339.094C199 338.082 198.75 336.898 198.75 335.54C198.75 334.199 199 333.017 199.5 331.994C200.006 330.972 200.71 330.173 201.614 329.599C202.523 329.026 203.585 328.739 204.801 328.739C205.54 328.739 206.256 328.861 206.949 329.105C207.642 329.349 208.264 329.733 208.815 330.256C209.366 330.778 209.801 331.457 210.119 332.293C210.438 333.122 210.597 334.131 210.597 335.318V336.222H200.19V334.312H208.099C208.099 333.642 207.963 333.048 207.69 332.531C207.418 332.009 207.034 331.597 206.54 331.295C206.051 330.994 205.477 330.844 204.818 330.844C204.102 330.844 203.477 331.02 202.943 331.372C202.415 331.719 202.006 332.173 201.716 332.736C201.432 333.293 201.29 333.898 201.29 334.551V336.043C201.29 336.918 201.443 337.662 201.75 338.276C202.062 338.889 202.497 339.358 203.054 339.682C203.611 340 204.261 340.159 205.006 340.159C205.489 340.159 205.929 340.091 206.327 339.955C206.724 339.812 207.068 339.602 207.358 339.324C207.648 339.045 207.869 338.702 208.023 338.293L210.435 338.727C210.241 339.437 209.895 340.06 209.395 340.594C208.901 341.122 208.278 341.534 207.528 341.83C206.784 342.119 205.935 342.264 204.98 342.264ZM206.455 327.341L204.707 325.057L202.952 327.341H200.651V327.213L203.642 323.599H205.764L208.764 327.213V327.341H206.455ZM204.699 346.517C204.261 346.517 203.884 346.369 203.565 346.074C203.247 345.778 203.088 345.42 203.088 345C203.088 344.58 203.247 344.222 203.565 343.926C203.884 343.631 204.261 343.483 204.699 343.483C205.142 343.483 205.52 343.631 205.832 343.926C206.151 344.222 206.31 344.58 206.31 345C206.31 345.42 206.151 345.778 205.832 346.074C205.52 346.369 205.142 346.517 204.699 346.517ZM215.972 334.227V342H213.424V328.909H215.87V331.04H216.032C216.333 330.347 216.805 329.79 217.447 329.369C218.094 328.949 218.91 328.739 219.893 328.739C220.785 328.739 221.566 328.926 222.237 329.301C222.907 329.67 223.427 330.222 223.796 330.955C224.165 331.687 224.35 332.594 224.35 333.673V342H221.802V333.98C221.802 333.031 221.555 332.29 221.06 331.756C220.566 331.216 219.887 330.946 219.023 330.946C218.433 330.946 217.907 331.074 217.447 331.33C216.992 331.585 216.631 331.96 216.364 332.455C216.103 332.943 215.972 333.534 215.972 334.227ZM230.316 334.227V342H227.768V324.545H230.282V331.04H230.444C230.751 330.335 231.219 329.776 231.85 329.361C232.481 328.946 233.305 328.739 234.322 328.739C235.219 328.739 236.004 328.923 236.674 329.293C237.35 329.662 237.873 330.213 238.242 330.946C238.617 331.673 238.805 332.582 238.805 333.673V342H236.256V333.98C236.256 333.02 236.009 332.276 235.515 331.747C235.021 331.213 234.333 330.946 233.452 330.946C232.85 330.946 232.31 331.074 231.833 331.33C231.362 331.585 230.989 331.96 230.717 332.455C230.45 332.943 230.316 333.534 230.316 334.227Z" fill="#202244"/>
<path d="M117.42 367.199C116.483 367.199 115.647 367.038 114.913 366.716C114.184 366.394 113.604 365.946 113.173 365.374C112.747 364.796 112.515 364.126 112.477 363.364H114.267C114.305 363.832 114.466 364.237 114.75 364.578C115.034 364.914 115.406 365.175 115.865 365.359C116.324 365.544 116.833 365.636 117.392 365.636C118.017 365.636 118.571 365.527 119.054 365.31C119.537 365.092 119.916 364.789 120.19 364.401C120.465 364.012 120.602 363.562 120.602 363.051C120.602 362.516 120.47 362.045 120.205 361.638C119.939 361.226 119.551 360.904 119.04 360.672C118.528 360.44 117.903 360.324 117.165 360.324H116V358.761H117.165C117.742 358.761 118.249 358.657 118.685 358.449C119.125 358.241 119.468 357.947 119.714 357.568C119.965 357.189 120.091 356.744 120.091 356.233C120.091 355.741 119.982 355.312 119.764 354.947C119.546 354.583 119.239 354.299 118.841 354.095C118.448 353.892 117.984 353.79 117.449 353.79C116.947 353.79 116.473 353.882 116.028 354.067C115.588 354.247 115.228 354.509 114.949 354.855C114.67 355.196 114.518 355.608 114.494 356.091H112.79C112.818 355.329 113.048 354.661 113.479 354.088C113.91 353.51 114.473 353.061 115.169 352.739C115.87 352.417 116.639 352.256 117.477 352.256C118.377 352.256 119.149 352.438 119.793 352.803C120.437 353.162 120.931 353.638 121.277 354.23C121.623 354.822 121.795 355.461 121.795 356.148C121.795 356.967 121.58 357.665 121.149 358.243C120.723 358.821 120.143 359.221 119.409 359.443V359.557C120.328 359.708 121.045 360.099 121.561 360.729C122.077 361.354 122.335 362.128 122.335 363.051C122.335 363.842 122.12 364.552 121.689 365.182C121.263 365.807 120.68 366.299 119.942 366.659C119.203 367.019 118.363 367.199 117.42 367.199ZM125.24 367V365.722L130.041 360.466C130.605 359.85 131.069 359.315 131.433 358.861C131.798 358.402 132.068 357.971 132.243 357.568C132.423 357.161 132.513 356.735 132.513 356.29C132.513 355.778 132.39 355.336 132.143 354.962C131.902 354.588 131.571 354.299 131.149 354.095C130.728 353.892 130.254 353.79 129.729 353.79C129.17 353.79 128.682 353.906 128.266 354.138C127.854 354.365 127.534 354.685 127.307 355.097C127.084 355.509 126.973 355.991 126.973 356.545H125.297C125.297 355.693 125.493 354.945 125.886 354.301C126.279 353.657 126.814 353.155 127.491 352.795C128.173 352.436 128.938 352.256 129.786 352.256C130.638 352.256 131.393 352.436 132.051 352.795C132.709 353.155 133.225 353.641 133.599 354.251C133.973 354.862 134.161 355.542 134.161 356.29C134.161 356.825 134.063 357.348 133.869 357.859C133.68 358.366 133.348 358.932 132.875 359.557C132.406 360.177 131.755 360.935 130.922 361.83L127.655 365.324V365.438H134.416V367H125.24ZM147.747 356.091V357.511H142.094V356.091H147.747ZM143.741 353.477H145.418V363.875C145.418 364.348 145.486 364.704 145.624 364.94C145.766 365.172 145.946 365.329 146.163 365.409C146.386 365.485 146.62 365.523 146.866 365.523C147.051 365.523 147.203 365.513 147.321 365.494C147.439 365.471 147.534 365.452 147.605 365.438L147.946 366.943C147.832 366.986 147.674 367.028 147.47 367.071C147.267 367.118 147.009 367.142 146.696 367.142C146.223 367.142 145.759 367.04 145.304 366.837C144.854 366.633 144.48 366.323 144.182 365.906C143.888 365.49 143.741 364.964 143.741 364.33V353.477ZM160.098 355.608H161.575C161.575 356.328 161.481 356.931 161.291 357.419C161.102 357.902 160.77 358.267 160.297 358.513C159.823 358.754 159.161 358.875 158.308 358.875V357.71C158.895 357.71 159.312 357.639 159.558 357.497C159.809 357.35 159.961 357.123 160.013 356.815C160.07 356.503 160.098 356.1 160.098 355.608ZM157.143 362.54V356.091H158.82V367H157.143V365.153H157.03C156.774 365.707 156.376 366.179 155.837 366.567C155.297 366.95 154.615 367.142 153.791 367.142C153.109 367.142 152.503 366.993 151.973 366.695C151.443 366.392 151.026 365.937 150.723 365.331C150.42 364.72 150.268 363.951 150.268 363.023V356.091H151.945V362.909C151.945 363.705 152.167 364.339 152.612 364.812C153.062 365.286 153.635 365.523 154.331 365.523C154.748 365.523 155.171 365.416 155.602 365.203C156.038 364.99 156.402 364.663 156.696 364.223C156.994 363.783 157.143 363.222 157.143 362.54ZM153.848 354.614L151.632 351.318H153.592L155.325 354.614H153.848ZM177.255 356.091L173.221 367H171.517L167.483 356.091H169.301L172.312 364.784H172.426L175.437 356.091H177.255ZM189.297 355.608H190.775C190.775 356.328 190.68 356.931 190.49 357.419C190.301 357.902 189.97 358.267 189.496 358.513C189.023 358.754 188.36 358.875 187.507 358.875V357.71C188.095 357.71 188.511 357.639 188.757 357.497C189.008 357.35 189.16 357.123 189.212 356.815C189.269 356.503 189.297 356.1 189.297 355.608ZM186.343 362.54V356.091H188.019V367H186.343V365.153H186.229C185.973 365.707 185.576 366.179 185.036 366.567C184.496 366.95 183.814 367.142 182.99 367.142C182.309 367.142 181.703 366.993 181.172 366.695C180.642 366.392 180.225 365.937 179.922 365.331C179.619 364.72 179.468 363.951 179.468 363.023V356.091H181.144V362.909C181.144 363.705 181.366 364.339 181.811 364.812C182.261 365.286 182.834 365.523 183.53 365.523C183.947 365.523 184.371 365.416 184.801 365.203C185.237 364.99 185.602 364.663 185.895 364.223C186.194 363.783 186.343 363.222 186.343 362.54ZM183.757 370.608C183.431 370.608 183.149 370.497 182.912 370.274C182.68 370.052 182.564 369.784 182.564 369.472C182.564 369.159 182.68 368.892 182.912 368.669C183.149 368.446 183.431 368.335 183.757 368.335C184.084 368.335 184.364 368.446 184.596 368.669C184.832 368.892 184.951 369.159 184.951 369.472C184.951 369.784 184.832 370.052 184.596 370.274C184.364 370.497 184.084 370.608 183.757 370.608ZM193.585 360.438V367H191.909V356.091H193.528V357.795H193.67C193.926 357.241 194.314 356.796 194.835 356.46C195.356 356.119 196.028 355.949 196.852 355.949C197.591 355.949 198.237 356.1 198.791 356.403C199.345 356.702 199.776 357.156 200.084 357.767C200.392 358.373 200.545 359.14 200.545 360.068V367H198.869V360.182C198.869 359.325 198.647 358.657 198.202 358.179C197.757 357.696 197.146 357.455 196.369 357.455C195.834 357.455 195.356 357.571 194.935 357.803C194.518 358.035 194.189 358.373 193.947 358.818C193.706 359.263 193.585 359.803 193.585 360.438ZM208.012 371.318C207.202 371.318 206.506 371.214 205.924 371.006C205.341 370.802 204.856 370.532 204.468 370.196C204.084 369.865 203.779 369.509 203.551 369.131L204.887 368.193C205.038 368.392 205.23 368.619 205.462 368.875C205.694 369.135 206.011 369.36 206.414 369.55C206.821 369.744 207.354 369.841 208.012 369.841C208.892 369.841 209.619 369.628 210.192 369.202C210.765 368.776 211.051 368.108 211.051 367.199V364.983H210.909C210.786 365.182 210.611 365.428 210.384 365.722C210.161 366.01 209.839 366.268 209.418 366.496C209.001 366.718 208.438 366.83 207.728 366.83C206.847 366.83 206.056 366.621 205.355 366.205C204.659 365.788 204.108 365.182 203.701 364.386C203.298 363.591 203.097 362.625 203.097 361.489C203.097 360.371 203.293 359.398 203.686 358.57C204.079 357.736 204.626 357.092 205.327 356.638C206.028 356.179 206.837 355.949 207.756 355.949C208.466 355.949 209.03 356.067 209.446 356.304C209.868 356.536 210.19 356.801 210.412 357.099C210.64 357.393 210.815 357.634 210.938 357.824H211.108V356.091H212.728V367.312C212.728 368.25 212.515 369.012 212.088 369.599C211.667 370.191 211.099 370.625 210.384 370.899C209.674 371.179 208.883 371.318 208.012 371.318ZM207.955 365.324C208.627 365.324 209.195 365.17 209.659 364.862C210.123 364.554 210.476 364.112 210.718 363.534C210.959 362.956 211.08 362.265 211.08 361.46C211.08 360.674 210.962 359.981 210.725 359.379C210.488 358.778 210.138 358.307 209.674 357.966C209.21 357.625 208.637 357.455 207.955 357.455C207.245 357.455 206.653 357.634 206.179 357.994C205.711 358.354 205.358 358.837 205.121 359.443C204.889 360.049 204.773 360.722 204.773 361.46C204.773 362.218 204.891 362.888 205.128 363.47C205.37 364.048 205.725 364.502 206.194 364.834C206.667 365.161 207.254 365.324 207.955 365.324Z" fill="#545454"/>
<path d="M357 325H347C342.582 325 339 328.582 339 333V343C339 347.418 342.582 351 347 351H357C361.418 351 365 347.418 365 343V333C365 328.582 361.418 325 357 325Z" fill="#0961F5"/>
<path d="M345 338L350 344L359 332" stroke="white" stroke-width="2.5" stroke-linecap="round" stroke-linejoin="round"/>
<path d="M356 381H52C43.7157 381 37 387.716 37 396V428C37 436.284 43.7157 443 52 443H356C364.284 443 371 436.284 371 428V396C371 387.716 364.284 381 356 381Z" fill="#F0F6FF" stroke="#0961F5" stroke-width="1.5"/>
<path d="M85 392H63C56.3726 392 51 397.373 51 404V420C51 426.627 56.3726 432 63 432H85C91.6274 432 97 426.627 97 420V404C97 397.373 91.6274 392 85 392Z" fill="#F5F9FF"/>
<path d="M124.73 400.06C124.565 399.543 124.344 399.08 124.065 398.67C123.793 398.256 123.466 397.903 123.085 397.614C122.705 397.318 122.27 397.094 121.781 396.94C121.298 396.787 120.767 396.71 120.188 396.71C119.205 396.71 118.318 396.963 117.528 397.469C116.739 397.974 116.114 398.716 115.653 399.693C115.199 400.665 114.972 401.855 114.972 403.264C114.972 404.679 115.202 405.875 115.662 406.852C116.122 407.83 116.753 408.571 117.554 409.077C118.355 409.582 119.267 409.835 120.29 409.835C121.239 409.835 122.065 409.642 122.77 409.256C123.48 408.869 124.028 408.324 124.415 407.619C124.807 406.909 125.003 406.074 125.003 405.114L125.685 405.241H120.69V403.068H127.551V405.054C127.551 406.52 127.239 407.793 126.614 408.872C125.994 409.946 125.136 410.776 124.04 411.361C122.949 411.946 121.699 412.239 120.29 412.239C118.71 412.239 117.324 411.875 116.131 411.148C114.943 410.42 114.017 409.389 113.352 408.054C112.688 406.713 112.355 405.122 112.355 403.281C112.355 401.889 112.548 400.639 112.935 399.531C113.321 398.423 113.864 397.483 114.562 396.71C115.267 395.932 116.094 395.338 117.043 394.929C117.997 394.514 119.04 394.307 120.17 394.307C121.114 394.307 121.991 394.446 122.804 394.724C123.622 395.003 124.349 395.398 124.986 395.909C125.628 396.42 126.159 397.028 126.58 397.733C127 398.432 127.284 399.207 127.432 400.06H124.73ZM131.51 412V398.909H134.058V412H131.51ZM132.797 396.889C132.354 396.889 131.973 396.741 131.655 396.446C131.342 396.145 131.186 395.787 131.186 395.372C131.186 394.952 131.342 394.594 131.655 394.298C131.973 393.997 132.354 393.847 132.797 393.847C133.24 393.847 133.618 393.997 133.93 394.298C134.249 394.594 134.408 394.952 134.408 395.372C134.408 395.787 134.249 396.145 133.93 396.446C133.618 396.741 133.24 396.889 132.797 396.889ZM141.296 412.29C140.467 412.29 139.717 412.136 139.046 411.83C138.376 411.517 137.844 411.065 137.452 410.474C137.066 409.884 136.873 409.159 136.873 408.301C136.873 407.562 137.015 406.955 137.299 406.477C137.583 406 137.967 405.622 138.45 405.344C138.933 405.065 139.472 404.855 140.069 404.713C140.665 404.571 141.273 404.463 141.893 404.389C142.677 404.298 143.313 404.224 143.802 404.168C144.29 404.105 144.646 404.006 144.867 403.869C145.089 403.733 145.2 403.511 145.2 403.205V403.145C145.2 402.401 144.989 401.824 144.569 401.415C144.154 401.006 143.535 400.801 142.711 400.801C141.853 400.801 141.177 400.991 140.683 401.372C140.194 401.747 139.856 402.165 139.668 402.625L137.273 402.08C137.558 401.284 137.972 400.642 138.518 400.153C139.069 399.659 139.702 399.301 140.418 399.08C141.134 398.852 141.887 398.739 142.677 398.739C143.2 398.739 143.754 398.801 144.339 398.926C144.93 399.045 145.481 399.267 145.992 399.591C146.509 399.915 146.933 400.378 147.262 400.98C147.592 401.577 147.756 402.352 147.756 403.307V412H145.268V410.21H145.165C145.001 410.54 144.754 410.864 144.424 411.182C144.094 411.5 143.671 411.764 143.154 411.974C142.637 412.185 142.018 412.29 141.296 412.29ZM141.85 410.244C142.555 410.244 143.157 410.105 143.657 409.827C144.163 409.548 144.546 409.185 144.808 408.736C145.075 408.281 145.208 407.795 145.208 407.278V405.591C145.117 405.682 144.941 405.767 144.68 405.847C144.424 405.92 144.131 405.986 143.802 406.043C143.472 406.094 143.151 406.142 142.839 406.188C142.526 406.227 142.265 406.261 142.055 406.29C141.56 406.352 141.109 406.457 140.7 406.605C140.296 406.753 139.972 406.966 139.728 407.244C139.489 407.517 139.37 407.881 139.37 408.335C139.37 408.966 139.603 409.443 140.069 409.767C140.535 410.085 141.129 410.244 141.85 410.244ZM162.403 412.256C161.346 412.256 160.403 411.986 159.573 411.446C158.749 410.901 158.102 410.125 157.63 409.119C157.164 408.108 156.931 406.895 156.931 405.48C156.931 404.065 157.167 402.855 157.638 401.849C158.116 400.844 158.769 400.074 159.599 399.54C160.428 399.006 161.369 398.739 162.42 398.739C163.232 398.739 163.886 398.875 164.38 399.148C164.88 399.415 165.266 399.727 165.539 400.085C165.817 400.443 166.033 400.759 166.187 401.031H166.34V394.545H168.888V412H166.4V409.963H166.187C166.033 410.241 165.812 410.56 165.522 410.918C165.238 411.276 164.846 411.588 164.346 411.855C163.846 412.122 163.198 412.256 162.403 412.256ZM162.965 410.082C163.698 410.082 164.317 409.889 164.823 409.503C165.335 409.111 165.721 408.568 165.982 407.875C166.249 407.182 166.383 406.375 166.383 405.455C166.383 404.545 166.252 403.75 165.991 403.068C165.729 402.386 165.346 401.855 164.84 401.474C164.335 401.094 163.71 400.903 162.965 400.903C162.198 400.903 161.559 401.102 161.048 401.5C160.536 401.898 160.15 402.44 159.888 403.128C159.633 403.815 159.505 404.591 159.505 405.455C159.505 406.33 159.636 407.116 159.897 407.815C160.158 408.514 160.545 409.068 161.056 409.477C161.573 409.881 162.21 410.082 162.965 410.082ZM162.803 397.861V396.097H170.636V397.861H162.803ZM173.346 412V398.909H175.894V412H173.346ZM173.644 397.162L171.011 393.233H173.695L175.681 397.162H173.644ZM181.871 404.227V412H179.322V398.909H181.768V401.04H181.93C182.232 400.347 182.703 399.79 183.345 399.369C183.993 398.949 184.808 398.739 185.791 398.739C186.683 398.739 187.464 398.926 188.135 399.301C188.805 399.67 189.325 400.222 189.695 400.955C190.064 401.687 190.249 402.594 190.249 403.673V412H187.7V403.98C187.7 403.031 187.453 402.29 186.959 401.756C186.464 401.216 185.786 400.946 184.922 400.946C184.331 400.946 183.805 401.074 183.345 401.33C182.891 401.585 182.53 401.96 182.263 402.455C182.001 402.943 181.871 403.534 181.871 404.227ZM196.214 404.227V412H193.666V394.545H196.18V401.04H196.342C196.649 400.335 197.118 399.776 197.749 399.361C198.379 398.946 199.203 398.739 200.22 398.739C201.118 398.739 201.902 398.923 202.572 399.293C203.249 399.662 203.771 400.213 204.141 400.946C204.516 401.673 204.703 402.582 204.703 403.673V412H202.155V403.98C202.155 403.02 201.908 402.276 201.413 401.747C200.919 401.213 200.232 400.946 199.351 400.946C198.749 400.946 198.209 401.074 197.732 401.33C197.26 401.585 196.888 401.96 196.615 402.455C196.348 402.943 196.214 403.534 196.214 404.227Z" fill="#202244"/>
<path d="M112.506 437V435.722L117.307 430.466C117.87 429.85 118.334 429.315 118.699 428.861C119.063 428.402 119.333 427.971 119.509 427.568C119.688 427.161 119.778 426.735 119.778 426.29C119.778 425.778 119.655 425.336 119.409 424.962C119.168 424.588 118.836 424.299 118.415 424.095C117.993 423.892 117.52 423.79 116.994 423.79C116.436 423.79 115.948 423.906 115.531 424.138C115.119 424.365 114.8 424.685 114.572 425.097C114.35 425.509 114.239 425.991 114.239 426.545H112.562C112.562 425.693 112.759 424.945 113.152 424.301C113.545 423.657 114.08 423.155 114.757 422.795C115.439 422.436 116.204 422.256 117.051 422.256C117.903 422.256 118.659 422.436 119.317 422.795C119.975 423.155 120.491 423.641 120.865 424.251C121.239 424.862 121.426 425.542 121.426 426.29C121.426 426.825 121.329 427.348 121.135 427.859C120.946 428.366 120.614 428.932 120.141 429.557C119.672 430.177 119.021 430.935 118.188 431.83L114.92 435.324V435.438H121.682V437H112.506ZM123.962 434.017V432.568L130.354 422.455H131.405V424.699H130.695L125.865 432.341V432.455H134.473V434.017H123.962ZM130.808 437V433.577V432.902V422.455H132.484V437H130.808ZM147.532 426.091V427.511H141.879V426.091H147.532ZM143.527 423.477H145.203V433.875C145.203 434.348 145.271 434.704 145.409 434.94C145.551 435.172 145.731 435.329 145.949 435.409C146.171 435.485 146.405 435.523 146.652 435.523C146.836 435.523 146.988 435.513 147.106 435.494C147.225 435.471 147.319 435.452 147.39 435.438L147.731 436.943C147.618 436.986 147.459 437.028 147.255 437.071C147.052 437.118 146.794 437.142 146.481 437.142C146.008 437.142 145.544 437.04 145.089 436.837C144.639 436.633 144.265 436.323 143.967 435.906C143.673 435.49 143.527 434.964 143.527 434.33V423.477ZM159.883 425.608H161.36C161.36 426.328 161.266 426.931 161.076 427.419C160.887 427.902 160.556 428.267 160.082 428.513C159.609 428.754 158.946 428.875 158.093 428.875V427.71C158.681 427.71 159.097 427.639 159.343 427.497C159.594 427.35 159.746 427.123 159.798 426.815C159.855 426.503 159.883 426.1 159.883 425.608ZM156.929 432.54V426.091H158.605V437H156.929V435.153H156.815C156.559 435.707 156.162 436.179 155.622 436.567C155.082 436.95 154.4 437.142 153.576 437.142C152.895 437.142 152.288 436.993 151.758 436.695C151.228 436.392 150.811 435.937 150.508 435.331C150.205 434.72 150.054 433.951 150.054 433.023V426.091H151.73V432.909C151.73 433.705 151.952 434.339 152.397 434.812C152.847 435.286 153.42 435.523 154.116 435.523C154.533 435.523 154.957 435.416 155.387 435.203C155.823 434.99 156.188 434.663 156.481 434.223C156.779 433.783 156.929 433.222 156.929 432.54ZM153.633 424.614L151.417 421.318H153.377L155.11 424.614H153.633ZM177.04 426.091L173.006 437H171.302L167.268 426.091H169.086L172.097 434.784H172.211L175.222 426.091H177.04ZM189.082 425.608H190.56C190.56 426.328 190.465 426.931 190.276 427.419C190.086 427.902 189.755 428.267 189.281 428.513C188.808 428.754 188.145 428.875 187.293 428.875V427.71C187.88 427.71 188.296 427.639 188.543 427.497C188.794 427.35 188.945 427.123 188.997 426.815C189.054 426.503 189.082 426.1 189.082 425.608ZM186.128 432.54V426.091H187.804V437H186.128V435.153H186.014C185.759 435.707 185.361 436.179 184.821 436.567C184.281 436.95 183.599 437.142 182.776 437.142C182.094 437.142 181.488 436.993 180.957 436.695C180.427 436.392 180.01 435.937 179.707 435.331C179.404 434.72 179.253 433.951 179.253 433.023V426.091H180.929V432.909C180.929 433.705 181.152 434.339 181.597 434.812C182.046 435.286 182.619 435.523 183.315 435.523C183.732 435.523 184.156 435.416 184.587 435.203C185.022 434.99 185.387 434.663 185.68 434.223C185.979 433.783 186.128 433.222 186.128 432.54ZM183.543 440.608C183.216 440.608 182.934 440.497 182.697 440.274C182.465 440.052 182.349 439.784 182.349 439.472C182.349 439.159 182.465 438.892 182.697 438.669C182.934 438.446 183.216 438.335 183.543 438.335C183.869 438.335 184.149 438.446 184.381 438.669C184.617 438.892 184.736 439.159 184.736 439.472C184.736 439.784 184.617 440.052 184.381 440.274C184.149 440.497 183.869 440.608 183.543 440.608ZM193.37 430.438V437H191.694V426.091H193.314V427.795H193.456C193.711 427.241 194.1 426.796 194.62 426.46C195.141 426.119 195.814 425.949 196.637 425.949C197.376 425.949 198.022 426.1 198.576 426.403C199.13 426.702 199.561 427.156 199.869 427.767C200.177 428.373 200.331 429.14 200.331 430.068V437H198.654V430.182C198.654 429.325 198.432 428.657 197.987 428.179C197.542 427.696 196.931 427.455 196.154 427.455C195.619 427.455 195.141 427.571 194.72 427.803C194.303 428.035 193.974 428.373 193.733 428.818C193.491 429.263 193.37 429.803 193.37 430.438ZM207.797 441.318C206.987 441.318 206.291 441.214 205.709 441.006C205.126 440.802 204.641 440.532 204.253 440.196C203.869 439.865 203.564 439.509 203.337 439.131L204.672 438.193C204.823 438.392 205.015 438.619 205.247 438.875C205.479 439.135 205.796 439.36 206.199 439.55C206.606 439.744 207.139 439.841 207.797 439.841C208.678 439.841 209.404 439.628 209.977 439.202C210.55 438.776 210.837 438.108 210.837 437.199V434.983H210.695C210.571 435.182 210.396 435.428 210.169 435.722C209.946 436.01 209.625 436.268 209.203 436.496C208.786 436.718 208.223 436.83 207.513 436.83C206.632 436.83 205.841 436.621 205.141 436.205C204.445 435.788 203.893 435.182 203.486 434.386C203.083 433.591 202.882 432.625 202.882 431.489C202.882 430.371 203.079 429.398 203.472 428.57C203.865 427.736 204.411 427.092 205.112 426.638C205.813 426.179 206.623 425.949 207.541 425.949C208.251 425.949 208.815 426.067 209.232 426.304C209.653 426.536 209.975 426.801 210.197 427.099C210.425 427.393 210.6 427.634 210.723 427.824H210.893V426.091H212.513V437.312C212.513 438.25 212.3 439.012 211.874 439.599C211.452 440.191 210.884 440.625 210.169 440.899C209.459 441.179 208.668 441.318 207.797 441.318ZM207.74 435.324C208.412 435.324 208.981 435.17 209.445 434.862C209.909 434.554 210.261 434.112 210.503 433.534C210.744 432.956 210.865 432.265 210.865 431.46C210.865 430.674 210.747 429.981 210.51 429.379C210.273 428.778 209.923 428.307 209.459 427.966C208.995 427.625 208.422 427.455 207.74 427.455C207.03 427.455 206.438 427.634 205.964 427.994C205.496 428.354 205.143 428.837 204.906 429.443C204.674 430.049 204.558 430.722 204.558 431.46C204.558 432.218 204.677 432.888 204.913 433.47C205.155 434.048 205.51 434.502 205.979 434.834C206.452 435.161 207.039 435.324 207.74 435.324Z" fill="#545454"/>
<path d="M357 395H347C342.582 395 339 398.582 339 403V413C339 417.418 342.582 421 347 421H357C361.418 421 365 417.418 365 413V403C365 398.582 361.418 395 357 395Z" fill="#0961F5"/>
<path d="M345 408L350 414L359 402" stroke="white" stroke-width="2.5" stroke-linecap="round" stroke-linejoin="round"/>
<g filter="url(#filter0_d_22_1479)">
<path d="M0 15C0 6.71573 6.71573 0 15 0H413C421.284 0 428 6.71573 428 15V44H0V15Z" fill="white"/>
</g>
<rect opacity="0.35" x="389.833" y="17.8333" width="21" height="10.3333" rx="2.16667" stroke="black"/>
<path opacity="0.4" d="M412.333 21V25C413.138 24.6612 413.661 23.8731 413.661 23C413.661 22.1269 413.138 21.3388 412.333 21Z" fill="black"/>
<rect x="391.333" y="19.3333" width="18" height="7.33333" rx="1.33333" fill="black"/>
<path fill-rule="evenodd" clip-rule="evenodd" d="M366.88 25.7574C368.342 24.6752 370.483 24.6752 371.944 25.7574C372.018 25.8156 372.06 25.8983 372.063 25.985C372.064 26.0715 372.025 26.1548 371.955 26.2154L369.666 28.2379C369.599 28.2973 369.507 28.3307 369.412 28.3307C369.317 28.3307 369.225 28.2972 369.158 28.2379L366.869 26.2154C366.799 26.1547 366.76 26.0716 366.762 25.985C366.764 25.8982 366.806 25.8156 366.88 25.7574ZM363.826 23.0602C366.975 20.4958 371.852 20.4958 375.001 23.0602C375.072 23.1203 375.112 23.2032 375.113 23.2897C375.114 23.376 375.075 23.4589 375.006 23.5201L373.684 24.691C373.547 24.8105 373.326 24.8123 373.187 24.6959C372.152 23.8763 370.807 23.4224 369.412 23.4225C368.018 23.423 366.674 23.8769 365.641 24.6959C365.501 24.8122 365.28 24.8104 365.144 24.691L363.821 23.5201C363.752 23.4589 363.712 23.3761 363.713 23.2897C363.714 23.2031 363.755 23.1203 363.826 23.0602ZM360.771 20.3697C365.602 16.3175 373.222 16.3175 378.052 20.3697C378.122 20.4299 378.162 20.5124 378.162 20.5983C378.163 20.684 378.124 20.7669 378.055 20.8277L376.73 21.9977C376.594 22.1178 376.372 22.1188 376.233 22.0006C374.393 20.4691 371.951 19.615 369.412 19.6149C366.873 19.6149 364.43 20.469 362.59 22.0006C362.451 22.119 362.229 22.1179 362.093 21.9977L360.769 20.8277C360.7 20.7669 360.661 20.684 360.661 20.5983C360.662 20.5124 360.702 20.4299 360.771 20.3697Z" fill="#A0A4AB"/>
<path fill-rule="evenodd" clip-rule="evenodd" d="M337.835 24.3337C338.465 24.3339 338.976 24.7815 338.976 25.3337V27.3337C338.975 27.8858 338.465 28.3336 337.835 28.3337H336.693C336.063 28.3337 335.552 27.8859 335.552 27.3337V25.3337C335.552 24.7815 336.063 24.3337 336.693 24.3337H337.835ZM343.161 22.3337C343.791 22.3339 344.302 22.7815 344.302 23.3337V27.3337C344.302 27.8858 343.791 28.3336 343.161 28.3337H342.02C341.389 28.3337 340.878 27.8859 340.878 27.3337V23.3337C340.878 22.7815 341.389 22.3338 342.02 22.3337H343.161ZM348.487 19.9998C349.117 19.9998 349.629 20.4477 349.629 20.9998V27.3337C349.629 27.8858 349.117 28.3336 348.487 28.3337H347.346C346.716 28.3337 346.204 27.8859 346.204 27.3337V20.9998C346.204 20.4476 346.716 19.9998 347.346 19.9998H348.487ZM353.813 17.6667C354.444 17.6668 354.955 18.1145 354.955 18.6667V27.3337C354.955 27.8858 354.444 28.3337 353.813 28.3337H352.672C352.042 28.3337 351.53 27.8858 351.53 27.3337V18.6667C351.53 18.1145 352.042 17.6668 352.672 17.6667H353.813Z" fill="#A0A4AB"/>
<g clip-path="url(#clip3_22_1479)">
<path d="M39.387 21.115C39.387 20.715 39.302 20.37 39.132 20.08C38.962 19.78 38.727 19.55 38.427 19.39C38.137 19.22 37.807 19.135 37.437 19.135C37.067 19.135 36.732 19.22 36.432 19.39C36.142 19.55 35.912 19.78 35.742 20.08C35.572 20.37 35.487 20.715 35.487 21.115C35.487 21.505 35.572 21.85 35.742 22.15C35.912 22.45 36.142 22.685 36.432 22.855C36.732 23.025 37.067 23.11 37.437 23.11C37.807 23.11 38.137 23.025 38.427 22.855C38.727 22.685 38.962 22.45 39.132 22.15C39.302 21.85 39.387 21.505 39.387 21.115ZM37.257 27.97H34.542L37.917 24.01L38.292 23.875C38.042 24.135 37.787 24.31 37.527 24.4C37.267 24.48 36.952 24.52 36.582 24.52C36.182 24.52 35.792 24.44 35.412 24.28C35.032 24.12 34.687 23.89 34.377 23.59C34.077 23.29 33.837 22.93 33.657 22.51C33.477 22.09 33.387 21.625 33.387 21.115C33.387 20.295 33.567 19.6 33.927 19.03C34.297 18.46 34.787 18.03 35.397 17.74C36.007 17.44 36.687 17.29 37.437 17.29C38.187 17.29 38.867 17.44 39.477 17.74C40.087 18.03 40.572 18.46 40.932 19.03C41.302 19.6 41.487 20.295 41.487 21.115C41.487 21.635 41.387 22.12 41.187 22.57C40.987 23.01 40.742 23.42 40.452 23.8L37.257 27.97ZM43.0717 27.115C43.0717 26.775 43.1867 26.49 43.4167 26.26C43.6567 26.02 43.9517 25.9 44.3017 25.9C44.6617 25.9 44.9567 26.02 45.1867 26.26C45.4167 26.49 45.5317 26.775 45.5317 27.115C45.5317 27.435 45.4167 27.715 45.1867 27.955C44.9567 28.195 44.6617 28.315 44.3017 28.315C43.9517 28.315 43.6567 28.195 43.4167 27.955C43.1867 27.715 43.0717 27.435 43.0717 27.115ZM43.0717 21.475C43.0717 21.145 43.1867 20.86 43.4167 20.62C43.6567 20.38 43.9517 20.26 44.3017 20.26C44.6617 20.26 44.9567 20.38 45.1867 20.62C45.4167 20.86 45.5317 21.145 45.5317 21.475C45.5317 21.805 45.4167 22.09 45.1867 22.33C44.9567 22.57 44.6617 22.69 44.3017 22.69C43.9517 22.69 43.6567 22.57 43.4167 22.33C43.1867 22.09 43.0717 21.805 43.0717 21.475ZM46.6032 26.065L52.6182 17.5H54.0732V28H51.8682V25.36L52.0482 25.195V20.92L49.5732 24.46H53.3232L53.5782 24.235H55.7232V26.065H46.6032ZM57.0598 20.23V18.295L61.6648 17.32V28H59.5798V19.57L57.0598 20.23Z" fill="black"/>
</g>
<path fill-rule="evenodd" clip-rule="evenodd" d="M354.982 843.828C352.452 843.818 350.031 844.826 348.244 846.621C346.456 848.419 345.451 850.861 345.451 853.399C345.441 857.277 347.756 860.782 351.319 862.277C354.874 863.762 358.977 862.952 361.709 860.207C364.435 857.472 365.255 853.341 363.782 849.756C362.307 846.174 358.829 843.828 354.982 843.828ZM349.914 841.016C354.884 838.946 360.617 840.098 364.415 843.936C368.225 847.764 369.357 853.537 367.287 858.537C365.227 863.547 360.362 866.81 354.982 866.8C347.639 866.78 341.691 860.792 341.691 853.399L341.711 852.824C341.926 847.631 345.119 843.018 349.914 841.016ZM349.709 871.917C353.302 871.615 356.917 871.615 360.509 871.917C362.472 872.055 364.425 872.337 366.34 872.777C370.49 873.617 373.205 875.268 374.338 877.688C375.245 879.69 375.218 882.005 374.27 883.998C373.118 886.421 370.402 888.071 366.182 888.931C364.28 889.358 362.335 889.633 360.372 889.761C358.214 890.003 356.379 890.003 354.669 890.003H353.997C353.029 889.896 352.297 889.076 352.297 888.101C352.297 887.123 353.029 886.303 353.997 886.196H355.489C356.984 886.176 358.497 886.108 360.002 885.981C361.779 885.863 363.547 885.608 365.295 885.228C368.282 884.573 370.167 883.625 370.755 882.368C371.212 881.41 371.212 880.295 370.755 879.34C370.167 878.06 368.282 877.073 365.352 876.478C363.585 876.078 361.789 875.813 359.982 875.705C356.604 875.393 353.204 875.393 349.826 875.705C348.039 875.823 346.261 876.068 344.514 876.448C341.513 877.113 339.658 878.06 339.053 879.31C338.828 879.788 338.721 880.305 338.721 880.833C338.721 881.36 338.828 881.888 339.053 882.368C340.088 883.803 341.671 884.731 343.419 884.946L343.674 885.013C344.249 885.208 344.699 885.678 344.874 886.283C345.079 886.956 344.884 887.698 344.376 888.198C343.869 888.696 343.126 888.861 342.461 888.636C339.638 888.178 337.168 886.488 335.703 884.018C334.766 882.025 334.766 879.7 335.703 877.708C336.866 875.218 339.571 873.617 343.751 872.757C345.714 872.327 347.706 872.055 349.709 871.917Z" fill="#A0A4AB"/>
<path d="M55.396 158.28C53.6787 158.28 52.176 157.981 50.888 157.384C49.6187 156.768 48.5547 155.956 47.696 154.948C46.8373 153.921 46.1933 152.773 45.764 151.504C45.3347 150.235 45.12 148.937 45.12 147.612C45.12 146.305 45.3347 145.017 45.764 143.748C46.1933 142.479 46.8373 141.34 47.696 140.332C48.5547 139.305 49.6187 138.493 50.888 137.896C52.176 137.299 53.6787 137 55.396 137C56.8333 137 58.056 137.187 59.064 137.56C60.0907 137.915 60.94 138.381 61.612 138.96C62.3027 139.52 62.8533 140.127 63.264 140.78C63.6933 141.415 64.0107 142.021 64.216 142.6C64.4213 143.16 64.552 143.627 64.608 144C64.6827 144.355 64.72 144.532 64.72 144.532H60.436C60.436 144.532 60.3987 144.411 60.324 144.168C60.268 143.907 60.1467 143.599 59.96 143.244C59.7733 142.871 59.4933 142.507 59.12 142.152C58.7653 141.797 58.28 141.499 57.664 141.256C57.0667 140.995 56.32 140.864 55.424 140.864C54.136 140.864 53.0533 141.2 52.176 141.872C51.3173 142.525 50.664 143.365 50.216 144.392C49.7867 145.419 49.572 146.492 49.572 147.612C49.572 148.732 49.7867 149.815 50.216 150.86C50.664 151.887 51.3173 152.736 52.176 153.408C53.0533 154.061 54.136 154.388 55.424 154.388C56.32 154.388 57.0667 154.267 57.664 154.024C58.28 153.781 58.7653 153.483 59.12 153.128C59.4933 152.755 59.7733 152.391 59.96 152.036C60.1467 151.663 60.268 151.355 60.324 151.112C60.3987 150.869 60.436 150.748 60.436 150.748H64.72C64.72 150.748 64.6827 150.935 64.608 151.308C64.552 151.663 64.4213 152.129 64.216 152.708C64.0107 153.268 63.6933 153.875 63.264 154.528C62.8533 155.163 62.3027 155.769 61.612 156.348C60.94 156.908 60.0907 157.375 59.064 157.748C58.056 158.103 56.8333 158.28 55.396 158.28ZM67.7517 158V136.72H72.0077V145.288H72.1477C72.3157 144.989 72.5583 144.653 72.8757 144.28C73.2117 143.907 73.6503 143.58 74.1917 143.3C74.7517 143.02 75.461 142.88 76.3197 142.88C77.477 142.88 78.4197 143.151 79.1477 143.692C79.8757 144.215 80.4077 144.896 80.7437 145.736C81.0797 146.557 81.2477 147.425 81.2477 148.34V158H76.9917V149.068C76.9917 148.359 76.7957 147.733 76.4037 147.192C76.0303 146.651 75.4237 146.38 74.5837 146.38C73.949 146.38 73.445 146.529 73.0717 146.828C72.6983 147.127 72.4277 147.509 72.2597 147.976C72.0917 148.443 72.0077 148.937 72.0077 149.46V158H67.7517ZM91.9308 158.28C90.2694 158.28 88.8601 157.925 87.7028 157.216C86.5454 156.488 85.6588 155.545 85.0428 154.388C84.4454 153.212 84.1468 151.943 84.1468 150.58C84.1468 149.217 84.4454 147.957 85.0428 146.8C85.6588 145.624 86.5454 144.681 87.7028 143.972C88.8601 143.244 90.2694 142.88 91.9308 142.88C93.5921 142.88 95.0014 143.244 96.1588 143.972C97.3161 144.681 98.1934 145.624 98.7908 146.8C99.4068 147.957 99.7148 149.217 99.7148 150.58C99.7148 151.943 99.4068 153.212 98.7908 154.388C98.1934 155.545 97.3161 156.488 96.1588 157.216C95.0014 157.925 93.5921 158.28 91.9308 158.28ZM91.9308 154.808C92.6774 154.808 93.3121 154.612 93.8348 154.22C94.3574 153.828 94.7494 153.315 95.0108 152.68C95.2908 152.027 95.4308 151.327 95.4308 150.58C95.4308 149.815 95.2908 149.115 95.0108 148.48C94.7494 147.845 94.3574 147.332 93.8348 146.94C93.3121 146.548 92.6774 146.352 91.9308 146.352C91.1841 146.352 90.5494 146.548 90.0268 146.94C89.5041 147.332 89.1028 147.845 88.8228 148.48C88.5614 149.115 88.4308 149.815 88.4308 150.58C88.4308 151.327 88.5614 152.027 88.8228 152.68C89.1028 153.315 89.5041 153.828 90.0268 154.22C90.5494 154.612 91.1841 154.808 91.9308 154.808ZM91.9308 164.916C91.2774 164.916 90.7361 164.692 90.3068 164.244C89.8961 163.815 89.6908 163.292 89.6908 162.676C89.6908 162.06 89.8961 161.537 90.3068 161.108C90.7361 160.679 91.2774 160.464 91.9308 160.464C92.5654 160.464 93.0881 160.679 93.4988 161.108C93.9281 161.537 94.1428 162.06 94.1428 162.676C94.1428 163.292 93.9281 163.815 93.4988 164.244C93.0881 164.692 92.5654 164.916 91.9308 164.916ZM102.608 158V143.16H106.864V145.288H107.004C107.172 144.989 107.415 144.653 107.732 144.28C108.068 143.907 108.507 143.58 109.048 143.3C109.608 143.02 110.318 142.88 111.176 142.88C112.334 142.88 113.276 143.151 114.004 143.692C114.732 144.215 115.264 144.896 115.6 145.736C115.936 146.557 116.104 147.425 116.104 148.34V158H111.848V149.068C111.848 148.359 111.652 147.733 111.26 147.192C110.887 146.651 110.28 146.38 109.44 146.38C108.806 146.38 108.302 146.529 107.928 146.828C107.555 147.127 107.284 147.509 107.116 147.976C106.948 148.443 106.864 148.937 106.864 149.46V158H102.608ZM133.328 158.28C132.021 158.28 130.883 158.065 129.912 157.636C128.941 157.188 128.139 156.6 127.504 155.872C126.869 155.144 126.393 154.323 126.076 153.408C125.759 152.475 125.6 151.532 125.6 150.58C125.6 149.628 125.759 148.695 126.076 147.78C126.393 146.865 126.869 146.044 127.504 145.316C128.139 144.569 128.941 143.981 129.912 143.552C130.883 143.104 132.021 142.88 133.328 142.88C134.653 142.88 135.745 143.076 136.604 143.468C137.463 143.841 138.144 144.317 138.648 144.896C139.171 145.456 139.553 146.025 139.796 146.604C140.039 147.164 140.188 147.64 140.244 148.032C140.319 148.405 140.356 148.592 140.356 148.592H136.38C136.38 148.592 136.343 148.48 136.268 148.256C136.212 148.013 136.081 147.743 135.876 147.444C135.689 147.127 135.4 146.856 135.008 146.632C134.616 146.389 134.093 146.268 133.44 146.268C132.637 146.268 131.965 146.473 131.424 146.884C130.901 147.276 130.509 147.799 130.248 148.452C129.987 149.105 129.856 149.815 129.856 150.58C129.856 151.345 129.987 152.055 130.248 152.708C130.509 153.361 130.901 153.893 131.424 154.304C131.965 154.696 132.637 154.892 133.44 154.892C134.093 154.892 134.616 154.78 135.008 154.556C135.4 154.313 135.689 154.043 135.876 153.744C136.081 153.427 136.212 153.156 136.268 152.932C136.343 152.689 136.38 152.568 136.38 152.568H140.356C140.356 152.568 140.319 152.764 140.244 153.156C140.188 153.529 140.039 154.005 139.796 154.584C139.553 155.144 139.171 155.713 138.648 156.292C138.144 156.852 137.463 157.328 136.604 157.72C135.745 158.093 134.653 158.28 133.328 158.28ZM143.685 158V136.72H147.941V145.288H148.081C148.249 144.989 148.492 144.653 148.809 144.28C149.145 143.907 149.584 143.58 150.125 143.3C150.685 143.02 151.395 142.88 152.253 142.88C153.411 142.88 154.353 143.151 155.081 143.692C155.809 144.215 156.341 144.896 156.677 145.736C157.013 146.557 157.181 147.425 157.181 148.34V158H152.925V149.068C152.925 148.359 152.729 147.733 152.337 147.192C151.964 146.651 151.357 146.38 150.517 146.38C149.883 146.38 149.379 146.529 149.005 146.828C148.632 147.127 148.361 147.509 148.193 147.976C148.025 148.443 147.941 148.937 147.941 149.46V158H143.685ZM166.068 141.424V140.5C166.068 140.257 166.115 140.033 166.208 139.828C166.32 139.604 166.507 139.436 166.768 139.324L167.188 139.1C167.58 138.895 167.879 138.699 168.084 138.512C168.29 138.307 168.392 138.064 168.392 137.784C168.392 137.541 168.299 137.327 168.112 137.14C167.944 136.953 167.692 136.86 167.356 136.86C167.02 136.86 166.768 136.944 166.6 137.112C166.451 137.28 166.358 137.457 166.32 137.644C166.283 137.831 166.264 137.943 166.264 137.98H163.828C163.828 137.476 163.94 136.981 164.164 136.496C164.407 135.992 164.78 135.572 165.284 135.236C165.807 134.9 166.488 134.732 167.328 134.732C168.448 134.732 169.335 135.031 169.988 135.628C170.66 136.207 170.996 136.888 170.996 137.672C170.996 138.344 170.772 138.913 170.324 139.38C169.895 139.828 169.335 140.22 168.644 140.556L168.504 140.64V141.424H166.068ZM165.312 158.28C164.267 158.28 163.399 158.056 162.708 157.608C162.036 157.16 161.532 156.563 161.196 155.816C160.86 155.051 160.692 154.192 160.692 153.24V143.16H164.92V152.4C164.92 153.109 165.107 153.688 165.48 154.136C165.872 154.565 166.423 154.78 167.132 154.78C167.748 154.78 168.234 154.631 168.588 154.332C168.962 154.033 169.232 153.651 169.4 153.184C169.568 152.717 169.652 152.223 169.652 151.7V143.16H173.908V158H169.652V155.9H169.484C169.167 156.479 168.672 157.02 168 157.524C167.347 158.028 166.451 158.28 165.312 158.28ZM190.038 158.28C188.937 158.28 187.975 158.065 187.154 157.636C186.351 157.188 185.679 156.6 185.138 155.872C184.597 155.125 184.186 154.295 183.906 153.38C183.645 152.465 183.514 151.532 183.514 150.58C183.514 149.628 183.645 148.695 183.906 147.78C184.186 146.865 184.597 146.044 185.138 145.316C185.679 144.569 186.351 143.981 187.154 143.552C187.975 143.104 188.937 142.88 190.038 142.88C190.99 142.88 191.774 143.039 192.39 143.356C193.006 143.655 193.473 143.981 193.79 144.336C194.126 144.691 194.331 144.933 194.406 145.064H194.63V141.928H190.99V139.128H194.63V136.72H198.886V139.128H201.182V141.928H198.886V158H194.63V156.096H194.406C194.331 156.227 194.126 156.469 193.79 156.824C193.473 157.179 193.006 157.515 192.39 157.832C191.774 158.131 190.99 158.28 190.038 158.28ZM191.27 154.836C192.035 154.836 192.67 154.631 193.174 154.22C193.697 153.791 194.079 153.249 194.322 152.596C194.583 151.943 194.714 151.271 194.714 150.58C194.714 149.889 194.583 149.217 194.322 148.564C194.079 147.911 193.697 147.379 193.174 146.968C192.67 146.539 192.035 146.324 191.27 146.324C190.505 146.324 189.861 146.539 189.338 146.968C188.834 147.379 188.451 147.911 188.19 148.564C187.947 149.217 187.826 149.889 187.826 150.58C187.826 151.271 187.947 151.943 188.19 152.596C188.451 153.249 188.834 153.791 189.338 154.22C189.861 154.631 190.505 154.836 191.27 154.836ZM214.521 137.7L211.441 132.632H215.417L217.657 137.672L214.521 137.7ZM205.029 141.312L208.641 137H212.029L215.641 141.312H212.309L210.321 138.932L208.361 141.312H205.029ZM210.461 158.28C209.155 158.28 208.025 158.065 207.073 157.636C206.121 157.188 205.337 156.6 204.721 155.872C204.105 155.125 203.639 154.295 203.321 153.38C203.023 152.465 202.873 151.523 202.873 150.552C202.873 149.619 203.023 148.704 203.321 147.808C203.62 146.893 204.068 146.063 204.665 145.316C205.281 144.569 206.056 143.981 206.989 143.552C207.923 143.104 209.033 142.88 210.321 142.88C211.703 142.88 212.916 143.179 213.961 143.776C215.007 144.373 215.828 145.26 216.425 146.436C217.023 147.593 217.321 149.003 217.321 150.664V151.7H207.157C207.213 152.596 207.521 153.371 208.081 154.024C208.66 154.677 209.453 155.004 210.461 155.004C211.04 155.004 211.507 154.92 211.861 154.752C212.235 154.565 212.524 154.36 212.729 154.136C212.935 153.893 213.075 153.679 213.149 153.492C213.243 153.305 213.289 153.212 213.289 153.212H217.209C217.209 153.212 217.163 153.389 217.069 153.744C216.976 154.08 216.799 154.5 216.537 155.004C216.276 155.508 215.893 156.012 215.389 156.516C214.904 157.02 214.26 157.44 213.457 157.776C212.655 158.112 211.656 158.28 210.461 158.28ZM207.157 149.124H213.233C213.196 148.097 212.888 147.332 212.309 146.828C211.749 146.324 211.059 146.072 210.237 146.072C209.416 146.072 208.716 146.343 208.137 146.884C207.577 147.407 207.251 148.153 207.157 149.124ZM235.959 158.28C235.007 158.28 234.223 158.131 233.607 157.832C232.991 157.515 232.515 157.179 232.179 156.824C231.862 156.469 231.656 156.227 231.563 156.096H231.367V158H227.111V136.72H231.367V145.064H231.563C231.656 144.933 231.862 144.691 232.179 144.336C232.515 143.981 232.991 143.655 233.607 143.356C234.223 143.039 235.007 142.88 235.959 142.88C237.06 142.88 238.012 143.104 238.815 143.552C239.636 143.981 240.318 144.569 240.859 145.316C241.4 146.044 241.802 146.865 242.063 147.78C242.343 148.695 242.483 149.628 242.483 150.58C242.483 151.532 242.343 152.465 242.063 153.38C241.802 154.295 241.4 155.125 240.859 155.872C240.318 156.6 239.636 157.188 238.815 157.636C238.012 158.065 237.06 158.28 235.959 158.28ZM234.727 154.836C235.492 154.836 236.127 154.631 236.631 154.22C237.154 153.791 237.536 153.249 237.779 152.596C238.04 151.943 238.171 151.271 238.171 150.58C238.171 149.889 238.04 149.217 237.779 148.564C237.536 147.911 237.154 147.379 236.631 146.968C236.127 146.539 235.492 146.324 234.727 146.324C233.962 146.324 233.318 146.539 232.795 146.968C232.291 147.379 231.908 147.911 231.647 148.564C231.404 149.217 231.283 149.889 231.283 150.58C231.283 151.271 231.404 151.943 231.647 152.596C231.908 153.249 232.291 153.791 232.795 154.22C233.318 154.631 233.962 154.836 234.727 154.836ZM251.781 142.88C252.733 142.88 253.517 143.039 254.133 143.356C254.749 143.655 255.216 143.981 255.533 144.336C255.869 144.691 256.075 144.933 256.149 145.064H256.373V143.16H260.629V158H256.373V156.096H256.149C256.075 156.227 255.869 156.469 255.533 156.824C255.216 157.179 254.749 157.515 254.133 157.832C253.517 158.131 252.733 158.28 251.781 158.28C250.68 158.28 249.719 158.065 248.897 157.636C248.095 157.188 247.423 156.6 246.881 155.872C246.34 155.125 245.929 154.295 245.649 153.38C245.388 152.465 245.257 151.532 245.257 150.58C245.257 149.628 245.388 148.695 245.649 147.78C245.929 146.865 246.34 146.044 246.881 145.316C247.423 144.569 248.095 143.981 248.897 143.552C249.719 143.104 250.68 142.88 251.781 142.88ZM253.013 146.324C252.248 146.324 251.604 146.539 251.081 146.968C250.577 147.379 250.195 147.911 249.933 148.564C249.691 149.217 249.569 149.889 249.569 150.58C249.569 151.271 249.691 151.943 249.933 152.596C250.195 153.249 250.577 153.791 251.081 154.22C251.604 154.631 252.248 154.836 253.013 154.836C253.779 154.836 254.413 154.631 254.917 154.22C255.44 153.791 255.823 153.249 256.065 152.596C256.327 151.943 256.457 151.271 256.457 150.58C256.457 149.889 256.327 149.217 256.065 148.564C255.823 147.911 255.44 147.379 254.917 146.968C254.413 146.539 253.779 146.324 253.013 146.324ZM253.069 164.916C252.416 164.916 251.875 164.692 251.445 164.244C251.035 163.815 250.829 163.292 250.829 162.676C250.829 162.06 251.035 161.537 251.445 161.108C251.875 160.679 252.416 160.464 253.069 160.464C253.704 160.464 254.227 160.679 254.637 161.108C255.067 161.537 255.281 162.06 255.281 162.676C255.281 163.292 255.067 163.815 254.637 164.244C254.227 164.692 253.704 164.916 253.069 164.916ZM264.046 158V143.16H268.302V145.288H268.442C268.61 144.989 268.853 144.653 269.17 144.28C269.506 143.907 269.945 143.58 270.486 143.3C271.046 143.02 271.755 142.88 272.614 142.88C273.771 142.88 274.714 143.151 275.442 143.692C276.17 144.215 276.702 144.896 277.038 145.736C277.374 146.557 277.542 147.425 277.542 148.34V158H273.286V149.068C273.286 148.359 273.09 147.733 272.698 147.192C272.325 146.651 271.718 146.38 270.878 146.38C270.243 146.38 269.739 146.529 269.366 146.828C268.993 147.127 268.722 147.509 268.554 147.976C268.386 148.443 268.302 148.937 268.302 149.46V158H264.046ZM287.233 158V143.16H291.489V145.176H291.629C291.947 144.635 292.423 144.121 293.057 143.636C293.692 143.132 294.56 142.88 295.661 142.88C296.781 142.88 297.677 143.141 298.349 143.664C299.04 144.187 299.544 144.831 299.861 145.596H299.917C300.16 145.167 300.477 144.747 300.869 144.336C301.28 143.907 301.784 143.561 302.381 143.3C302.997 143.02 303.716 142.88 304.537 142.88C305.564 142.88 306.413 143.113 307.085 143.58C307.757 144.047 308.252 144.663 308.569 145.428C308.905 146.175 309.073 146.977 309.073 147.836V158H304.817V148.9C304.817 148.172 304.631 147.575 304.257 147.108C303.903 146.623 303.361 146.38 302.633 146.38C302.073 146.38 301.616 146.52 301.261 146.8C300.925 147.08 300.673 147.444 300.505 147.892C300.356 148.321 300.281 148.769 300.281 149.236V158H296.025V148.9C296.025 148.172 295.839 147.575 295.465 147.108C295.111 146.623 294.569 146.38 293.841 146.38C293.281 146.38 292.824 146.52 292.469 146.8C292.133 147.08 291.881 147.444 291.713 147.892C291.564 148.321 291.489 148.769 291.489 149.236V158H287.233ZM316.955 158.28C315.91 158.28 315.042 158.056 314.351 157.608C313.679 157.16 313.175 156.563 312.839 155.816C312.503 155.051 312.335 154.192 312.335 153.24V143.16H316.563V152.4C316.563 153.109 316.75 153.688 317.123 154.136C317.496 154.565 318.047 154.78 318.775 154.78C319.391 154.78 319.876 154.631 320.231 154.332C320.604 154.033 320.875 153.651 321.043 153.184C321.211 152.717 321.295 152.223 321.295 151.7V143.16H325.551V158H321.295V155.9H321.127C320.81 156.479 320.315 157.02 319.643 157.524C318.99 158.028 318.094 158.28 316.955 158.28ZM343.076 137.7L339.94 137.672L342.208 132.632H346.156L343.076 137.7ZM331.064 141.312L334.676 137H338.064L341.676 141.312H338.344L336.384 138.904L334.396 141.312H331.064ZM336.384 158.28C334.723 158.28 333.313 157.925 332.156 157.216C330.999 156.488 330.112 155.545 329.496 154.388C328.899 153.212 328.6 151.943 328.6 150.58C328.6 149.217 328.899 147.957 329.496 146.8C330.112 145.624 330.999 144.681 332.156 143.972C333.313 143.244 334.723 142.88 336.384 142.88C338.045 142.88 339.455 143.244 340.612 143.972C341.769 144.681 342.647 145.624 343.244 146.8C343.86 147.957 344.168 149.217 344.168 150.58C344.168 151.943 343.86 153.212 343.244 154.388C342.647 155.545 341.769 156.488 340.612 157.216C339.455 157.925 338.045 158.28 336.384 158.28ZM336.384 154.808C337.131 154.808 337.765 154.612 338.288 154.22C338.811 153.828 339.203 153.315 339.464 152.68C339.744 152.027 339.884 151.327 339.884 150.58C339.884 149.815 339.744 149.115 339.464 148.48C339.203 147.845 338.811 147.332 338.288 146.94C337.765 146.548 337.131 146.352 336.384 146.352C335.637 146.352 335.003 146.548 334.48 146.94C333.957 147.332 333.556 147.845 333.276 148.48C333.015 149.115 332.884 149.815 332.884 150.58C332.884 151.327 333.015 152.027 333.276 152.68C333.556 153.315 333.957 153.828 334.48 154.22C335.003 154.612 335.637 154.808 336.384 154.808ZM347.062 158V143.16H351.318V145.288H351.458C351.626 144.989 351.868 144.653 352.186 144.28C352.522 143.907 352.96 143.58 353.502 143.3C354.062 143.02 354.771 142.88 355.63 142.88C356.787 142.88 357.73 143.151 358.458 143.692C359.186 144.215 359.718 144.896 360.054 145.736C360.39 146.557 360.558 147.425 360.558 148.34V158H356.302V149.068C356.302 148.359 356.106 147.733 355.714 147.192C355.34 146.651 354.734 146.38 353.894 146.38C353.259 146.38 352.755 146.529 352.382 146.828C352.008 147.127 351.738 147.509 351.57 147.976C351.402 148.443 351.318 148.937 351.318 149.46V158H347.062Z" fill="#1A1A1A"/>
<path d="M359 178H51C42.1634 178 35 186.119 35 196.133V261.867C35 271.881 42.1634 280 51 280H359C367.837 280 375 271.881 375 261.867V196.133C375 186.119 367.837 178 359 178Z" fill="#E6F1FB" stroke="#B5D4F4"/>
<path d="M51.6 211V196.2H57.3C58.2467 196.2 59.0533 196.373 59.72 196.72C60.4 197.053 60.92 197.507 61.28 198.08C61.64 198.64 61.82 199.253 61.82 199.92C61.82 200.653 61.6867 201.247 61.42 201.7C61.1533 202.153 60.8533 202.5 60.52 202.74C60.1867 202.967 59.92 203.12 59.72 203.2V203.32C60.04 203.413 60.4067 203.593 60.82 203.86C61.2467 204.113 61.6133 204.48 61.92 204.96C62.2267 205.44 62.38 206.067 62.38 206.84C62.38 207.52 62.2133 208.18 61.88 208.82C61.5467 209.46 61.02 209.987 60.3 210.4C59.58 210.8 58.6267 211 57.44 211H51.6ZM57.22 197.9H53.56V202.62H57.22C57.86 202.62 58.3733 202.507 58.76 202.28C59.16 202.053 59.4467 201.76 59.62 201.4C59.8067 201.027 59.9 200.647 59.9 200.26C59.9 199.86 59.8067 199.48 59.62 199.12C59.4467 198.76 59.16 198.467 58.76 198.24C58.3733 198.013 57.86 197.9 57.22 197.9ZM57.38 204.2H53.56V209.3H57.38C58.1133 209.3 58.7 209.18 59.14 208.94C59.58 208.687 59.9 208.367 60.1 207.98C60.3133 207.58 60.42 207.167 60.42 206.74C60.42 206.313 60.3133 205.907 60.1 205.52C59.9 205.133 59.58 204.82 59.14 204.58C58.7 204.327 58.1133 204.2 57.38 204.2ZM69.5766 200.2C70.2432 200.2 70.8032 200.307 71.2566 200.52C71.7099 200.733 72.0766 200.987 72.3566 201.28C72.6366 201.56 72.8499 201.827 72.9966 202.08H73.1166V200.4H75.0166V211H73.1166V209.32H72.9966C72.8499 209.573 72.6366 209.847 72.3566 210.14C72.0766 210.433 71.7099 210.687 71.2566 210.9C70.8032 211.1 70.2432 211.2 69.5766 211.2C68.7766 211.2 68.0766 211.047 67.4766 210.74C66.8766 210.42 66.3766 210 65.9766 209.48C65.5766 208.947 65.2766 208.353 65.0766 207.7C64.8766 207.047 64.7766 206.38 64.7766 205.7C64.7766 205.02 64.8766 204.353 65.0766 203.7C65.2766 203.047 65.5766 202.46 65.9766 201.94C66.3766 201.407 66.8766 200.987 67.4766 200.68C68.0766 200.36 68.7766 200.2 69.5766 200.2ZM69.8966 201.82C69.1899 201.82 68.5966 202.013 68.1166 202.4C67.6366 202.773 67.2766 203.253 67.0366 203.84C66.8099 204.427 66.6966 205.047 66.6966 205.7C66.6966 206.34 66.8099 206.96 67.0366 207.56C67.2766 208.147 67.6366 208.633 68.1166 209.02C68.5966 209.393 69.1899 209.58 69.8966 209.58C70.6032 209.58 71.1899 209.393 71.6566 209.02C72.1366 208.633 72.4899 208.147 72.7166 207.56C72.9566 206.96 73.0766 206.34 73.0766 205.7C73.0766 205.047 72.9566 204.427 72.7166 203.84C72.4899 203.253 72.1366 202.773 71.6566 202.4C71.1899 202.013 70.6032 201.82 69.8966 201.82ZM70.0166 215.54C69.6432 215.54 69.3299 215.407 69.0766 215.14C68.8366 214.887 68.7166 214.587 68.7166 214.24C68.7166 213.88 68.8366 213.573 69.0766 213.32C69.3299 213.067 69.6432 212.94 70.0166 212.94C70.3899 212.94 70.6966 213.067 70.9366 213.32C71.1899 213.573 71.3166 213.88 71.3166 214.24C71.3166 214.6 71.1899 214.907 70.9366 215.16C70.6966 215.413 70.3899 215.54 70.0166 215.54ZM77.943 211V200.4H79.843V201.94H79.963C80.0563 201.78 80.2096 201.56 80.423 201.28C80.6496 201 80.9696 200.753 81.383 200.54C81.7963 200.313 82.3163 200.2 82.943 200.2C83.7163 200.2 84.3763 200.38 84.923 200.74C85.4696 201.087 85.883 201.56 86.163 202.16C86.4563 202.76 86.603 203.433 86.603 204.18V211H84.703V204.3C84.703 203.593 84.503 203.007 84.103 202.54C83.7163 202.073 83.1496 201.84 82.403 201.84C81.803 201.84 81.3163 201.993 80.943 202.3C80.5696 202.593 80.2896 202.987 80.103 203.48C79.9296 203.96 79.843 204.473 79.843 205.02V211H77.943ZM99.0372 211.2C98.1705 211.2 97.4105 211.047 96.7572 210.74C96.1039 210.42 95.5572 210 95.1172 209.48C94.6905 208.947 94.3639 208.353 94.1372 207.7C93.9239 207.047 93.8172 206.38 93.8172 205.7C93.8172 205.02 93.9239 204.36 94.1372 203.72C94.3505 203.067 94.6705 202.473 95.0972 201.94C95.5372 201.407 96.0839 200.987 96.7372 200.68C97.3905 200.36 98.1572 200.2 99.0372 200.2C99.8905 200.2 100.597 200.327 101.157 200.58C101.717 200.833 102.164 201.153 102.497 201.54C102.844 201.913 103.097 202.293 103.257 202.68C103.431 203.053 103.544 203.367 103.597 203.62C103.651 203.873 103.677 204 103.677 204H101.837C101.837 204 101.804 203.893 101.737 203.68C101.671 203.453 101.544 203.2 101.357 202.92C101.171 202.64 100.891 202.393 100.517 202.18C100.144 201.953 99.6505 201.84 99.0372 201.84C98.3039 201.84 97.6839 202.027 97.1772 202.4C96.6839 202.76 96.3105 203.233 96.0572 203.82C95.8172 204.407 95.6972 205.033 95.6972 205.7C95.6972 206.367 95.8172 206.993 96.0572 207.58C96.3105 208.167 96.6839 208.647 97.1772 209.02C97.6839 209.38 98.3039 209.56 99.0372 209.56C99.6505 209.56 100.144 209.453 100.517 209.24C100.891 209.013 101.171 208.76 101.357 208.48C101.544 208.2 101.671 207.953 101.737 207.74C101.804 207.513 101.837 207.4 101.837 207.4H103.677C103.677 207.4 103.651 207.527 103.597 207.78C103.544 208.033 103.431 208.353 103.257 208.74C103.097 209.113 102.844 209.493 102.497 209.88C102.164 210.253 101.717 210.567 101.157 210.82C100.597 211.073 99.8905 211.2 99.0372 211.2ZM112.183 198.78L110.563 198.76L112.283 195.16H114.243L112.183 198.78ZM111.403 211.2C110.269 211.2 109.316 210.94 108.543 210.42C107.769 209.887 107.183 209.2 106.783 208.36C106.383 207.52 106.183 206.633 106.183 205.7C106.183 204.753 106.383 203.867 106.783 203.04C107.183 202.2 107.769 201.52 108.543 201C109.316 200.467 110.269 200.2 111.403 200.2C112.536 200.2 113.489 200.467 114.263 201C115.036 201.52 115.623 202.2 116.023 203.04C116.423 203.867 116.623 204.753 116.623 205.7C116.623 206.633 116.423 207.52 116.023 208.36C115.623 209.2 115.036 209.887 114.263 210.42C113.489 210.94 112.536 211.2 111.403 211.2ZM111.403 209.54C112.123 209.54 112.723 209.36 113.203 209C113.696 208.627 114.063 208.147 114.303 207.56C114.556 206.973 114.683 206.353 114.683 205.7C114.683 205.033 114.556 204.413 114.303 203.84C114.063 203.253 113.696 202.78 113.203 202.42C112.723 202.047 112.123 201.86 111.403 201.86C110.696 201.86 110.096 202.047 109.603 202.42C109.109 202.78 108.736 203.253 108.483 203.84C108.243 204.413 108.123 205.033 108.123 205.7C108.123 206.353 108.243 206.973 108.483 207.56C108.736 208.147 109.109 208.627 109.603 209C110.096 209.36 110.696 209.54 111.403 209.54ZM128.439 211.2C127.346 211.2 126.519 210.92 125.959 210.36C125.412 209.8 125.139 209.013 125.139 208V201.96H123.239V200.4H125.139V197.74H127.039V200.4H129.619V201.96H127.039V208C127.039 208.533 127.186 208.927 127.479 209.18C127.772 209.42 128.199 209.54 128.759 209.54C129.052 209.54 129.332 209.52 129.599 209.48C129.866 209.44 129.999 209.42 129.999 209.42V211.04C129.999 211.04 129.846 211.067 129.539 211.12C129.232 211.173 128.866 211.2 128.439 211.2ZM132.694 211V195.8H134.594V201.94H134.714C134.807 201.78 134.96 201.56 135.174 201.28C135.4 201 135.72 200.753 136.134 200.54C136.547 200.313 137.067 200.2 137.694 200.2C138.467 200.2 139.127 200.38 139.674 200.74C140.22 201.087 140.634 201.56 140.914 202.16C141.207 202.76 141.354 203.433 141.354 204.18V211H139.454V204.3C139.454 203.593 139.254 203.007 138.854 202.54C138.467 202.073 137.9 201.84 137.154 201.84C136.554 201.84 136.067 201.993 135.694 202.3C135.32 202.593 135.04 202.987 134.854 203.48C134.68 203.96 134.594 204.473 134.594 205.02V211H132.694ZM151.414 196.48V195.84C151.414 195.707 151.441 195.573 151.494 195.44C151.547 195.307 151.654 195.2 151.814 195.12L152.094 194.98C152.707 194.673 153.014 194.333 153.014 193.96C153.014 193.773 152.941 193.607 152.794 193.46C152.661 193.3 152.441 193.22 152.134 193.22C151.867 193.22 151.667 193.28 151.534 193.4C151.414 193.507 151.334 193.627 151.294 193.76C151.254 193.893 151.234 194 151.234 194.08H149.914C149.914 193.747 149.987 193.427 150.134 193.12C150.294 192.813 150.534 192.56 150.854 192.36C151.187 192.16 151.607 192.06 152.114 192.06C152.821 192.06 153.374 192.247 153.774 192.62C154.187 192.98 154.394 193.413 154.394 193.92C154.394 194.293 154.267 194.647 154.014 194.98C153.761 195.3 153.354 195.593 152.794 195.86L152.714 195.9V196.48H151.414ZM145.774 198.9L148.194 195.96H149.814L152.234 198.9H150.514L148.994 197.06L147.494 198.9H145.774ZM149.074 211.2C148.207 211.2 147.454 211.047 146.814 210.74C146.187 210.42 145.667 209.993 145.254 209.46C144.854 208.927 144.554 208.34 144.354 207.7C144.154 207.047 144.054 206.38 144.054 205.7C144.054 205.033 144.147 204.373 144.334 203.72C144.534 203.067 144.834 202.473 145.234 201.94C145.647 201.407 146.161 200.987 146.774 200.68C147.401 200.36 148.141 200.2 148.994 200.2C149.901 200.2 150.701 200.407 151.394 200.82C152.087 201.233 152.634 201.847 153.034 202.66C153.434 203.473 153.634 204.493 153.634 205.72V206.28H145.974C146.014 206.88 146.154 207.433 146.394 207.94C146.647 208.433 147.001 208.833 147.454 209.14C147.907 209.433 148.447 209.58 149.074 209.58C149.621 209.58 150.061 209.493 150.394 209.32C150.741 209.133 151.014 208.92 151.214 208.68C151.414 208.44 151.547 208.233 151.614 208.06C151.694 207.873 151.734 207.78 151.734 207.78H153.514C153.514 207.78 153.481 207.9 153.414 208.14C153.347 208.367 153.227 208.647 153.054 208.98C152.881 209.313 152.627 209.653 152.294 210C151.961 210.333 151.534 210.62 151.014 210.86C150.494 211.087 149.847 211.2 149.074 211.2ZM145.994 204.8H151.774C151.747 204.107 151.601 203.547 151.334 203.12C151.067 202.68 150.727 202.353 150.314 202.14C149.901 201.927 149.461 201.82 148.994 201.82C148.154 201.82 147.467 202.093 146.934 202.64C146.401 203.173 146.087 203.893 145.994 204.8ZM165.971 211.2C165.104 211.2 164.344 211.047 163.691 210.74C163.037 210.42 162.491 210 162.051 209.48C161.624 208.947 161.297 208.353 161.071 207.7C160.857 207.047 160.751 206.38 160.751 205.7C160.751 205.02 160.857 204.36 161.071 203.72C161.284 203.067 161.604 202.473 162.031 201.94C162.471 201.407 163.017 200.987 163.671 200.68C164.324 200.36 165.091 200.2 165.971 200.2C166.824 200.2 167.531 200.327 168.091 200.58C168.651 200.833 169.097 201.153 169.431 201.54C169.777 201.913 170.031 202.293 170.191 202.68C170.364 203.053 170.477 203.367 170.531 203.62C170.584 203.873 170.611 204 170.611 204H168.771C168.771 204 168.737 203.893 168.671 203.68C168.604 203.453 168.477 203.2 168.291 202.92C168.104 202.64 167.824 202.393 167.451 202.18C167.077 201.953 166.584 201.84 165.971 201.84C165.237 201.84 164.617 202.027 164.111 202.4C163.617 202.76 163.244 203.233 162.991 203.82C162.751 204.407 162.631 205.033 162.631 205.7C162.631 206.367 162.751 206.993 162.991 207.58C163.244 208.167 163.617 208.647 164.111 209.02C164.617 209.38 165.237 209.56 165.971 209.56C166.584 209.56 167.077 209.453 167.451 209.24C167.824 209.013 168.104 208.76 168.291 208.48C168.477 208.2 168.604 207.953 168.671 207.74C168.737 207.513 168.771 207.4 168.771 207.4H170.611C170.611 207.4 170.584 207.527 170.531 207.78C170.477 208.033 170.364 208.353 170.191 208.74C170.031 209.113 169.777 209.493 169.431 209.88C169.097 210.253 168.651 210.567 168.091 210.82C167.531 211.073 166.824 211.2 165.971 211.2ZM173.416 211V195.8H175.316V201.94H175.436C175.53 201.78 175.683 201.56 175.896 201.28C176.123 201 176.443 200.753 176.856 200.54C177.27 200.313 177.79 200.2 178.416 200.2C179.19 200.2 179.85 200.38 180.396 200.74C180.943 201.087 181.356 201.56 181.636 202.16C181.93 202.76 182.076 203.433 182.076 204.18V211H180.176V204.3C180.176 203.593 179.976 203.007 179.576 202.54C179.19 202.073 178.623 201.84 177.876 201.84C177.276 201.84 176.79 201.993 176.416 202.3C176.043 202.593 175.763 202.987 175.576 203.48C175.403 203.96 175.316 204.473 175.316 205.02V211H173.416ZM189.997 211.2C188.863 211.2 187.91 210.94 187.137 210.42C186.363 209.887 185.777 209.2 185.377 208.36C184.977 207.52 184.777 206.633 184.777 205.7C184.777 204.753 184.977 203.867 185.377 203.04C185.777 202.2 186.363 201.52 187.137 201C187.91 200.467 188.863 200.2 189.997 200.2C191.13 200.2 192.083 200.467 192.857 201C193.63 201.52 194.217 202.2 194.617 203.04C195.017 203.867 195.217 204.753 195.217 205.7C195.217 206.633 195.017 207.52 194.617 208.36C194.217 209.2 193.63 209.887 192.857 210.42C192.083 210.94 191.13 211.2 189.997 211.2ZM189.997 209.54C190.717 209.54 191.317 209.36 191.797 209C192.29 208.627 192.657 208.147 192.897 207.56C193.15 206.973 193.277 206.353 193.277 205.7C193.277 205.033 193.15 204.413 192.897 203.84C192.657 203.253 192.29 202.78 191.797 202.42C191.317 202.047 190.717 201.86 189.997 201.86C189.29 201.86 188.69 202.047 188.197 202.42C187.703 202.78 187.33 203.253 187.077 203.84C186.837 204.413 186.717 205.033 186.717 205.7C186.717 206.353 186.837 206.973 187.077 207.56C187.33 208.147 187.703 208.627 188.197 209C188.69 209.36 189.29 209.54 189.997 209.54ZM189.997 215.54C189.623 215.54 189.31 215.407 189.057 215.14C188.817 214.887 188.697 214.587 188.697 214.24C188.697 213.88 188.817 213.573 189.057 213.32C189.31 213.067 189.623 212.94 189.997 212.94C190.37 212.94 190.677 213.067 190.917 213.32C191.17 213.573 191.297 213.88 191.297 214.24C191.297 214.6 191.17 214.907 190.917 215.16C190.677 215.413 190.37 215.54 189.997 215.54ZM197.923 211V200.4H199.823V201.94H199.943C200.037 201.78 200.19 201.56 200.403 201.28C200.63 201 200.95 200.753 201.363 200.54C201.777 200.313 202.297 200.2 202.923 200.2C203.697 200.2 204.357 200.38 204.903 200.74C205.45 201.087 205.863 201.56 206.143 202.16C206.437 202.76 206.583 203.433 206.583 204.18V211H204.683V204.3C204.683 203.593 204.483 203.007 204.083 202.54C203.697 202.073 203.13 201.84 202.383 201.84C201.783 201.84 201.297 201.993 200.923 202.3C200.55 202.593 200.27 202.987 200.083 203.48C199.91 203.96 199.823 204.473 199.823 205.02V211H197.923ZM213.998 211V200.4H215.898V201.94H216.018C216.111 201.78 216.264 201.56 216.478 201.28C216.704 201 217.024 200.753 217.438 200.54C217.851 200.313 218.371 200.2 218.998 200.2C219.771 200.2 220.431 200.38 220.978 200.74C221.524 201.087 221.938 201.56 222.218 202.16C222.511 202.76 222.658 203.433 222.658 204.18V211H220.758V204.3C220.758 203.593 220.558 203.007 220.158 202.54C219.771 202.073 219.204 201.84 218.458 201.84C217.858 201.84 217.371 201.993 216.998 202.3C216.624 202.593 216.344 202.987 216.158 203.48C215.984 203.96 215.898 204.473 215.898 205.02V211H213.998ZM225.663 211V195.8H227.563V201.94H227.683C227.776 201.78 227.929 201.56 228.143 201.28C228.369 201 228.689 200.753 229.103 200.54C229.516 200.313 230.036 200.2 230.663 200.2C231.436 200.2 232.096 200.38 232.643 200.74C233.189 201.087 233.603 201.56 233.883 202.16C234.176 202.76 234.323 203.433 234.323 204.18V211H232.423V204.3C232.423 203.593 232.223 203.007 231.823 202.54C231.436 202.073 230.869 201.84 230.123 201.84C229.523 201.84 229.036 201.993 228.663 202.3C228.289 202.593 228.009 202.987 227.823 203.48C227.649 203.96 227.563 204.473 227.563 205.02V211H225.663ZM238.363 198.38C238.003 198.38 237.703 198.26 237.463 198.02C237.236 197.78 237.123 197.493 237.123 197.16C237.123 196.813 237.236 196.52 237.463 196.28C237.703 196.04 238.003 195.92 238.363 195.92C238.709 195.92 239.003 196.04 239.243 196.28C239.483 196.52 239.603 196.813 239.603 197.16C239.603 197.493 239.483 197.78 239.243 198.02C239.003 198.26 238.709 198.38 238.363 198.38ZM237.423 211V200.4H239.323V211H237.423ZM249.976 196.34L247.916 192.72H249.876L251.596 196.32L249.976 196.34ZM244.016 198.9L246.436 195.96H248.056L250.476 198.9H248.756L247.236 197.06L245.736 198.9H244.016ZM247.316 211.2C246.449 211.2 245.696 211.047 245.056 210.74C244.429 210.42 243.909 209.993 243.496 209.46C243.096 208.927 242.796 208.34 242.596 207.7C242.396 207.047 242.296 206.38 242.296 205.7C242.296 205.033 242.389 204.373 242.576 203.72C242.776 203.067 243.076 202.473 243.476 201.94C243.889 201.407 244.403 200.987 245.016 200.68C245.643 200.36 246.383 200.2 247.236 200.2C248.143 200.2 248.943 200.407 249.636 200.82C250.329 201.233 250.876 201.847 251.276 202.66C251.676 203.473 251.876 204.493 251.876 205.72V206.28H244.216C244.256 206.88 244.396 207.433 244.636 207.94C244.889 208.433 245.243 208.833 245.696 209.14C246.149 209.433 246.689 209.58 247.316 209.58C247.863 209.58 248.303 209.493 248.636 209.32C248.983 209.133 249.256 208.92 249.456 208.68C249.656 208.44 249.789 208.233 249.856 208.06C249.936 207.873 249.976 207.78 249.976 207.78H251.756C251.756 207.78 251.723 207.9 251.656 208.14C251.589 208.367 251.469 208.647 251.296 208.98C251.123 209.313 250.869 209.653 250.536 210C250.203 210.333 249.776 210.62 249.256 210.86C248.736 211.087 248.089 211.2 247.316 211.2ZM244.236 204.8H250.016C249.989 204.107 249.843 203.547 249.576 203.12C249.309 202.68 248.969 202.353 248.556 202.14C248.143 201.927 247.703 201.82 247.236 201.82C246.396 201.82 245.709 202.093 245.176 202.64C244.643 203.173 244.329 203.893 244.236 204.8ZM258.044 211.2C256.99 211.2 256.15 210.873 255.524 210.22C254.897 209.567 254.584 208.66 254.584 207.5V200.4H256.484V207.4C256.484 208.093 256.67 208.627 257.044 209C257.43 209.373 257.937 209.56 258.564 209.56C259.204 209.56 259.717 209.393 260.104 209.06C260.49 208.727 260.77 208.3 260.944 207.78C261.117 207.26 261.204 206.727 261.204 206.18V200.4H263.104V211H261.204V209.48H261.084C261.004 209.64 260.85 209.86 260.624 210.14C260.397 210.407 260.077 210.653 259.664 210.88C259.25 211.093 258.71 211.2 258.044 211.2ZM275.541 211.2C274.674 211.2 273.914 211.047 273.261 210.74C272.608 210.42 272.061 210 271.621 209.48C271.194 208.947 270.868 208.353 270.641 207.7C270.428 207.047 270.321 206.38 270.321 205.7C270.321 205.02 270.428 204.36 270.641 203.72C270.854 203.067 271.174 202.473 271.601 201.94C272.041 201.407 272.588 200.987 273.241 200.68C273.894 200.36 274.661 200.2 275.541 200.2C276.394 200.2 277.101 200.327 277.661 200.58C278.221 200.833 278.668 201.153 279.001 201.54C279.348 201.913 279.601 202.293 279.761 202.68C279.934 203.053 280.048 203.367 280.101 203.62C280.154 203.873 280.181 204 280.181 204H278.341C278.341 204 278.308 203.893 278.241 203.68C278.174 203.453 278.048 203.2 277.861 202.92C277.674 202.64 277.394 202.393 277.021 202.18C276.648 201.953 276.154 201.84 275.541 201.84C274.808 201.84 274.188 202.027 273.681 202.4C273.188 202.76 272.814 203.233 272.561 203.82C272.321 204.407 272.201 205.033 272.201 205.7C272.201 206.367 272.321 206.993 272.561 207.58C272.814 208.167 273.188 208.647 273.681 209.02C274.188 209.38 274.808 209.56 275.541 209.56C276.154 209.56 276.648 209.453 277.021 209.24C277.394 209.013 277.674 208.76 277.861 208.48C278.048 208.2 278.174 207.953 278.241 207.74C278.308 207.513 278.341 207.4 278.341 207.4H280.181C280.181 207.4 280.154 207.527 280.101 207.78C280.048 208.033 279.934 208.353 279.761 208.74C279.601 209.113 279.348 209.493 279.001 209.88C278.668 210.253 278.221 210.567 277.661 210.82C277.101 211.073 276.394 211.2 275.541 211.2ZM282.987 211V195.8H284.887V201.94H285.007C285.1 201.78 285.253 201.56 285.467 201.28C285.693 201 286.013 200.753 286.427 200.54C286.84 200.313 287.36 200.2 287.987 200.2C288.76 200.2 289.42 200.38 289.967 200.74C290.513 201.087 290.927 201.56 291.207 202.16C291.5 202.76 291.647 203.433 291.647 204.18V211H289.747V204.3C289.747 203.593 289.547 203.007 289.147 202.54C288.76 202.073 288.193 201.84 287.447 201.84C286.847 201.84 286.36 201.993 285.987 202.3C285.613 202.593 285.333 202.987 285.147 203.48C284.973 203.96 284.887 204.473 284.887 205.02V211H282.987ZM298.327 198.94V198.3C298.327 198.167 298.354 198.033 298.407 197.9C298.46 197.767 298.567 197.66 298.727 197.58L299.007 197.44C299.62 197.133 299.927 196.793 299.927 196.42C299.927 196.233 299.854 196.067 299.707 195.92C299.574 195.76 299.354 195.68 299.047 195.68C298.78 195.68 298.58 195.74 298.447 195.86C298.327 195.967 298.247 196.087 298.207 196.22C298.167 196.353 298.147 196.46 298.147 196.54H296.827C296.827 196.207 296.9 195.887 297.047 195.58C297.207 195.273 297.447 195.02 297.767 194.82C298.1 194.62 298.52 194.52 299.027 194.52C299.734 194.52 300.287 194.707 300.687 195.08C301.1 195.44 301.307 195.873 301.307 196.38C301.307 196.753 301.18 197.107 300.927 197.44C300.674 197.76 300.267 198.053 299.707 198.32L299.627 198.36V198.94H298.327ZM298.207 211.2C297.154 211.2 296.314 210.873 295.687 210.22C295.06 209.567 294.747 208.66 294.747 207.5V200.4H296.647V207.4C296.647 208.093 296.834 208.627 297.207 209C297.594 209.373 298.1 209.56 298.727 209.56C299.367 209.56 299.88 209.393 300.267 209.06C300.654 208.727 300.934 208.3 301.107 207.78C301.28 207.26 301.367 206.727 301.367 206.18V200.4H303.267V211H301.367V209.48H301.247C301.167 209.64 301.014 209.86 300.787 210.14C300.56 210.407 300.24 210.653 299.827 210.88C299.414 211.093 298.874 211.2 298.207 211.2ZM315.473 211.2C314.673 211.2 313.973 211.047 313.373 210.74C312.773 210.42 312.273 210 311.873 209.48C311.473 208.947 311.173 208.353 310.973 207.7C310.773 207.047 310.673 206.38 310.673 205.7C310.673 205.02 310.773 204.353 310.973 203.7C311.173 203.047 311.473 202.46 311.873 201.94C312.273 201.407 312.773 200.987 313.373 200.68C313.973 200.36 314.673 200.2 315.473 200.2C316.139 200.2 316.699 200.307 317.153 200.52C317.606 200.733 317.973 200.987 318.253 201.28C318.533 201.56 318.746 201.827 318.893 202.08H319.013V199.24H316.233V197.72H319.013V195.8H320.913V197.72H322.733V199.24H320.913V211H319.013V209.32H318.893C318.746 209.573 318.533 209.847 318.253 210.14C317.973 210.433 317.606 210.687 317.153 210.9C316.699 211.1 316.139 211.2 315.473 211.2ZM315.793 209.58C316.499 209.58 317.086 209.393 317.553 209.02C318.033 208.633 318.386 208.147 318.613 207.56C318.853 206.96 318.973 206.34 318.973 205.7C318.973 205.047 318.853 204.427 318.613 203.84C318.386 203.253 318.033 202.773 317.553 202.4C317.086 202.013 316.499 201.82 315.793 201.82C315.086 201.82 314.493 202.013 314.013 202.4C313.533 202.773 313.173 203.253 312.933 203.84C312.706 204.427 312.593 205.047 312.593 205.7C312.593 206.34 312.706 206.96 312.933 207.56C313.173 208.147 313.533 208.633 314.013 209.02C314.493 209.393 315.086 209.58 315.793 209.58ZM332.085 196.34L330.025 192.72H331.985L333.705 196.32L332.085 196.34ZM326.125 198.9L328.545 195.96H330.165L332.585 198.9H330.865L329.345 197.06L327.845 198.9H326.125ZM329.425 211.2C328.559 211.2 327.805 211.047 327.165 210.74C326.539 210.42 326.019 209.993 325.605 209.46C325.205 208.927 324.905 208.34 324.705 207.7C324.505 207.047 324.405 206.38 324.405 205.7C324.405 205.033 324.499 204.373 324.685 203.72C324.885 203.067 325.185 202.473 325.585 201.94C325.999 201.407 326.512 200.987 327.125 200.68C327.752 200.36 328.492 200.2 329.345 200.2C330.252 200.2 331.052 200.407 331.745 200.82C332.439 201.233 332.985 201.847 333.385 202.66C333.785 203.473 333.985 204.493 333.985 205.72V206.28H326.325C326.365 206.88 326.505 207.433 326.745 207.94C326.999 208.433 327.352 208.833 327.805 209.14C328.259 209.433 328.799 209.58 329.425 209.58C329.972 209.58 330.412 209.493 330.745 209.32C331.092 209.133 331.365 208.92 331.565 208.68C331.765 208.44 331.899 208.233 331.965 208.06C332.045 207.873 332.085 207.78 332.085 207.78H333.865C333.865 207.78 333.832 207.9 333.765 208.14C333.699 208.367 333.579 208.647 333.405 208.98C333.232 209.313 332.979 209.653 332.645 210C332.312 210.333 331.885 210.62 331.365 210.86C330.845 211.087 330.199 211.2 329.425 211.2ZM326.345 204.8H332.125C332.099 204.107 331.952 203.547 331.685 203.12C331.419 202.68 331.079 202.353 330.665 202.14C330.252 201.927 329.812 201.82 329.345 201.82C328.505 201.82 327.819 202.093 327.285 202.64C326.752 203.173 326.439 203.893 326.345 204.8ZM56.42 236.2C55.5533 236.2 54.7933 236.047 54.14 235.74C53.4867 235.42 52.94 235 52.5 234.48C52.0733 233.947 51.7467 233.353 51.52 232.7C51.3067 232.047 51.2 231.38 51.2 230.7C51.2 230.02 51.3067 229.36 51.52 228.72C51.7333 228.067 52.0533 227.473 52.48 226.94C52.92 226.407 53.4667 225.987 54.12 225.68C54.7733 225.36 55.54 225.2 56.42 225.2C57.2733 225.2 57.98 225.327 58.54 225.58C59.1 225.833 59.5467 226.153 59.88 226.54C60.2267 226.913 60.48 227.293 60.64 227.68C60.8133 228.053 60.9267 228.367 60.98 228.62C61.0333 228.873 61.06 229 61.06 229H59.22C59.22 229 59.1867 228.893 59.12 228.68C59.0533 228.453 58.9267 228.2 58.74 227.92C58.5533 227.64 58.2733 227.393 57.9 227.18C57.5267 226.953 57.0333 226.84 56.42 226.84C55.6867 226.84 55.0667 227.027 54.56 227.4C54.0667 227.76 53.6933 228.233 53.44 228.82C53.2 229.407 53.08 230.033 53.08 230.7C53.08 231.367 53.2 231.993 53.44 232.58C53.6933 233.167 54.0667 233.647 54.56 234.02C55.0667 234.38 55.6867 234.56 56.42 234.56C57.0333 234.56 57.5267 234.453 57.9 234.24C58.2733 234.013 58.5533 233.76 58.74 233.48C58.9267 233.2 59.0533 232.953 59.12 232.74C59.1867 232.513 59.22 232.4 59.22 232.4H61.06C61.06 232.4 61.0333 232.527 60.98 232.78C60.9267 233.033 60.8133 233.353 60.64 233.74C60.48 234.113 60.2267 234.493 59.88 234.88C59.5467 235.253 59.1 235.567 58.54 235.82C57.98 236.073 57.2733 236.2 56.42 236.2ZM67.4656 223.8L65.4056 220.18H67.3656L69.0856 223.78L67.4656 223.8ZM67.4256 236.2C66.3723 236.2 65.5323 235.873 64.9056 235.22C64.279 234.567 63.9656 233.66 63.9656 232.5V225.4H65.8656V232.4C65.8656 233.093 66.0523 233.627 66.4256 234C66.8123 234.373 67.319 234.56 67.9456 234.56C68.5856 234.56 69.099 234.393 69.4856 234.06C69.8723 233.727 70.1523 233.3 70.3256 232.78C70.499 232.26 70.5856 231.727 70.5856 231.18V225.4H72.4856V236H70.5856V234.48H70.4656C70.3856 234.64 70.2323 234.86 70.0056 235.14C69.779 235.407 69.459 235.653 69.0456 235.88C68.6323 236.093 68.0923 236.2 67.4256 236.2ZM75.482 236V225.4H77.382V226.94H77.502C77.5954 226.78 77.7487 226.56 77.962 226.28C78.1887 226 78.5087 225.753 78.922 225.54C79.3354 225.313 79.8554 225.2 80.482 225.2C81.2554 225.2 81.9154 225.38 82.462 225.74C83.0087 226.087 83.422 226.56 83.702 227.16C83.9954 227.76 84.142 228.433 84.142 229.18V236H82.242V229.3C82.242 228.593 82.042 228.007 81.642 227.54C81.2554 227.073 80.6887 226.84 79.942 226.84C79.342 226.84 78.8554 226.993 78.482 227.3C78.1087 227.593 77.8287 227.987 77.642 228.48C77.4687 228.96 77.382 229.473 77.382 230.02V236H75.482ZM92.0469 240.2C91.1669 240.2 90.4335 240.08 89.8469 239.84C89.2602 239.613 88.7869 239.32 88.4269 238.96C88.0802 238.613 87.8202 238.267 87.6469 237.92C87.4735 237.573 87.3602 237.28 87.3069 237.04C87.2535 236.813 87.2269 236.7 87.2269 236.7H89.1269C89.1269 236.7 89.1602 236.793 89.2269 236.98C89.2935 237.167 89.4202 237.38 89.6069 237.62C89.8069 237.86 90.1002 238.073 90.4869 238.26C90.8735 238.447 91.3935 238.54 92.0469 238.54C92.8202 238.54 93.4269 238.387 93.8669 238.08C94.3069 237.787 94.6202 237.4 94.8069 236.92C95.0069 236.44 95.1069 235.933 95.1069 235.4V234.18H95.0069C94.8735 234.407 94.6602 234.667 94.3669 234.96C94.0869 235.24 93.7135 235.487 93.2469 235.7C92.7802 235.9 92.2069 236 91.5269 236C90.7269 236 90.0269 235.847 89.4269 235.54C88.8269 235.233 88.3269 234.82 87.9269 234.3C87.5402 233.78 87.2469 233.2 87.0469 232.56C86.8469 231.92 86.7469 231.267 86.7469 230.6C86.7469 229.933 86.8469 229.28 87.0469 228.64C87.2469 228 87.5402 227.42 87.9269 226.9C88.3269 226.38 88.8269 225.967 89.4269 225.66C90.0269 225.353 90.7269 225.2 91.5269 225.2C92.2069 225.2 92.7802 225.307 93.2469 225.52C93.7135 225.72 94.0869 225.96 94.3669 226.24C94.6602 226.52 94.8735 226.78 95.0069 227.02H95.1069V225.4H97.0069V235.38C97.0069 236.86 96.5735 238.033 95.7069 238.9C94.8535 239.767 93.6335 240.2 92.0469 240.2ZM91.8869 234.38C92.5935 234.38 93.1802 234.2 93.6469 233.84C94.1269 233.467 94.4802 232.993 94.7069 232.42C94.9469 231.847 95.0669 231.24 95.0669 230.6C95.0669 229.96 94.9469 229.353 94.7069 228.78C94.4802 228.193 94.1269 227.72 93.6469 227.36C93.1802 227 92.5935 226.82 91.8869 226.82C91.1802 226.82 90.5869 227 90.1069 227.36C89.6269 227.72 89.2669 228.193 89.0269 228.78C88.8002 229.353 88.6869 229.96 88.6869 230.6C88.6869 231.24 88.8002 231.847 89.0269 232.42C89.2669 232.993 89.6269 233.467 90.1069 233.84C90.5869 234.2 91.1802 234.38 91.8869 234.38ZM104.608 236L104.628 220.8H106.508V236H104.608ZM114.825 223.8L113.205 223.78L114.925 220.18H116.885L114.825 223.8ZM113.265 236.2C112.212 236.2 111.372 235.873 110.745 235.22C110.119 234.567 109.805 233.66 109.805 232.5V225.4H111.705V232.4C111.705 233.093 111.892 233.627 112.265 234C112.652 234.373 113.159 234.56 113.785 234.56C114.425 234.56 114.939 234.393 115.325 234.06C115.712 233.727 115.992 233.3 116.165 232.78C116.339 232.26 116.425 231.727 116.425 231.18V225.4H118.325V236H116.425V234.48H116.305C116.225 234.64 116.072 234.86 115.845 235.14C115.619 235.407 115.299 235.653 114.885 235.88C114.472 236.093 113.932 236.2 113.265 236.2ZM126.342 236.2C125.475 236.2 124.715 236.047 124.062 235.74C123.409 235.42 122.862 235 122.422 234.48C121.995 233.947 121.669 233.353 121.442 232.7C121.229 232.047 121.122 231.38 121.122 230.7C121.122 230.02 121.229 229.36 121.442 228.72C121.655 228.067 121.975 227.473 122.402 226.94C122.842 226.407 123.389 225.987 124.042 225.68C124.695 225.36 125.462 225.2 126.342 225.2C127.195 225.2 127.902 225.327 128.462 225.58C129.022 225.833 129.469 226.153 129.802 226.54C130.149 226.913 130.402 227.293 130.562 227.68C130.735 228.053 130.849 228.367 130.902 228.62C130.955 228.873 130.982 229 130.982 229H129.142C129.142 229 129.109 228.893 129.042 228.68C128.975 228.453 128.849 228.2 128.662 227.92C128.475 227.64 128.195 227.393 127.822 227.18C127.449 226.953 126.955 226.84 126.342 226.84C125.609 226.84 124.989 227.027 124.482 227.4C123.989 227.76 123.615 228.233 123.362 228.82C123.122 229.407 123.002 230.033 123.002 230.7C123.002 231.367 123.122 231.993 123.362 232.58C123.615 233.167 123.989 233.647 124.482 234.02C124.989 234.38 125.609 234.56 126.342 234.56C126.955 234.56 127.449 234.453 127.822 234.24C128.195 234.013 128.475 233.76 128.662 233.48C128.849 233.2 128.975 232.953 129.042 232.74C129.109 232.513 129.142 232.4 129.142 232.4H130.982C130.982 232.4 130.955 232.527 130.902 232.78C130.849 233.033 130.735 233.353 130.562 233.74C130.402 234.113 130.149 234.493 129.802 234.88C129.469 235.253 129.022 235.567 128.462 235.82C127.902 236.073 127.195 236.2 126.342 236.2ZM58.1 261.2C56.94 261.2 55.92 260.987 55.04 260.56C54.16 260.12 53.4267 259.54 52.84 258.82C52.2667 258.087 51.8333 257.273 51.54 256.38C51.2467 255.473 51.1 254.547 51.1 253.6C51.1 252.653 51.2467 251.727 51.54 250.82C51.8333 249.913 52.2667 249.1 52.84 248.38C53.4267 247.647 54.16 247.067 55.04 246.64C55.92 246.213 56.94 246 58.1 246C59.06 246 59.88 246.127 60.56 246.38C61.2533 246.62 61.8267 246.933 62.28 247.32C62.7467 247.707 63.12 248.12 63.4 248.56C63.6933 249 63.9067 249.413 64.04 249.8C64.1867 250.187 64.28 250.507 64.32 250.76C64.3733 251 64.4 251.12 64.4 251.12H62.44C62.44 251.12 62.4133 251.013 62.36 250.8C62.3067 250.573 62.2 250.3 62.04 249.98C61.88 249.647 61.64 249.313 61.32 248.98C61 248.647 60.58 248.373 60.06 248.16C59.54 247.933 58.8933 247.82 58.12 247.82C57.28 247.82 56.5467 247.987 55.92 248.32C55.2933 248.64 54.7667 249.08 54.34 249.64C53.9267 250.187 53.6133 250.807 53.4 251.5C53.2 252.18 53.1 252.88 53.1 253.6C53.1 254.32 53.2 255.027 53.4 255.72C53.6133 256.4 53.9267 257.02 54.34 257.58C54.7667 258.127 55.2933 258.567 55.92 258.9C56.5467 259.22 57.28 259.38 58.12 259.38C58.8933 259.38 59.54 259.267 60.06 259.04C60.58 258.813 61 258.54 61.32 258.22C61.64 257.887 61.88 257.56 62.04 257.24C62.2 256.907 62.3067 256.627 62.36 256.4C62.4133 256.173 62.44 256.06 62.44 256.06H64.4C64.4 256.06 64.3733 256.187 64.32 256.44C64.28 256.68 64.1867 257 64.04 257.4C63.9067 257.787 63.6933 258.2 63.4 258.64C63.12 259.067 62.7467 259.48 62.28 259.88C61.8267 260.267 61.2533 260.587 60.56 260.84C59.88 261.08 59.06 261.2 58.1 261.2ZM72.8478 248.8L71.2278 248.78L72.9478 245.18H74.9078L72.8478 248.8ZM71.6078 250.2C72.2745 250.2 72.8345 250.307 73.2878 250.52C73.7411 250.733 74.1078 250.987 74.3878 251.28C74.6678 251.56 74.8811 251.827 75.0278 252.08H75.1478V250.4H77.0478V261H75.1478V259.32H75.0278C74.8811 259.573 74.6678 259.847 74.3878 260.14C74.1078 260.433 73.7411 260.687 73.2878 260.9C72.8345 261.1 72.2745 261.2 71.6078 261.2C70.8078 261.2 70.1078 261.047 69.5078 260.74C68.9078 260.42 68.4078 260 68.0078 259.48C67.6078 258.947 67.3078 258.353 67.1078 257.7C66.9078 257.047 66.8078 256.38 66.8078 255.7C66.8078 255.02 66.9078 254.353 67.1078 253.7C67.3078 253.047 67.6078 252.46 68.0078 251.94C68.4078 251.407 68.9078 250.987 69.5078 250.68C70.1078 250.36 70.8078 250.2 71.6078 250.2ZM71.9278 251.82C71.2211 251.82 70.6278 252.013 70.1478 252.4C69.6678 252.773 69.3078 253.253 69.0678 253.84C68.8411 254.427 68.7278 255.047 68.7278 255.7C68.7278 256.34 68.8411 256.96 69.0678 257.56C69.3078 258.147 69.6678 258.633 70.1478 259.02C70.6278 259.393 71.2211 259.58 71.9278 259.58C72.6345 259.58 73.2211 259.393 73.6878 259.02C74.1678 258.633 74.5211 258.147 74.7478 257.56C74.9878 256.96 75.1078 256.34 75.1078 255.7C75.1078 255.047 74.9878 254.427 74.7478 253.84C74.5211 253.253 74.1678 252.773 73.6878 252.4C73.2211 252.013 72.6345 251.82 71.9278 251.82ZM84.9942 261.2C84.1276 261.2 83.3676 261.047 82.7142 260.74C82.0609 260.42 81.5142 260 81.0742 259.48C80.6476 258.947 80.3209 258.353 80.0942 257.7C79.8809 257.047 79.7742 256.38 79.7742 255.7C79.7742 255.02 79.8809 254.36 80.0942 253.72C80.3076 253.067 80.6276 252.473 81.0542 251.94C81.4942 251.407 82.0409 250.987 82.6942 250.68C83.3476 250.36 84.1142 250.2 84.9942 250.2C85.8476 250.2 86.5542 250.327 87.1142 250.58C87.6742 250.833 88.1209 251.153 88.4542 251.54C88.8009 251.913 89.0542 252.293 89.2142 252.68C89.3876 253.053 89.5009 253.367 89.5542 253.62C89.6076 253.873 89.6342 254 89.6342 254H87.7942C87.7942 254 87.7609 253.893 87.6942 253.68C87.6276 253.453 87.5009 253.2 87.3142 252.92C87.1276 252.64 86.8476 252.393 86.4742 252.18C86.1009 251.953 85.6076 251.84 84.9942 251.84C84.2609 251.84 83.6409 252.027 83.1342 252.4C82.6409 252.76 82.2676 253.233 82.0142 253.82C81.7742 254.407 81.6542 255.033 81.6542 255.7C81.6542 256.367 81.7742 256.993 82.0142 257.58C82.2676 258.167 82.6409 258.647 83.1342 259.02C83.6409 259.38 84.2609 259.56 84.9942 259.56C85.6076 259.56 86.1009 259.453 86.4742 259.24C86.8476 259.013 87.1276 258.76 87.3142 258.48C87.5009 258.2 87.6276 257.953 87.6942 257.74C87.7609 257.513 87.7942 257.4 87.7942 257.4H89.6342C89.6342 257.4 89.6076 257.527 89.5542 257.78C89.5009 258.033 89.3876 258.353 89.2142 258.74C89.0542 259.113 88.8009 259.493 88.4542 259.88C88.1209 260.253 87.6742 260.567 87.1142 260.82C86.5542 261.073 85.8476 261.2 84.9942 261.2ZM101.349 261.2C100.256 261.2 99.4292 260.92 98.8692 260.36C98.3226 259.8 98.0492 259.013 98.0492 258V251.96H96.1492V250.4H98.0492V247.74H99.9492V250.4H102.529V251.96H99.9492V258C99.9492 258.533 100.096 258.927 100.389 259.18C100.683 259.42 101.109 259.54 101.669 259.54C101.963 259.54 102.243 259.52 102.509 259.48C102.776 259.44 102.909 259.42 102.909 259.42V261.04C102.909 261.04 102.756 261.067 102.449 261.12C102.143 261.173 101.776 261.2 101.349 261.2ZM109.044 248.8L106.984 245.18H108.944L110.664 248.78L109.044 248.8ZM109.164 261.2C108.111 261.2 107.271 260.873 106.644 260.22C106.017 259.567 105.704 258.66 105.704 257.5V250.4H107.604V257.4C107.604 258.093 107.791 258.627 108.164 259C108.551 259.373 109.057 259.56 109.684 259.56C110.324 259.56 110.837 259.393 111.224 259.06C111.611 258.727 111.891 258.3 112.064 257.78C112.237 257.26 112.324 256.727 112.324 256.18V250.4H113.944C114.464 250.4 114.724 250.127 114.724 249.58V248.38H116.404V249.58C116.404 250.193 116.244 250.687 115.924 251.06C115.604 251.433 115.117 251.62 114.464 251.62H114.224V261H112.324V259.48H112.204C112.124 259.64 111.971 259.86 111.744 260.14C111.517 260.407 111.197 260.653 110.784 260.88C110.371 261.093 109.831 261.2 109.164 261.2ZM125.71 261.2C124.896 261.2 124.223 261.087 123.69 260.86C123.17 260.633 122.756 260.353 122.45 260.02C122.143 259.673 121.916 259.333 121.77 259C121.623 258.653 121.53 258.367 121.49 258.14C121.45 257.913 121.43 257.8 121.43 257.8H123.35C123.35 257.8 123.37 257.893 123.41 258.08C123.463 258.253 123.563 258.46 123.71 258.7C123.87 258.927 124.11 259.133 124.43 259.32C124.763 259.493 125.203 259.58 125.75 259.58C126.376 259.58 126.863 259.433 127.21 259.14C127.556 258.833 127.73 258.46 127.73 258.02C127.73 257.633 127.59 257.327 127.31 257.1C127.043 256.873 126.656 256.7 126.15 256.58L124.71 256.24C124.176 256.107 123.676 255.927 123.21 255.7C122.743 255.473 122.363 255.167 122.07 254.78C121.79 254.38 121.65 253.887 121.65 253.3C121.65 252.393 121.99 251.653 122.67 251.08C123.35 250.493 124.236 250.2 125.33 250.2C126.063 250.2 126.67 250.307 127.15 250.52C127.63 250.72 128.01 250.973 128.29 251.28C128.583 251.587 128.796 251.893 128.93 252.2C129.076 252.507 129.17 252.767 129.21 252.98C129.25 253.18 129.27 253.28 129.27 253.28H127.43C127.43 253.28 127.41 253.207 127.37 253.06C127.33 252.9 127.236 252.727 127.09 252.54C126.956 252.34 126.75 252.167 126.47 252.02C126.19 251.86 125.816 251.78 125.35 251.78C124.71 251.78 124.243 251.927 123.95 252.22C123.656 252.513 123.51 252.833 123.51 253.18C123.51 253.513 123.643 253.787 123.91 254C124.19 254.2 124.55 254.353 124.99 254.46L126.45 254.8C127.356 255.013 128.103 255.367 128.69 255.86C129.29 256.34 129.59 257.033 129.59 257.94C129.59 258.527 129.436 259.073 129.13 259.58C128.823 260.073 128.383 260.467 127.81 260.76C127.236 261.053 126.536 261.2 125.71 261.2ZM137.991 248.68C137.631 248.68 137.324 248.613 137.071 248.48C136.831 248.347 136.617 248.193 136.431 248.02C136.257 247.847 136.091 247.693 135.931 247.56C135.771 247.427 135.597 247.36 135.411 247.36C135.184 247.36 135.017 247.473 134.911 247.7C134.817 247.913 134.771 248.2 134.771 248.56H133.491C133.491 248.147 133.537 247.747 133.631 247.36C133.737 246.96 133.924 246.633 134.191 246.38C134.457 246.113 134.824 245.98 135.291 245.98C135.651 245.98 135.957 246.047 136.211 246.18C136.464 246.313 136.677 246.467 136.851 246.64C137.037 246.8 137.211 246.947 137.371 247.08C137.531 247.213 137.697 247.28 137.871 247.28C138.084 247.28 138.237 247.173 138.331 246.96C138.437 246.747 138.491 246.453 138.491 246.08H139.771C139.771 246.493 139.717 246.9 139.611 247.3C139.517 247.7 139.337 248.033 139.071 248.3C138.817 248.553 138.457 248.68 137.991 248.68ZM136.711 261.2C135.844 261.2 135.091 261.047 134.451 260.74C133.824 260.42 133.304 259.993 132.891 259.46C132.491 258.927 132.191 258.34 131.991 257.7C131.791 257.047 131.691 256.38 131.691 255.7C131.691 255.033 131.784 254.373 131.971 253.72C132.171 253.067 132.471 252.473 132.871 251.94C133.284 251.407 133.797 250.987 134.411 250.68C135.037 250.36 135.777 250.2 136.631 250.2C137.537 250.2 138.337 250.407 139.031 250.82C139.724 251.233 140.271 251.847 140.671 252.66C141.071 253.473 141.271 254.493 141.271 255.72V256.28H133.611C133.651 256.88 133.791 257.433 134.031 257.94C134.284 258.433 134.637 258.833 135.091 259.14C135.544 259.433 136.084 259.58 136.711 259.58C137.257 259.58 137.697 259.493 138.031 259.32C138.377 259.133 138.651 258.92 138.851 258.68C139.051 258.44 139.184 258.233 139.251 258.06C139.331 257.873 139.371 257.78 139.371 257.78H141.151C141.151 257.78 141.117 257.9 141.051 258.14C140.984 258.367 140.864 258.647 140.691 258.98C140.517 259.313 140.264 259.653 139.931 260C139.597 260.333 139.171 260.62 138.651 260.86C138.131 261.087 137.484 261.2 136.711 261.2ZM133.631 254.8H139.411C139.384 254.107 139.237 253.547 138.971 253.12C138.704 252.68 138.364 252.353 137.951 252.14C137.537 251.927 137.097 251.82 136.631 251.82C135.791 251.82 135.104 252.093 134.571 252.64C134.037 253.173 133.724 253.893 133.631 254.8ZM153.188 261.2C152.388 261.2 151.688 261.047 151.088 260.74C150.488 260.42 149.988 260 149.588 259.48C149.188 258.947 148.888 258.353 148.688 257.7C148.488 257.047 148.388 256.38 148.388 255.7C148.388 255.02 148.488 254.353 148.688 253.7C148.888 253.047 149.188 252.46 149.588 251.94C149.988 251.407 150.488 250.987 151.088 250.68C151.688 250.36 152.388 250.2 153.188 250.2C153.854 250.2 154.414 250.307 154.868 250.52C155.321 250.733 155.688 250.987 155.968 251.28C156.248 251.56 156.461 251.827 156.608 252.08H156.728V249.24H153.948V247.72H156.728V245.8H158.628V247.72H160.448V249.24H158.628V261H156.728V259.32H156.608C156.461 259.573 156.248 259.847 155.968 260.14C155.688 260.433 155.321 260.687 154.868 260.9C154.414 261.1 153.854 261.2 153.188 261.2ZM153.508 259.58C154.214 259.58 154.801 259.393 155.268 259.02C155.748 258.633 156.101 258.147 156.328 257.56C156.568 256.96 156.688 256.34 156.688 255.7C156.688 255.047 156.568 254.427 156.328 253.84C156.101 253.253 155.748 252.773 155.268 252.4C154.801 252.013 154.214 251.82 153.508 251.82C152.801 251.82 152.208 252.013 151.728 252.4C151.248 252.773 150.888 253.253 150.648 253.84C150.421 254.427 150.308 255.047 150.308 255.7C150.308 256.34 150.421 256.96 150.648 257.56C150.888 258.147 151.248 258.633 151.728 259.02C152.208 259.393 152.801 259.58 153.508 259.58ZM165.29 261.2C164.236 261.2 163.396 260.873 162.77 260.22C162.143 259.567 161.83 258.66 161.83 257.5V250.4H163.73V257.4C163.73 258.093 163.916 258.627 164.29 259C164.676 259.373 165.183 259.56 165.81 259.56C166.45 259.56 166.963 259.393 167.35 259.06C167.736 258.727 168.016 258.3 168.19 257.78C168.363 257.26 168.45 256.727 168.45 256.18V250.4H170.07C170.59 250.4 170.85 250.127 170.85 249.58V248.38H172.53V249.58C172.53 250.193 172.37 250.687 172.05 251.06C171.73 251.433 171.243 251.62 170.59 251.62H170.35V261H168.45V259.48H168.33C168.25 259.64 168.096 259.86 167.87 260.14C167.643 260.407 167.323 260.653 166.91 260.88C166.496 261.093 165.956 261.2 165.29 261.2ZM178.766 261.2C177.633 261.2 176.679 260.94 175.906 260.42C175.133 259.887 174.546 259.2 174.146 258.36C173.746 257.52 173.546 256.633 173.546 255.7C173.546 254.753 173.746 253.867 174.146 253.04C174.546 252.2 175.133 251.52 175.906 251C176.679 250.467 177.633 250.2 178.766 250.2H181.486C182.006 250.2 182.266 249.927 182.266 249.38V248.18H183.946V249.38C183.946 249.967 183.799 250.447 183.506 250.82C183.213 251.18 182.773 251.38 182.186 251.42C182.773 251.94 183.219 252.58 183.526 253.34C183.833 254.087 183.986 254.873 183.986 255.7C183.986 256.633 183.786 257.52 183.386 258.36C182.986 259.2 182.399 259.887 181.626 260.42C180.853 260.94 179.899 261.2 178.766 261.2ZM178.766 259.54C179.486 259.54 180.086 259.36 180.566 259C181.059 258.627 181.426 258.147 181.666 257.56C181.919 256.973 182.046 256.353 182.046 255.7C182.046 255.033 181.919 254.413 181.666 253.84C181.426 253.253 181.059 252.78 180.566 252.42C180.086 252.047 179.486 251.86 178.766 251.86C178.059 251.86 177.459 252.047 176.966 252.42C176.473 252.78 176.099 253.253 175.846 253.84C175.606 254.413 175.486 255.033 175.486 255.7C175.486 256.353 175.606 256.973 175.846 257.56C176.099 258.147 176.473 258.627 176.966 259C177.459 259.36 178.059 259.54 178.766 259.54ZM178.766 265.54C178.393 265.54 178.079 265.407 177.826 265.14C177.586 264.887 177.466 264.587 177.466 264.24C177.466 263.88 177.586 263.573 177.826 263.32C178.079 263.067 178.393 262.94 178.766 262.94C179.139 262.94 179.446 263.067 179.686 263.32C179.939 263.573 180.066 263.88 180.066 264.24C180.066 264.6 179.939 264.907 179.686 265.16C179.446 265.413 179.139 265.54 178.766 265.54ZM191.713 261.2C190.846 261.2 190.086 261.047 189.433 260.74C188.78 260.42 188.233 260 187.793 259.48C187.366 258.947 187.04 258.353 186.813 257.7C186.6 257.047 186.493 256.38 186.493 255.7C186.493 255.02 186.6 254.36 186.813 253.72C187.026 253.067 187.346 252.473 187.773 251.94C188.213 251.407 188.76 250.987 189.413 250.68C190.066 250.36 190.833 250.2 191.713 250.2C192.566 250.2 193.273 250.327 193.833 250.58C194.393 250.833 194.84 251.153 195.173 251.54C195.52 251.913 195.773 252.293 195.933 252.68C196.106 253.053 196.22 253.367 196.273 253.62C196.326 253.873 196.353 254 196.353 254H194.513C194.513 254 194.48 253.893 194.413 253.68C194.346 253.453 194.22 253.2 194.033 252.92C193.846 252.64 193.566 252.393 193.193 252.18C192.82 251.953 192.326 251.84 191.713 251.84C190.98 251.84 190.36 252.027 189.853 252.4C189.36 252.76 188.986 253.233 188.733 253.82C188.493 254.407 188.373 255.033 188.373 255.7C188.373 256.367 188.493 256.993 188.733 257.58C188.986 258.167 189.36 258.647 189.853 259.02C190.36 259.38 190.98 259.56 191.713 259.56C192.326 259.56 192.82 259.453 193.193 259.24C193.566 259.013 193.846 258.76 194.033 258.48C194.22 258.2 194.346 257.953 194.413 257.74C194.48 257.513 194.513 257.4 194.513 257.4H196.353C196.353 257.4 196.326 257.527 196.273 257.78C196.22 258.033 196.106 258.353 195.933 258.74C195.773 259.113 195.52 259.493 195.173 259.88C194.84 260.253 194.393 260.567 193.833 260.82C193.273 261.073 192.566 261.2 191.713 261.2ZM208.068 261.2C206.975 261.2 206.148 260.92 205.588 260.36C205.041 259.8 204.768 259.013 204.768 258V251.96H202.868V250.4H204.768V247.74H206.668V250.4H209.248V251.96H206.668V258C206.668 258.533 206.815 258.927 207.108 259.18C207.401 259.42 207.828 259.54 208.388 259.54C208.681 259.54 208.961 259.52 209.228 259.48C209.495 259.44 209.628 259.42 209.628 259.42V261.04C209.628 261.04 209.475 261.067 209.168 261.12C208.861 261.173 208.495 261.2 208.068 261.2ZM212.123 261V250.4H214.023V251.72H214.103C214.329 251.32 214.663 250.967 215.103 250.66C215.543 250.353 216.163 250.2 216.963 250.2C217.189 250.2 217.396 250.213 217.583 250.24C217.769 250.253 217.863 250.26 217.863 250.26V252.08C217.863 252.08 217.756 252.073 217.543 252.06C217.343 252.033 217.129 252.02 216.903 252.02C215.983 252.02 215.269 252.287 214.763 252.82C214.269 253.34 214.023 254.193 214.023 255.38V261H212.123ZM221.034 248.86L223.454 245.52H225.074L227.494 248.86H225.774L224.254 246.72L222.754 248.86H221.034ZM224.274 261.2C223.141 261.2 222.187 260.94 221.414 260.42C220.641 259.887 220.054 259.2 219.654 258.36C219.254 257.52 219.054 256.633 219.054 255.7C219.054 254.753 219.254 253.867 219.654 253.04C220.054 252.2 220.641 251.52 221.414 251C222.187 250.467 223.141 250.2 224.274 250.2C225.407 250.2 226.361 250.467 227.134 251C227.907 251.52 228.494 252.2 228.894 253.04C229.294 253.867 229.494 254.753 229.494 255.7C229.494 256.633 229.294 257.52 228.894 258.36C228.494 259.2 227.907 259.887 227.134 260.42C226.361 260.94 225.407 261.2 224.274 261.2ZM224.274 259.54C224.994 259.54 225.594 259.36 226.074 259C226.567 258.627 226.934 258.147 227.174 257.56C227.427 256.973 227.554 256.353 227.554 255.7C227.554 255.033 227.427 254.413 227.174 253.84C226.934 253.253 226.567 252.78 226.074 252.42C225.594 252.047 224.994 251.86 224.274 251.86C223.567 251.86 222.967 252.047 222.474 252.42C221.981 252.78 221.607 253.253 221.354 253.84C221.114 254.413 220.994 255.033 220.994 255.7C220.994 256.353 221.114 256.973 221.354 257.56C221.607 258.147 221.981 258.627 222.474 259C222.967 259.36 223.567 259.54 224.274 259.54ZM224.274 265.54C223.901 265.54 223.587 265.407 223.334 265.14C223.094 264.887 222.974 264.587 222.974 264.24C222.974 263.88 223.094 263.573 223.334 263.32C223.587 263.067 223.901 262.94 224.274 262.94C224.647 262.94 224.954 263.067 225.194 263.32C225.447 263.573 225.574 263.88 225.574 264.24C225.574 264.6 225.447 264.907 225.194 265.16C224.954 265.413 224.647 265.54 224.274 265.54ZM232.201 261V250.4H234.101V251.94H234.221C234.314 251.78 234.467 251.56 234.681 251.28C234.907 251 235.227 250.753 235.641 250.54C236.054 250.313 236.574 250.2 237.201 250.2C237.974 250.2 238.634 250.38 239.181 250.74C239.727 251.087 240.141 251.56 240.421 252.16C240.714 252.76 240.861 253.433 240.861 254.18V261H238.961V254.3C238.961 253.593 238.761 253.007 238.361 252.54C237.974 252.073 237.407 251.84 236.661 251.84C236.061 251.84 235.574 251.993 235.201 252.3C234.827 252.593 234.547 252.987 234.361 253.48C234.187 253.96 234.101 254.473 234.101 255.02V261H232.201ZM248.275 261V250.4H250.175V251.94H250.295C250.388 251.78 250.542 251.56 250.755 251.28C250.982 251 251.302 250.753 251.715 250.54C252.128 250.313 252.648 250.2 253.275 250.2C254.048 250.2 254.708 250.38 255.255 250.74C255.802 251.087 256.215 251.56 256.495 252.16C256.788 252.76 256.935 253.433 256.935 254.18V261H255.035V254.3C255.035 253.593 254.835 253.007 254.435 252.54C254.048 252.073 253.482 251.84 252.735 251.84C252.135 251.84 251.648 251.993 251.275 252.3C250.902 252.593 250.622 252.987 250.435 253.48C250.262 253.96 250.175 254.473 250.175 255.02V261H248.275ZM264.84 265.2C263.96 265.2 263.227 265.08 262.64 264.84C262.053 264.613 261.58 264.32 261.22 263.96C260.873 263.613 260.613 263.267 260.44 262.92C260.267 262.573 260.153 262.28 260.1 262.04C260.047 261.813 260.02 261.7 260.02 261.7H261.92C261.92 261.7 261.953 261.793 262.02 261.98C262.087 262.167 262.213 262.38 262.4 262.62C262.6 262.86 262.893 263.073 263.28 263.26C263.667 263.447 264.187 263.54 264.84 263.54C265.613 263.54 266.22 263.387 266.66 263.08C267.1 262.787 267.413 262.4 267.6 261.92C267.8 261.44 267.9 260.933 267.9 260.4V259.18H267.8C267.667 259.407 267.453 259.667 267.16 259.96C266.88 260.24 266.507 260.487 266.04 260.7C265.573 260.9 265 261 264.32 261C263.52 261 262.82 260.847 262.22 260.54C261.62 260.233 261.12 259.82 260.72 259.3C260.333 258.78 260.04 258.2 259.84 257.56C259.64 256.92 259.54 256.267 259.54 255.6C259.54 254.933 259.64 254.28 259.84 253.64C260.04 253 260.333 252.42 260.72 251.9C261.12 251.38 261.62 250.967 262.22 250.66C262.82 250.353 263.52 250.2 264.32 250.2C265 250.2 265.573 250.307 266.04 250.52C266.507 250.72 266.88 250.96 267.16 251.24C267.453 251.52 267.667 251.78 267.8 252.02H267.9V250.4H269.8V260.38C269.8 261.86 269.367 263.033 268.5 263.9C267.647 264.767 266.427 265.2 264.84 265.2ZM264.68 259.38C265.387 259.38 265.973 259.2 266.44 258.84C266.92 258.467 267.273 257.993 267.5 257.42C267.74 256.847 267.86 256.24 267.86 255.6C267.86 254.96 267.74 254.353 267.5 253.78C267.273 253.193 266.92 252.72 266.44 252.36C265.973 252 265.387 251.82 264.68 251.82C263.973 251.82 263.38 252 262.9 252.36C262.42 252.72 262.06 253.193 261.82 253.78C261.593 254.353 261.48 254.96 261.48 255.6C261.48 256.24 261.593 256.847 261.82 257.42C262.06 257.993 262.42 258.467 262.9 258.84C263.38 259.2 263.973 259.38 264.68 259.38ZM278.701 245.16C278.341 245.16 278.034 245.093 277.781 244.96C277.541 244.827 277.327 244.673 277.141 244.5C276.967 244.327 276.801 244.173 276.641 244.04C276.481 243.907 276.307 243.84 276.121 243.84C275.894 243.84 275.727 243.953 275.621 244.18C275.527 244.393 275.481 244.68 275.481 245.04H274.201C274.201 244.627 274.247 244.227 274.341 243.84C274.447 243.44 274.634 243.113 274.901 242.86C275.167 242.593 275.534 242.46 276.001 242.46C276.361 242.46 276.667 242.527 276.921 242.66C277.174 242.793 277.387 242.947 277.561 243.12C277.747 243.28 277.921 243.427 278.081 243.56C278.241 243.693 278.407 243.76 278.581 243.76C278.794 243.76 278.947 243.653 279.041 243.44C279.147 243.227 279.201 242.933 279.201 242.56H280.481C280.481 242.973 280.427 243.38 280.321 243.78C280.227 244.18 280.047 244.513 279.781 244.78C279.527 245.033 279.167 245.16 278.701 245.16ZM274.101 248.88L276.521 245.94H278.141L280.561 248.88H278.841L277.321 247.04L275.821 248.88H274.101ZM276.901 250.2C277.567 250.2 278.127 250.307 278.581 250.52C279.034 250.733 279.401 250.987 279.681 251.28C279.961 251.56 280.174 251.827 280.321 252.08H280.441V250.4H282.341V261H280.441V259.32H280.321C280.174 259.573 279.961 259.847 279.681 260.14C279.401 260.433 279.034 260.687 278.581 260.9C278.127 261.1 277.567 261.2 276.901 261.2C276.101 261.2 275.401 261.047 274.801 260.74C274.201 260.42 273.701 260 273.301 259.48C272.901 258.947 272.601 258.353 272.401 257.7C272.201 257.047 272.101 256.38 272.101 255.7C272.101 255.02 272.201 254.353 272.401 253.7C272.601 253.047 272.901 252.46 273.301 251.94C273.701 251.407 274.201 250.987 274.801 250.68C275.401 250.36 276.101 250.2 276.901 250.2ZM277.221 251.82C276.514 251.82 275.921 252.013 275.441 252.4C274.961 252.773 274.601 253.253 274.361 253.84C274.134 254.427 274.021 255.047 274.021 255.7C274.021 256.34 274.134 256.96 274.361 257.56C274.601 258.147 274.961 258.633 275.441 259.02C275.921 259.393 276.514 259.58 277.221 259.58C277.927 259.58 278.514 259.393 278.981 259.02C279.461 258.633 279.814 258.147 280.041 257.56C280.281 256.96 280.401 256.34 280.401 255.7C280.401 255.047 280.281 254.427 280.041 253.84C279.814 253.253 279.461 252.773 278.981 252.4C278.514 252.013 277.927 251.82 277.221 251.82ZM288.727 261.2C287.674 261.2 286.834 260.873 286.207 260.22C285.581 259.567 285.267 258.66 285.267 257.5V250.4H287.167V257.4C287.167 258.093 287.354 258.627 287.727 259C288.114 259.373 288.621 259.56 289.247 259.56C289.887 259.56 290.401 259.393 290.787 259.06C291.174 258.727 291.454 258.3 291.627 257.78C291.801 257.26 291.887 256.727 291.887 256.18V250.4H293.787V261H291.887V259.48H291.767C291.687 259.64 291.534 259.86 291.307 260.14C291.081 260.407 290.761 260.653 290.347 260.88C289.934 261.093 289.394 261.2 288.727 261.2ZM301.205 261V250.4H303.105V251.94H303.225C303.318 251.78 303.471 251.56 303.685 251.28C303.911 251 304.231 250.753 304.645 250.54C305.058 250.313 305.578 250.2 306.205 250.2C306.978 250.2 307.638 250.38 308.185 250.74C308.731 251.087 309.145 251.56 309.425 252.16C309.718 252.76 309.865 253.433 309.865 254.18V261H307.965V254.3C307.965 253.593 307.765 253.007 307.365 252.54C306.978 252.073 306.411 251.84 305.665 251.84C305.065 251.84 304.578 251.993 304.205 252.3C303.831 252.593 303.551 252.987 303.365 253.48C303.191 253.96 303.105 254.473 303.105 255.02V261H301.205ZM312.87 261V245.8H314.77V251.94H314.89C314.983 251.78 315.136 251.56 315.35 251.28C315.576 251 315.896 250.753 316.31 250.54C316.723 250.313 317.243 250.2 317.87 250.2C318.643 250.2 319.303 250.38 319.85 250.74C320.396 251.087 320.81 251.56 321.09 252.16C321.383 252.76 321.53 253.433 321.53 254.18V261H319.63V254.3C319.63 253.593 319.43 253.007 319.03 252.54C318.643 252.073 318.076 251.84 317.33 251.84C316.73 251.84 316.243 251.993 315.87 252.3C315.496 252.593 315.216 252.987 315.03 253.48C314.856 253.96 314.77 254.473 314.77 255.02V261H312.87ZM325.57 248.38C325.21 248.38 324.91 248.26 324.67 248.02C324.443 247.78 324.33 247.493 324.33 247.16C324.33 246.813 324.443 246.52 324.67 246.28C324.91 246.04 325.21 245.92 325.57 245.92C325.916 245.92 326.21 246.04 326.45 246.28C326.69 246.52 326.81 246.813 326.81 247.16C326.81 247.493 326.69 247.78 326.45 248.02C326.21 248.26 325.916 248.38 325.57 248.38ZM324.63 261V250.4H326.53V261H324.63ZM331.223 248.9L333.643 245.56H335.263L337.683 248.9H335.963L334.443 246.76L332.943 248.9H331.223ZM334.523 261.2C333.656 261.2 332.903 261.047 332.263 260.74C331.636 260.42 331.116 259.993 330.703 259.46C330.303 258.927 330.003 258.34 329.803 257.7C329.603 257.047 329.503 256.38 329.503 255.7C329.503 255.033 329.596 254.373 329.783 253.72C329.983 253.067 330.283 252.473 330.683 251.94C331.096 251.407 331.61 250.987 332.223 250.68C332.85 250.36 333.59 250.2 334.443 250.2C335.35 250.2 336.15 250.407 336.843 250.82C337.536 251.233 338.083 251.847 338.483 252.66C338.883 253.473 339.083 254.493 339.083 255.72V256.28H331.423C331.463 256.88 331.603 257.433 331.843 257.94C332.096 258.433 332.45 258.833 332.903 259.14C333.356 259.433 333.896 259.58 334.523 259.58C335.07 259.58 335.51 259.493 335.843 259.32C336.19 259.133 336.463 258.92 336.663 258.68C336.863 258.44 336.996 258.233 337.063 258.06C337.143 257.873 337.183 257.78 337.183 257.78H338.963C338.963 257.78 338.93 257.9 338.863 258.14C338.796 258.367 338.676 258.647 338.503 258.98C338.33 259.313 338.076 259.653 337.743 260C337.41 260.333 336.983 260.62 336.463 260.86C335.943 261.087 335.296 261.2 334.523 261.2ZM331.443 254.8H337.223C337.196 254.107 337.05 253.547 336.783 253.12C336.516 252.68 336.176 252.353 335.763 252.14C335.35 251.927 334.91 251.82 334.443 251.82C333.603 251.82 332.916 252.093 332.383 252.64C331.85 253.173 331.536 253.893 331.443 254.8ZM341.791 261V250.4H343.691V251.94H343.811C343.904 251.78 344.057 251.56 344.271 251.28C344.497 251 344.817 250.753 345.231 250.54C345.644 250.313 346.164 250.2 346.791 250.2C347.564 250.2 348.224 250.38 348.771 250.74C349.317 251.087 349.731 251.56 350.011 252.16C350.304 252.76 350.451 253.433 350.451 254.18V261H348.551V254.3C348.551 253.593 348.351 253.007 347.951 252.54C347.564 252.073 346.997 251.84 346.251 251.84C345.651 251.84 345.164 251.993 344.791 252.3C344.417 252.593 344.137 252.987 343.951 253.48C343.777 253.96 343.691 254.473 343.691 255.02V261H341.791Z" fill="#185FA5"/>
<path d="M356 452H52C43.7157 452 37 458.716 37 467V499C37 507.284 43.7157 514 52 514H356C364.284 514 371 507.284 371 499V467C371 458.716 364.284 452 356 452Z" fill="white" stroke="#E2E6EA" stroke-width="1.5"/>
<path d="M85 463H63C56.3726 463 51 468.373 51 475V491C51 497.627 56.3726 503 63 503H85C91.6274 503 97 497.627 97 491V475C97 468.373 91.6274 463 85 463Z" fill="#F5F9FF"/>
<path d="M112.918 465.545H116.114L121.67 479.114H121.875L127.432 465.545H130.628V483H128.122V470.369H127.96L122.812 482.974H120.733L115.585 470.361H115.423V483H112.918V465.545ZM142.545 477.571V469.909H145.102V483H142.596V480.733H142.46C142.158 481.432 141.675 482.014 141.011 482.48C140.352 482.94 139.531 483.17 138.548 483.17C137.707 483.17 136.962 482.986 136.315 482.616C135.673 482.241 135.167 481.688 134.798 480.955C134.434 480.222 134.252 479.315 134.252 478.236V469.909H136.8V477.929C136.8 478.821 137.048 479.531 137.542 480.06C138.036 480.588 138.678 480.852 139.468 480.852C139.945 480.852 140.42 480.733 140.891 480.494C141.369 480.256 141.763 479.895 142.076 479.412C142.394 478.929 142.55 478.315 142.545 477.571ZM152.335 483.29C151.506 483.29 150.756 483.136 150.085 482.83C149.415 482.517 148.884 482.065 148.491 481.474C148.105 480.884 147.912 480.159 147.912 479.301C147.912 478.562 148.054 477.955 148.338 477.477C148.622 477 149.006 476.622 149.489 476.344C149.972 476.065 150.511 475.855 151.108 475.713C151.705 475.571 152.313 475.463 152.932 475.389C153.716 475.298 154.352 475.224 154.841 475.168C155.33 475.105 155.685 475.006 155.906 474.869C156.128 474.733 156.239 474.511 156.239 474.205V474.145C156.239 473.401 156.028 472.824 155.608 472.415C155.193 472.006 154.574 471.801 153.75 471.801C152.892 471.801 152.216 471.991 151.722 472.372C151.233 472.747 150.895 473.165 150.707 473.625L148.312 473.08C148.597 472.284 149.011 471.642 149.557 471.153C150.108 470.659 150.741 470.301 151.457 470.08C152.173 469.852 152.926 469.739 153.716 469.739C154.239 469.739 154.793 469.801 155.378 469.926C155.969 470.045 156.52 470.267 157.031 470.591C157.548 470.915 157.972 471.378 158.301 471.98C158.631 472.577 158.795 473.352 158.795 474.307V483H156.307V481.21H156.205C156.04 481.54 155.793 481.864 155.463 482.182C155.134 482.5 154.71 482.764 154.193 482.974C153.676 483.185 153.057 483.29 152.335 483.29ZM152.889 481.244C153.594 481.244 154.196 481.105 154.696 480.827C155.202 480.548 155.585 480.185 155.847 479.736C156.114 479.281 156.247 478.795 156.247 478.278V476.591C156.156 476.682 155.98 476.767 155.719 476.847C155.463 476.92 155.17 476.986 154.841 477.043C154.511 477.094 154.19 477.142 153.878 477.188C153.565 477.227 153.304 477.261 153.094 477.29C152.599 477.352 152.148 477.457 151.739 477.605C151.335 477.753 151.011 477.966 150.767 478.244C150.528 478.517 150.409 478.881 150.409 479.335C150.409 479.966 150.642 480.443 151.108 480.767C151.574 481.085 152.168 481.244 152.889 481.244ZM178.351 473.105L176.041 473.514C175.945 473.219 175.791 472.937 175.581 472.67C175.376 472.403 175.098 472.185 174.746 472.014C174.393 471.844 173.953 471.759 173.425 471.759C172.703 471.759 172.101 471.92 171.618 472.244C171.135 472.562 170.893 472.974 170.893 473.48C170.893 473.918 171.055 474.27 171.379 474.537C171.703 474.804 172.226 475.023 172.947 475.193L175.027 475.67C176.232 475.949 177.129 476.378 177.72 476.957C178.311 477.537 178.607 478.29 178.607 479.216C178.607 480 178.379 480.699 177.925 481.312C177.476 481.92 176.848 482.398 176.041 482.744C175.24 483.091 174.311 483.264 173.254 483.264C171.788 483.264 170.592 482.952 169.666 482.327C168.74 481.696 168.172 480.801 167.962 479.642L170.425 479.267C170.578 479.909 170.893 480.395 171.371 480.724C171.848 481.048 172.47 481.21 173.237 481.21C174.072 481.21 174.74 481.037 175.24 480.69C175.74 480.338 175.99 479.909 175.99 479.403C175.99 478.994 175.837 478.651 175.53 478.372C175.229 478.094 174.766 477.884 174.141 477.741L171.925 477.256C170.703 476.977 169.8 476.534 169.214 475.926C168.635 475.318 168.345 474.548 168.345 473.616C168.345 472.844 168.561 472.168 168.993 471.588C169.425 471.009 170.021 470.557 170.783 470.233C171.544 469.903 172.416 469.739 173.399 469.739C174.814 469.739 175.928 470.045 176.74 470.659C177.553 471.267 178.089 472.082 178.351 473.105ZM185.218 483.29C184.388 483.29 183.638 483.136 182.968 482.83C182.298 482.517 181.766 482.065 181.374 481.474C180.988 480.884 180.795 480.159 180.795 479.301C180.795 478.562 180.937 477.955 181.221 477.477C181.505 477 181.888 476.622 182.371 476.344C182.854 476.065 183.394 475.855 183.991 475.713C184.587 475.571 185.195 475.463 185.815 475.389C186.599 475.298 187.235 475.224 187.724 475.168C188.212 475.105 188.567 475.006 188.789 474.869C189.011 474.733 189.121 474.511 189.121 474.205V474.145C189.121 473.401 188.911 472.824 188.491 472.415C188.076 472.006 187.457 471.801 186.633 471.801C185.775 471.801 185.099 471.991 184.604 472.372C184.116 472.747 183.778 473.165 183.59 473.625L181.195 473.08C181.479 472.284 181.894 471.642 182.44 471.153C182.991 470.659 183.624 470.301 184.34 470.08C185.056 469.852 185.809 469.739 186.599 469.739C187.121 469.739 187.675 469.801 188.261 469.926C188.852 470.045 189.403 470.267 189.914 470.591C190.431 470.915 190.854 471.378 191.184 471.98C191.513 472.577 191.678 473.352 191.678 474.307V483H189.19V481.21H189.087C188.923 481.54 188.675 481.864 188.346 482.182C188.016 482.5 187.593 482.764 187.076 482.974C186.559 483.185 185.94 483.29 185.218 483.29ZM185.772 481.244C186.477 481.244 187.079 481.105 187.579 480.827C188.085 480.548 188.468 480.185 188.729 479.736C188.996 479.281 189.13 478.795 189.13 478.278V476.591C189.039 476.682 188.863 476.767 188.602 476.847C188.346 476.92 188.053 476.986 187.724 477.043C187.394 477.094 187.073 477.142 186.761 477.188C186.448 477.227 186.187 477.261 185.977 477.29C185.482 477.352 185.031 477.457 184.621 477.605C184.218 477.753 183.894 477.966 183.65 478.244C183.411 478.517 183.292 478.881 183.292 479.335C183.292 479.966 183.525 480.443 183.991 480.767C184.457 481.085 185.05 481.244 185.772 481.244ZM188.414 465.869H190.468C190.468 466.625 190.127 467.244 189.445 467.727C188.763 468.205 187.837 468.443 186.667 468.443C185.496 468.443 184.57 468.205 183.888 467.727C183.212 467.244 182.874 466.625 182.874 465.869H184.92C184.92 466.222 185.05 466.531 185.312 466.798C185.579 467.065 186.031 467.199 186.667 467.199C187.292 467.199 187.738 467.065 188.005 466.798C188.278 466.531 188.414 466.222 188.414 465.869ZM185.883 465.69L187.229 463.423H189.335L187.357 465.69H185.883ZM195.072 483V469.909H197.518V472.04H197.68C197.953 471.318 198.399 470.756 199.018 470.352C199.638 469.943 200.379 469.739 201.243 469.739C202.118 469.739 202.851 469.943 203.442 470.352C204.038 470.761 204.479 471.324 204.763 472.04H204.899C205.212 471.341 205.709 470.784 206.391 470.369C207.072 469.949 207.885 469.739 208.828 469.739C210.016 469.739 210.984 470.111 211.734 470.855C212.49 471.599 212.868 472.722 212.868 474.222V483H210.32V474.46C210.32 473.574 210.078 472.932 209.595 472.534C209.112 472.136 208.536 471.938 207.865 471.938C207.036 471.938 206.391 472.193 205.93 472.705C205.47 473.21 205.24 473.861 205.24 474.656V483H202.7V474.298C202.7 473.588 202.479 473.017 202.036 472.585C201.592 472.153 201.016 471.938 200.305 471.938C199.822 471.938 199.376 472.065 198.967 472.321C198.564 472.571 198.237 472.92 197.987 473.369C197.743 473.818 197.621 474.338 197.621 474.929V483H195.072Z" fill="#202244"/>
<path d="M117.619 493.455V508H115.858V495.301H115.773L112.222 497.659V495.869L115.858 493.455H117.619ZM126.462 508.199C125.486 508.199 124.625 508.026 123.876 507.68C123.133 507.33 122.553 506.849 122.136 506.239C121.72 505.623 121.514 504.922 121.518 504.136C121.514 503.521 121.634 502.953 121.881 502.432C122.127 501.906 122.463 501.468 122.889 501.118C123.32 500.763 123.801 500.538 124.331 500.443V500.358C123.635 500.178 123.081 499.787 122.669 499.186C122.257 498.58 122.054 497.891 122.058 497.119C122.054 496.381 122.241 495.72 122.619 495.138C122.998 494.555 123.519 494.096 124.182 493.76C124.849 493.424 125.609 493.256 126.462 493.256C127.304 493.256 128.057 493.424 128.72 493.76C129.383 494.096 129.904 494.555 130.283 495.138C130.666 495.72 130.86 496.381 130.865 497.119C130.86 497.891 130.65 498.58 130.233 499.186C129.821 499.787 129.274 500.178 128.592 500.358V500.443C129.118 500.538 129.591 500.763 130.013 501.118C130.434 501.468 130.77 501.906 131.021 502.432C131.272 502.953 131.4 503.521 131.405 504.136C131.4 504.922 131.187 505.623 130.766 506.239C130.349 506.849 129.769 507.33 129.026 507.68C128.287 508.026 127.432 508.199 126.462 508.199ZM126.462 506.636C127.12 506.636 127.688 506.53 128.166 506.317C128.644 506.104 129.014 505.803 129.274 505.415C129.535 505.027 129.667 504.572 129.672 504.051C129.667 503.502 129.525 503.017 129.246 502.595C128.966 502.174 128.585 501.842 128.102 501.601C127.624 501.359 127.077 501.239 126.462 501.239C125.841 501.239 125.287 501.359 124.8 501.601C124.317 501.842 123.936 502.174 123.656 502.595C123.382 503.017 123.247 503.502 123.251 504.051C123.247 504.572 123.372 505.027 123.628 505.415C123.888 505.803 124.26 506.104 124.743 506.317C125.226 506.53 125.799 506.636 126.462 506.636ZM126.462 499.733C126.982 499.733 127.444 499.629 127.847 499.42C128.254 499.212 128.573 498.921 128.805 498.547C129.037 498.173 129.156 497.735 129.161 497.233C129.156 496.741 129.04 496.312 128.812 495.947C128.585 495.578 128.27 495.294 127.868 495.095C127.465 494.892 126.997 494.79 126.462 494.79C125.917 494.79 125.441 494.892 125.034 495.095C124.627 495.294 124.312 495.578 124.089 495.947C123.867 496.312 123.758 496.741 123.763 497.233C123.758 497.735 123.869 498.173 124.097 498.547C124.329 498.921 124.648 499.212 125.055 499.42C125.463 499.629 125.931 499.733 126.462 499.733ZM144.525 497.091V498.511H138.871V497.091H144.525ZM140.519 494.477H142.195V504.875C142.195 505.348 142.264 505.704 142.401 505.94C142.543 506.172 142.723 506.329 142.941 506.409C143.163 506.485 143.398 506.523 143.644 506.523C143.828 506.523 143.98 506.513 144.098 506.494C144.217 506.471 144.311 506.452 144.382 506.438L144.723 507.943C144.61 507.986 144.451 508.028 144.248 508.071C144.044 508.118 143.786 508.142 143.473 508.142C143 508.142 142.536 508.04 142.081 507.837C141.632 507.633 141.257 507.323 140.959 506.906C140.666 506.49 140.519 505.964 140.519 505.33V494.477ZM156.875 496.608H158.353C158.353 497.328 158.258 497.931 158.069 498.419C157.879 498.902 157.548 499.267 157.074 499.513C156.601 499.754 155.938 499.875 155.086 499.875V498.71C155.673 498.71 156.089 498.639 156.336 498.497C156.587 498.35 156.738 498.123 156.79 497.815C156.847 497.503 156.875 497.1 156.875 496.608ZM153.921 503.54V497.091H155.597V508H153.921V506.153H153.807C153.551 506.707 153.154 507.179 152.614 507.567C152.074 507.95 151.392 508.142 150.569 508.142C149.887 508.142 149.281 507.993 148.75 507.695C148.22 507.392 147.803 506.937 147.5 506.331C147.197 505.72 147.046 504.951 147.046 504.023V497.091H148.722V503.909C148.722 504.705 148.944 505.339 149.39 505.812C149.839 506.286 150.412 506.523 151.108 506.523C151.525 506.523 151.949 506.416 152.38 506.203C152.815 505.99 153.18 505.663 153.473 505.223C153.772 504.783 153.921 504.222 153.921 503.54ZM150.625 495.614L148.409 492.318H150.37L152.103 495.614H150.625ZM174.033 497.091L169.999 508H168.294L164.26 497.091H166.078L169.089 505.784H169.203L172.214 497.091H174.033ZM186.075 496.608H187.552C187.552 497.328 187.457 497.931 187.268 498.419C187.078 498.902 186.747 499.267 186.273 499.513C185.8 499.754 185.137 499.875 184.285 499.875V498.71C184.872 498.71 185.289 498.639 185.535 498.497C185.786 498.35 185.937 498.123 185.989 497.815C186.046 497.503 186.075 497.1 186.075 496.608ZM183.12 503.54V497.091H184.796V508H183.12V506.153H183.006C182.751 506.707 182.353 507.179 181.813 507.567C181.273 507.95 180.592 508.142 179.768 508.142C179.086 508.142 178.48 507.993 177.95 507.695C177.419 507.392 177.003 506.937 176.7 506.331C176.397 505.72 176.245 504.951 176.245 504.023V497.091H177.921V503.909C177.921 504.705 178.144 505.339 178.589 505.812C179.039 506.286 179.612 506.523 180.308 506.523C180.724 506.523 181.148 506.416 181.579 506.203C182.014 505.99 182.379 505.663 182.673 505.223C182.971 504.783 183.12 504.222 183.12 503.54ZM180.535 511.608C180.208 511.608 179.926 511.497 179.69 511.274C179.458 511.052 179.342 510.784 179.342 510.472C179.342 510.159 179.458 509.892 179.69 509.669C179.926 509.446 180.208 509.335 180.535 509.335C180.862 509.335 181.141 509.446 181.373 509.669C181.61 509.892 181.728 510.159 181.728 510.472C181.728 510.784 181.61 511.052 181.373 511.274C181.141 511.497 180.862 511.608 180.535 511.608ZM190.363 501.438V508H188.686V497.091H190.306V498.795H190.448C190.703 498.241 191.092 497.796 191.613 497.46C192.133 497.119 192.806 496.949 193.63 496.949C194.368 496.949 195.015 497.1 195.569 497.403C196.123 497.702 196.553 498.156 196.861 498.767C197.169 499.373 197.323 500.14 197.323 501.068V508H195.647V501.182C195.647 500.325 195.424 499.657 194.979 499.179C194.534 498.696 193.923 498.455 193.147 498.455C192.612 498.455 192.133 498.571 191.712 498.803C191.295 499.035 190.966 499.373 190.725 499.818C190.483 500.263 190.363 500.803 190.363 501.438ZM204.789 512.318C203.979 512.318 203.283 512.214 202.701 512.006C202.119 511.802 201.633 511.532 201.245 511.196C200.862 510.865 200.556 510.509 200.329 510.131L201.664 509.193C201.816 509.392 202.007 509.619 202.239 509.875C202.471 510.135 202.789 510.36 203.191 510.55C203.598 510.744 204.131 510.841 204.789 510.841C205.67 510.841 206.397 510.628 206.969 510.202C207.542 509.776 207.829 509.108 207.829 508.199V505.983H207.687C207.564 506.182 207.388 506.428 207.161 506.722C206.939 507.01 206.617 507.268 206.195 507.496C205.779 507.718 205.215 507.83 204.505 507.83C203.624 507.83 202.834 507.621 202.133 507.205C201.437 506.788 200.885 506.182 200.478 505.386C200.076 504.591 199.874 503.625 199.874 502.489C199.874 501.371 200.071 500.398 200.464 499.57C200.857 498.736 201.404 498.092 202.104 497.638C202.805 497.179 203.615 496.949 204.533 496.949C205.244 496.949 205.807 497.067 206.224 497.304C206.645 497.536 206.967 497.801 207.19 498.099C207.417 498.393 207.592 498.634 207.715 498.824H207.886V497.091H209.505V508.312C209.505 509.25 209.292 510.012 208.866 510.599C208.444 511.191 207.876 511.625 207.161 511.899C206.451 512.179 205.66 512.318 204.789 512.318ZM204.732 506.324C205.405 506.324 205.973 506.17 206.437 505.862C206.901 505.554 207.254 505.112 207.495 504.534C207.737 503.956 207.857 503.265 207.857 502.46C207.857 501.674 207.739 500.981 207.502 500.379C207.265 499.778 206.915 499.307 206.451 498.966C205.987 498.625 205.414 498.455 204.732 498.455C204.022 498.455 203.43 498.634 202.957 498.994C202.488 499.354 202.135 499.837 201.898 500.443C201.666 501.049 201.55 501.722 201.55 502.46C201.55 503.218 201.669 503.888 201.906 504.47C202.147 505.048 202.502 505.502 202.971 505.834C203.444 506.161 204.031 506.324 204.732 506.324Z" fill="#545454"/>
<path d="M357 466H347C342.582 466 339 469.582 339 474V484C339 488.418 342.582 492 347 492H357C361.418 492 365 488.418 365 484V474C365 469.582 361.418 466 357 466Z" stroke="#E2E6EA" stroke-width="2"/>
<path d="M356 522H52C43.7157 522 37 528.716 37 537V569C37 577.284 43.7157 584 52 584H356C364.284 584 371 577.284 371 569V537C371 528.716 364.284 522 356 522Z" fill="white" stroke="#E2E6EA" stroke-width="1.5"/>
<path d="M85 533H63C56.3726 533 51 538.373 51 545V561C51 567.627 56.3726 573 63 573H85C91.6274 573 97 567.627 97 561V545C97 538.373 91.6274 533 85 533Z" fill="#F5F9FF"/>
<path d="M127.006 535.545V553H124.585L115.713 540.199H115.551V553H112.918V535.545H115.355L124.236 548.364H124.398V535.545H127.006ZM133.191 545.227V553H130.643V535.545H133.157V542.04H133.319C133.626 541.335 134.094 540.776 134.725 540.361C135.356 539.946 136.18 539.739 137.197 539.739C138.094 539.739 138.879 539.923 139.549 540.293C140.225 540.662 140.748 541.213 141.117 541.946C141.492 542.673 141.68 543.582 141.68 544.673V553H139.131V544.98C139.131 544.02 138.884 543.276 138.39 542.747C137.896 542.213 137.208 541.946 136.327 541.946C135.725 541.946 135.185 542.074 134.708 542.33C134.237 542.585 133.864 542.96 133.592 543.455C133.325 543.943 133.191 544.534 133.191 545.227ZM148.89 553.29C148.06 553.29 147.31 553.136 146.64 552.83C145.969 552.517 145.438 552.065 145.046 551.474C144.66 550.884 144.467 550.159 144.467 549.301C144.467 548.562 144.609 547.955 144.893 547.477C145.177 547 145.56 546.622 146.043 546.344C146.526 546.065 147.066 545.855 147.663 545.713C148.259 545.571 148.867 545.463 149.487 545.389C150.271 545.298 150.907 545.224 151.396 545.168C151.884 545.105 152.239 545.006 152.461 544.869C152.683 544.733 152.793 544.511 152.793 544.205V544.145C152.793 543.401 152.583 542.824 152.163 542.415C151.748 542.006 151.129 541.801 150.305 541.801C149.447 541.801 148.771 541.991 148.276 542.372C147.788 542.747 147.45 543.165 147.262 543.625L144.867 543.08C145.151 542.284 145.566 541.642 146.112 541.153C146.663 540.659 147.296 540.301 148.012 540.08C148.728 539.852 149.481 539.739 150.271 539.739C150.793 539.739 151.347 539.801 151.933 539.926C152.523 540.045 153.075 540.267 153.586 540.591C154.103 540.915 154.526 541.378 154.856 541.98C155.185 542.577 155.35 543.352 155.35 544.307V553H152.862V551.21H152.759C152.594 551.54 152.347 551.864 152.018 552.182C151.688 552.5 151.265 552.764 150.748 552.974C150.231 553.185 149.612 553.29 148.89 553.29ZM149.444 551.244C150.148 551.244 150.751 551.105 151.251 550.827C151.756 550.548 152.14 550.185 152.401 549.736C152.668 549.281 152.802 548.795 152.802 548.278V546.591C152.711 546.682 152.535 546.767 152.273 546.847C152.018 546.92 151.725 546.986 151.396 547.043C151.066 547.094 150.745 547.142 150.433 547.188C150.12 547.227 149.859 547.261 149.648 547.29C149.154 547.352 148.702 547.457 148.293 547.605C147.89 547.753 147.566 547.966 147.322 548.244C147.083 548.517 146.964 548.881 146.964 549.335C146.964 549.966 147.197 550.443 147.663 550.767C148.129 551.085 148.722 551.244 149.444 551.244ZM152.154 538.341L150.407 536.057L148.651 538.341H146.35V538.213L149.342 534.599H151.464L154.464 538.213V538.341H152.154ZM150.288 557.517C149.85 557.517 149.472 557.369 149.154 557.074C148.836 556.778 148.677 556.42 148.677 556C148.677 555.58 148.836 555.222 149.154 554.926C149.472 554.631 149.85 554.483 150.288 554.483C150.731 554.483 151.109 554.631 151.421 554.926C151.739 555.222 151.898 555.58 151.898 556C151.898 556.42 151.739 556.778 151.421 557.074C151.109 557.369 150.731 557.517 150.288 557.517ZM158.744 557.909V539.909H161.233V542.031H161.446C161.594 541.759 161.807 541.443 162.085 541.085C162.364 540.727 162.75 540.415 163.244 540.148C163.739 539.875 164.392 539.739 165.205 539.739C166.261 539.739 167.205 540.006 168.034 540.54C168.864 541.074 169.514 541.844 169.986 542.849C170.463 543.855 170.702 545.065 170.702 546.48C170.702 547.895 170.466 549.108 169.994 550.119C169.523 551.125 168.875 551.901 168.051 552.446C167.227 552.986 166.287 553.256 165.23 553.256C164.435 553.256 163.784 553.122 163.278 552.855C162.778 552.588 162.386 552.276 162.102 551.918C161.818 551.56 161.599 551.241 161.446 550.963H161.293V557.909H158.744ZM161.241 546.455C161.241 547.375 161.375 548.182 161.642 548.875C161.909 549.568 162.295 550.111 162.801 550.503C163.307 550.889 163.926 551.082 164.659 551.082C165.42 551.082 166.057 550.881 166.568 550.477C167.08 550.068 167.466 549.514 167.727 548.815C167.994 548.116 168.128 547.33 168.128 546.455C168.128 545.591 167.997 544.815 167.736 544.128C167.48 543.44 167.094 542.898 166.577 542.5C166.065 542.102 165.426 541.903 164.659 541.903C163.92 541.903 163.295 542.094 162.784 542.474C162.278 542.855 161.895 543.386 161.634 544.068C161.372 544.75 161.241 545.545 161.241 546.455ZM185.423 553.264C184.156 553.264 183.065 552.977 182.15 552.403C181.241 551.824 180.542 551.026 180.053 550.009C179.565 548.991 179.32 547.827 179.32 546.514C179.32 545.185 179.57 544.011 180.07 542.994C180.57 541.972 181.275 541.173 182.184 540.599C183.093 540.026 184.164 539.739 185.397 539.739C186.391 539.739 187.278 539.923 188.056 540.293C188.835 540.656 189.462 541.168 189.94 541.827C190.423 542.486 190.71 543.256 190.8 544.136H188.32C188.184 543.523 187.871 542.994 187.383 542.551C186.9 542.108 186.252 541.886 185.44 541.886C184.729 541.886 184.107 542.074 183.573 542.449C183.045 542.818 182.633 543.347 182.337 544.034C182.042 544.716 181.894 545.523 181.894 546.455C181.894 547.409 182.039 548.233 182.329 548.926C182.619 549.619 183.028 550.156 183.556 550.537C184.09 550.918 184.718 551.108 185.44 551.108C185.923 551.108 186.36 551.02 186.752 550.844C187.15 550.662 187.482 550.403 187.749 550.068C188.022 549.733 188.212 549.33 188.32 548.858H190.8C190.71 549.705 190.434 550.46 189.974 551.125C189.513 551.79 188.897 552.312 188.124 552.693C187.357 553.074 186.457 553.264 185.423 553.264ZM197.335 553.29C196.506 553.29 195.756 553.136 195.085 552.83C194.415 552.517 193.884 552.065 193.491 551.474C193.105 550.884 192.912 550.159 192.912 549.301C192.912 548.562 193.054 547.955 193.338 547.477C193.622 547 194.006 546.622 194.489 546.344C194.972 546.065 195.511 545.855 196.108 545.713C196.705 545.571 197.313 545.463 197.932 545.389C198.716 545.298 199.352 545.224 199.841 545.168C200.33 545.105 200.685 545.006 200.906 544.869C201.128 544.733 201.239 544.511 201.239 544.205V544.145C201.239 543.401 201.028 542.824 200.608 542.415C200.193 542.006 199.574 541.801 198.75 541.801C197.892 541.801 197.216 541.991 196.722 542.372C196.233 542.747 195.895 543.165 195.707 543.625L193.312 543.08C193.597 542.284 194.011 541.642 194.557 541.153C195.108 540.659 195.741 540.301 196.457 540.08C197.173 539.852 197.926 539.739 198.716 539.739C199.239 539.739 199.793 539.801 200.378 539.926C200.969 540.045 201.52 540.267 202.031 540.591C202.548 540.915 202.972 541.378 203.301 541.98C203.631 542.577 203.795 543.352 203.795 544.307V553H201.307V551.21H201.205C201.04 551.54 200.793 551.864 200.463 552.182C200.134 552.5 199.71 552.764 199.193 552.974C198.676 553.185 198.057 553.29 197.335 553.29ZM197.889 551.244C198.594 551.244 199.196 551.105 199.696 550.827C200.202 550.548 200.585 550.185 200.847 549.736C201.114 549.281 201.247 548.795 201.247 548.278V546.591C201.156 546.682 200.98 546.767 200.719 546.847C200.463 546.92 200.17 546.986 199.841 547.043C199.511 547.094 199.19 547.142 198.878 547.188C198.565 547.227 198.304 547.261 198.094 547.29C197.599 547.352 197.148 547.457 196.739 547.605C196.335 547.753 196.011 547.966 195.767 548.244C195.528 548.517 195.409 548.881 195.409 549.335C195.409 549.966 195.642 550.443 196.108 550.767C196.574 551.085 197.168 551.244 197.889 551.244ZM199.892 538.102H197.881L197.812 536.364C198.415 536.335 198.841 536.256 199.091 536.125C199.341 535.989 199.463 535.793 199.457 535.537C199.463 535.23 199.29 535.011 198.938 534.881C198.591 534.75 198.168 534.685 197.668 534.685L197.744 533.278C199.034 533.278 200.011 533.483 200.676 533.892C201.347 534.301 201.679 534.852 201.673 535.545C201.679 536.108 201.494 536.523 201.119 536.79C200.75 537.051 200.341 537.216 199.892 537.284V538.102ZM209.738 545.227V553H207.19V539.909H209.636V542.04H209.798C210.099 541.347 210.57 540.79 211.212 540.369C211.86 539.949 212.675 539.739 213.658 539.739C214.55 539.739 215.332 539.926 216.002 540.301C216.673 540.67 217.192 541.222 217.562 541.955C217.931 542.687 218.116 543.594 218.116 544.673V553H215.567V544.98C215.567 544.031 215.32 543.29 214.826 542.756C214.332 542.216 213.653 541.946 212.789 541.946C212.198 541.946 211.673 542.074 211.212 542.33C210.758 542.585 210.397 542.96 210.13 543.455C209.869 543.943 209.738 544.534 209.738 545.227ZM224.082 545.227V553H221.533V535.545H224.048V542.04H224.21C224.516 541.335 224.985 540.776 225.616 540.361C226.246 539.946 227.07 539.739 228.087 539.739C228.985 539.739 229.769 539.923 230.44 540.293C231.116 540.662 231.638 541.213 232.008 541.946C232.383 542.673 232.57 543.582 232.57 544.673V553H230.022V544.98C230.022 544.02 229.775 543.276 229.281 542.747C228.786 542.213 228.099 541.946 227.218 541.946C226.616 541.946 226.076 542.074 225.599 542.33C225.127 542.585 224.755 542.96 224.482 543.455C224.215 543.943 224.082 544.534 224.082 545.227ZM248.97 534.727L243.345 555.625H241.07L246.695 534.727H248.97ZM267.296 543.105L264.987 543.514C264.89 543.219 264.737 542.937 264.526 542.67C264.322 542.403 264.043 542.185 263.691 542.014C263.339 541.844 262.898 541.759 262.37 541.759C261.648 541.759 261.046 541.92 260.563 542.244C260.08 542.562 259.839 542.974 259.839 543.48C259.839 543.918 260.001 544.27 260.325 544.537C260.648 544.804 261.171 545.023 261.893 545.193L263.972 545.67C265.177 545.949 266.075 546.378 266.665 546.957C267.256 547.537 267.552 548.29 267.552 549.216C267.552 550 267.325 550.699 266.87 551.312C266.421 551.92 265.793 552.398 264.987 552.744C264.185 553.091 263.256 553.264 262.2 553.264C260.734 553.264 259.538 552.952 258.612 552.327C257.685 551.696 257.117 550.801 256.907 549.642L259.37 549.267C259.523 549.909 259.839 550.395 260.316 550.724C260.793 551.048 261.415 551.21 262.183 551.21C263.018 551.21 263.685 551.037 264.185 550.69C264.685 550.338 264.935 549.909 264.935 549.403C264.935 548.994 264.782 548.651 264.475 548.372C264.174 548.094 263.711 547.884 263.086 547.741L260.87 547.256C259.648 546.977 258.745 546.534 258.16 545.926C257.58 545.318 257.29 544.548 257.29 543.616C257.29 542.844 257.506 542.168 257.938 541.588C258.37 541.009 258.967 540.557 259.728 540.233C260.489 539.903 261.362 539.739 262.344 539.739C263.759 539.739 264.873 540.045 265.685 540.659C266.498 541.267 267.035 542.082 267.296 543.105ZM274.163 553.29C273.334 553.29 272.584 553.136 271.913 552.83C271.243 552.517 270.712 552.065 270.32 551.474C269.933 550.884 269.74 550.159 269.74 549.301C269.74 548.562 269.882 547.955 270.166 547.477C270.45 547 270.834 546.622 271.317 546.344C271.8 546.065 272.339 545.855 272.936 545.713C273.533 545.571 274.141 545.463 274.76 545.389C275.544 545.298 276.18 545.224 276.669 545.168C277.158 545.105 277.513 545.006 277.734 544.869C277.956 544.733 278.067 544.511 278.067 544.205V544.145C278.067 543.401 277.857 542.824 277.436 542.415C277.021 542.006 276.402 541.801 275.578 541.801C274.72 541.801 274.044 541.991 273.55 542.372C273.061 542.747 272.723 543.165 272.536 543.625L270.141 543.08C270.425 542.284 270.839 541.642 271.385 541.153C271.936 540.659 272.57 540.301 273.286 540.08C274.001 539.852 274.754 539.739 275.544 539.739C276.067 539.739 276.621 539.801 277.206 539.926C277.797 540.045 278.348 540.267 278.859 540.591C279.376 540.915 279.8 541.378 280.129 541.98C280.459 542.577 280.624 543.352 280.624 544.307V553H278.135V551.21H278.033C277.868 551.54 277.621 551.864 277.291 552.182C276.962 552.5 276.538 552.764 276.021 552.974C275.504 553.185 274.885 553.29 274.163 553.29ZM274.717 551.244C275.422 551.244 276.024 551.105 276.524 550.827C277.03 550.548 277.413 550.185 277.675 549.736C277.942 549.281 278.075 548.795 278.075 548.278V546.591C277.984 546.682 277.808 546.767 277.547 546.847C277.291 546.92 276.999 546.986 276.669 547.043C276.339 547.094 276.018 547.142 275.706 547.188C275.393 547.227 275.132 547.261 274.922 547.29C274.428 547.352 273.976 547.457 273.567 547.605C273.163 547.753 272.839 547.966 272.595 548.244C272.357 548.517 272.237 548.881 272.237 549.335C272.237 549.966 272.47 550.443 272.936 550.767C273.402 551.085 273.996 551.244 274.717 551.244ZM277.428 538.341L275.68 536.057L273.925 538.341H271.624V538.213L274.615 534.599H276.737L279.737 538.213V538.341H277.428ZM286.566 545.227V553H284.018V539.909H286.464V542.04H286.626C286.927 541.347 287.398 540.79 288.04 540.369C288.688 539.949 289.504 539.739 290.487 539.739C291.379 539.739 292.16 539.926 292.83 540.301C293.501 540.67 294.021 541.222 294.39 541.955C294.759 542.687 294.944 543.594 294.944 544.673V553H292.396V544.98C292.396 544.031 292.148 543.29 291.654 542.756C291.16 542.216 290.481 541.946 289.617 541.946C289.026 541.946 288.501 542.074 288.04 542.33C287.586 542.585 287.225 542.96 286.958 543.455C286.697 543.943 286.566 544.534 286.566 545.227ZM304.918 553V535.545H307.466V542.031H307.619C307.767 541.759 307.98 541.443 308.259 541.085C308.537 540.727 308.923 540.415 309.418 540.148C309.912 539.875 310.565 539.739 311.378 539.739C312.435 539.739 313.378 540.006 314.207 540.54C315.037 541.074 315.688 541.844 316.159 542.849C316.636 543.855 316.875 545.065 316.875 546.48C316.875 547.895 316.639 549.108 316.168 550.119C315.696 551.125 315.048 551.901 314.224 552.446C313.401 552.986 312.46 553.256 311.403 553.256C310.608 553.256 309.957 553.122 309.452 552.855C308.952 552.588 308.56 552.276 308.276 551.918C307.991 551.56 307.773 551.241 307.619 550.963H307.406V553H304.918ZM307.415 546.455C307.415 547.375 307.548 548.182 307.815 548.875C308.082 549.568 308.469 550.111 308.974 550.503C309.48 550.889 310.099 551.082 310.832 551.082C311.594 551.082 312.23 550.881 312.741 550.477C313.253 550.068 313.639 549.514 313.901 548.815C314.168 548.116 314.301 547.33 314.301 546.455C314.301 545.591 314.17 544.815 313.909 544.128C313.653 543.44 313.267 542.898 312.75 542.5C312.239 542.102 311.599 541.903 310.832 541.903C310.094 541.903 309.469 542.094 308.957 542.474C308.452 542.855 308.068 543.386 307.807 544.068C307.545 544.75 307.415 545.545 307.415 546.455ZM323.546 553.29C322.717 553.29 321.967 553.136 321.296 552.83C320.626 552.517 320.094 552.065 319.702 551.474C319.316 550.884 319.123 550.159 319.123 549.301C319.123 548.562 319.265 547.955 319.549 547.477C319.833 547 320.217 546.622 320.7 546.344C321.183 546.065 321.722 545.855 322.319 545.713C322.915 545.571 323.523 545.463 324.143 545.389C324.927 545.298 325.563 545.224 326.052 545.168C326.54 545.105 326.896 545.006 327.117 544.869C327.339 544.733 327.45 544.511 327.45 544.205V544.145C327.45 543.401 327.239 542.824 326.819 542.415C326.404 542.006 325.785 541.801 324.961 541.801C324.103 541.801 323.427 541.991 322.933 542.372C322.444 542.747 322.106 543.165 321.918 543.625L319.523 543.08C319.808 542.284 320.222 541.642 320.768 541.153C321.319 540.659 321.952 540.301 322.668 540.08C323.384 539.852 324.137 539.739 324.927 539.739C325.45 539.739 326.004 539.801 326.589 539.926C327.18 540.045 327.731 540.267 328.242 540.591C328.759 540.915 329.183 541.378 329.512 541.98C329.842 542.577 330.006 543.352 330.006 544.307V553H327.518V551.21H327.415C327.251 551.54 327.004 551.864 326.674 552.182C326.344 552.5 325.921 552.764 325.404 552.974C324.887 553.185 324.268 553.29 323.546 553.29ZM324.1 551.244C324.805 551.244 325.407 551.105 325.907 550.827C326.413 550.548 326.796 550.185 327.058 549.736C327.325 549.281 327.458 548.795 327.458 548.278V546.591C327.367 546.682 327.191 546.767 326.93 546.847C326.674 546.92 326.381 546.986 326.052 547.043C325.722 547.094 325.401 547.142 325.089 547.188C324.776 547.227 324.515 547.261 324.305 547.29C323.81 547.352 323.359 547.457 322.95 547.605C322.546 547.753 322.222 547.966 321.978 548.244C321.739 548.517 321.62 548.881 321.62 549.335C321.62 549.966 321.853 550.443 322.319 550.767C322.785 551.085 323.379 551.244 324.1 551.244ZM334.543 557.909C334.162 557.909 333.815 557.878 333.503 557.815C333.19 557.759 332.957 557.696 332.804 557.628L333.418 555.54C333.884 555.665 334.298 555.719 334.662 555.702C335.026 555.685 335.347 555.548 335.625 555.293C335.909 555.037 336.159 554.619 336.375 554.04L336.69 553.17L331.901 539.909H334.628L337.943 550.068H338.08L341.395 539.909H344.131L338.736 554.747C338.486 555.429 338.168 556.006 337.781 556.477C337.395 556.955 336.935 557.313 336.401 557.551C335.866 557.79 335.247 557.909 334.543 557.909Z" fill="#202244"/>
<path d="M112.506 578V576.722L117.307 571.466C117.87 570.85 118.334 570.315 118.699 569.861C119.063 569.402 119.333 568.971 119.509 568.568C119.688 568.161 119.778 567.735 119.778 567.29C119.778 566.778 119.655 566.336 119.409 565.962C119.168 565.588 118.836 565.299 118.415 565.095C117.993 564.892 117.52 564.79 116.994 564.79C116.436 564.79 115.948 564.906 115.531 565.138C115.119 565.365 114.8 565.685 114.572 566.097C114.35 566.509 114.239 566.991 114.239 567.545H112.562C112.562 566.693 112.759 565.945 113.152 565.301C113.545 564.657 114.08 564.155 114.757 563.795C115.439 563.436 116.204 563.256 117.051 563.256C117.903 563.256 118.659 563.436 119.317 563.795C119.975 564.155 120.491 564.641 120.865 565.251C121.239 565.862 121.426 566.542 121.426 567.29C121.426 567.825 121.329 568.348 121.135 568.859C120.946 569.366 120.614 569.932 120.141 570.557C119.672 571.177 119.021 571.935 118.188 572.83L114.92 576.324V576.438H121.682V578H112.506ZM129.274 578.199C128.299 578.199 127.437 578.026 126.689 577.68C125.946 577.33 125.366 576.849 124.949 576.239C124.532 575.623 124.326 574.922 124.331 574.136C124.326 573.521 124.447 572.953 124.693 572.432C124.939 571.906 125.276 571.468 125.702 571.118C126.133 570.763 126.613 570.538 127.143 570.443V570.358C126.447 570.178 125.893 569.787 125.482 569.186C125.07 568.58 124.866 567.891 124.871 567.119C124.866 566.381 125.053 565.72 125.432 565.138C125.811 564.555 126.331 564.096 126.994 563.76C127.662 563.424 128.422 563.256 129.274 563.256C130.117 563.256 130.87 563.424 131.533 563.76C132.196 564.096 132.716 564.555 133.095 565.138C133.479 565.72 133.673 566.381 133.678 567.119C133.673 567.891 133.462 568.58 133.045 569.186C132.634 569.787 132.087 570.178 131.405 570.358V570.443C131.93 570.538 132.404 570.763 132.825 571.118C133.247 571.468 133.583 571.906 133.834 572.432C134.085 572.953 134.213 573.521 134.217 574.136C134.213 574.922 134 575.623 133.578 576.239C133.161 576.849 132.581 577.33 131.838 577.68C131.099 578.026 130.245 578.199 129.274 578.199ZM129.274 576.636C129.932 576.636 130.5 576.53 130.979 576.317C131.457 576.104 131.826 575.803 132.087 575.415C132.347 575.027 132.48 574.572 132.484 574.051C132.48 573.502 132.338 573.017 132.058 572.595C131.779 572.174 131.398 571.842 130.915 571.601C130.437 571.359 129.89 571.239 129.274 571.239C128.654 571.239 128.1 571.359 127.612 571.601C127.129 571.842 126.748 572.174 126.469 572.595C126.194 573.017 126.059 573.502 126.064 574.051C126.059 574.572 126.185 575.027 126.44 575.415C126.701 575.803 127.072 576.104 127.555 576.317C128.038 576.53 128.611 576.636 129.274 576.636ZM129.274 569.733C129.795 569.733 130.257 569.629 130.659 569.42C131.066 569.212 131.386 568.921 131.618 568.547C131.85 568.173 131.968 567.735 131.973 567.233C131.968 566.741 131.852 566.312 131.625 565.947C131.398 565.578 131.083 565.294 130.68 565.095C130.278 564.892 129.809 564.79 129.274 564.79C128.73 564.79 128.254 564.892 127.847 565.095C127.439 565.294 127.125 565.578 126.902 565.947C126.679 566.312 126.571 566.741 126.575 567.233C126.571 567.735 126.682 568.173 126.909 568.547C127.141 568.921 127.461 569.212 127.868 569.42C128.275 569.629 128.744 569.733 129.274 569.733ZM147.337 567.091V568.511H141.684V567.091H147.337ZM143.331 564.477H145.007V574.875C145.007 575.348 145.076 575.704 145.213 575.94C145.355 576.172 145.535 576.329 145.753 576.409C145.976 576.485 146.21 576.523 146.456 576.523C146.641 576.523 146.792 576.513 146.911 576.494C147.029 576.471 147.124 576.452 147.195 576.438L147.536 577.943C147.422 577.986 147.264 578.028 147.06 578.071C146.856 578.118 146.598 578.142 146.286 578.142C145.812 578.142 145.348 578.04 144.894 577.837C144.444 577.633 144.07 577.323 143.772 576.906C143.478 576.49 143.331 575.964 143.331 575.33V564.477ZM159.688 566.608H161.165C161.165 567.328 161.07 567.931 160.881 568.419C160.692 568.902 160.36 569.267 159.887 569.513C159.413 569.754 158.75 569.875 157.898 569.875V568.71C158.485 568.71 158.902 568.639 159.148 568.497C159.399 568.35 159.551 568.123 159.603 567.815C159.659 567.503 159.688 567.1 159.688 566.608ZM156.733 573.54V567.091H158.409V578H156.733V576.153H156.62C156.364 576.707 155.966 577.179 155.426 577.567C154.887 577.95 154.205 578.142 153.381 578.142C152.699 578.142 152.093 577.993 151.563 577.695C151.033 577.392 150.616 576.937 150.313 576.331C150.01 575.72 149.858 574.951 149.858 574.023V567.091H151.534V573.909C151.534 574.705 151.757 575.339 152.202 575.812C152.652 576.286 153.225 576.523 153.921 576.523C154.337 576.523 154.761 576.416 155.192 576.203C155.628 575.99 155.992 575.663 156.286 575.223C156.584 574.783 156.733 574.222 156.733 573.54ZM153.438 565.614L151.222 562.318H153.182L154.915 565.614H153.438ZM176.845 567.091L172.811 578H171.107L167.072 567.091H168.891L171.902 575.784H172.016L175.027 567.091H176.845ZM188.887 566.608H190.364C190.364 567.328 190.27 567.931 190.08 568.419C189.891 568.902 189.559 569.267 189.086 569.513C188.612 569.754 187.95 569.875 187.097 569.875V568.71C187.684 568.71 188.101 568.639 188.347 568.497C188.598 568.35 188.75 568.123 188.802 567.815C188.859 567.503 188.887 567.1 188.887 566.608ZM185.933 573.54V567.091H187.609V578H185.933V576.153H185.819C185.563 576.707 185.165 577.179 184.626 577.567C184.086 577.95 183.404 578.142 182.58 578.142C181.898 578.142 181.292 577.993 180.762 577.695C180.232 577.392 179.815 576.937 179.512 576.331C179.209 575.72 179.058 574.951 179.058 574.023V567.091H180.734V573.909C180.734 574.705 180.956 575.339 181.401 575.812C181.851 576.286 182.424 576.523 183.12 576.523C183.537 576.523 183.96 576.416 184.391 576.203C184.827 575.99 185.192 575.663 185.485 575.223C185.783 574.783 185.933 574.222 185.933 573.54ZM183.347 581.608C183.021 581.608 182.739 581.497 182.502 581.274C182.27 581.052 182.154 580.784 182.154 580.472C182.154 580.159 182.27 579.892 182.502 579.669C182.739 579.446 183.021 579.335 183.347 579.335C183.674 579.335 183.953 579.446 184.185 579.669C184.422 579.892 184.54 580.159 184.54 580.472C184.54 580.784 184.422 581.052 184.185 581.274C183.953 581.497 183.674 581.608 183.347 581.608ZM193.175 571.438V578H191.499V567.091H193.118V568.795H193.26C193.516 568.241 193.904 567.796 194.425 567.46C194.946 567.119 195.618 566.949 196.442 566.949C197.181 566.949 197.827 567.1 198.381 567.403C198.935 567.702 199.366 568.156 199.674 568.767C199.981 569.373 200.135 570.14 200.135 571.068V578H198.459V571.182C198.459 570.325 198.237 569.657 197.792 569.179C197.346 568.696 196.736 568.455 195.959 568.455C195.424 568.455 194.946 568.571 194.525 568.803C194.108 569.035 193.779 569.373 193.537 569.818C193.296 570.263 193.175 570.803 193.175 571.438ZM207.602 582.318C206.792 582.318 206.096 582.214 205.513 582.006C204.931 581.802 204.446 581.532 204.058 581.196C203.674 580.865 203.369 580.509 203.141 580.131L204.477 579.193C204.628 579.392 204.82 579.619 205.052 579.875C205.284 580.135 205.601 580.36 206.004 580.55C206.411 580.744 206.943 580.841 207.602 580.841C208.482 580.841 209.209 580.628 209.782 580.202C210.355 579.776 210.641 579.108 210.641 578.199V575.983H210.499C210.376 576.182 210.201 576.428 209.974 576.722C209.751 577.01 209.429 577.268 209.008 577.496C208.591 577.718 208.028 577.83 207.317 577.83C206.437 577.83 205.646 577.621 204.945 577.205C204.249 576.788 203.698 576.182 203.29 575.386C202.888 574.591 202.687 573.625 202.687 572.489C202.687 571.371 202.883 570.398 203.276 569.57C203.669 568.736 204.216 568.092 204.917 567.638C205.618 567.179 206.427 566.949 207.346 566.949C208.056 566.949 208.62 567.067 209.036 567.304C209.458 567.536 209.78 567.801 210.002 568.099C210.229 568.393 210.405 568.634 210.528 568.824H210.698V567.091H212.317V578.312C212.317 579.25 212.104 580.012 211.678 580.599C211.257 581.191 210.689 581.625 209.974 581.899C209.263 582.179 208.473 582.318 207.602 582.318ZM207.545 576.324C208.217 576.324 208.785 576.17 209.249 575.862C209.713 575.554 210.066 575.112 210.308 574.534C210.549 573.956 210.67 573.265 210.67 572.46C210.67 571.674 210.551 570.981 210.315 570.379C210.078 569.778 209.728 569.307 209.263 568.966C208.799 568.625 208.227 568.455 207.545 568.455C206.835 568.455 206.243 568.634 205.769 568.994C205.3 569.354 204.948 569.837 204.711 570.443C204.479 571.049 204.363 571.722 204.363 572.46C204.363 573.218 204.481 573.888 204.718 574.47C204.96 575.048 205.315 575.502 205.783 575.834C206.257 576.161 206.844 576.324 207.545 576.324Z" fill="#545454"/>
<path d="M357 536H347C342.582 536 339 539.582 339 544V554C339 558.418 342.582 562 347 562H357C361.418 562 365 558.418 365 554V544C365 539.582 361.418 536 357 536Z" stroke="#E2E6EA" stroke-width="2"/>
<path d="M356 592H52C43.7157 592 37 598.716 37 607V639C37 647.284 43.7157 654 52 654H356C364.284 654 371 647.284 371 639V607C371 598.716 364.284 592 356 592Z" fill="white" stroke="#E2E6EA" stroke-width="1.5"/>
<path d="M85 603H63C56.3726 603 51 608.373 51 615V631C51 637.627 56.3726 643 63 643H85C91.6274 643 97 637.627 97 631V615C97 608.373 91.6274 603 85 603Z" fill="#F5F9FF"/>
<path d="M127.415 611.222H124.756C124.653 610.653 124.463 610.153 124.185 609.722C123.906 609.29 123.565 608.923 123.162 608.622C122.759 608.321 122.307 608.094 121.807 607.94C121.313 607.787 120.787 607.71 120.23 607.71C119.224 607.71 118.324 607.963 117.528 608.469C116.739 608.974 116.114 609.716 115.653 610.693C115.199 611.67 114.972 612.864 114.972 614.273C114.972 615.693 115.199 616.892 115.653 617.869C116.114 618.847 116.741 619.585 117.537 620.085C118.332 620.585 119.227 620.835 120.222 620.835C120.773 620.835 121.295 620.761 121.79 620.614C122.29 620.46 122.741 620.236 123.145 619.94C123.548 619.645 123.889 619.284 124.168 618.858C124.452 618.426 124.648 617.932 124.756 617.375L127.415 617.384C127.273 618.241 126.997 619.031 126.588 619.753C126.185 620.469 125.665 621.088 125.028 621.611C124.398 622.128 123.676 622.528 122.864 622.812C122.051 623.097 121.165 623.239 120.205 623.239C118.693 623.239 117.347 622.881 116.165 622.165C114.983 621.443 114.051 620.412 113.369 619.071C112.693 617.73 112.355 616.131 112.355 614.273C112.355 612.409 112.696 610.81 113.378 609.474C114.06 608.134 114.991 607.105 116.173 606.389C117.355 605.668 118.699 605.307 120.205 605.307C121.131 605.307 121.994 605.44 122.795 605.707C123.602 605.969 124.327 606.355 124.969 606.866C125.611 607.372 126.142 607.991 126.562 608.724C126.983 609.452 127.267 610.284 127.415 611.222ZM132.91 615.227V623H130.362V605.545H132.876V612.04H133.038C133.344 611.335 133.813 610.776 134.444 610.361C135.075 609.946 135.898 609.739 136.915 609.739C137.813 609.739 138.597 609.923 139.268 610.293C139.944 610.662 140.467 611.213 140.836 611.946C141.211 612.673 141.398 613.582 141.398 614.673V623H138.85V614.98C138.85 614.02 138.603 613.276 138.109 612.747C137.614 612.213 136.927 611.946 136.046 611.946C135.444 611.946 134.904 612.074 134.427 612.33C133.955 612.585 133.583 612.96 133.31 613.455C133.043 613.943 132.91 614.534 132.91 615.227ZM148.609 623.29C147.779 623.29 147.029 623.136 146.359 622.83C145.688 622.517 145.157 622.065 144.765 621.474C144.379 620.884 144.185 620.159 144.185 619.301C144.185 618.562 144.327 617.955 144.612 617.477C144.896 617 145.279 616.622 145.762 616.344C146.245 616.065 146.785 615.855 147.381 615.713C147.978 615.571 148.586 615.463 149.205 615.389C149.989 615.298 150.626 615.224 151.114 615.168C151.603 615.105 151.958 615.006 152.18 614.869C152.401 614.733 152.512 614.511 152.512 614.205V614.145C152.512 613.401 152.302 612.824 151.881 612.415C151.467 612.006 150.847 611.801 150.023 611.801C149.165 611.801 148.489 611.991 147.995 612.372C147.506 612.747 147.168 613.165 146.981 613.625L144.586 613.08C144.87 612.284 145.285 611.642 145.83 611.153C146.381 610.659 147.015 610.301 147.731 610.08C148.447 609.852 149.2 609.739 149.989 609.739C150.512 609.739 151.066 609.801 151.651 609.926C152.242 610.045 152.793 610.267 153.305 610.591C153.822 610.915 154.245 611.378 154.575 611.98C154.904 612.577 155.069 613.352 155.069 614.307V623H152.58V621.21H152.478C152.313 621.54 152.066 621.864 151.737 622.182C151.407 622.5 150.984 622.764 150.467 622.974C149.95 623.185 149.33 623.29 148.609 623.29ZM149.163 621.244C149.867 621.244 150.469 621.105 150.969 620.827C151.475 620.548 151.859 620.185 152.12 619.736C152.387 619.281 152.521 618.795 152.521 618.278V616.591C152.43 616.682 152.254 616.767 151.992 616.847C151.737 616.92 151.444 616.986 151.114 617.043C150.785 617.094 150.464 617.142 150.151 617.188C149.839 617.227 149.577 617.261 149.367 617.29C148.873 617.352 148.421 617.457 148.012 617.605C147.609 617.753 147.285 617.966 147.04 618.244C146.802 618.517 146.683 618.881 146.683 619.335C146.683 619.966 146.915 620.443 147.381 620.767C147.847 621.085 148.441 621.244 149.163 621.244ZM149.129 608.162L146.495 604.233H149.18L151.165 608.162H149.129ZM163.977 623.264C162.75 623.264 161.679 622.983 160.764 622.42C159.849 621.858 159.139 621.071 158.634 620.06C158.128 619.048 157.875 617.866 157.875 616.514C157.875 615.156 158.128 613.969 158.634 612.952C159.139 611.935 159.849 611.145 160.764 610.582C161.679 610.02 162.75 609.739 163.977 609.739C165.205 609.739 166.276 610.02 167.19 610.582C168.105 611.145 168.815 611.935 169.321 612.952C169.827 613.969 170.08 615.156 170.08 616.514C170.08 617.866 169.827 619.048 169.321 620.06C168.815 621.071 168.105 621.858 167.19 622.42C166.276 622.983 165.205 623.264 163.977 623.264ZM163.986 621.125C164.781 621.125 165.44 620.915 165.963 620.494C166.486 620.074 166.872 619.514 167.122 618.815C167.378 618.116 167.506 617.347 167.506 616.506C167.506 615.67 167.378 614.903 167.122 614.205C166.872 613.5 166.486 612.935 165.963 612.509C165.44 612.082 164.781 611.869 163.986 611.869C163.185 611.869 162.52 612.082 161.991 612.509C161.469 612.935 161.08 613.5 160.824 614.205C160.574 614.903 160.449 615.67 160.449 616.506C160.449 617.347 160.574 618.116 160.824 618.815C161.08 619.514 161.469 620.074 161.991 620.494C162.52 620.915 163.185 621.125 163.986 621.125ZM181.824 615.227V623H179.276V605.545H181.79V612.04H181.952C182.259 611.335 182.727 610.776 183.358 610.361C183.989 609.946 184.813 609.739 185.83 609.739C186.727 609.739 187.511 609.923 188.182 610.293C188.858 610.662 189.381 611.213 189.75 611.946C190.125 612.673 190.312 613.582 190.312 614.673V623H187.764V614.98C187.764 614.02 187.517 613.276 187.023 612.747C186.528 612.213 185.841 611.946 184.96 611.946C184.358 611.946 183.818 612.074 183.341 612.33C182.869 612.585 182.497 612.96 182.224 613.455C181.957 613.943 181.824 614.534 181.824 615.227ZM199.227 623.264C198 623.264 196.929 622.983 196.014 622.42C195.099 621.858 194.389 621.071 193.884 620.06C193.378 619.048 193.125 617.866 193.125 616.514C193.125 615.156 193.378 613.969 193.884 612.952C194.389 611.935 195.099 611.145 196.014 610.582C196.929 610.02 198 609.739 199.227 609.739C200.455 609.739 201.526 610.02 202.44 610.582C203.355 611.145 204.065 611.935 204.571 612.952C205.077 613.969 205.33 615.156 205.33 616.514C205.33 617.866 205.077 619.048 204.571 620.06C204.065 621.071 203.355 621.858 202.44 622.42C201.526 622.983 200.455 623.264 199.227 623.264ZM199.236 621.125C200.031 621.125 200.69 620.915 201.213 620.494C201.736 620.074 202.122 619.514 202.372 618.815C202.628 618.116 202.756 617.347 202.756 616.506C202.756 615.67 202.628 614.903 202.372 614.205C202.122 613.5 201.736 612.935 201.213 612.509C200.69 612.082 200.031 611.869 199.236 611.869C198.435 611.869 197.77 612.082 197.241 612.509C196.719 612.935 196.33 613.5 196.074 614.205C195.824 614.903 195.699 615.67 195.699 616.506C195.699 617.347 195.824 618.116 196.074 618.815C196.33 619.514 196.719 620.074 197.241 620.494C197.77 620.915 198.435 621.125 199.236 621.125ZM200.267 608.102H198.256L198.188 606.364C198.79 606.335 199.216 606.256 199.466 606.125C199.716 605.989 199.838 605.793 199.832 605.537C199.838 605.23 199.665 605.011 199.312 604.881C198.966 604.75 198.543 604.685 198.043 604.685L198.119 603.278C199.409 603.278 200.386 603.483 201.051 603.892C201.722 604.301 202.054 604.852 202.048 605.545C202.054 606.108 201.869 606.523 201.494 606.79C201.125 607.051 200.716 607.216 200.267 607.284V608.102ZM208.174 623V609.909H210.722V623H208.174ZM209.461 607.889C209.018 607.889 208.637 607.741 208.319 607.446C208.006 607.145 207.85 606.787 207.85 606.372C207.85 605.952 208.006 605.594 208.319 605.298C208.637 604.997 209.018 604.847 209.461 604.847C209.904 604.847 210.282 604.997 210.594 605.298C210.913 605.594 211.072 605.952 211.072 606.372C211.072 606.787 210.913 607.145 210.594 607.446C210.282 607.741 209.904 607.889 209.461 607.889ZM226.016 623.264C224.749 623.264 223.658 622.977 222.744 622.403C221.835 621.824 221.136 621.026 220.647 620.009C220.158 618.991 219.914 617.827 219.914 616.514C219.914 615.185 220.164 614.011 220.664 612.994C221.164 611.972 221.869 611.173 222.778 610.599C223.687 610.026 224.758 609.739 225.991 609.739C226.985 609.739 227.871 609.923 228.65 610.293C229.428 610.656 230.056 611.168 230.533 611.827C231.016 612.486 231.303 613.256 231.394 614.136H228.914C228.778 613.523 228.465 612.994 227.977 612.551C227.494 612.108 226.846 611.886 226.033 611.886C225.323 611.886 224.701 612.074 224.167 612.449C223.638 612.818 223.227 613.347 222.931 614.034C222.636 614.716 222.488 615.523 222.488 616.455C222.488 617.409 222.633 618.233 222.923 618.926C223.212 619.619 223.621 620.156 224.15 620.537C224.684 620.918 225.312 621.108 226.033 621.108C226.516 621.108 226.954 621.02 227.346 620.844C227.744 620.662 228.076 620.403 228.343 620.068C228.616 619.733 228.806 619.33 228.914 618.858H231.394C231.303 619.705 231.028 620.46 230.567 621.125C230.107 621.79 229.491 622.312 228.718 622.693C227.951 623.074 227.05 623.264 226.016 623.264ZM245.062 608.997H247.031C247.031 610.338 246.727 611.398 246.119 612.176C245.517 612.949 244.489 613.335 243.034 613.335V611.903C243.614 611.903 244.048 611.784 244.338 611.545C244.628 611.301 244.821 610.963 244.918 610.531C245.014 610.094 245.062 609.582 245.062 608.997ZM239.634 623.264C238.406 623.264 237.335 622.983 236.42 622.42C235.506 621.858 234.795 621.071 234.29 620.06C233.784 619.048 233.531 617.866 233.531 616.514C233.531 615.156 233.784 613.969 234.29 612.952C234.795 611.935 235.506 611.145 236.42 610.582C237.335 610.02 238.406 609.739 239.634 609.739C240.861 609.739 241.932 610.02 242.847 610.582C243.761 611.145 244.472 611.935 244.977 612.952C245.483 613.969 245.736 615.156 245.736 616.514C245.736 617.866 245.483 619.048 244.977 620.06C244.472 621.071 243.761 621.858 242.847 622.42C241.932 622.983 240.861 623.264 239.634 623.264ZM239.642 621.125C240.438 621.125 241.097 620.915 241.619 620.494C242.142 620.074 242.528 619.514 242.778 618.815C243.034 618.116 243.162 617.347 243.162 616.506C243.162 615.67 243.034 614.903 242.778 614.205C242.528 613.5 242.142 612.935 241.619 612.509C241.097 612.082 240.438 611.869 239.642 611.869C238.841 611.869 238.176 612.082 237.648 612.509C237.125 612.935 236.736 613.5 236.48 614.205C236.23 614.903 236.105 615.67 236.105 616.506C236.105 617.347 236.23 618.116 236.48 618.815C236.736 619.514 237.125 620.074 237.648 620.494C238.176 620.915 238.841 621.125 239.642 621.125ZM255.3 623V605.545H257.849V612.031H258.002C258.15 611.759 258.363 611.443 258.641 611.085C258.92 610.727 259.306 610.415 259.8 610.148C260.295 609.875 260.948 609.739 261.761 609.739C262.817 609.739 263.761 610.006 264.59 610.54C265.42 611.074 266.07 611.844 266.542 612.849C267.019 613.855 267.258 615.065 267.258 616.48C267.258 617.895 267.022 619.108 266.55 620.119C266.079 621.125 265.431 621.901 264.607 622.446C263.783 622.986 262.843 623.256 261.786 623.256C260.991 623.256 260.34 623.122 259.835 622.855C259.335 622.588 258.942 622.276 258.658 621.918C258.374 621.56 258.156 621.241 258.002 620.963H257.789V623H255.3ZM257.798 616.455C257.798 617.375 257.931 618.182 258.198 618.875C258.465 619.568 258.852 620.111 259.357 620.503C259.863 620.889 260.482 621.082 261.215 621.082C261.977 621.082 262.613 620.881 263.124 620.477C263.636 620.068 264.022 619.514 264.283 618.815C264.55 618.116 264.684 617.33 264.684 616.455C264.684 615.591 264.553 614.815 264.292 614.128C264.036 613.44 263.65 612.898 263.133 612.5C262.621 612.102 261.982 611.903 261.215 611.903C260.477 611.903 259.852 612.094 259.34 612.474C258.835 612.855 258.451 613.386 258.19 614.068C257.928 614.75 257.798 615.545 257.798 616.455ZM273.929 623.29C273.099 623.29 272.349 623.136 271.679 622.83C271.009 622.517 270.477 622.065 270.085 621.474C269.699 620.884 269.506 620.159 269.506 619.301C269.506 618.562 269.648 617.955 269.932 617.477C270.216 617 270.599 616.622 271.082 616.344C271.565 616.065 272.105 615.855 272.702 615.713C273.298 615.571 273.906 615.463 274.526 615.389C275.31 615.298 275.946 615.224 276.435 615.168C276.923 615.105 277.278 615.006 277.5 614.869C277.722 614.733 277.832 614.511 277.832 614.205V614.145C277.832 613.401 277.622 612.824 277.202 612.415C276.787 612.006 276.168 611.801 275.344 611.801C274.486 611.801 273.81 611.991 273.315 612.372C272.827 612.747 272.489 613.165 272.301 613.625L269.906 613.08C270.19 612.284 270.605 611.642 271.151 611.153C271.702 610.659 272.335 610.301 273.051 610.08C273.767 609.852 274.52 609.739 275.31 609.739C275.832 609.739 276.386 609.801 276.972 609.926C277.563 610.045 278.114 610.267 278.625 610.591C279.142 610.915 279.565 611.378 279.895 611.98C280.224 612.577 280.389 613.352 280.389 614.307V623H277.901V621.21H277.798C277.634 621.54 277.386 621.864 277.057 622.182C276.727 622.5 276.304 622.764 275.787 622.974C275.27 623.185 274.651 623.29 273.929 623.29ZM274.483 621.244C275.188 621.244 275.79 621.105 276.29 620.827C276.795 620.548 277.179 620.185 277.44 619.736C277.707 619.281 277.841 618.795 277.841 618.278V616.591C277.75 616.682 277.574 616.767 277.312 616.847C277.057 616.92 276.764 616.986 276.435 617.043C276.105 617.094 275.784 617.142 275.472 617.188C275.159 617.227 274.898 617.261 274.688 617.29C274.193 617.352 273.741 617.457 273.332 617.605C272.929 617.753 272.605 617.966 272.361 618.244C272.122 618.517 272.003 618.881 272.003 619.335C272.003 619.966 272.236 620.443 272.702 620.767C273.168 621.085 273.761 621.244 274.483 621.244ZM276.486 608.102H274.474L274.406 606.364C275.009 606.335 275.435 606.256 275.685 606.125C275.935 605.989 276.057 605.793 276.051 605.537C276.057 605.23 275.884 605.011 275.531 604.881C275.185 604.75 274.761 604.685 274.261 604.685L274.338 603.278C275.628 603.278 276.605 603.483 277.27 603.892C277.94 604.301 278.273 604.852 278.267 605.545C278.273 606.108 278.088 606.523 277.713 606.79C277.344 607.051 276.935 607.216 276.486 607.284V608.102ZM286.332 615.227V623H283.783V609.909H286.229V612.04H286.391C286.692 611.347 287.164 610.79 287.806 610.369C288.454 609.949 289.269 609.739 290.252 609.739C291.144 609.739 291.925 609.926 292.596 610.301C293.266 610.67 293.786 611.222 294.156 611.955C294.525 612.687 294.71 613.594 294.71 614.673V623H292.161V614.98C292.161 614.031 291.914 613.29 291.42 612.756C290.925 612.216 290.246 611.946 289.383 611.946C288.792 611.946 288.266 612.074 287.806 612.33C287.352 612.585 286.991 612.96 286.724 613.455C286.462 613.943 286.332 614.534 286.332 615.227Z" fill="#202244"/>
<path d="M117.619 633.455V648H115.858V635.301H115.773L112.222 637.659V635.869L115.858 633.455H117.619ZM126.348 648.199C125.515 648.199 124.764 648.033 124.097 647.702C123.429 647.37 122.894 646.916 122.491 646.338C122.089 645.76 121.869 645.102 121.831 644.364H123.536C123.602 645.022 123.9 645.566 124.43 645.997C124.965 646.423 125.605 646.636 126.348 646.636C126.945 646.636 127.475 646.497 127.939 646.217C128.408 645.938 128.775 645.554 129.04 645.067C129.31 644.574 129.445 644.018 129.445 643.398C129.445 642.763 129.305 642.197 129.026 641.7C128.751 641.198 128.372 640.803 127.889 640.514C127.406 640.225 126.855 640.079 126.234 640.074C125.789 640.069 125.332 640.138 124.864 640.28C124.395 640.417 124.009 640.595 123.706 640.812L122.058 640.614L122.939 633.455H130.496V635.017H124.416L123.905 639.307H123.99C124.288 639.07 124.662 638.874 125.112 638.717C125.562 638.561 126.031 638.483 126.518 638.483C127.409 638.483 128.202 638.696 128.898 639.122C129.598 639.544 130.148 640.121 130.545 640.855C130.948 641.589 131.149 642.427 131.149 643.369C131.149 644.297 130.941 645.126 130.524 645.855C130.112 646.58 129.544 647.152 128.82 647.574C128.095 647.991 127.271 648.199 126.348 648.199ZM144.368 637.091V638.511H138.715V637.091H144.368ZM140.363 634.477H142.039V644.875C142.039 645.348 142.107 645.704 142.245 645.94C142.387 646.172 142.567 646.329 142.784 646.409C143.007 646.485 143.241 646.523 143.488 646.523C143.672 646.523 143.824 646.513 143.942 646.494C144.06 646.471 144.155 646.452 144.226 646.438L144.567 647.943C144.453 647.986 144.295 648.028 144.091 648.071C143.888 648.118 143.63 648.142 143.317 648.142C142.844 648.142 142.38 648.04 141.925 647.837C141.475 647.633 141.101 647.323 140.803 646.906C140.509 646.49 140.363 645.964 140.363 645.33V634.477ZM156.719 636.608H158.196C158.196 637.328 158.102 637.931 157.912 638.419C157.723 638.902 157.391 639.267 156.918 639.513C156.444 639.754 155.782 639.875 154.929 639.875V638.71C155.516 638.71 155.933 638.639 156.179 638.497C156.43 638.35 156.582 638.123 156.634 637.815C156.691 637.503 156.719 637.1 156.719 636.608ZM153.765 643.54V637.091H155.441V648H153.765V646.153H153.651C153.395 646.707 152.998 647.179 152.458 647.567C151.918 647.95 151.236 648.142 150.412 648.142C149.73 648.142 149.124 647.993 148.594 647.695C148.064 647.392 147.647 646.937 147.344 646.331C147.041 645.72 146.89 644.951 146.89 644.023V637.091H148.566V643.909C148.566 644.705 148.788 645.339 149.233 645.812C149.683 646.286 150.256 646.523 150.952 646.523C151.369 646.523 151.792 646.416 152.223 646.203C152.659 645.99 153.024 645.663 153.317 645.223C153.615 644.783 153.765 644.222 153.765 643.54ZM150.469 635.614L148.253 632.318H150.213L151.946 635.614H150.469ZM173.876 637.091L169.842 648H168.138L164.104 637.091H165.922L168.933 645.784H169.047L172.058 637.091H173.876ZM185.918 636.608H187.396C187.396 637.328 187.301 637.931 187.112 638.419C186.922 638.902 186.591 639.267 186.117 639.513C185.644 639.754 184.981 639.875 184.129 639.875V638.71C184.716 638.71 185.132 638.639 185.379 638.497C185.629 638.35 185.781 638.123 185.833 637.815C185.89 637.503 185.918 637.1 185.918 636.608ZM182.964 643.54V637.091H184.64V648H182.964V646.153H182.85C182.594 646.707 182.197 647.179 181.657 647.567C181.117 647.95 180.435 648.142 179.612 648.142C178.93 648.142 178.324 647.993 177.793 647.695C177.263 647.392 176.846 646.937 176.543 646.331C176.24 645.72 176.089 644.951 176.089 644.023V637.091H177.765V643.909C177.765 644.705 177.987 645.339 178.433 645.812C178.882 646.286 179.455 646.523 180.151 646.523C180.568 646.523 180.992 646.416 181.423 646.203C181.858 645.99 182.223 645.663 182.516 645.223C182.815 644.783 182.964 644.222 182.964 643.54ZM180.379 651.608C180.052 651.608 179.77 651.497 179.533 651.274C179.301 651.052 179.185 650.784 179.185 650.472C179.185 650.159 179.301 649.892 179.533 649.669C179.77 649.446 180.052 649.335 180.379 649.335C180.705 649.335 180.985 649.446 181.217 649.669C181.453 649.892 181.572 650.159 181.572 650.472C181.572 650.784 181.453 651.052 181.217 651.274C180.985 651.497 180.705 651.608 180.379 651.608ZM190.206 641.438V648H188.53V637.091H190.15V638.795H190.292C190.547 638.241 190.935 637.796 191.456 637.46C191.977 637.119 192.65 636.949 193.473 636.949C194.212 636.949 194.858 637.1 195.412 637.403C195.966 637.702 196.397 638.156 196.705 638.767C197.013 639.373 197.167 640.14 197.167 641.068V648H195.49V641.182C195.49 640.325 195.268 639.657 194.823 639.179C194.378 638.696 193.767 638.455 192.99 638.455C192.455 638.455 191.977 638.571 191.556 638.803C191.139 639.035 190.81 639.373 190.569 639.818C190.327 640.263 190.206 640.803 190.206 641.438ZM204.633 652.318C203.823 652.318 203.127 652.214 202.545 652.006C201.962 651.802 201.477 651.532 201.089 651.196C200.705 650.865 200.4 650.509 200.173 650.131L201.508 649.193C201.659 649.392 201.851 649.619 202.083 649.875C202.315 650.135 202.632 650.36 203.035 650.55C203.442 650.744 203.975 650.841 204.633 650.841C205.513 650.841 206.24 650.628 206.813 650.202C207.386 649.776 207.673 649.108 207.673 648.199V645.983H207.531C207.407 646.182 207.232 646.428 207.005 646.722C206.782 647.01 206.46 647.268 206.039 647.496C205.622 647.718 205.059 647.83 204.349 647.83C203.468 647.83 202.677 647.621 201.977 647.205C201.281 646.788 200.729 646.182 200.322 645.386C199.919 644.591 199.718 643.625 199.718 642.489C199.718 641.371 199.915 640.398 200.308 639.57C200.701 638.736 201.247 638.092 201.948 637.638C202.649 637.179 203.459 636.949 204.377 636.949C205.087 636.949 205.651 637.067 206.067 637.304C206.489 637.536 206.811 637.801 207.033 638.099C207.261 638.393 207.436 638.634 207.559 638.824H207.729V637.091H209.349V648.312C209.349 649.25 209.136 650.012 208.71 650.599C208.288 651.191 207.72 651.625 207.005 651.899C206.295 652.179 205.504 652.318 204.633 652.318ZM204.576 646.324C205.248 646.324 205.817 646.17 206.281 645.862C206.745 645.554 207.097 645.112 207.339 644.534C207.58 643.956 207.701 643.265 207.701 642.46C207.701 641.674 207.583 640.981 207.346 640.379C207.109 639.778 206.759 639.307 206.295 638.966C205.831 638.625 205.258 638.455 204.576 638.455C203.866 638.455 203.274 638.634 202.8 638.994C202.332 639.354 201.979 639.837 201.742 640.443C201.51 641.049 201.394 641.722 201.394 642.46C201.394 643.218 201.513 643.888 201.749 644.47C201.991 645.048 202.346 645.502 202.815 645.834C203.288 646.161 203.875 646.324 204.576 646.324Z" fill="#545454"/>
<path d="M357 606H347C342.582 606 339 609.582 339 614V624C339 628.418 342.582 632 347 632H357C361.418 632 365 628.418 365 624V614C365 609.582 361.418 606 357 606Z" stroke="#E2E6EA" stroke-width="2"/>
<path d="M356 662H52C43.7157 662 37 668.716 37 677V709C37 717.284 43.7157 724 52 724H356C364.284 724 371 717.284 371 709V677C371 668.716 364.284 662 356 662Z" fill="white" stroke="#E2E6EA" stroke-width="1.5"/>
<path d="M85 673H63C56.3726 673 51 678.373 51 685V701C51 707.627 56.3726 713 63 713H85C91.6274 713 97 707.627 97 701V685C97 678.373 91.6274 673 85 673Z" fill="#F5F9FF"/>
<path d="M122.438 680.131C122.347 679.324 121.972 678.699 121.312 678.256C120.653 677.807 119.824 677.582 118.824 677.582C118.108 677.582 117.489 677.696 116.966 677.923C116.443 678.145 116.037 678.452 115.747 678.844C115.463 679.23 115.321 679.67 115.321 680.165C115.321 680.58 115.418 680.937 115.611 681.239C115.81 681.54 116.068 681.793 116.386 681.997C116.71 682.196 117.057 682.364 117.426 682.5C117.795 682.631 118.151 682.739 118.491 682.824L120.196 683.267C120.753 683.403 121.324 683.588 121.909 683.821C122.494 684.054 123.037 684.361 123.537 684.741C124.037 685.122 124.44 685.594 124.747 686.156C125.06 686.719 125.216 687.392 125.216 688.176C125.216 689.165 124.96 690.043 124.449 690.81C123.943 691.577 123.207 692.182 122.241 692.625C121.281 693.068 120.119 693.29 118.756 693.29C117.449 693.29 116.318 693.082 115.364 692.668C114.409 692.253 113.662 691.665 113.122 690.903C112.582 690.136 112.284 689.227 112.227 688.176H114.869C114.92 688.807 115.125 689.332 115.483 689.753C115.847 690.168 116.31 690.477 116.872 690.682C117.44 690.881 118.062 690.98 118.739 690.98C119.483 690.98 120.145 690.864 120.724 690.631C121.31 690.392 121.77 690.062 122.105 689.642C122.44 689.216 122.608 688.719 122.608 688.151C122.608 687.634 122.46 687.21 122.165 686.881C121.875 686.551 121.48 686.278 120.98 686.062C120.486 685.847 119.926 685.656 119.301 685.491L117.239 684.929C115.841 684.548 114.733 683.989 113.915 683.25C113.102 682.511 112.696 681.534 112.696 680.318C112.696 679.312 112.969 678.435 113.514 677.685C114.06 676.935 114.798 676.352 115.73 675.938C116.662 675.517 117.713 675.307 118.884 675.307C120.065 675.307 121.108 675.514 122.011 675.929C122.92 676.344 123.636 676.915 124.159 677.642C124.682 678.364 124.955 679.193 124.977 680.131H122.438ZM133.673 693.264C132.445 693.264 131.374 692.983 130.46 692.42C129.545 691.858 128.835 691.071 128.329 690.06C127.823 689.048 127.57 687.866 127.57 686.514C127.57 685.156 127.823 683.969 128.329 682.952C128.835 681.935 129.545 681.145 130.46 680.582C131.374 680.02 132.445 679.739 133.673 679.739C134.9 679.739 135.971 680.02 136.886 680.582C137.8 681.145 138.511 681.935 139.016 682.952C139.522 683.969 139.775 685.156 139.775 686.514C139.775 687.866 139.522 689.048 139.016 690.06C138.511 691.071 137.8 691.858 136.886 692.42C135.971 692.983 134.9 693.264 133.673 693.264ZM133.681 691.125C134.477 691.125 135.136 690.915 135.658 690.494C136.181 690.074 136.567 689.514 136.817 688.815C137.073 688.116 137.201 687.347 137.201 686.506C137.201 685.67 137.073 684.903 136.817 684.205C136.567 683.5 136.181 682.935 135.658 682.509C135.136 682.082 134.477 681.869 133.681 681.869C132.88 681.869 132.215 682.082 131.687 682.509C131.164 682.935 130.775 683.5 130.519 684.205C130.269 684.903 130.144 685.67 130.144 686.506C130.144 687.347 130.269 688.116 130.519 688.815C130.775 689.514 131.164 690.074 131.687 690.494C132.215 690.915 132.88 691.125 133.681 691.125ZM129.266 678.341L132.727 675.384H134.627L138.096 678.341H135.59L133.698 676.653L131.789 678.341H129.266ZM137.184 676.449L138.965 673.338H141.565L139.05 676.449H137.184ZM153.871 693.256C152.815 693.256 151.871 692.986 151.042 692.446C150.218 691.901 149.57 691.125 149.099 690.119C148.633 689.108 148.4 687.895 148.4 686.48C148.4 685.065 148.636 683.855 149.107 682.849C149.585 681.844 150.238 681.074 151.067 680.54C151.897 680.006 152.837 679.739 153.888 679.739C154.701 679.739 155.354 679.875 155.849 680.148C156.349 680.415 156.735 680.727 157.008 681.085C157.286 681.443 157.502 681.759 157.656 682.031H157.809V675.545H160.357V693H157.869V690.963H157.656C157.502 691.241 157.281 691.56 156.991 691.918C156.707 692.276 156.315 692.588 155.815 692.855C155.315 693.122 154.667 693.256 153.871 693.256ZM154.434 691.082C155.167 691.082 155.786 690.889 156.292 690.503C156.803 690.111 157.19 689.568 157.451 688.875C157.718 688.182 157.852 687.375 157.852 686.455C157.852 685.545 157.721 684.75 157.46 684.068C157.198 683.386 156.815 682.855 156.309 682.474C155.803 682.094 155.178 681.903 154.434 681.903C153.667 681.903 153.028 682.102 152.516 682.5C152.005 682.898 151.619 683.44 151.357 684.128C151.102 684.815 150.974 685.591 150.974 686.455C150.974 687.33 151.104 688.116 151.366 688.815C151.627 689.514 152.013 690.068 152.525 690.477C153.042 690.881 153.678 691.082 154.434 691.082ZM154.272 678.861V677.097H162.104V678.861H154.272ZM169.636 693.264C168.347 693.264 167.236 692.989 166.304 692.438C165.378 691.881 164.662 691.099 164.156 690.094C163.656 689.082 163.406 687.898 163.406 686.54C163.406 685.199 163.656 684.017 164.156 682.994C164.662 681.972 165.366 681.173 166.27 680.599C167.179 680.026 168.241 679.739 169.457 679.739C170.196 679.739 170.912 679.861 171.605 680.105C172.298 680.349 172.92 680.733 173.472 681.256C174.023 681.778 174.457 682.457 174.776 683.293C175.094 684.122 175.253 685.131 175.253 686.318V687.222H164.847V685.312H172.756C172.756 684.642 172.619 684.048 172.347 683.531C172.074 683.009 171.69 682.597 171.196 682.295C170.707 681.994 170.134 681.844 169.474 681.844C168.759 681.844 168.134 682.02 167.599 682.372C167.071 682.719 166.662 683.173 166.372 683.736C166.088 684.293 165.946 684.898 165.946 685.551V687.043C165.946 687.918 166.099 688.662 166.406 689.276C166.719 689.889 167.153 690.358 167.71 690.682C168.267 691 168.918 691.159 169.662 691.159C170.145 691.159 170.585 691.091 170.983 690.955C171.381 690.812 171.724 690.602 172.014 690.324C172.304 690.045 172.526 689.702 172.679 689.293L175.091 689.727C174.898 690.437 174.551 691.06 174.051 691.594C173.557 692.122 172.935 692.534 172.185 692.83C171.44 693.119 170.591 693.264 169.636 693.264ZM164.949 678.341L168.409 675.384H170.31L173.778 678.341H171.273L169.381 676.653L167.472 678.341H164.949ZM172.866 676.449L174.648 673.338H177.247L174.733 676.449H172.866ZM178.08 693V679.909H180.526V682.04H180.688C180.961 681.318 181.407 680.756 182.026 680.352C182.646 679.943 183.387 679.739 184.251 679.739C185.126 679.739 185.859 679.943 186.45 680.352C187.046 680.761 187.487 681.324 187.771 682.04H187.907C188.219 681.341 188.717 680.784 189.398 680.369C190.08 679.949 190.893 679.739 191.836 679.739C193.023 679.739 193.992 680.111 194.742 680.855C195.498 681.599 195.876 682.722 195.876 684.222V693H193.327V684.46C193.327 683.574 193.086 682.932 192.603 682.534C192.12 682.136 191.543 681.938 190.873 681.938C190.043 681.938 189.398 682.193 188.938 682.705C188.478 683.21 188.248 683.861 188.248 684.656V693H185.708V684.298C185.708 683.588 185.487 683.017 185.043 682.585C184.6 682.153 184.023 681.938 183.313 681.938C182.83 681.938 182.384 682.065 181.975 682.321C181.572 682.571 181.245 682.92 180.995 683.369C180.751 683.818 180.629 684.338 180.629 684.929V693H178.08ZM216.842 679.909L212.094 693H209.367L204.612 679.909H207.347L210.663 689.983H210.799L214.106 679.909H216.842ZM222.671 693.29C221.842 693.29 221.092 693.136 220.421 692.83C219.751 692.517 219.219 692.065 218.827 691.474C218.441 690.884 218.248 690.159 218.248 689.301C218.248 688.562 218.39 687.955 218.674 687.477C218.958 687 219.342 686.622 219.825 686.344C220.308 686.065 220.847 685.855 221.444 685.713C222.04 685.571 222.648 685.463 223.268 685.389C224.052 685.298 224.688 685.224 225.177 685.168C225.665 685.105 226.021 685.006 226.242 684.869C226.464 684.733 226.575 684.511 226.575 684.205V684.145C226.575 683.401 226.364 682.824 225.944 682.415C225.529 682.006 224.91 681.801 224.086 681.801C223.228 681.801 222.552 681.991 222.058 682.372C221.569 682.747 221.231 683.165 221.043 683.625L218.648 683.08C218.933 682.284 219.347 681.642 219.893 681.153C220.444 680.659 221.077 680.301 221.793 680.08C222.509 679.852 223.262 679.739 224.052 679.739C224.575 679.739 225.129 679.801 225.714 679.926C226.305 680.045 226.856 680.267 227.367 680.591C227.884 680.915 228.308 681.378 228.637 681.98C228.967 682.577 229.131 683.352 229.131 684.307V693H226.643V691.21H226.54C226.376 691.54 226.129 691.864 225.799 692.182C225.469 692.5 225.046 692.764 224.529 692.974C224.012 693.185 223.393 693.29 222.671 693.29ZM223.225 691.244C223.93 691.244 224.532 691.105 225.032 690.827C225.538 690.548 225.921 690.185 226.183 689.736C226.45 689.281 226.583 688.795 226.583 688.278V686.591C226.492 686.682 226.316 686.767 226.055 686.847C225.799 686.92 225.506 686.986 225.177 687.043C224.847 687.094 224.526 687.142 224.214 687.188C223.901 687.227 223.64 687.261 223.43 687.29C222.935 687.352 222.484 687.457 222.075 687.605C221.671 687.753 221.347 687.966 221.103 688.244C220.864 688.517 220.745 688.881 220.745 689.335C220.745 689.966 220.978 690.443 221.444 690.767C221.91 691.085 222.504 691.244 223.225 691.244ZM223.191 678.162L220.558 674.233H223.242L225.228 678.162H223.191ZM244.988 679.909V681.955H237.837V679.909H244.988ZM239.755 676.773H242.303V689.156C242.303 689.651 242.377 690.023 242.525 690.273C242.673 690.517 242.863 690.685 243.096 690.776C243.335 690.861 243.593 690.903 243.871 690.903C244.076 690.903 244.255 690.889 244.408 690.861C244.562 690.832 244.681 690.81 244.766 690.793L245.227 692.898C245.079 692.955 244.869 693.011 244.596 693.068C244.323 693.131 243.982 693.165 243.573 693.17C242.903 693.182 242.278 693.062 241.698 692.812C241.119 692.562 240.65 692.176 240.292 691.653C239.934 691.131 239.755 690.474 239.755 689.685V676.773ZM247.807 693V679.909H250.355V693H247.807ZM249.094 677.889C248.651 677.889 248.27 677.741 247.952 677.446C247.639 677.145 247.483 676.787 247.483 676.372C247.483 675.952 247.639 675.594 247.952 675.298C248.27 674.997 248.651 674.847 249.094 674.847C249.537 674.847 249.915 674.997 250.227 675.298C250.545 675.594 250.705 675.952 250.705 676.372C250.705 676.787 250.545 677.145 250.227 677.446C249.915 677.741 249.537 677.889 249.094 677.889ZM259.425 693.264C258.136 693.264 257.025 692.989 256.093 692.438C255.167 691.881 254.451 691.099 253.945 690.094C253.445 689.082 253.195 687.898 253.195 686.54C253.195 685.199 253.445 684.017 253.945 682.994C254.451 681.972 255.156 681.173 256.059 680.599C256.968 680.026 258.031 679.739 259.246 679.739C259.985 679.739 260.701 679.861 261.394 680.105C262.087 680.349 262.71 680.733 263.261 681.256C263.812 681.778 264.246 682.457 264.565 683.293C264.883 684.122 265.042 685.131 265.042 686.318V687.222H254.636V685.312H262.545C262.545 684.642 262.408 684.048 262.136 683.531C261.863 683.009 261.479 682.597 260.985 682.295C260.496 681.994 259.923 681.844 259.263 681.844C258.548 681.844 257.923 682.02 257.388 682.372C256.86 682.719 256.451 683.173 256.161 683.736C255.877 684.293 255.735 684.898 255.735 685.551V687.043C255.735 687.918 255.888 688.662 256.195 689.276C256.508 689.889 256.942 690.358 257.499 690.682C258.056 691 258.707 691.159 259.451 691.159C259.934 691.159 260.374 691.091 260.772 690.955C261.17 690.812 261.513 690.602 261.803 690.324C262.093 690.045 262.315 689.702 262.468 689.293L264.88 689.727C264.687 690.437 264.34 691.06 263.84 691.594C263.346 692.122 262.724 692.534 261.974 692.83C261.229 693.119 260.38 693.264 259.425 693.264ZM260.082 675.426L263.559 678.384H261.045L259.153 676.696L257.252 678.384H254.746L258.181 675.426H260.082ZM253.877 673.364L255.633 676.491H253.8L251.261 673.364H253.877ZM270.418 685.227V693H267.869V679.909H270.315V682.04H270.477C270.778 681.347 271.25 680.79 271.892 680.369C272.54 679.949 273.355 679.739 274.338 679.739C275.23 679.739 276.011 679.926 276.682 680.301C277.352 680.67 277.872 681.222 278.241 681.955C278.611 682.687 278.795 683.594 278.795 684.673V693H276.247V684.98C276.247 684.031 276 683.29 275.506 682.756C275.011 682.216 274.332 681.946 273.469 681.946C272.878 681.946 272.352 682.074 271.892 682.33C271.438 682.585 271.077 682.96 270.81 683.455C270.548 683.943 270.418 684.534 270.418 685.227ZM294.675 679.909V681.955H287.525V679.909H294.675ZM289.442 676.773H291.991V689.156C291.991 689.651 292.065 690.023 292.212 690.273C292.36 690.517 292.55 690.685 292.783 690.776C293.022 690.861 293.281 690.903 293.559 690.903C293.763 690.903 293.942 690.889 294.096 690.861C294.249 690.832 294.369 690.81 294.454 690.793L294.914 692.898C294.766 692.955 294.556 693.011 294.283 693.068C294.011 693.131 293.67 693.165 293.261 693.17C292.59 693.182 291.965 693.062 291.386 692.812C290.806 692.562 290.337 692.176 289.979 691.653C289.621 691.131 289.442 690.474 289.442 689.685V676.773ZM302.996 693.264C301.706 693.264 300.595 692.989 299.663 692.438C298.737 691.881 298.021 691.099 297.516 690.094C297.016 689.082 296.766 687.898 296.766 686.54C296.766 685.199 297.016 684.017 297.516 682.994C298.021 681.972 298.726 681.173 299.629 680.599C300.538 680.026 301.601 679.739 302.817 679.739C303.555 679.739 304.271 679.861 304.964 680.105C305.658 680.349 306.28 680.733 306.831 681.256C307.382 681.778 307.817 682.457 308.135 683.293C308.453 684.122 308.612 685.131 308.612 686.318V687.222H298.206V685.312H306.115C306.115 684.642 305.979 684.048 305.706 683.531C305.433 683.009 305.05 682.597 304.555 682.295C304.067 681.994 303.493 681.844 302.834 681.844C302.118 681.844 301.493 682.02 300.959 682.372C300.43 682.719 300.021 683.173 299.732 683.736C299.447 684.293 299.305 684.898 299.305 685.551V687.043C299.305 687.918 299.459 688.662 299.766 689.276C300.078 689.889 300.513 690.358 301.07 690.682C301.626 691 302.277 691.159 303.021 691.159C303.504 691.159 303.945 691.091 304.342 690.955C304.74 690.812 305.084 690.602 305.374 690.324C305.663 690.045 305.885 689.702 306.038 689.293L308.45 689.727C308.257 690.437 307.911 691.06 307.411 691.594C306.916 692.122 306.294 692.534 305.544 692.83C304.8 693.119 303.95 693.264 302.996 693.264ZM304.47 678.341L302.723 676.057L300.967 678.341H298.666V678.213L301.658 674.599H303.78L306.78 678.213V678.341H304.47ZM302.714 697.517C302.277 697.517 301.899 697.369 301.581 697.074C301.263 696.778 301.104 696.42 301.104 696C301.104 695.58 301.263 695.222 301.581 694.926C301.899 694.631 302.277 694.483 302.714 694.483C303.158 694.483 303.536 694.631 303.848 694.926C304.166 695.222 304.325 695.58 304.325 696C304.325 696.42 304.166 696.778 303.848 697.074C303.536 697.369 303.158 697.517 302.714 697.517Z" fill="#202244"/>
<path d="M112.506 718V716.722L117.307 711.466C117.87 710.85 118.334 710.315 118.699 709.861C119.063 709.402 119.333 708.971 119.509 708.568C119.688 708.161 119.778 707.735 119.778 707.29C119.778 706.778 119.655 706.336 119.409 705.962C119.168 705.588 118.836 705.299 118.415 705.095C117.993 704.892 117.52 704.79 116.994 704.79C116.436 704.79 115.948 704.906 115.531 705.138C115.119 705.365 114.8 705.685 114.572 706.097C114.35 706.509 114.239 706.991 114.239 707.545H112.562C112.562 706.693 112.759 705.945 113.152 705.301C113.545 704.657 114.08 704.155 114.757 703.795C115.439 703.436 116.204 703.256 117.051 703.256C117.903 703.256 118.659 703.436 119.317 703.795C119.975 704.155 120.491 704.641 120.865 705.251C121.239 705.862 121.426 706.542 121.426 707.29C121.426 707.825 121.329 708.348 121.135 708.859C120.946 709.366 120.614 709.932 120.141 710.557C119.672 711.177 119.021 711.935 118.188 712.83L114.92 716.324V716.438H121.682V718H112.506ZM129.359 718.199C128.289 718.199 127.378 717.908 126.625 717.325C125.872 716.738 125.297 715.888 124.899 714.776C124.501 713.658 124.303 712.309 124.303 710.727C124.303 709.155 124.501 707.813 124.899 706.7C125.302 705.583 125.879 704.731 126.632 704.143C127.39 703.552 128.299 703.256 129.359 703.256C130.42 703.256 131.327 703.552 132.08 704.143C132.837 704.731 133.415 705.583 133.812 706.7C134.215 707.813 134.416 709.155 134.416 710.727C134.416 712.309 134.217 713.658 133.82 714.776C133.422 715.888 132.847 716.738 132.094 717.325C131.341 717.908 130.429 718.199 129.359 718.199ZM129.359 716.636C130.42 716.636 131.244 716.125 131.831 715.102C132.418 714.08 132.712 712.621 132.712 710.727C132.712 709.468 132.577 708.395 132.307 707.51C132.042 706.625 131.658 705.95 131.156 705.486C130.659 705.022 130.06 704.79 129.359 704.79C128.308 704.79 127.487 705.308 126.895 706.345C126.303 707.377 126.007 708.838 126.007 710.727C126.007 711.987 126.14 713.057 126.405 713.938C126.67 714.818 127.051 715.488 127.548 715.947C128.05 716.407 128.654 716.636 129.359 716.636ZM147.513 707.091V708.511H141.859V707.091H147.513ZM143.507 704.477H145.183V714.875C145.183 715.348 145.252 715.704 145.389 715.94C145.531 716.172 145.711 716.329 145.929 716.409C146.152 716.485 146.386 716.523 146.632 716.523C146.817 716.523 146.968 716.513 147.087 716.494C147.205 716.471 147.3 716.452 147.371 716.438L147.712 717.943C147.598 717.986 147.439 718.028 147.236 718.071C147.032 718.118 146.774 718.142 146.462 718.142C145.988 718.142 145.524 718.04 145.07 717.837C144.62 717.633 144.246 717.323 143.947 716.906C143.654 716.49 143.507 715.964 143.507 715.33V704.477ZM159.864 706.608H161.341C161.341 707.328 161.246 707.931 161.057 708.419C160.867 708.902 160.536 709.267 160.062 709.513C159.589 709.754 158.926 709.875 158.074 709.875V708.71C158.661 708.71 159.078 708.639 159.324 708.497C159.575 708.35 159.726 708.123 159.778 707.815C159.835 707.503 159.864 707.1 159.864 706.608ZM156.909 713.54V707.091H158.585V718H156.909V716.153H156.795C156.54 716.707 156.142 717.179 155.602 717.567C155.063 717.95 154.381 718.142 153.557 718.142C152.875 718.142 152.269 717.993 151.739 717.695C151.208 717.392 150.792 716.937 150.489 716.331C150.186 715.72 150.034 714.951 150.034 714.023V707.091H151.71V713.909C151.71 714.705 151.933 715.339 152.378 715.812C152.828 716.286 153.401 716.523 154.097 716.523C154.513 716.523 154.937 716.416 155.368 716.203C155.804 715.99 156.168 715.663 156.462 715.223C156.76 714.783 156.909 714.222 156.909 713.54ZM153.614 705.614L151.398 702.318H153.358L155.091 705.614H153.614ZM177.021 707.091L172.987 718H171.282L167.248 707.091H169.066L172.078 715.784H172.191L175.203 707.091H177.021ZM189.063 706.608H190.54C190.54 707.328 190.445 707.931 190.256 708.419C190.067 708.902 189.735 709.267 189.262 709.513C188.788 709.754 188.125 709.875 187.273 709.875V708.71C187.86 708.71 188.277 708.639 188.523 708.497C188.774 708.35 188.926 708.123 188.978 707.815C189.034 707.503 189.063 707.1 189.063 706.608ZM186.108 713.54V707.091H187.784V718H186.108V716.153H185.995C185.739 716.707 185.341 717.179 184.801 717.567C184.262 717.95 183.58 718.142 182.756 718.142C182.074 718.142 181.468 717.993 180.938 717.695C180.408 717.392 179.991 716.937 179.688 716.331C179.385 715.72 179.233 714.951 179.233 714.023V707.091H180.909V713.909C180.909 714.705 181.132 715.339 181.577 715.812C182.027 716.286 182.6 716.523 183.296 716.523C183.712 716.523 184.136 716.416 184.567 716.203C185.003 715.99 185.367 715.663 185.661 715.223C185.959 714.783 186.108 714.222 186.108 713.54ZM183.523 721.608C183.196 721.608 182.915 721.497 182.678 721.274C182.446 721.052 182.33 720.784 182.33 720.472C182.33 720.159 182.446 719.892 182.678 719.669C182.915 719.446 183.196 719.335 183.523 719.335C183.85 719.335 184.129 719.446 184.361 719.669C184.598 719.892 184.716 720.159 184.716 720.472C184.716 720.784 184.598 721.052 184.361 721.274C184.129 721.497 183.85 721.608 183.523 721.608ZM193.351 711.438V718H191.675V707.091H193.294V708.795H193.436C193.692 708.241 194.08 707.796 194.601 707.46C195.122 707.119 195.794 706.949 196.618 706.949C197.357 706.949 198.003 707.1 198.557 707.403C199.111 707.702 199.542 708.156 199.849 708.767C200.157 709.373 200.311 710.14 200.311 711.068V718H198.635V711.182C198.635 710.325 198.412 709.657 197.967 709.179C197.522 708.696 196.911 708.455 196.135 708.455C195.6 708.455 195.122 708.571 194.7 708.803C194.284 709.035 193.955 709.373 193.713 709.818C193.472 710.263 193.351 710.803 193.351 711.438ZM207.777 722.318C206.968 722.318 206.272 722.214 205.689 722.006C205.107 721.802 204.622 721.532 204.233 721.196C203.85 720.865 203.544 720.509 203.317 720.131L204.652 719.193C204.804 719.392 204.996 719.619 205.228 719.875C205.46 720.135 205.777 720.36 206.179 720.55C206.587 720.744 207.119 720.841 207.777 720.841C208.658 720.841 209.385 720.628 209.958 720.202C210.531 719.776 210.817 719.108 210.817 718.199V715.983H210.675C210.552 716.182 210.377 716.428 210.15 716.722C209.927 717.01 209.605 717.268 209.184 717.496C208.767 717.718 208.203 717.83 207.493 717.83C206.613 717.83 205.822 717.621 205.121 717.205C204.425 716.788 203.873 716.182 203.466 715.386C203.064 714.591 202.863 713.625 202.863 712.489C202.863 711.371 203.059 710.398 203.452 709.57C203.845 708.736 204.392 708.092 205.093 707.638C205.793 707.179 206.603 706.949 207.522 706.949C208.232 706.949 208.795 707.067 209.212 707.304C209.633 707.536 209.955 707.801 210.178 708.099C210.405 708.393 210.58 708.634 210.703 708.824H210.874V707.091H212.493V718.312C212.493 719.25 212.28 720.012 211.854 720.599C211.433 721.191 210.864 721.625 210.15 721.899C209.439 722.179 208.649 722.318 207.777 722.318ZM207.721 716.324C208.393 716.324 208.961 716.17 209.425 715.862C209.889 715.554 210.242 715.112 210.483 714.534C210.725 713.956 210.846 713.265 210.846 712.46C210.846 711.674 210.727 710.981 210.49 710.379C210.254 709.778 209.903 709.307 209.439 708.966C208.975 708.625 208.402 708.455 207.721 708.455C207.01 708.455 206.418 708.634 205.945 708.994C205.476 709.354 205.123 709.837 204.887 710.443C204.655 711.049 204.539 711.722 204.539 712.46C204.539 713.218 204.657 713.888 204.894 714.47C205.135 715.048 205.49 715.502 205.959 715.834C206.433 716.161 207.02 716.324 207.721 716.324Z" fill="#545454"/>
<path d="M357 676H347C342.582 676 339 679.582 339 684V694C339 698.418 342.582 702 347 702H357C361.418 702 365 698.418 365 694V684C365 679.582 361.418 676 357 676Z" stroke="#E2E6EA" stroke-width="2"/>
<g filter="url(#filter1_ii_22_1479)">
<rect width="15" height="407" transform="translate(385 311)" fill="#FAFAFA"/>
<rect x="389" y="312" width="8" height="25" rx="4" fill="#C1C1C1"/>
</g>
<path d="M372 751H228C221.373 751 216 756.373 216 763V791C216 797.627 221.373 803 228 803H372C378.627 803 384 797.627 384 791V763C384 756.373 378.627 751 372 751Z" fill="#0961F5"/>
<path d="M242.716 786L248.416 776.75L242.741 767.5H247.316L251.091 773.9L254.891 767.5H259.491L253.716 776.75L259.491 786H254.891L251.091 779.575L247.316 786H242.716ZM269.429 770.925L266.604 770.9L268.629 766.4H272.154L269.429 770.925ZM266.854 772.5C267.704 772.5 268.404 772.642 268.954 772.925C269.504 773.192 269.921 773.483 270.204 773.8C270.504 774.117 270.687 774.333 270.754 774.45H270.954V772.75H274.754V786H270.954V784.3H270.754C270.687 784.417 270.504 784.633 270.204 784.95C269.921 785.267 269.504 785.567 268.954 785.85C268.404 786.117 267.704 786.25 266.854 786.25C265.871 786.25 265.012 786.058 264.279 785.675C263.562 785.275 262.962 784.75 262.479 784.1C261.996 783.433 261.629 782.692 261.379 781.875C261.146 781.058 261.029 780.225 261.029 779.375C261.029 778.525 261.146 777.692 261.379 776.875C261.629 776.058 261.996 775.325 262.479 774.675C262.962 774.008 263.562 773.483 264.279 773.1C265.012 772.7 265.871 772.5 266.854 772.5ZM267.954 775.575C267.271 775.575 266.696 775.767 266.229 776.15C265.779 776.517 265.437 776.992 265.204 777.575C264.987 778.158 264.879 778.758 264.879 779.375C264.879 779.992 264.987 780.592 265.204 781.175C265.437 781.758 265.779 782.242 266.229 782.625C266.696 782.992 267.271 783.175 267.954 783.175C268.637 783.175 269.204 782.992 269.654 782.625C270.121 782.242 270.462 781.758 270.679 781.175C270.912 780.592 271.029 779.992 271.029 779.375C271.029 778.758 270.912 778.158 270.679 777.575C270.462 776.992 270.121 776.517 269.654 776.15C269.204 775.767 268.637 775.575 267.954 775.575ZM284.603 786.25C283.436 786.25 282.419 786.058 281.553 785.675C280.686 785.275 279.969 784.75 279.403 784.1C278.836 783.45 278.411 782.717 278.128 781.9C277.844 781.067 277.703 780.225 277.703 779.375C277.703 778.525 277.844 777.692 278.128 776.875C278.411 776.058 278.836 775.325 279.403 774.675C279.969 774.008 280.686 773.483 281.553 773.1C282.419 772.7 283.436 772.5 284.603 772.5C285.786 772.5 286.761 772.675 287.528 773.025C288.294 773.358 288.903 773.783 289.353 774.3C289.819 774.8 290.161 775.308 290.378 775.825C290.594 776.325 290.728 776.75 290.778 777.1C290.844 777.433 290.878 777.6 290.878 777.6H287.328C287.328 777.6 287.294 777.5 287.228 777.3C287.178 777.083 287.061 776.842 286.878 776.575C286.711 776.292 286.453 776.05 286.103 775.85C285.753 775.633 285.286 775.525 284.703 775.525C283.986 775.525 283.386 775.708 282.903 776.075C282.436 776.425 282.086 776.892 281.853 777.475C281.619 778.058 281.503 778.692 281.503 779.375C281.503 780.058 281.619 780.692 281.853 781.275C282.086 781.858 282.436 782.333 282.903 782.7C283.386 783.05 283.986 783.225 284.703 783.225C285.286 783.225 285.753 783.125 286.103 782.925C286.453 782.708 286.711 782.467 286.878 782.2C287.061 781.917 287.178 781.675 287.228 781.475C287.294 781.258 287.328 781.15 287.328 781.15H290.878C290.878 781.15 290.844 781.325 290.778 781.675C290.728 782.008 290.594 782.433 290.378 782.95C290.161 783.45 289.819 783.958 289.353 784.475C288.903 784.975 288.294 785.4 287.528 785.75C286.761 786.083 285.786 786.25 284.603 786.25ZM299.362 786V772.75H303.162V774.65H303.287C303.437 774.383 303.654 774.083 303.937 773.75C304.237 773.417 304.629 773.125 305.112 772.875C305.612 772.625 306.245 772.5 307.012 772.5C308.045 772.5 308.887 772.742 309.537 773.225C310.187 773.692 310.662 774.3 310.962 775.05C311.262 775.783 311.412 776.558 311.412 777.375V786H307.612V778.025C307.612 777.392 307.437 776.833 307.087 776.35C306.754 775.867 306.212 775.625 305.462 775.625C304.895 775.625 304.445 775.758 304.112 776.025C303.779 776.292 303.537 776.633 303.387 777.05C303.237 777.467 303.162 777.908 303.162 778.375V786H299.362ZM314.554 786V767H318.354V774.65H318.479C318.629 774.383 318.845 774.083 319.129 773.75C319.429 773.417 319.82 773.125 320.304 772.875C320.804 772.625 321.437 772.5 322.204 772.5C323.237 772.5 324.079 772.742 324.729 773.225C325.379 773.692 325.854 774.3 326.154 775.05C326.454 775.783 326.604 776.558 326.604 777.375V786H322.804V778.025C322.804 777.392 322.629 776.833 322.279 776.35C321.945 775.867 321.404 775.625 320.654 775.625C320.087 775.625 319.637 775.758 319.304 776.025C318.97 776.292 318.729 776.633 318.579 777.05C318.429 777.467 318.354 777.908 318.354 778.375V786H314.554ZM331.492 771.1L334.717 766.6H337.742L340.967 771.1H337.992L336.217 768.5L334.467 771.1H331.492ZM335.067 772.5C335.917 772.5 336.617 772.642 337.167 772.925C337.717 773.192 338.134 773.483 338.417 773.8C338.717 774.117 338.9 774.333 338.967 774.45H339.167V772.75H342.967V786H339.167V784.3H338.967C338.9 784.417 338.717 784.633 338.417 784.95C338.134 785.267 337.717 785.567 337.167 785.85C336.617 786.117 335.917 786.25 335.067 786.25C334.084 786.25 333.225 786.058 332.492 785.675C331.775 785.275 331.175 784.75 330.692 784.1C330.209 783.433 329.842 782.692 329.592 781.875C329.359 781.058 329.242 780.225 329.242 779.375C329.242 778.525 329.359 777.692 329.592 776.875C329.842 776.058 330.209 775.325 330.692 774.675C331.175 774.008 331.775 773.483 332.492 773.1C333.225 772.7 334.084 772.5 335.067 772.5ZM336.167 775.575C335.484 775.575 334.909 775.767 334.442 776.15C333.992 776.517 333.65 776.992 333.417 777.575C333.2 778.158 333.092 778.758 333.092 779.375C333.092 779.992 333.2 780.592 333.417 781.175C333.65 781.758 333.992 782.242 334.442 782.625C334.909 782.992 335.484 783.175 336.167 783.175C336.85 783.175 337.417 782.992 337.867 782.625C338.334 782.242 338.675 781.758 338.892 781.175C339.125 780.592 339.242 779.992 339.242 779.375C339.242 778.758 339.125 778.158 338.892 777.575C338.675 776.992 338.334 776.517 337.867 776.15C337.417 775.767 336.85 775.575 336.167 775.575ZM336.217 792.175C335.634 792.175 335.15 791.975 334.767 791.575C334.4 791.192 334.217 790.725 334.217 790.175C334.217 789.625 334.4 789.158 334.767 788.775C335.15 788.392 335.634 788.2 336.217 788.2C336.784 788.2 337.25 788.392 337.617 788.775C338 789.158 338.192 789.625 338.192 790.175C338.192 790.725 338 791.192 337.617 791.575C337.25 791.975 336.784 792.175 336.217 792.175ZM346.017 786V772.75H349.817V774.65H349.942C350.092 774.383 350.309 774.083 350.592 773.75C350.892 773.417 351.284 773.125 351.767 772.875C352.267 772.625 352.901 772.5 353.667 772.5C354.701 772.5 355.542 772.742 356.192 773.225C356.842 773.692 357.317 774.3 357.617 775.05C357.917 775.783 358.067 776.558 358.067 777.375V786H354.267V778.025C354.267 777.392 354.092 776.833 353.742 776.35C353.409 775.867 352.867 775.625 352.117 775.625C351.551 775.625 351.101 775.758 350.767 776.025C350.434 776.292 350.192 776.633 350.042 777.05C349.892 777.467 349.817 777.908 349.817 778.375V786H346.017Z" fill="white"/>
</g>
<defs>
<filter id="filter0_d_22_1479" x="-12" y="-9" width="452" height="68" filterUnits="userSpaceOnUse" color-interpolation-filters="sRGB">
<feFlood flood-opacity="0" result="BackgroundImageFix"/>
<feColorMatrix in="SourceAlpha" type="matrix" values="0 0 0 0 0 0 0 0 0 0 0 0 0 0 0 0 0 0 127 0" result="hardAlpha"/>
<feOffset dy="3"/>
<feGaussianBlur stdDeviation="6"/>
<feColorMatrix type="matrix" values="0 0 0 0 0 0 0 0 0 0 0 0 0 0 0 0 0 0 0.1 0"/>
<feBlend mode="normal" in2="BackgroundImageFix" result="effect1_dropShadow_22_1479"/>
<feBlend mode="normal" in="SourceGraphic" in2="effect1_dropShadow_22_1479" result="shape"/>
</filter>
<filter id="filter1_ii_22_1479" x="385" y="311" width="15" height="407" filterUnits="userSpaceOnUse" color-interpolation-filters="sRGB">
<feFlood flood-opacity="0" result="BackgroundImageFix"/>
<feBlend mode="normal" in="SourceGraphic" in2="BackgroundImageFix" result="shape"/>
<feColorMatrix in="SourceAlpha" type="matrix" values="0 0 0 0 0 0 0 0 0 0 0 0 0 0 0 0 0 0 127 0" result="hardAlpha"/>
<feOffset dx="-1"/>
<feComposite in2="hardAlpha" operator="arithmetic" k2="-1" k3="1"/>
<feColorMatrix type="matrix" values="0 0 0 0 0.941176 0 0 0 0 0.941176 0 0 0 0 0.941176 0 0 0 1 0"/>
<feBlend mode="normal" in2="shape" result="effect1_innerShadow_22_1479"/>
<feColorMatrix in="SourceAlpha" type="matrix" values="0 0 0 0 0 0 0 0 0 0 0 0 0 0 0 0 0 0 127 0" result="hardAlpha"/>
<feOffset dx="1"/>
<feComposite in2="hardAlpha" operator="arithmetic" k2="-1" k3="1"/>
<feColorMatrix type="matrix" values="0 0 0 0 0.909804 0 0 0 0 0.909804 0 0 0 0 0.909804 0 0 0 1 0"/>
<feBlend mode="normal" in2="effect1_innerShadow_22_1479" result="effect2_innerShadow_22_1479"/>
</filter>
<clipPath id="clip0_22_1479">
<rect width="428" height="926" rx="25" fill="white"/>
</clipPath>
<clipPath id="clip1_22_1479">
<rect width="428" height="926" fill="white"/>
</clipPath>
<clipPath id="clip2_22_1479">
<rect width="54" height="22" fill="white" transform="translate(21 12)"/>
</clipPath>
<clipPath id="clip3_22_1479">
<rect width="54" height="22" fill="white" transform="translate(21 12)"/>
</clipPath>
</defs>
</svg>
