<svg width="429" height="927" viewBox="0 0 429 927" fill="none" xmlns="http://www.w3.org/2000/svg">
<g clip-path="url(#clip0_20_625)">
<path d="M392.458 0.5H36.5421C16.6366 0.5 0.5 15.6101 0.5 34.2494V892.751C0.5 911.39 16.6366 926.5 36.5421 926.5H392.458C412.363 926.5 428.5 911.39 428.5 892.751V34.2494C428.5 15.6101 412.363 0.5 392.458 0.5Z" fill="white" stroke="#E0E0E0"/>
<path d="M39.07 16.75C39.84 16.75 40.51 16.89 41.08 17.17C41.65 17.44 42.12 17.815 42.49 18.295C42.86 18.765 43.135 19.305 43.315 19.915C43.505 20.515 43.6 21.145 43.6 21.805C43.6 22.535 43.485 23.275 43.255 24.025C43.025 24.765 42.67 25.45 42.19 26.08C41.71 26.7 41.085 27.2 40.315 27.58C39.555 27.96 38.64 28.15 37.57 28.15C37.13 28.15 36.75 28.12 36.43 28.06C36.11 28.01 35.95 27.985 35.95 27.985V25.93C35.95 25.93 36.03 25.945 36.19 25.975C36.36 25.995 36.57 26.02 36.82 26.05C37.07 26.08 37.32 26.095 37.57 26.095C38.34 26.095 38.985 25.94 39.505 25.63C40.025 25.32 40.42 24.925 40.69 24.445C40.97 23.965 41.135 23.46 41.185 22.93C41.085 23.1 40.93 23.29 40.72 23.5C40.51 23.7 40.225 23.875 39.865 24.025C39.515 24.175 39.065 24.25 38.515 24.25C37.725 24.25 37.06 24.08 36.52 23.74C35.98 23.39 35.575 22.94 35.305 22.39C35.035 21.84 34.9 21.265 34.9 20.665C34.9 20.185 34.985 19.715 35.155 19.255C35.335 18.785 35.595 18.365 35.935 17.995C36.285 17.615 36.72 17.315 37.24 17.095C37.76 16.865 38.37 16.75 39.07 16.75ZM39.07 18.655C38.51 18.655 38.05 18.835 37.69 19.195C37.33 19.555 37.15 20.015 37.15 20.575C37.15 21.145 37.33 21.61 37.69 21.97C38.05 22.32 38.51 22.495 39.07 22.495C39.62 22.495 40.075 22.32 40.435 21.97C40.795 21.61 40.975 21.145 40.975 20.575C40.975 20.015 40.795 19.555 40.435 19.195C40.075 18.835 39.62 18.655 39.07 18.655ZM47.0229 22.465C46.6429 22.465 46.3329 22.34 46.0929 22.09C45.8529 21.83 45.7329 21.525 45.7329 21.175C45.7329 20.825 45.8529 20.525 46.0929 20.275C46.3329 20.025 46.6429 19.9 47.0229 19.9C47.3829 19.9 47.6829 20.025 47.9229 20.275C48.1729 20.525 48.2979 20.825 48.2979 21.175C48.2979 21.525 48.1729 21.83 47.9229 22.09C47.6829 22.34 47.3829 22.465 47.0229 22.465ZM47.0229 28.15C46.6429 28.15 46.3329 28.025 46.0929 27.775C45.8529 27.515 45.7329 27.215 45.7329 26.875C45.7329 26.515 45.8529 26.21 46.0929 25.96C46.3329 25.71 46.6429 25.585 47.0229 25.585C47.3829 25.585 47.6829 25.71 47.9229 25.96C48.1729 26.21 48.2979 26.515 48.2979 26.875C48.2979 27.225 48.1729 27.525 47.9229 27.775C47.6829 28.025 47.3829 28.15 47.0229 28.15ZM55.5273 28V25.735L50.1573 25.72V23.71L54.9873 16.9H57.8523V23.785H59.5623V25.735H57.8523V28H55.5273ZM52.4373 23.785H55.5273V19.39L52.4373 23.785ZM65.4082 16.9V28H63.0982V20.05L60.9532 20.065V18.67L61.2982 18.565C61.9282 18.385 62.4382 18.18 62.8282 17.95C63.2182 17.72 63.5932 17.415 63.9532 17.035L64.0582 16.9H65.4082Z" fill="#1A1A1A"/>
<path opacity="0.35" d="M409.166 18.333H392.5C391.303 18.333 390.333 19.3032 390.333 20.5V26.499C390.333 27.6958 391.303 28.666 392.5 28.666H409.166C410.363 28.666 411.333 27.6958 411.333 26.499V20.5C411.333 19.3032 410.363 18.333 409.166 18.333Z" stroke="black"/>
<path opacity="0.4" d="M412.833 21.5V25.5C413.638 25.161 414.161 24.373 414.161 23.5C414.161 22.627 413.638 21.839 412.833 21.5Z" fill="black"/>
<path d="M408.5 19.833H393.166C392.43 19.833 391.833 20.4298 391.833 21.166V25.833C391.833 26.5692 392.43 27.166 393.166 27.166H408.5C409.236 27.166 409.833 26.5692 409.833 25.833V21.166C409.833 20.4298 409.236 19.833 408.5 19.833Z" fill="black"/>
<path d="M367.38 26.2571C368.842 25.1751 370.983 25.1751 372.444 26.2571C372.518 26.3161 372.56 26.3981 372.563 26.4851C372.564 26.5721 372.525 26.6551 372.455 26.7151L370.166 28.7381C370.099 28.7971 370.007 28.8311 369.912 28.8311C369.817 28.8311 369.725 28.7971 369.658 28.7381L367.369 26.7151C367.299 26.6551 367.26 26.5721 367.262 26.4851C367.264 26.3981 367.306 26.3161 367.38 26.2571ZM364.326 23.5601C367.475 20.9961 372.352 20.9961 375.501 23.5601C375.572 23.6201 375.612 23.7031 375.613 23.7901C375.614 23.8761 375.575 23.9591 375.506 24.0201L374.184 25.1911C374.047 25.3111 373.826 25.3121 373.687 25.1961C371.545 23.4741 368.279 23.4741 366.141 25.1961C366.001 25.3121 365.78 25.3101 365.644 25.1911L364.321 24.0201C364.252 23.9591 364.212 23.8761 364.213 23.7901C364.214 23.7031 364.255 23.6201 364.326 23.5601ZM361.271 20.8701C366.102 16.8181 373.722 16.8181 378.552 20.8701C378.622 20.9301 378.662 21.0121 378.662 21.0981C378.663 21.1841 378.624 21.2671 378.555 21.3281L377.23 22.4981C377.094 22.6181 376.872 22.6191 376.733 22.5011C374.893 20.9691 372.451 20.1151 369.912 20.1151C367.373 20.1151 364.93 20.9691 363.09 22.5011C362.951 22.6191 362.729 22.6181 362.593 22.4981L361.269 21.3281C361.2 21.2671 361.161 21.1841 361.161 21.0981C361.162 21.0121 361.202 20.9301 361.271 20.8701Z" fill="#A0A4AB"/>
<path d="M338.335 24.834C338.965 24.834 339.476 25.282 339.476 25.834V27.834C339.475 28.386 338.965 28.834 338.335 28.834H337.193C336.563 28.834 336.052 28.386 336.052 27.834V25.834C336.052 25.282 336.563 24.834 337.193 24.834H338.335ZM343.661 22.834C344.291 22.834 344.802 23.282 344.802 23.834V27.834C344.802 28.386 344.291 28.834 343.661 28.834H342.52C341.889 28.834 341.378 28.386 341.378 27.834V23.834C341.378 23.282 341.889 22.834 342.52 22.834H343.661ZM348.987 20.5C349.617 20.5 350.129 20.948 350.129 21.5V27.834C350.129 28.386 349.617 28.834 348.987 28.834H347.846C347.216 28.834 346.704 28.386 346.704 27.834V21.5C346.704 20.948 347.216 20.5 347.846 20.5H348.987ZM354.313 18.167C354.944 18.167 355.455 18.615 355.455 19.167V27.834C355.455 28.386 354.944 28.834 354.313 28.834H353.172C352.542 28.834 352.03 28.386 352.03 27.834V19.167C352.03 18.615 352.542 18.167 353.172 18.167H354.313Z" fill="#A0A4AB"/>
<path d="M61 95C70.9411 95 79 86.9411 79 77C79 67.0589 70.9411 59 61 59C51.0589 59 43 67.0589 43 77C43 86.9411 51.0589 95 61 95Z" fill="#EEF4FF"/>
<path d="M66 70L58 77L66 84" stroke="#0961F5" stroke-width="2" stroke-linecap="round" stroke-linejoin="round"/>
<path d="M120.333 75V63.9H128.088V65.91H122.643V68.82H127.398V70.755H122.643V75H120.333ZM129.986 75V63.6H132.266V75H129.986ZM137.459 66.9C137.969 66.9 138.389 66.985 138.719 67.155C139.049 67.315 139.299 67.49 139.469 67.68C139.649 67.87 139.759 68 139.799 68.07H139.919V67.05H142.199V75H139.919V73.98H139.799C139.759 74.05 139.649 74.18 139.469 74.37C139.299 74.56 139.049 74.74 138.719 74.91C138.389 75.07 137.969 75.15 137.459 75.15C136.869 75.15 136.354 75.035 135.914 74.805C135.484 74.565 135.124 74.25 134.834 73.86C134.544 73.46 134.324 73.015 134.174 72.525C134.034 72.035 133.964 71.535 133.964 71.025C133.964 70.515 134.034 70.015 134.174 69.525C134.324 69.035 134.544 68.595 134.834 68.205C135.124 67.805 135.484 67.49 135.914 67.26C136.354 67.02 136.869 66.9 137.459 66.9ZM138.119 68.745C137.709 68.745 137.364 68.86 137.084 69.09C136.814 69.31 136.609 69.595 136.469 69.945C136.339 70.295 136.274 70.655 136.274 71.025C136.274 71.395 136.339 71.755 136.469 72.105C136.609 72.455 136.814 72.745 137.084 72.975C137.364 73.195 137.709 73.305 138.119 73.305C138.529 73.305 138.869 73.195 139.139 72.975C139.419 72.745 139.624 72.455 139.754 72.105C139.894 71.755 139.964 71.395 139.964 71.025C139.964 70.655 139.894 70.295 139.754 69.945C139.624 69.595 139.419 69.31 139.139 69.09C138.869 68.86 138.529 68.745 138.119 68.745ZM147.287 75.15C146.627 75.15 146.082 75.06 145.652 74.88C145.222 74.7 144.877 74.48 144.617 74.22C144.367 73.95 144.177 73.685 144.047 73.425C143.927 73.155 143.847 72.93 143.807 72.75C143.777 72.57 143.762 72.48 143.762 72.48H145.877C145.877 72.48 145.892 72.53 145.922 72.63C145.952 72.73 146.017 72.845 146.117 72.975C146.227 73.105 146.382 73.22 146.582 73.32C146.782 73.42 147.052 73.47 147.392 73.47C147.812 73.47 148.097 73.385 148.247 73.215C148.407 73.045 148.487 72.875 148.487 72.705C148.487 72.345 148.192 72.105 147.602 71.985L146.522 71.775C146.062 71.685 145.627 71.555 145.217 71.385C144.817 71.205 144.492 70.96 144.242 70.65C144.002 70.33 143.882 69.92 143.882 69.42C143.882 68.94 144.007 68.51 144.257 68.13C144.507 67.75 144.862 67.45 145.322 67.23C145.792 67.01 146.352 66.9 147.002 66.9C147.612 66.9 148.117 66.985 148.517 67.155C148.927 67.315 149.252 67.52 149.492 67.77C149.732 68.01 149.912 68.255 150.032 68.505C150.152 68.745 150.227 68.95 150.257 69.12C150.297 69.28 150.317 69.36 150.317 69.36H148.277C148.277 69.36 148.247 69.295 148.187 69.165C148.127 69.025 148.002 68.89 147.812 68.76C147.632 68.62 147.352 68.55 146.972 68.55C146.582 68.55 146.312 68.63 146.162 68.79C146.012 68.94 145.937 69.1 145.937 69.27C145.937 69.47 146.022 69.62 146.192 69.72C146.372 69.82 146.602 69.9 146.882 69.96L147.917 70.17C148.677 70.32 149.302 70.585 149.792 70.965C150.282 71.335 150.527 71.875 150.527 72.585C150.527 73.065 150.402 73.5 150.152 73.89C149.902 74.28 149.537 74.59 149.057 74.82C148.577 75.04 147.987 75.15 147.287 75.15ZM152.061 75V63.6H154.341V68.19H154.416C154.506 68.03 154.636 67.85 154.806 67.65C154.986 67.45 155.221 67.275 155.511 67.125C155.811 66.975 156.191 66.9 156.651 66.9C157.271 66.9 157.776 67.045 158.166 67.335C158.556 67.615 158.841 67.98 159.021 68.43C159.201 68.87 159.291 69.335 159.291 69.825V75H157.011V70.215C157.011 69.835 156.906 69.5 156.696 69.21C156.496 68.92 156.171 68.775 155.721 68.775C155.381 68.775 155.111 68.855 154.911 69.015C154.711 69.175 154.566 69.38 154.476 69.63C154.386 69.88 154.341 70.145 154.341 70.425V75H152.061ZM164.984 75.15C164.284 75.15 163.674 75.035 163.154 74.805C162.634 74.565 162.204 74.25 161.864 73.86C161.524 73.47 161.269 73.03 161.099 72.54C160.929 72.04 160.844 71.535 160.844 71.025C160.844 70.515 160.929 70.015 161.099 69.525C161.269 69.035 161.524 68.595 161.864 68.205C162.204 67.805 162.634 67.49 163.154 67.26C163.674 67.02 164.284 66.9 164.984 66.9C165.694 66.9 166.279 67.005 166.739 67.215C167.199 67.415 167.564 67.67 167.834 67.98C168.114 68.28 168.319 68.585 168.449 68.895C168.579 69.195 168.659 69.45 168.689 69.66C168.729 69.86 168.749 69.96 168.749 69.96H166.619C166.619 69.96 166.599 69.9 166.559 69.78C166.529 69.65 166.459 69.505 166.349 69.345C166.249 69.175 166.094 69.03 165.884 68.91C165.674 68.78 165.394 68.715 165.044 68.715C164.614 68.715 164.254 68.825 163.964 69.045C163.684 69.255 163.474 69.535 163.334 69.885C163.194 70.235 163.124 70.615 163.124 71.025C163.124 71.435 163.194 71.815 163.334 72.165C163.474 72.515 163.684 72.8 163.964 73.02C164.254 73.23 164.614 73.335 165.044 73.335C165.394 73.335 165.674 73.275 165.884 73.155C166.094 73.025 166.249 72.88 166.349 72.72C166.459 72.55 166.529 72.405 166.559 72.285C166.599 72.155 166.619 72.09 166.619 72.09H168.749C168.749 72.09 168.729 72.195 168.689 72.405C168.659 72.605 168.579 72.86 168.449 73.17C168.319 73.47 168.114 73.775 167.834 74.085C167.564 74.385 167.199 74.64 166.739 74.85C166.279 75.05 165.694 75.15 164.984 75.15ZM173.685 66.9C174.195 66.9 174.615 66.985 174.945 67.155C175.275 67.315 175.525 67.49 175.695 67.68C175.875 67.87 175.985 68 176.025 68.07H176.145V67.05H178.425V75H176.145V73.98H176.025C175.985 74.05 175.875 74.18 175.695 74.37C175.525 74.56 175.275 74.74 174.945 74.91C174.615 75.07 174.195 75.15 173.685 75.15C173.095 75.15 172.58 75.035 172.14 74.805C171.71 74.565 171.35 74.25 171.06 73.86C170.77 73.46 170.55 73.015 170.4 72.525C170.26 72.035 170.19 71.535 170.19 71.025C170.19 70.515 170.26 70.015 170.4 69.525C170.55 69.035 170.77 68.595 171.06 68.205C171.35 67.805 171.71 67.49 172.14 67.26C172.58 67.02 173.095 66.9 173.685 66.9ZM174.345 68.745C173.935 68.745 173.59 68.86 173.31 69.09C173.04 69.31 172.835 69.595 172.695 69.945C172.565 70.295 172.5 70.655 172.5 71.025C172.5 71.395 172.565 71.755 172.695 72.105C172.835 72.455 173.04 72.745 173.31 72.975C173.59 73.195 173.935 73.305 174.345 73.305C174.755 73.305 175.095 73.195 175.365 72.975C175.645 72.745 175.85 72.455 175.98 72.105C176.12 71.755 176.19 71.395 176.19 71.025C176.19 70.655 176.12 70.295 175.98 69.945C175.85 69.595 175.645 69.31 175.365 69.09C175.095 68.86 174.755 68.745 174.345 68.745ZM180.168 75V67.05H182.433V68.205H182.508C182.598 67.995 182.723 67.79 182.883 67.59C183.043 67.39 183.263 67.225 183.543 67.095C183.823 66.965 184.183 66.9 184.623 66.9C184.843 66.9 185.018 66.915 185.148 66.945C185.278 66.965 185.343 66.975 185.343 66.975V69.225C185.343 69.225 185.268 69.21 185.118 69.18C184.978 69.15 184.793 69.135 184.563 69.135C183.853 69.135 183.323 69.33 182.973 69.72C182.623 70.1 182.448 70.725 182.448 71.595V75H180.168ZM189.652 75.15C189.062 75.15 188.547 75.035 188.107 74.805C187.677 74.565 187.317 74.25 187.027 73.86C186.737 73.46 186.517 73.015 186.367 72.525C186.227 72.035 186.157 71.535 186.157 71.025C186.157 70.515 186.227 70.015 186.367 69.525C186.517 69.035 186.737 68.595 187.027 68.205C187.317 67.805 187.677 67.49 188.107 67.26C188.547 67.02 189.062 66.9 189.652 66.9C190.162 66.9 190.582 66.985 190.912 67.155C191.242 67.315 191.492 67.49 191.662 67.68C191.842 67.87 191.952 68 191.992 68.07H192.112V63.6H194.392V75H192.112V73.98H191.992C191.952 74.05 191.842 74.18 191.662 74.37C191.492 74.56 191.242 74.74 190.912 74.91C190.582 75.07 190.162 75.15 189.652 75.15ZM190.312 73.305C190.722 73.305 191.062 73.195 191.332 72.975C191.612 72.745 191.817 72.455 191.947 72.105C192.087 71.755 192.157 71.395 192.157 71.025C192.157 70.655 192.087 70.295 191.947 69.945C191.817 69.595 191.612 69.31 191.332 69.09C191.062 68.86 190.722 68.745 190.312 68.745C189.902 68.745 189.557 68.86 189.277 69.09C189.007 69.31 188.802 69.595 188.662 69.945C188.532 70.295 188.467 70.655 188.467 71.025C188.467 71.395 188.532 71.755 188.662 72.105C188.802 72.455 189.007 72.745 189.277 72.975C189.557 73.195 189.902 73.305 190.312 73.305ZM201.328 70.695C200.958 70.695 200.653 70.57 200.413 70.32C200.173 70.07 200.053 69.77 200.053 69.42C200.053 69.06 200.173 68.76 200.413 68.52C200.653 68.27 200.958 68.145 201.328 68.145C201.698 68.145 202.003 68.27 202.243 68.52C202.493 68.76 202.618 69.06 202.618 69.42C202.618 69.77 202.493 70.07 202.243 70.32C202.003 70.57 201.698 70.695 201.328 70.695ZM208.426 75V70.38H207.181V68.52H208.426V63.9H212.611C213.521 63.9 214.316 64.06 214.996 64.38C215.676 64.69 216.241 65.11 216.691 65.64C217.151 66.17 217.491 66.765 217.711 67.425C217.941 68.085 218.056 68.76 218.056 69.45C218.056 70.14 217.941 70.815 217.711 71.475C217.491 72.135 217.151 72.73 216.691 73.26C216.241 73.79 215.676 74.215 214.996 74.535C214.316 74.845 213.521 75 212.611 75H208.426ZM212.821 70.38H210.736V72.945H212.506C213.236 72.945 213.841 72.775 214.321 72.435C214.801 72.095 215.156 71.655 215.386 71.115C215.616 70.575 215.731 70.015 215.731 69.435C215.731 68.855 215.616 68.3 215.386 67.77C215.156 67.23 214.801 66.79 214.321 66.45C213.841 66.1 213.236 65.925 212.506 65.925H210.736V68.52H212.821V70.38ZM220.878 65.97C220.478 65.97 220.153 65.845 219.903 65.595C219.653 65.335 219.528 65.03 219.528 64.68C219.528 64.31 219.653 64 219.903 63.75C220.153 63.49 220.478 63.36 220.878 63.36C221.258 63.36 221.578 63.49 221.838 63.75C222.098 64 222.228 64.31 222.228 64.68C222.228 65.03 222.098 65.335 221.838 65.595C221.578 65.845 221.258 65.97 220.878 65.97ZM219.738 75V67.05H222.018V75H219.738ZM227.574 75V63.6H229.854V70.17L232.479 67.05H235.074L231.954 70.68L235.209 75H232.524L229.854 71.43V75H227.574ZM236.553 75V63.6H238.833V68.19H238.908C238.998 68.03 239.128 67.85 239.298 67.65C239.478 67.45 239.713 67.275 240.003 67.125C240.303 66.975 240.683 66.9 241.143 66.9C241.763 66.9 242.268 67.045 242.658 67.335C243.048 67.615 243.333 67.98 243.513 68.43C243.693 68.87 243.783 69.335 243.783 69.825V75H241.503V70.215C241.503 69.835 241.398 69.5 241.188 69.21C240.988 68.92 240.663 68.775 240.213 68.775C239.873 68.775 239.603 68.855 239.403 69.015C239.203 69.175 239.058 69.38 238.968 69.63C238.878 69.88 238.833 70.145 238.833 70.425V75H236.553ZM250.406 65.955L248.711 65.94L249.926 63.24H252.041L250.406 65.955ZM248.861 66.9C249.371 66.9 249.791 66.985 250.121 67.155C250.451 67.315 250.701 67.49 250.871 67.68C251.051 67.87 251.161 68 251.201 68.07H251.321V67.05H253.601V75H251.321V73.98H251.201C251.161 74.05 251.051 74.18 250.871 74.37C250.701 74.56 250.451 74.74 250.121 74.91C249.791 75.07 249.371 75.15 248.861 75.15C248.271 75.15 247.756 75.035 247.316 74.805C246.886 74.565 246.526 74.25 246.236 73.86C245.946 73.46 245.726 73.015 245.576 72.525C245.436 72.035 245.366 71.535 245.366 71.025C245.366 70.515 245.436 70.015 245.576 69.525C245.726 69.035 245.946 68.595 246.236 68.205C246.526 67.805 246.886 67.49 247.316 67.26C247.756 67.02 248.271 66.9 248.861 66.9ZM249.521 68.745C249.111 68.745 248.766 68.86 248.486 69.09C248.216 69.31 248.011 69.595 247.871 69.945C247.741 70.295 247.676 70.655 247.676 71.025C247.676 71.395 247.741 71.755 247.871 72.105C248.011 72.455 248.216 72.745 248.486 72.975C248.766 73.195 249.111 73.305 249.521 73.305C249.931 73.305 250.271 73.195 250.541 72.975C250.821 72.745 251.026 72.455 251.156 72.105C251.296 71.755 251.366 71.395 251.366 71.025C251.366 70.655 251.296 70.295 251.156 69.945C251.026 69.595 250.821 69.31 250.541 69.09C250.271 68.86 249.931 68.745 249.521 68.745ZM255.432 75V67.05H257.712V68.13H257.787C257.957 67.84 258.212 67.565 258.552 67.305C258.892 67.035 259.357 66.9 259.947 66.9C260.547 66.9 261.027 67.04 261.387 67.32C261.757 67.6 262.027 67.945 262.197 68.355H262.227C262.357 68.125 262.527 67.9 262.737 67.68C262.957 67.45 263.227 67.265 263.547 67.125C263.877 66.975 264.262 66.9 264.702 66.9C265.252 66.9 265.707 67.025 266.067 67.275C266.427 67.525 266.692 67.855 266.862 68.265C267.042 68.665 267.132 69.095 267.132 69.555V75H264.852V70.125C264.852 69.735 264.752 69.415 264.552 69.165C264.362 68.905 264.072 68.775 263.682 68.775C263.382 68.775 263.137 68.85 262.947 69C262.767 69.15 262.632 69.345 262.542 69.585C262.462 69.815 262.422 70.055 262.422 70.305V75H260.142V70.125C260.142 69.735 260.042 69.415 259.842 69.165C259.652 68.905 259.362 68.775 258.972 68.775C258.672 68.775 258.427 68.85 258.237 69C258.057 69.15 257.922 69.345 257.832 69.585C257.752 69.815 257.712 70.055 257.712 70.305V75H255.432ZM277.226 75.15C276.716 75.15 276.296 75.07 275.966 74.91C275.636 74.74 275.381 74.56 275.201 74.37C275.031 74.18 274.921 74.05 274.871 73.98H274.766V75H272.486V63.6H274.766V68.07H274.871C274.921 68 275.031 67.87 275.201 67.68C275.381 67.49 275.636 67.315 275.966 67.155C276.296 66.985 276.716 66.9 277.226 66.9C277.816 66.9 278.326 67.02 278.756 67.26C279.196 67.49 279.561 67.805 279.851 68.205C280.141 68.595 280.356 69.035 280.496 69.525C280.646 70.015 280.721 70.515 280.721 71.025C280.721 71.535 280.646 72.035 280.496 72.525C280.356 73.015 280.141 73.46 279.851 73.86C279.561 74.25 279.196 74.565 278.756 74.805C278.326 75.035 277.816 75.15 277.226 75.15ZM276.566 73.305C276.976 73.305 277.316 73.195 277.586 72.975C277.866 72.745 278.071 72.455 278.201 72.105C278.341 71.755 278.411 71.395 278.411 71.025C278.411 70.655 278.341 70.295 278.201 69.945C278.071 69.595 277.866 69.31 277.586 69.09C277.316 68.86 276.976 68.745 276.566 68.745C276.156 68.745 275.811 68.86 275.531 69.09C275.261 69.31 275.056 69.595 274.916 69.945C274.786 70.295 274.721 70.655 274.721 71.025C274.721 71.395 274.786 71.755 274.916 72.105C275.056 72.455 275.261 72.745 275.531 72.975C275.811 73.195 276.156 73.305 276.566 73.305ZM283.332 66.06L285.267 63.36H287.082L289.017 66.06H287.232L286.167 64.5L285.117 66.06H283.332ZM286.242 75.15C285.542 75.15 284.937 75.035 284.427 74.805C283.917 74.565 283.497 74.25 283.167 73.86C282.837 73.46 282.587 73.015 282.417 72.525C282.257 72.035 282.177 71.53 282.177 71.01C282.177 70.51 282.257 70.02 282.417 69.54C282.577 69.05 282.817 68.605 283.137 68.205C283.467 67.805 283.882 67.49 284.382 67.26C284.882 67.02 285.477 66.9 286.167 66.9C286.907 66.9 287.557 67.06 288.117 67.38C288.677 67.7 289.117 68.175 289.437 68.805C289.757 69.425 289.917 70.18 289.917 71.07V71.625H284.472C284.502 72.105 284.667 72.52 284.967 72.87C285.277 73.22 285.702 73.395 286.242 73.395C286.552 73.395 286.802 73.35 286.992 73.26C287.192 73.16 287.347 73.05 287.457 72.93C287.567 72.8 287.642 72.685 287.682 72.585C287.732 72.485 287.757 72.435 287.757 72.435H289.857C289.857 72.435 289.832 72.53 289.782 72.72C289.732 72.9 289.637 73.125 289.497 73.395C289.357 73.665 289.152 73.935 288.882 74.205C288.622 74.475 288.277 74.7 287.847 74.88C287.417 75.06 286.882 75.15 286.242 75.15ZM284.472 70.245H287.727C287.707 69.695 287.542 69.285 287.232 69.015C286.932 68.745 286.562 68.61 286.122 68.61C285.682 68.61 285.307 68.755 284.997 69.045C284.697 69.325 284.522 69.725 284.472 70.245ZM286.167 78.69C285.817 78.69 285.527 78.57 285.297 78.33C285.077 78.1 284.967 77.825 284.967 77.505C284.967 77.175 285.077 76.89 285.297 76.65C285.527 76.42 285.817 76.305 286.167 76.305C286.507 76.305 286.787 76.42 287.007 76.65C287.237 76.89 287.352 77.175 287.352 77.505C287.352 77.825 287.237 78.1 287.007 78.33C286.787 78.57 286.507 78.69 286.167 78.69ZM291.467 75V67.05H293.747V68.19H293.822C293.912 68.03 294.042 67.85 294.212 67.65C294.392 67.45 294.627 67.275 294.917 67.125C295.217 66.975 295.597 66.9 296.057 66.9C296.677 66.9 297.182 67.045 297.572 67.335C297.962 67.615 298.247 67.98 298.427 68.43C298.607 68.87 298.697 69.335 298.697 69.825V75H296.417V70.215C296.417 69.835 296.312 69.5 296.102 69.21C295.902 68.92 295.577 68.775 295.127 68.775C294.787 68.775 294.517 68.855 294.317 69.015C294.117 69.175 293.972 69.38 293.882 69.63C293.792 69.88 293.747 70.145 293.747 70.425V75H291.467ZM300.582 75V63.6H302.862V68.19H302.937C303.027 68.03 303.157 67.85 303.327 67.65C303.507 67.45 303.742 67.275 304.032 67.125C304.332 66.975 304.712 66.9 305.172 66.9C305.792 66.9 306.297 67.045 306.687 67.335C307.077 67.615 307.362 67.98 307.542 68.43C307.722 68.87 307.812 69.335 307.812 69.825V75H305.532V70.215C305.532 69.835 305.427 69.5 305.217 69.21C305.017 68.92 304.692 68.775 304.242 68.775C303.902 68.775 303.632 68.855 303.432 69.015C303.232 69.175 303.087 69.38 302.997 69.63C302.907 69.88 302.862 70.145 302.862 70.425V75H300.582Z" fill="#1A1A1A"/>
<path d="M189.619 92V89.764L184.913 89.751V88.594L189.333 82.38H190.893V88.659H192.57V89.764H190.893V92H189.619ZM186.226 88.659H189.619V83.875L186.226 88.659ZM196.943 93.963L201.454 81.288H202.637L198.126 93.963H196.943ZM209.533 82.38V92H208.285V84.538L206.478 84.551V83.823L206.803 83.719C207.262 83.5717 207.63 83.4113 207.908 83.238C208.194 83.0647 208.458 82.8263 208.701 82.523L208.818 82.38H209.533ZM215.353 92.117C214.755 92.117 214.227 91.987 213.767 91.727C213.308 91.4583 212.922 91.0987 212.61 90.648C212.307 90.1887 212.073 89.66 211.908 89.062C211.752 88.464 211.674 87.8357 211.674 87.177C211.674 86.5097 211.752 85.8813 211.908 85.292C212.073 84.694 212.307 84.1653 212.61 83.706C212.922 83.2467 213.308 82.887 213.767 82.627C214.227 82.367 214.755 82.237 215.353 82.237C215.951 82.237 216.48 82.367 216.939 82.627C217.399 82.887 217.78 83.2467 218.083 83.706C218.395 84.1653 218.629 84.694 218.785 85.292C218.95 85.8813 219.032 86.5097 219.032 87.177C219.032 87.8357 218.95 88.464 218.785 89.062C218.629 89.66 218.395 90.1887 218.083 90.648C217.78 91.0987 217.399 91.4583 216.939 91.727C216.48 91.987 215.951 92.117 215.353 92.117ZM215.353 90.947C216.038 90.947 216.601 90.6307 217.043 89.998C217.494 89.3567 217.719 88.4163 217.719 87.177C217.719 85.9377 217.494 85.0017 217.043 84.369C216.601 83.7363 216.038 83.42 215.353 83.42C214.669 83.42 214.101 83.7363 213.65 84.369C213.208 85.0017 212.987 85.9377 212.987 87.177C212.987 88.4077 213.208 89.3437 213.65 89.985C214.101 90.6263 214.669 90.947 215.353 90.947ZM226.576 92.13C225.865 92.13 225.328 91.948 224.964 91.584C224.608 91.22 224.431 90.7087 224.431 90.05V86.124H223.196V85.11H224.431V83.381H225.666V85.11H227.343V86.124H225.666V90.05C225.666 90.3967 225.761 90.6523 225.952 90.817C226.142 90.973 226.42 91.051 226.784 91.051C226.974 91.051 227.156 91.038 227.33 91.012C227.503 90.986 227.59 90.973 227.59 90.973V92.026C227.59 92.026 227.49 92.0433 227.291 92.078C227.091 92.1127 226.853 92.13 226.576 92.13ZM229.341 92V82.12H230.576V86.111H230.654C230.715 86.007 230.815 85.864 230.953 85.682C231.101 85.5 231.309 85.3397 231.577 85.201C231.846 85.0537 232.184 84.98 232.591 84.98C233.094 84.98 233.523 85.097 233.878 85.331C234.234 85.5563 234.502 85.864 234.684 86.254C234.875 86.644 234.97 87.0817 234.97 87.567V92H233.735V87.645C233.735 87.1857 233.605 86.8043 233.345 86.501C233.094 86.1977 232.726 86.046 232.24 86.046C231.85 86.046 231.534 86.1457 231.291 86.345C231.049 86.5357 230.867 86.7913 230.745 87.112C230.633 87.424 230.576 87.7577 230.576 88.113V92H229.341ZM239.52 84.174V83.758C239.52 83.6713 239.538 83.5847 239.572 83.498C239.607 83.4113 239.676 83.342 239.78 83.29L239.962 83.199C240.361 82.9997 240.56 82.7787 240.56 82.536C240.56 82.4147 240.513 82.3063 240.417 82.211C240.331 82.107 240.188 82.055 239.988 82.055C239.815 82.055 239.685 82.094 239.598 82.172C239.52 82.2413 239.468 82.3193 239.442 82.406C239.416 82.4927 239.403 82.562 239.403 82.614H238.545C238.545 82.3973 238.593 82.1893 238.688 81.99C238.792 81.7907 238.948 81.626 239.156 81.496C239.373 81.366 239.646 81.301 239.975 81.301C240.435 81.301 240.794 81.4223 241.054 81.665C241.323 81.899 241.457 82.1807 241.457 82.51C241.457 82.7527 241.375 82.9823 241.21 83.199C241.046 83.407 240.781 83.5977 240.417 83.771L240.365 83.797V84.174H239.52ZM239.988 92.13C239.425 92.13 238.935 92.0303 238.519 91.831C238.112 91.623 237.774 91.3457 237.505 90.999C237.245 90.6523 237.05 90.271 236.92 89.855C236.79 89.4303 236.725 88.997 236.725 88.555C236.725 88.1217 236.786 87.6927 236.907 87.268C237.037 86.8433 237.232 86.4577 237.492 86.111C237.761 85.7643 238.095 85.4913 238.493 85.292C238.901 85.084 239.382 84.98 239.936 84.98C240.526 84.98 241.046 85.1143 241.496 85.383C241.947 85.6517 242.302 86.0503 242.562 86.579C242.822 87.1077 242.952 87.7707 242.952 88.568V88.932H237.973C237.999 89.322 238.09 89.6817 238.246 90.011C238.411 90.3317 238.641 90.5917 238.935 90.791C239.23 90.9817 239.581 91.077 239.988 91.077C240.344 91.077 240.63 91.0207 240.846 90.908C241.072 90.7867 241.249 90.648 241.379 90.492C241.509 90.336 241.596 90.2017 241.639 90.089C241.691 89.9677 241.717 89.907 241.717 89.907H242.874C242.874 89.907 242.853 89.985 242.809 90.141C242.766 90.2883 242.688 90.4703 242.575 90.687C242.463 90.9037 242.298 91.1247 242.081 91.35C241.865 91.5667 241.587 91.753 241.249 91.909C240.911 92.0563 240.491 92.13 239.988 92.13ZM237.986 87.97H241.743C241.726 87.5193 241.631 87.1553 241.457 86.878C241.284 86.592 241.063 86.3797 240.794 86.241C240.526 86.1023 240.24 86.033 239.936 86.033C239.39 86.033 238.944 86.2107 238.597 86.566C238.251 86.9127 238.047 87.3807 237.986 87.97Z" fill="#888780"/>
<path d="M381 107H47C45.3431 107 44 108.343 44 110C44 111.657 45.3431 113 47 113H381C382.657 113 384 111.657 384 110C384 108.343 382.657 107 381 107Z" fill="#E8EFFE"/>
<path d="M177 107H47C45.3431 107 44 108.343 44 110C44 111.657 45.3431 113 47 113H177C178.657 113 180 111.657 180 110C180 108.343 178.657 107 177 107Z" fill="#0961F5"/>
<path d="M370 127H58C44.7452 127 34 137.745 34 151V563C34 576.255 44.7452 587 58 587H370C383.255 587 394 576.255 394 563V151C394 137.745 383.255 127 370 127Z" fill="white" stroke="#C5D3FC" stroke-width="1.5"/>
<path d="M116 150H64C58.4772 150 54 154.477 54 160V194C54 199.523 58.4772 204 64 204H116C121.523 204 126 199.523 126 194V160C126 154.477 121.523 150 116 150Z" fill="#D3D1C7"/>
<path d="M72 178L82 162L92 172L96 167L108 178H72Z" fill="#B4B2A9"/>
<path d="M100 168C102.761 168 105 165.761 105 163C105 160.239 102.761 158 100 158C97.2386 158 95 160.239 95 163C95 165.761 97.2386 168 100 168Z" fill="#B4B2A9"/>
<path d="M67.4448 218L70.0628 213.93L67.4448 209.86H68.7318L70.7998 213.127L72.8678 209.86H74.1548L71.5148 213.93L74.1548 218H72.8678L70.7998 214.733L68.7318 218H67.4448ZM77.7374 218.11C77.2607 218.11 76.8464 218.026 76.4944 217.857C76.1497 217.681 75.8637 217.446 75.6364 217.153C75.4164 216.86 75.2514 216.537 75.1414 216.185C75.0314 215.826 74.9764 215.459 74.9764 215.085C74.9764 214.718 75.0277 214.355 75.1304 213.996C75.2404 213.637 75.4054 213.31 75.6254 213.017C75.8527 212.724 76.1351 212.493 76.4724 212.324C76.8171 212.148 77.2241 212.06 77.6934 212.06C78.1921 212.06 78.6321 212.174 79.0134 212.401C79.3947 212.628 79.6954 212.966 79.9154 213.413C80.1354 213.86 80.2454 214.421 80.2454 215.096V215.404H76.0324C76.0544 215.734 76.1314 216.038 76.2634 216.317C76.4027 216.588 76.5971 216.808 76.8464 216.977C77.0957 217.138 77.3927 217.219 77.7374 217.219C78.0381 217.219 78.2801 217.171 78.4634 217.076C78.6541 216.973 78.8044 216.856 78.9144 216.724C79.0244 216.592 79.0977 216.478 79.1344 216.383C79.1784 216.28 79.2004 216.229 79.2004 216.229H80.1794C80.1794 216.229 80.1611 216.295 80.1244 216.427C80.0877 216.552 80.0217 216.706 79.9264 216.889C79.8311 217.072 79.6917 217.259 79.5084 217.45C79.3251 217.633 79.0904 217.791 78.8044 217.923C78.5184 218.048 78.1627 218.11 77.7374 218.11ZM76.0434 214.59H79.2224C79.2077 214.209 79.1271 213.901 78.9804 213.666C78.8337 213.424 78.6467 213.244 78.4194 213.127C78.1921 213.01 77.9501 212.951 77.6934 212.951C77.2314 212.951 76.8537 213.101 76.5604 213.402C76.2671 213.695 76.0947 214.091 76.0434 214.59ZM81.6714 218V212.17H82.7164V213.017H82.7604C82.819 212.907 82.9107 212.779 83.0354 212.632C83.16 212.478 83.3287 212.346 83.5414 212.236C83.7614 212.119 84.0364 212.06 84.3664 212.06C84.799 212.06 85.162 212.166 85.4554 212.379C85.756 212.584 85.9797 212.863 86.1264 213.215H86.1374C86.2987 212.892 86.526 212.621 86.8194 212.401C87.12 212.174 87.5087 212.06 87.9854 212.06C88.616 212.06 89.1 212.276 89.4374 212.709C89.782 213.134 89.9544 213.684 89.9544 214.359V218H88.9094V214.414C88.9094 213.981 88.8067 213.633 88.6014 213.369C88.396 213.098 88.099 212.962 87.7104 212.962C87.373 212.962 87.1017 213.054 86.8964 213.237C86.6984 213.42 86.5554 213.648 86.4674 213.919C86.3794 214.19 86.3354 214.462 86.3354 214.733V218H85.2904V214.414C85.2904 213.981 85.1877 213.633 84.9824 213.369C84.7844 213.098 84.4874 212.962 84.0914 212.962C83.754 212.962 83.4827 213.054 83.2774 213.237C83.0794 213.42 82.9364 213.651 82.8484 213.93C82.7604 214.201 82.7164 214.469 82.7164 214.733V218H81.6714ZM96.4999 211.367V211.015C96.4999 210.942 96.5145 210.868 96.5439 210.795C96.5732 210.722 96.6319 210.663 96.7199 210.619L96.8739 210.542C97.2112 210.373 97.3799 210.186 97.3799 209.981C97.3799 209.878 97.3395 209.787 97.2589 209.706C97.1855 209.618 97.0645 209.574 96.8959 209.574C96.7492 209.574 96.6392 209.607 96.5659 209.673C96.4999 209.732 96.4559 209.798 96.4339 209.871C96.4119 209.944 96.4009 210.003 96.4009 210.047H95.6749C95.6749 209.864 95.7152 209.688 95.7959 209.519C95.8839 209.35 96.0159 209.211 96.1919 209.101C96.3752 208.991 96.6062 208.936 96.8849 208.936C97.2735 208.936 97.5779 209.039 97.7979 209.244C98.0252 209.442 98.1389 209.68 98.1389 209.959C98.1389 210.164 98.0692 210.359 97.9299 210.542C97.7905 210.718 97.5669 210.879 97.2589 211.026L97.2149 211.048V211.367H96.4999ZM96.6099 212.06C96.9765 212.06 97.2845 212.119 97.5339 212.236C97.7832 212.353 97.9849 212.493 98.1389 212.654C98.2929 212.808 98.4102 212.955 98.4909 213.094H98.5569V212.17H99.6019V218H98.5569V217.076H98.4909C98.4102 217.215 98.2929 217.366 98.1389 217.527C97.9849 217.688 97.7832 217.828 97.5339 217.945C97.2845 218.055 96.9765 218.11 96.6099 218.11C96.1699 218.11 95.7849 218.026 95.4549 217.857C95.1249 217.681 94.8499 217.45 94.6299 217.164C94.4099 216.871 94.2449 216.544 94.1349 216.185C94.0249 215.826 93.9699 215.459 93.9699 215.085C93.9699 214.711 94.0249 214.344 94.1349 213.985C94.2449 213.626 94.4099 213.303 94.6299 213.017C94.8499 212.724 95.1249 212.493 95.4549 212.324C95.7849 212.148 96.1699 212.06 96.6099 212.06ZM96.7859 212.951C96.3972 212.951 96.0709 213.057 95.8069 213.27C95.5429 213.475 95.3449 213.739 95.2129 214.062C95.0882 214.385 95.0259 214.726 95.0259 215.085C95.0259 215.437 95.0882 215.778 95.2129 216.108C95.3449 216.431 95.5429 216.698 95.8069 216.911C96.0709 217.116 96.3972 217.219 96.7859 217.219C97.1745 217.219 97.4972 217.116 97.7539 216.911C98.0179 216.698 98.2122 216.431 98.3369 216.108C98.4689 215.778 98.5349 215.437 98.5349 215.085C98.5349 214.726 98.4689 214.385 98.3369 214.062C98.2122 213.739 98.0179 213.475 97.7539 213.27C97.4972 213.057 97.1745 212.951 96.7859 212.951ZM101.211 218V212.17H102.256V213.017H102.322C102.374 212.929 102.458 212.808 102.575 212.654C102.7 212.5 102.876 212.364 103.103 212.247C103.331 212.122 103.617 212.06 103.961 212.06C104.387 212.06 104.75 212.159 105.05 212.357C105.351 212.548 105.578 212.808 105.732 213.138C105.894 213.468 105.974 213.838 105.974 214.249V218H104.929V214.315C104.929 213.926 104.819 213.604 104.599 213.347C104.387 213.09 104.075 212.962 103.664 212.962C103.334 212.962 103.067 213.046 102.861 213.215C102.656 213.376 102.502 213.593 102.399 213.864C102.304 214.128 102.256 214.41 102.256 214.711V218H101.211ZM107.627 218V209.64H108.672V213.017H108.738C108.789 212.929 108.874 212.808 108.991 212.654C109.116 212.5 109.292 212.364 109.519 212.247C109.746 212.122 110.032 212.06 110.377 212.06C110.802 212.06 111.165 212.159 111.466 212.357C111.767 212.548 111.994 212.808 112.148 213.138C112.309 213.468 112.39 213.838 112.39 214.249V218H111.345V214.315C111.345 213.926 111.235 213.604 111.015 213.347C110.802 213.09 110.491 212.962 110.08 212.962C109.75 212.962 109.482 213.046 109.277 213.215C109.072 213.376 108.918 213.593 108.815 213.864C108.72 214.128 108.672 214.41 108.672 214.711V218H107.627Z" fill="#888780"/>
<path d="M361 150H333C325.82 150 320 155.82 320 163C320 170.18 325.82 176 333 176H361C368.18 176 374 170.18 374 163C374 155.82 368.18 150 361 150Z" fill="#E8EFFE"/>
<path d="M334.685 168V166.188L330.389 166.176V164.568L334.253 159.12H336.545V164.628H337.913V166.188H336.545V168H334.685ZM332.213 164.628H334.685V161.112L332.213 164.628ZM341.695 170.172L345.871 158.052H347.515L343.339 170.172H341.695ZM354.613 159.12V168H352.765V161.64L351.049 161.652V160.536L351.325 160.452C351.829 160.308 352.237 160.144 352.549 159.96C352.861 159.776 353.161 159.532 353.449 159.228L353.533 159.12H354.613ZM359.913 168.12C359.321 168.12 358.793 168 358.329 167.76C357.873 167.52 357.485 167.192 357.165 166.776C356.845 166.352 356.601 165.864 356.433 165.312C356.273 164.76 356.193 164.176 356.193 163.56C356.193 162.936 356.273 162.348 356.433 161.796C356.601 161.244 356.845 160.76 357.165 160.344C357.485 159.92 357.873 159.592 358.329 159.36C358.793 159.12 359.321 159 359.913 159C360.505 159 361.029 159.12 361.485 159.36C361.949 159.592 362.341 159.92 362.661 160.344C362.981 160.76 363.221 161.244 363.381 161.796C363.549 162.348 363.633 162.936 363.633 163.56C363.633 164.176 363.549 164.76 363.381 165.312C363.221 165.864 362.981 166.352 362.661 166.776C362.341 167.192 361.949 167.52 361.485 167.76C361.029 168 360.505 168.12 359.913 168.12ZM359.913 166.476C360.441 166.476 360.873 166.232 361.209 165.744C361.553 165.256 361.725 164.528 361.725 163.56C361.725 162.592 361.553 161.864 361.209 161.376C360.873 160.888 360.441 160.644 359.913 160.644C359.385 160.644 358.949 160.888 358.605 161.376C358.269 161.864 358.101 162.592 358.101 163.56C358.101 164.528 358.269 165.256 358.605 165.744C358.949 166.232 359.385 166.476 359.913 166.476Z" fill="#0961F5"/>
<path d="M54 228H374" stroke="#E8EFFE" stroke-width="1.5"/>
<path d="M125.216 290V251.52H139.776C142.896 251.52 145.634 252.075 147.992 253.184C150.384 254.259 152.36 255.715 153.92 257.552C155.48 259.389 156.658 261.452 157.456 263.74C158.253 266.028 158.652 268.368 158.652 270.76C158.652 273.152 158.253 275.492 157.456 277.78C156.658 280.068 155.48 282.131 153.92 283.968C152.36 285.805 150.384 287.279 147.992 288.388C145.634 289.463 142.896 290 139.776 290H125.216ZM139.412 258.54H133.224V282.876H139.412C141.942 282.876 144.022 282.287 145.652 281.108C147.316 279.929 148.546 278.404 149.344 276.532C150.176 274.66 150.592 272.719 150.592 270.708C150.592 268.697 150.176 266.773 149.344 264.936C148.546 263.064 147.316 261.539 145.652 260.36C144.022 259.147 141.942 258.54 139.412 258.54ZM177.838 290.52C174.753 290.52 172.136 289.861 169.986 288.544C167.837 287.192 166.19 285.441 165.046 283.292C163.937 281.108 163.382 278.751 163.382 276.22C163.382 273.689 163.937 271.349 165.046 269.2C166.19 267.016 167.837 265.265 169.986 263.948C172.136 262.596 174.753 261.92 177.838 261.92C180.924 261.92 183.541 262.596 185.69 263.948C187.84 265.265 189.469 267.016 190.578 269.2C191.722 271.349 192.294 273.689 192.294 276.22C192.294 278.751 191.722 281.108 190.578 283.292C189.469 285.441 187.84 287.192 185.69 288.544C183.541 289.861 180.924 290.52 177.838 290.52ZM177.838 284.072C179.225 284.072 180.386 283.708 181.322 282.98C182.293 282.252 183.038 281.299 183.558 280.12C184.078 278.907 184.338 277.607 184.338 276.22C184.338 274.799 184.078 273.499 183.558 272.32C183.038 271.141 182.293 270.188 181.322 269.46C180.386 268.732 179.225 268.368 177.838 268.368C176.452 268.368 175.273 268.732 174.302 269.46C173.332 270.188 172.586 271.141 172.066 272.32C171.581 273.499 171.338 274.799 171.338 276.22C171.338 277.607 171.581 278.907 172.066 280.12C172.586 281.299 173.332 282.252 174.302 282.98C175.273 283.708 176.452 284.072 177.838 284.072ZM211.707 290.52C209.28 290.52 207.166 290.121 205.363 289.324C203.56 288.492 202.07 287.4 200.891 286.048C199.712 284.696 198.828 283.171 198.239 281.472C197.65 279.739 197.355 277.988 197.355 276.22C197.355 274.452 197.65 272.719 198.239 271.02C198.828 269.321 199.712 267.796 200.891 266.444C202.07 265.057 203.56 263.965 205.363 263.168C207.166 262.336 209.28 261.92 211.707 261.92C214.168 261.92 216.196 262.284 217.791 263.012C219.386 263.705 220.651 264.589 221.587 265.664C222.558 266.704 223.268 267.761 223.719 268.836C224.17 269.876 224.447 270.76 224.551 271.488C224.69 272.181 224.759 272.528 224.759 272.528H217.375C217.375 272.528 217.306 272.32 217.167 271.904C217.063 271.453 216.82 270.951 216.439 270.396C216.092 269.807 215.555 269.304 214.827 268.888C214.099 268.437 213.128 268.212 211.915 268.212C210.424 268.212 209.176 268.593 208.171 269.356C207.2 270.084 206.472 271.055 205.987 272.268C205.502 273.481 205.259 274.799 205.259 276.22C205.259 277.641 205.502 278.959 205.987 280.172C206.472 281.385 207.2 282.373 208.171 283.136C209.176 283.864 210.424 284.228 211.915 284.228C213.128 284.228 214.099 284.02 214.827 283.604C215.555 283.153 216.092 282.651 216.439 282.096C216.82 281.507 217.063 281.004 217.167 280.588C217.306 280.137 217.375 279.912 217.375 279.912H224.759C224.759 279.912 224.69 280.276 224.551 281.004C224.447 281.697 224.17 282.581 223.719 283.656C223.268 284.696 222.558 285.753 221.587 286.828C220.651 287.868 219.386 288.752 217.791 289.48C216.196 290.173 214.168 290.52 211.707 290.52ZM243.266 290.52C241.117 290.52 239.401 290.208 238.118 289.584C236.836 288.925 235.865 288.111 235.206 287.14C234.548 286.135 234.114 285.077 233.906 283.968C233.698 282.859 233.594 281.836 233.594 280.9V268.732H228.914V262.44H233.594V255.628H241.498V262.44H247.374V268.732H241.498V280.692C241.498 281.836 241.793 282.72 242.382 283.344C243.006 283.968 244.029 284.28 245.45 284.28C246.074 284.28 246.646 284.228 247.166 284.124C247.686 284.02 247.946 283.968 247.946 283.968V290.052C247.946 290.052 247.478 290.121 246.542 290.26C245.606 290.433 244.514 290.52 243.266 290.52ZM266.909 290.52C263.823 290.52 261.206 289.861 259.057 288.544C256.907 287.192 255.261 285.441 254.117 283.292C253.007 281.108 252.453 278.751 252.453 276.22C252.453 273.689 253.007 271.349 254.117 269.2C255.261 267.016 256.907 265.265 259.057 263.948C261.206 262.596 263.823 261.92 266.909 261.92C269.994 261.92 272.611 262.596 274.761 263.948C276.91 265.265 278.539 267.016 279.649 269.2C280.793 271.349 281.365 273.689 281.365 276.22C281.365 278.751 280.793 281.108 279.649 283.292C278.539 285.441 276.91 287.192 274.761 288.544C272.611 289.861 269.994 290.52 266.909 290.52ZM266.909 284.072C268.295 284.072 269.457 283.708 270.393 282.98C271.363 282.252 272.109 281.299 272.629 280.12C273.149 278.907 273.409 277.607 273.409 276.22C273.409 274.799 273.149 273.499 272.629 272.32C272.109 271.141 271.363 270.188 270.393 269.46C269.457 268.732 268.295 268.368 266.909 268.368C265.522 268.368 264.343 268.732 263.373 269.46C262.402 270.188 261.657 271.141 261.137 272.32C260.651 273.499 260.409 274.799 260.409 276.22C260.409 277.607 260.651 278.907 261.137 280.12C261.657 281.299 262.402 282.252 263.373 282.98C264.343 283.708 265.522 284.072 266.909 284.072ZM287.043 290V262.44H294.895V266.444H295.155C295.467 265.716 295.901 265.005 296.455 264.312C297.01 263.619 297.773 263.047 298.743 262.596C299.714 262.145 300.962 261.92 302.487 261.92C303.25 261.92 303.857 261.972 304.307 262.076C304.758 262.145 304.983 262.18 304.983 262.18V269.98C304.983 269.98 304.723 269.928 304.203 269.824C303.718 269.72 303.077 269.668 302.279 269.668C299.818 269.668 297.981 270.344 296.767 271.696C295.554 273.013 294.947 275.18 294.947 278.196V290H287.043Z" fill="#03318C"/>
<path d="M219 304H149C140.716 304 134 310.716 134 319C134 327.284 140.716 334 149 334H219C227.284 334 234 327.284 234 319C234 310.716 227.284 304 219 304Z" fill="#E8EFFE"/>
<path d="M151.953 326.114L156.811 312.464H158.085L153.227 326.114H151.953ZM160.114 313.36V317.056H158.994V313.36H160.114ZM164.876 324.14C164.316 324.14 163.826 324.033 163.406 323.818C162.986 323.594 162.636 323.3 162.356 322.936C162.076 322.563 161.866 322.147 161.726 321.69C161.586 321.233 161.516 320.766 161.516 320.29C161.516 319.814 161.586 319.347 161.726 318.89C161.866 318.433 162.076 318.022 162.356 317.658C162.636 317.285 162.986 316.991 163.406 316.776C163.826 316.552 164.316 316.44 164.876 316.44C165.342 316.44 165.734 316.515 166.052 316.664C166.369 316.813 166.626 316.991 166.822 317.196C167.018 317.392 167.167 317.579 167.27 317.756H167.354V313.36H168.684V324H167.354V322.824H167.27C167.167 323.001 167.018 323.193 166.822 323.398C166.626 323.603 166.369 323.781 166.052 323.93C165.734 324.07 165.342 324.14 164.876 324.14ZM165.1 323.006C165.594 323.006 166.005 322.875 166.332 322.614C166.668 322.343 166.915 322.003 167.074 321.592C167.242 321.172 167.326 320.738 167.326 320.29C167.326 319.833 167.242 319.399 167.074 318.988C166.915 318.577 166.668 318.241 166.332 317.98C166.005 317.709 165.594 317.574 165.1 317.574C164.605 317.574 164.19 317.709 163.854 317.98C163.518 318.241 163.266 318.577 163.098 318.988C162.939 319.399 162.86 319.833 162.86 320.29C162.86 320.738 162.939 321.172 163.098 321.592C163.266 322.003 163.518 322.343 163.854 322.614C164.19 322.875 164.605 323.006 165.1 323.006ZM174.569 316.356C175.194 316.356 175.735 316.501 176.193 316.79C176.65 317.079 177.005 317.513 177.257 318.092C177.518 318.661 177.649 319.375 177.649 320.234C177.649 321.522 177.364 322.497 176.795 323.16C176.235 323.813 175.488 324.14 174.555 324.14C173.976 324.14 173.5 324.033 173.127 323.818C172.763 323.603 172.464 323.342 172.231 323.034H172.175L171.979 324H170.999V318.148C170.999 317.859 170.943 317.658 170.831 317.546C170.719 317.425 170.583 317.364 170.425 317.364C170.359 317.364 170.285 317.373 170.201 317.392C170.117 317.401 170.051 317.415 170.005 317.434V316.538C170.051 316.51 170.117 316.482 170.201 316.454C170.285 316.426 170.378 316.403 170.481 316.384C170.583 316.365 170.686 316.356 170.789 316.356C171.143 316.356 171.437 316.44 171.671 316.608C171.904 316.767 172.072 317.065 172.175 317.504H172.231C172.455 317.177 172.753 316.907 173.127 316.692C173.5 316.468 173.981 316.356 174.569 316.356ZM174.373 317.378C173.85 317.378 173.43 317.476 173.113 317.672C172.795 317.859 172.567 318.148 172.427 318.54C172.287 318.923 172.217 319.408 172.217 319.996V320.22C172.217 321.153 172.371 321.872 172.679 322.376C172.987 322.871 173.556 323.118 174.387 323.118C175.049 323.118 175.544 322.857 175.871 322.334C176.207 321.802 176.375 321.093 176.375 320.206C176.375 319.31 176.207 318.615 175.871 318.12C175.544 317.625 175.045 317.378 174.373 317.378ZM179.542 324V313.36H180.872V319.548L183.826 316.58H185.562L182.146 319.954L185.632 324H183.938L180.872 320.43V324H179.542ZM188.19 324.14C187.928 324.14 187.709 324.051 187.532 323.874C187.364 323.687 187.28 323.473 187.28 323.23C187.28 322.978 187.364 322.763 187.532 322.586C187.709 322.409 187.928 322.32 188.19 322.32C188.451 322.32 188.666 322.409 188.834 322.586C189.011 322.763 189.1 322.978 189.1 323.23C189.1 323.482 189.011 323.697 188.834 323.874C188.666 324.051 188.451 324.14 188.19 324.14ZM194.323 324.14C193.558 324.14 192.979 323.944 192.587 323.552C192.205 323.16 192.013 322.609 192.013 321.9V317.672H190.683V316.58H192.013V314.718H193.343V316.58H195.149V317.672H193.343V321.9C193.343 322.273 193.446 322.549 193.651 322.726C193.857 322.894 194.155 322.978 194.547 322.978C194.753 322.978 194.949 322.964 195.135 322.936C195.322 322.908 195.415 322.894 195.415 322.894V324.028C195.415 324.028 195.308 324.047 195.093 324.084C194.879 324.121 194.622 324.14 194.323 324.14ZM199.696 316.356C200.414 316.356 201.044 316.501 201.586 316.79C202.127 317.079 202.547 317.509 202.846 318.078C203.154 318.647 203.308 319.352 203.308 320.192C203.308 321.013 203.168 321.718 202.888 322.306C202.617 322.894 202.23 323.347 201.726 323.664C201.231 323.981 200.652 324.14 199.99 324.14C199.355 324.14 198.804 324 198.338 323.72C197.871 323.44 197.512 323.048 197.26 322.544C197.017 322.031 196.896 321.433 196.896 320.752V320.01H202.034C202.015 319.161 201.796 318.517 201.376 318.078C200.965 317.63 200.386 317.406 199.64 317.406C199.164 317.406 198.739 317.453 198.366 317.546C198.002 317.63 197.624 317.756 197.232 317.924V316.846C197.614 316.678 197.992 316.557 198.366 316.482C198.739 316.398 199.182 316.356 199.696 316.356ZM198.184 320.99C198.193 321.41 198.258 321.783 198.38 322.11C198.51 322.427 198.711 322.679 198.982 322.866C199.252 323.043 199.593 323.132 200.004 323.132C200.592 323.132 201.054 322.945 201.39 322.572C201.735 322.189 201.94 321.662 202.006 320.99H198.184ZM205.064 324V316.58H206.394V317.504H206.45C206.609 317.224 206.842 316.977 207.15 316.762C207.458 316.547 207.892 316.44 208.452 316.44C208.611 316.44 208.755 316.449 208.886 316.468C209.017 316.477 209.082 316.482 209.082 316.482V317.756C209.082 317.756 209.007 317.751 208.858 317.742C208.718 317.723 208.569 317.714 208.41 317.714C207.766 317.714 207.267 317.901 206.912 318.274C206.567 318.638 206.394 319.235 206.394 320.066V324H205.064ZM210.126 326.114L214.984 312.464H216.258L211.4 326.114H210.126Z" fill="#2450C8"/>
<path d="M310 339C321.046 339 330 330.046 330 319C330 307.954 321.046 299 310 299C298.954 299 290 307.954 290 319C290 330.046 298.954 339 310 339Z" fill="#E8EFFE"/>
<path d="M301 313V325H305L310 330V308L305 313H301Z" fill="#0961F5"/>
<path d="M313 312C315.5 315 315.5 323 313 326" stroke="#0961F5" stroke-width="2" stroke-linecap="round"/>
<path d="M317 309C321 313.5 321 324.5 317 329" stroke="#0961F5" stroke-width="2" stroke-linecap="round"/>
<path d="M54 348H374" stroke="#E8EFFE" stroke-width="1.5"/>
<path d="M156.321 382V370.9H157.641L163.431 379.345V370.9H164.901V382H163.581L157.791 373.57V382H156.321ZM170.982 385.15C170.322 385.15 169.772 385.06 169.332 384.88C168.892 384.71 168.537 384.49 168.267 384.22C168.007 383.96 167.812 383.7 167.682 383.44C167.552 383.18 167.467 382.96 167.427 382.78C167.387 382.61 167.367 382.525 167.367 382.525H168.792C168.792 382.525 168.817 382.595 168.867 382.735C168.917 382.875 169.012 383.035 169.152 383.215C169.302 383.395 169.522 383.555 169.812 383.695C170.102 383.835 170.492 383.905 170.982 383.905C171.562 383.905 172.017 383.79 172.347 383.56C172.677 383.34 172.912 383.05 173.052 382.69C173.202 382.33 173.277 381.95 173.277 381.55V380.635H173.202C173.102 380.805 172.942 381 172.722 381.22C172.512 381.43 172.232 381.615 171.882 381.775C171.532 381.925 171.102 382 170.592 382C169.992 382 169.467 381.885 169.017 381.655C168.567 381.425 168.192 381.115 167.892 380.725C167.602 380.335 167.382 379.9 167.232 379.42C167.082 378.94 167.007 378.45 167.007 377.95C167.007 377.45 167.082 376.96 167.232 376.48C167.382 376 167.602 375.565 167.892 375.175C168.192 374.785 168.567 374.475 169.017 374.245C169.467 374.015 169.992 373.9 170.592 373.9C171.102 373.9 171.532 373.98 171.882 374.14C172.232 374.29 172.512 374.47 172.722 374.68C172.942 374.89 173.102 375.085 173.202 375.265H173.277V374.05H174.702V381.535C174.702 382.645 174.377 383.525 173.727 384.175C173.087 384.825 172.172 385.15 170.982 385.15ZM170.862 380.785C171.392 380.785 171.832 380.65 172.182 380.38C172.542 380.1 172.807 379.745 172.977 379.315C173.157 378.885 173.247 378.43 173.247 377.95C173.247 377.47 173.157 377.015 172.977 376.585C172.807 376.145 172.542 375.79 172.182 375.52C171.832 375.25 171.392 375.115 170.862 375.115C170.332 375.115 169.887 375.25 169.527 375.52C169.167 375.79 168.897 376.145 168.717 376.585C168.547 377.015 168.462 377.47 168.462 377.95C168.462 378.43 168.547 378.885 168.717 379.315C168.897 379.745 169.167 380.1 169.527 380.38C169.887 380.65 170.332 380.785 170.862 380.785ZM176.946 382V370.6H178.371V375.205H178.461C178.531 375.085 178.646 374.92 178.806 374.71C178.976 374.5 179.216 374.315 179.526 374.155C179.836 373.985 180.226 373.9 180.696 373.9C181.276 373.9 181.771 374.035 182.181 374.305C182.591 374.565 182.901 374.92 183.111 375.37C183.331 375.82 183.441 376.325 183.441 376.885V382H182.016V376.975C182.016 376.445 181.866 376.005 181.566 375.655C181.276 375.305 180.851 375.13 180.291 375.13C179.841 375.13 179.476 375.245 179.196 375.475C178.916 375.695 178.706 375.99 178.566 376.36C178.436 376.72 178.371 377.105 178.371 377.515V382H176.946ZM187.581 372.745C187.311 372.745 187.081 372.695 186.891 372.595C186.711 372.495 186.551 372.38 186.411 372.25C186.281 372.12 186.156 372.005 186.036 371.905C185.916 371.805 185.786 371.755 185.646 371.755C185.476 371.755 185.351 371.84 185.271 372.01C185.201 372.17 185.166 372.385 185.166 372.655H184.206C184.206 372.345 184.246 372.045 184.326 371.755C184.396 371.455 184.531 371.21 184.731 371.02C184.931 370.82 185.206 370.72 185.556 370.72C185.826 370.72 186.056 370.77 186.246 370.87C186.436 370.97 186.596 371.085 186.726 371.215C186.866 371.335 186.996 371.445 187.116 371.545C187.236 371.645 187.361 371.695 187.491 371.695C187.651 371.695 187.766 371.615 187.836 371.455C187.916 371.295 187.956 371.075 187.956 370.795H188.916C188.916 371.105 188.876 371.41 188.796 371.71C188.726 372.01 188.591 372.26 188.391 372.46C188.201 372.65 187.931 372.745 187.581 372.745ZM185.856 382V374.05H187.281V382H185.856ZM193.136 373.9C193.636 373.9 194.056 373.98 194.396 374.14C194.736 374.3 195.011 374.49 195.221 374.71C195.431 374.92 195.591 375.12 195.701 375.31H195.791V374.05H197.216V382H195.791V380.74H195.701C195.591 380.93 195.431 381.135 195.221 381.355C195.011 381.575 194.736 381.765 194.396 381.925C194.056 382.075 193.636 382.15 193.136 382.15C192.536 382.15 192.011 382.035 191.561 381.805C191.111 381.565 190.736 381.25 190.436 380.86C190.136 380.46 189.911 380.015 189.761 379.525C189.611 379.035 189.536 378.535 189.536 378.025C189.536 377.515 189.611 377.015 189.761 376.525C189.911 376.035 190.136 375.595 190.436 375.205C190.736 374.805 191.111 374.49 191.561 374.26C192.011 374.02 192.536 373.9 193.136 373.9ZM193.376 375.115C192.846 375.115 192.401 375.26 192.041 375.55C191.681 375.83 191.411 376.19 191.231 376.63C191.061 377.07 190.976 377.535 190.976 378.025C190.976 378.505 191.061 378.97 191.231 379.42C191.411 379.86 191.681 380.225 192.041 380.515C192.401 380.795 192.846 380.935 193.376 380.935C193.906 380.935 194.346 380.795 194.696 380.515C195.056 380.225 195.321 379.86 195.491 379.42C195.671 378.97 195.761 378.505 195.761 378.025C195.761 377.535 195.671 377.07 195.491 376.63C195.321 376.19 195.056 375.83 194.696 375.55C194.346 375.26 193.906 375.115 193.376 375.115ZM206.142 382.15C205.322 382.15 204.702 381.94 204.282 381.52C203.872 381.1 203.667 380.51 203.667 379.75V375.22H202.242V374.05H203.667V372.055H205.092V374.05H207.027V375.22H205.092V379.75C205.092 380.15 205.202 380.445 205.422 380.635C205.642 380.815 205.962 380.905 206.382 380.905C206.602 380.905 206.812 380.89 207.012 380.86C207.212 380.83 207.312 380.815 207.312 380.815V382.03C207.312 382.03 207.197 382.05 206.967 382.09C206.737 382.13 206.462 382.15 206.142 382.15ZM210.113 372.535C209.843 372.535 209.618 372.445 209.438 372.265C209.268 372.085 209.183 371.87 209.183 371.62C209.183 371.36 209.268 371.14 209.438 370.96C209.618 370.78 209.843 370.69 210.113 370.69C210.373 370.69 210.593 370.78 210.773 370.96C210.953 371.14 211.043 371.36 211.043 371.62C211.043 371.87 210.953 372.085 210.773 372.265C210.593 372.445 210.373 372.535 210.113 372.535ZM209.408 382V374.05H210.833V382H209.408ZM219.663 371.005L218.448 370.99L219.738 368.29H221.208L219.663 371.005ZM214.353 372.925L216.168 370.72H217.383L219.198 372.925H217.908L216.768 371.545L215.643 372.925H214.353ZM216.828 382.15C216.178 382.15 215.613 382.035 215.133 381.805C214.663 381.565 214.273 381.245 213.963 380.845C213.663 380.445 213.438 380.005 213.288 379.525C213.138 379.035 213.063 378.535 213.063 378.025C213.063 377.525 213.133 377.03 213.273 376.54C213.423 376.05 213.648 375.605 213.948 375.205C214.258 374.805 214.643 374.49 215.103 374.26C215.573 374.02 216.128 373.9 216.768 373.9C217.448 373.9 218.048 374.055 218.568 374.365C219.088 374.675 219.498 375.135 219.798 375.745C220.098 376.355 220.248 377.12 220.248 378.04V378.46H214.503C214.533 378.91 214.638 379.325 214.818 379.705C215.008 380.075 215.273 380.375 215.613 380.605C215.953 380.825 216.358 380.935 216.828 380.935C217.238 380.935 217.568 380.87 217.818 380.74C218.078 380.6 218.283 380.44 218.433 380.26C218.583 380.08 218.683 379.925 218.733 379.795C218.793 379.655 218.823 379.585 218.823 379.585H220.158C220.158 379.585 220.133 379.675 220.083 379.855C220.033 380.025 219.943 380.235 219.813 380.485C219.683 380.735 219.493 380.99 219.243 381.25C218.993 381.5 218.673 381.715 218.283 381.895C217.893 382.065 217.408 382.15 216.828 382.15ZM214.518 377.35H218.853C218.833 376.83 218.723 376.41 218.523 376.09C218.323 375.76 218.068 375.515 217.758 375.355C217.448 375.195 217.118 375.115 216.768 375.115C216.138 375.115 215.623 375.32 215.223 375.73C214.823 376.13 214.588 376.67 214.518 377.35ZM222.279 382V374.05H223.704V375.205H223.794C223.864 375.085 223.979 374.92 224.139 374.71C224.309 374.5 224.549 374.315 224.859 374.155C225.169 373.985 225.559 373.9 226.029 373.9C226.609 373.9 227.104 374.035 227.514 374.305C227.924 374.565 228.234 374.92 228.444 375.37C228.664 375.82 228.774 376.325 228.774 376.885V382H227.349V376.975C227.349 376.445 227.199 376.005 226.899 375.655C226.609 375.305 226.184 375.13 225.624 375.13C225.174 375.13 224.809 375.245 224.529 375.475C224.249 375.695 224.039 375.99 223.899 376.36C223.769 376.72 223.704 377.105 223.704 377.515V382H222.279ZM234.703 385.15C234.043 385.15 233.493 385.06 233.053 384.88C232.613 384.71 232.258 384.49 231.988 384.22C231.728 383.96 231.533 383.7 231.403 383.44C231.273 383.18 231.188 382.96 231.148 382.78C231.108 382.61 231.088 382.525 231.088 382.525H232.513C232.513 382.525 232.538 382.595 232.588 382.735C232.638 382.875 232.733 383.035 232.873 383.215C233.023 383.395 233.243 383.555 233.533 383.695C233.823 383.835 234.213 383.905 234.703 383.905C235.283 383.905 235.738 383.79 236.068 383.56C236.398 383.34 236.633 383.05 236.773 382.69C236.923 382.33 236.998 381.95 236.998 381.55V380.635H236.923C236.823 380.805 236.663 381 236.443 381.22C236.233 381.43 235.953 381.615 235.603 381.775C235.253 381.925 234.823 382 234.313 382C233.713 382 233.188 381.885 232.738 381.655C232.288 381.425 231.913 381.115 231.613 380.725C231.323 380.335 231.103 379.9 230.953 379.42C230.803 378.94 230.728 378.45 230.728 377.95C230.728 377.45 230.803 376.96 230.953 376.48C231.103 376 231.323 375.565 231.613 375.175C231.913 374.785 232.288 374.475 232.738 374.245C233.188 374.015 233.713 373.9 234.313 373.9C234.823 373.9 235.253 373.98 235.603 374.14C235.953 374.29 236.233 374.47 236.443 374.68C236.663 374.89 236.823 375.085 236.923 375.265H236.998V374.05H238.423V381.535C238.423 382.645 238.098 383.525 237.448 384.175C236.808 384.825 235.893 385.15 234.703 385.15ZM234.583 380.785C235.113 380.785 235.553 380.65 235.903 380.38C236.263 380.1 236.528 379.745 236.698 379.315C236.878 378.885 236.968 378.43 236.968 377.95C236.968 377.47 236.878 377.015 236.698 376.585C236.528 376.145 236.263 375.79 235.903 375.52C235.553 375.25 235.113 375.115 234.583 375.115C234.053 375.115 233.608 375.25 233.248 375.52C232.888 375.79 232.618 376.145 232.438 376.585C232.268 377.015 232.183 377.47 232.183 377.95C232.183 378.43 232.268 378.885 232.438 379.315C232.618 379.745 232.888 380.1 233.248 380.38C233.608 380.65 234.053 380.785 234.583 380.785ZM247.288 382L243.373 370.9H244.933L248.218 380.32L251.503 370.9H253.063L249.133 382H247.288ZM255.494 372.535C255.224 372.535 254.999 372.445 254.819 372.265C254.649 372.085 254.564 371.87 254.564 371.62C254.564 371.36 254.649 371.14 254.819 370.96C254.999 370.78 255.224 370.69 255.494 370.69C255.754 370.69 255.974 370.78 256.154 370.96C256.334 371.14 256.424 371.36 256.424 371.62C256.424 371.87 256.334 372.085 256.154 372.265C255.974 372.445 255.754 372.535 255.494 372.535ZM254.789 382V374.05H256.214V382H254.789ZM259.734 372.925L261.549 370.42H262.764L264.579 372.925H263.289L262.149 371.32L261.024 372.925H259.734ZM262.209 382.15C261.559 382.15 260.994 382.035 260.514 381.805C260.044 381.565 259.654 381.245 259.344 380.845C259.044 380.445 258.819 380.005 258.669 379.525C258.519 379.035 258.444 378.535 258.444 378.025C258.444 377.525 258.514 377.03 258.654 376.54C258.804 376.05 259.029 375.605 259.329 375.205C259.639 374.805 260.024 374.49 260.484 374.26C260.954 374.02 261.509 373.9 262.149 373.9C262.829 373.9 263.429 374.055 263.949 374.365C264.469 374.675 264.879 375.135 265.179 375.745C265.479 376.355 265.629 377.12 265.629 378.04V378.46H259.884C259.914 378.91 260.019 379.325 260.199 379.705C260.389 380.075 260.654 380.375 260.994 380.605C261.334 380.825 261.739 380.935 262.209 380.935C262.619 380.935 262.949 380.87 263.199 380.74C263.459 380.6 263.664 380.44 263.814 380.26C263.964 380.08 264.064 379.925 264.114 379.795C264.174 379.655 264.204 379.585 264.204 379.585H265.539C265.539 379.585 265.514 379.675 265.464 379.855C265.414 380.025 265.324 380.235 265.194 380.485C265.064 380.735 264.874 380.99 264.624 381.25C264.374 381.5 264.054 381.715 263.664 381.895C263.274 382.065 262.789 382.15 262.209 382.15ZM259.899 377.35H264.234C264.214 376.83 264.104 376.41 263.904 376.09C263.704 375.76 263.449 375.515 263.139 375.355C262.829 375.195 262.499 375.115 262.149 375.115C261.519 375.115 261.004 375.32 260.604 375.73C260.204 376.13 259.969 376.67 259.899 377.35ZM262.149 385.405C261.869 385.405 261.634 385.305 261.444 385.105C261.264 384.915 261.174 384.69 261.174 384.43C261.174 384.16 261.264 383.93 261.444 383.74C261.634 383.55 261.869 383.455 262.149 383.455C262.429 383.455 262.659 383.55 262.839 383.74C263.029 383.93 263.124 384.16 263.124 384.43C263.124 384.7 263.029 384.93 262.839 385.12C262.659 385.31 262.429 385.405 262.149 385.405ZM270.888 382.15C270.068 382.15 269.448 381.94 269.028 381.52C268.618 381.1 268.413 380.51 268.413 379.75V375.22H266.988V374.05H268.413V372.055H269.838V374.05H271.773V375.22H269.838V379.75C269.838 380.15 269.948 380.445 270.168 380.635C270.388 380.815 270.708 380.905 271.128 380.905C271.348 380.905 271.558 380.89 271.758 380.86C271.958 380.83 272.058 380.815 272.058 380.815V382.03C272.058 382.03 271.943 382.05 271.713 382.09C271.483 382.13 271.208 382.15 270.888 382.15Z" fill="#888780"/>
<path d="M164.017 422V396.84H175.645C177.277 396.84 178.648 397.123 179.759 397.69C180.892 398.257 181.754 399.016 182.343 399.968C182.932 400.897 183.227 401.929 183.227 403.062C183.227 404.173 183.023 405.102 182.615 405.85C182.207 406.575 181.708 407.165 181.119 407.618C180.552 408.049 179.997 408.343 179.453 408.502V408.774C180.065 408.91 180.745 409.205 181.493 409.658C182.241 410.111 182.887 410.757 183.431 411.596C183.975 412.435 184.247 413.523 184.247 414.86C184.247 416.039 183.964 417.172 183.397 418.26C182.853 419.348 181.958 420.243 180.711 420.946C179.487 421.649 177.889 422 175.917 422H164.017ZM174.761 401.226H169.253V407.074H174.761C175.94 407.074 176.801 406.791 177.345 406.224C177.889 405.657 178.161 404.966 178.161 404.15C178.161 403.357 177.889 402.677 177.345 402.11C176.801 401.521 175.94 401.226 174.761 401.226ZM175.169 411.086H169.253V417.614H175.169C176.506 417.614 177.47 417.297 178.059 416.662C178.671 416.005 178.977 415.223 178.977 414.316C178.977 413.432 178.671 412.673 178.059 412.038C177.47 411.403 176.506 411.086 175.169 411.086ZM199.037 401.498L195.195 401.464L197.949 395.344H202.743L199.037 401.498ZM195.535 403.64C196.691 403.64 197.643 403.833 198.391 404.218C199.139 404.581 199.705 404.977 200.091 405.408C200.499 405.839 200.748 406.133 200.839 406.292H201.111V403.98H206.279V422H201.111V419.688H200.839C200.748 419.847 200.499 420.141 200.091 420.572C199.705 421.003 199.139 421.411 198.391 421.796C197.643 422.159 196.691 422.34 195.535 422.34C194.197 422.34 193.03 422.079 192.033 421.558C191.058 421.014 190.242 420.3 189.585 419.416C188.927 418.509 188.429 417.501 188.089 416.39C187.771 415.279 187.613 414.146 187.613 412.99C187.613 411.834 187.771 410.701 188.089 409.59C188.429 408.479 188.927 407.482 189.585 406.598C190.242 405.691 191.058 404.977 192.033 404.456C193.03 403.912 194.197 403.64 195.535 403.64ZM197.031 407.822C196.101 407.822 195.319 408.083 194.685 408.604C194.073 409.103 193.608 409.749 193.291 410.542C192.996 411.335 192.849 412.151 192.849 412.99C192.849 413.829 192.996 414.645 193.291 415.438C193.608 416.231 194.073 416.889 194.685 417.41C195.319 417.909 196.101 418.158 197.031 418.158C197.96 418.158 198.731 417.909 199.343 417.41C199.977 416.889 200.442 416.231 200.737 415.438C201.054 414.645 201.213 413.829 201.213 412.99C201.213 412.151 201.054 411.335 200.737 410.542C200.442 409.749 199.977 409.103 199.343 408.604C198.731 408.083 197.96 407.822 197.031 407.822ZM219.673 422.34C218.086 422.34 216.703 422.079 215.525 421.558C214.346 421.014 213.371 420.3 212.601 419.416C211.83 418.532 211.252 417.535 210.867 416.424C210.481 415.291 210.289 414.146 210.289 412.99C210.289 411.834 210.481 410.701 210.867 409.59C211.252 408.479 211.83 407.482 212.601 406.598C213.371 405.691 214.346 404.977 215.525 404.456C216.703 403.912 218.086 403.64 219.673 403.64C221.282 403.64 222.608 403.878 223.651 404.354C224.693 404.807 225.521 405.385 226.133 406.088C226.767 406.768 227.232 407.459 227.527 408.162C227.821 408.842 228.003 409.42 228.071 409.896C228.161 410.349 228.207 410.576 228.207 410.576H223.379C223.379 410.576 223.333 410.44 223.243 410.168C223.175 409.873 223.016 409.545 222.767 409.182C222.54 408.797 222.189 408.468 221.713 408.196C221.237 407.901 220.602 407.754 219.809 407.754C218.834 407.754 218.018 408.003 217.361 408.502C216.726 408.978 216.25 409.613 215.933 410.406C215.615 411.199 215.457 412.061 215.457 412.99C215.457 413.919 215.615 414.781 215.933 415.574C216.25 416.367 216.726 417.013 217.361 417.512C218.018 417.988 218.834 418.226 219.809 418.226C220.602 418.226 221.237 418.09 221.713 417.818C222.189 417.523 222.54 417.195 222.767 416.832C223.016 416.447 223.175 416.118 223.243 415.846C223.333 415.551 223.379 415.404 223.379 415.404H228.207C228.207 415.404 228.161 415.642 228.071 416.118C228.003 416.571 227.821 417.149 227.527 417.852C227.232 418.532 226.767 419.223 226.133 419.926C225.521 420.606 224.693 421.184 223.651 421.66C222.608 422.113 221.282 422.34 219.673 422.34ZM247.327 422.34C245.831 422.34 244.596 422.136 243.621 421.728C242.647 421.32 241.865 420.821 241.275 420.232C240.709 419.62 240.278 419.019 239.983 418.43C239.711 417.818 239.53 417.308 239.439 416.9C239.371 416.492 239.337 416.288 239.337 416.288H244.131C244.131 416.288 244.165 416.401 244.233 416.628C244.301 416.855 244.449 417.115 244.675 417.41C244.925 417.705 245.276 417.965 245.729 418.192C246.183 418.419 246.795 418.532 247.565 418.532C248.517 418.532 249.163 418.339 249.503 417.954C249.866 417.569 250.047 417.183 250.047 416.798C250.047 415.982 249.379 415.438 248.041 415.166L245.593 414.69C244.551 414.486 243.565 414.191 242.635 413.806C241.729 413.398 240.992 412.843 240.425 412.14C239.881 411.415 239.609 410.485 239.609 409.352C239.609 408.264 239.893 407.289 240.459 406.428C241.026 405.567 241.831 404.887 242.873 404.388C243.939 403.889 245.208 403.64 246.681 403.64C248.064 403.64 249.209 403.833 250.115 404.218C251.045 404.581 251.781 405.045 252.325 405.612C252.869 406.156 253.277 406.711 253.549 407.278C253.821 407.822 253.991 408.287 254.059 408.672C254.15 409.035 254.195 409.216 254.195 409.216H249.571C249.571 409.216 249.503 409.069 249.367 408.774C249.231 408.457 248.948 408.151 248.517 407.856C248.109 407.539 247.475 407.38 246.613 407.38C245.729 407.38 245.117 407.561 244.777 407.924C244.437 408.264 244.267 408.627 244.267 409.012C244.267 409.465 244.46 409.805 244.845 410.032C245.253 410.259 245.775 410.44 246.409 410.576L248.755 411.052C250.478 411.392 251.895 411.993 253.005 412.854C254.116 413.693 254.671 414.917 254.671 416.526C254.671 417.614 254.388 418.6 253.821 419.484C253.255 420.368 252.427 421.071 251.339 421.592C250.251 422.091 248.914 422.34 247.327 422.34ZM263.685 401.124C263.073 401.124 262.54 401.022 262.087 400.818C261.656 400.591 261.271 400.342 260.931 400.07C260.614 399.798 260.308 399.56 260.013 399.356C259.718 399.129 259.424 399.016 259.129 399.016C258.766 399.016 258.506 399.186 258.347 399.526C258.211 399.866 258.143 400.331 258.143 400.92H255.389C255.389 400.172 255.48 399.413 255.661 398.642C255.842 397.871 256.171 397.225 256.647 396.704C257.146 396.183 257.871 395.922 258.823 395.922C259.435 395.922 259.968 396.035 260.421 396.262C260.874 396.466 261.271 396.704 261.611 396.976C261.951 397.248 262.257 397.486 262.529 397.69C262.824 397.894 263.118 397.996 263.413 397.996C264.025 397.996 264.331 397.373 264.331 396.126H267.119C267.119 396.874 267.028 397.633 266.847 398.404C266.666 399.175 266.326 399.821 265.827 400.342C265.351 400.863 264.637 401.124 263.685 401.124ZM258.585 422V403.98H263.753V422H258.585Z" fill="#1A1A1A"/>
<path d="M54 444H374" stroke="#E8EFFE" stroke-width="1.5"/>
<path d="M171.515 472L168.122 462.38H169.474L172.321 470.544L175.168 462.38H176.52L173.114 472H171.515ZM179.225 464.07L178.172 464.057L179.29 461.717H180.564L179.225 464.07ZM178.094 472V465.11H179.329V472H178.094ZM187.4 472.13C186.88 472.13 186.425 472.03 186.035 471.831C185.645 471.623 185.32 471.35 185.06 471.012C184.8 470.665 184.605 470.28 184.475 469.855C184.345 469.43 184.28 468.997 184.28 468.555C184.28 468.113 184.345 467.68 184.475 467.255C184.605 466.83 184.8 466.449 185.06 466.111C185.32 465.764 185.645 465.491 186.035 465.292C186.425 465.084 186.88 464.98 187.4 464.98C187.833 464.98 188.197 465.049 188.492 465.188C188.786 465.327 189.025 465.491 189.207 465.682C189.389 465.864 189.527 466.037 189.623 466.202H189.701V462.12H190.936V472H189.701V470.908H189.623C189.527 471.073 189.389 471.25 189.207 471.441C189.025 471.632 188.786 471.796 188.492 471.935C188.197 472.065 187.833 472.13 187.4 472.13ZM187.608 471.077C188.067 471.077 188.448 470.956 188.752 470.713C189.064 470.462 189.293 470.145 189.441 469.764C189.597 469.374 189.675 468.971 189.675 468.555C189.675 468.13 189.597 467.727 189.441 467.346C189.293 466.965 189.064 466.653 188.752 466.41C188.448 466.159 188.067 466.033 187.608 466.033C187.148 466.033 186.763 466.159 186.451 466.41C186.139 466.653 185.905 466.965 185.749 467.346C185.601 467.727 185.528 468.13 185.528 468.555C185.528 468.971 185.601 469.374 185.749 469.764C185.905 470.145 186.139 470.462 186.451 470.713C186.763 470.956 187.148 471.077 187.608 471.077ZM195.334 472.13C194.649 472.13 194.103 471.918 193.696 471.493C193.289 471.068 193.085 470.479 193.085 469.725V465.11H194.32V469.66C194.32 470.111 194.441 470.457 194.684 470.7C194.935 470.943 195.265 471.064 195.672 471.064C196.088 471.064 196.422 470.956 196.673 470.739C196.924 470.522 197.106 470.245 197.219 469.907C197.332 469.569 197.388 469.222 197.388 468.867V465.11H198.623V472H197.388V471.012H197.31C197.258 471.116 197.158 471.259 197.011 471.441C196.864 471.614 196.656 471.775 196.387 471.922C196.118 472.061 195.767 472.13 195.334 472.13ZM195.828 474.951C195.585 474.951 195.382 474.864 195.217 474.691C195.061 474.526 194.983 474.331 194.983 474.106C194.983 473.872 195.061 473.673 195.217 473.508C195.382 473.343 195.585 473.261 195.828 473.261C196.071 473.261 196.27 473.343 196.426 473.508C196.591 473.673 196.673 473.872 196.673 474.106C196.673 474.34 196.591 474.539 196.426 474.704C196.27 474.869 196.071 474.951 195.828 474.951ZM206.492 472.13C205.781 472.13 205.244 471.948 204.88 471.584C204.524 471.22 204.347 470.709 204.347 470.05V466.124H203.112V465.11H204.347V463.381H205.582V465.11H207.259V466.124H205.582V470.05C205.582 470.397 205.677 470.652 205.868 470.817C206.058 470.973 206.336 471.051 206.7 471.051C206.89 471.051 207.072 471.038 207.246 471.012C207.419 470.986 207.506 470.973 207.506 470.973V472.026C207.506 472.026 207.406 472.043 207.207 472.078C207.007 472.113 206.769 472.13 206.492 472.13ZM209.127 472V465.11H210.362V465.968H210.414C210.562 465.708 210.778 465.478 211.064 465.279C211.35 465.08 211.753 464.98 212.273 464.98C212.421 464.98 212.555 464.989 212.676 465.006C212.798 465.015 212.858 465.019 212.858 465.019V466.202C212.858 466.202 212.789 466.198 212.65 466.189C212.52 466.172 212.382 466.163 212.234 466.163C211.636 466.163 211.173 466.336 210.843 466.683C210.523 467.021 210.362 467.576 210.362 468.347V472H209.127ZM216.961 472.13C216.224 472.13 215.604 471.961 215.102 471.623C214.599 471.276 214.218 470.83 213.958 470.284C213.698 469.738 213.568 469.162 213.568 468.555C213.568 467.94 213.698 467.363 213.958 466.826C214.218 466.28 214.599 465.838 215.102 465.5C215.604 465.153 216.224 464.98 216.961 464.98C217.697 464.98 218.317 465.153 218.82 465.5C219.322 465.838 219.704 466.28 219.964 466.826C220.224 467.363 220.354 467.94 220.354 468.555C220.354 469.162 220.224 469.738 219.964 470.284C219.704 470.83 219.322 471.276 218.82 471.623C218.317 471.961 217.697 472.13 216.961 472.13ZM216.961 471.051C217.429 471.051 217.819 470.934 218.131 470.7C218.451 470.457 218.69 470.145 218.846 469.764C219.01 469.383 219.093 468.98 219.093 468.555C219.093 468.122 219.01 467.719 218.846 467.346C218.69 466.965 218.451 466.657 218.131 466.423C217.819 466.18 217.429 466.059 216.961 466.059C216.501 466.059 216.111 466.18 215.791 466.423C215.47 466.657 215.227 466.965 215.063 467.346C214.907 467.719 214.829 468.122 214.829 468.555C214.829 468.98 214.907 469.383 215.063 469.764C215.227 470.145 215.47 470.457 215.791 470.7C216.111 470.934 216.501 471.051 216.961 471.051ZM222.038 472V465.11H223.273V466.111H223.351C223.412 466.007 223.512 465.864 223.65 465.682C223.798 465.5 224.006 465.34 224.274 465.201C224.543 465.054 224.881 464.98 225.288 464.98C225.791 464.98 226.22 465.097 226.575 465.331C226.931 465.556 227.199 465.864 227.381 466.254C227.572 466.644 227.667 467.082 227.667 467.567V472H226.432V467.645C226.432 467.186 226.302 466.804 226.042 466.501C225.791 466.198 225.423 466.046 224.937 466.046C224.547 466.046 224.231 466.146 223.988 466.345C223.746 466.536 223.564 466.791 223.442 467.112C223.33 467.424 223.273 467.758 223.273 468.113V472H222.038ZM232.806 474.73C232.234 474.73 231.757 474.652 231.376 474.496C230.994 474.349 230.687 474.158 230.453 473.924C230.227 473.699 230.058 473.473 229.946 473.248C229.833 473.023 229.759 472.832 229.725 472.676C229.69 472.529 229.673 472.455 229.673 472.455H230.908C230.908 472.455 230.929 472.516 230.973 472.637C231.016 472.758 231.098 472.897 231.22 473.053C231.35 473.209 231.54 473.348 231.792 473.469C232.043 473.59 232.381 473.651 232.806 473.651C233.308 473.651 233.703 473.551 233.989 473.352C234.275 473.161 234.478 472.91 234.6 472.598C234.73 472.286 234.795 471.957 234.795 471.61V470.817H234.73C234.643 470.964 234.504 471.133 234.314 471.324C234.132 471.506 233.889 471.666 233.586 471.805C233.282 471.935 232.91 472 232.468 472C231.948 472 231.493 471.9 231.103 471.701C230.713 471.502 230.388 471.233 230.128 470.895C229.876 470.557 229.686 470.18 229.556 469.764C229.426 469.348 229.361 468.923 229.361 468.49C229.361 468.057 229.426 467.632 229.556 467.216C229.686 466.8 229.876 466.423 230.128 466.085C230.388 465.747 230.713 465.478 231.103 465.279C231.493 465.08 231.948 464.98 232.468 464.98C232.91 464.98 233.282 465.049 233.586 465.188C233.889 465.318 234.132 465.474 234.314 465.656C234.504 465.838 234.643 466.007 234.73 466.163H234.795V465.11H236.03V471.597C236.03 472.559 235.748 473.322 235.185 473.885C234.63 474.448 233.837 474.73 232.806 474.73ZM232.702 470.947C233.161 470.947 233.542 470.83 233.846 470.596C234.158 470.353 234.387 470.046 234.535 469.673C234.691 469.3 234.769 468.906 234.769 468.49C234.769 468.074 234.691 467.68 234.535 467.307C234.387 466.926 234.158 466.618 233.846 466.384C233.542 466.15 233.161 466.033 232.702 466.033C232.242 466.033 231.857 466.15 231.545 466.384C231.233 466.618 230.999 466.926 230.843 467.307C230.695 467.68 230.622 468.074 230.622 468.49C230.622 468.906 230.695 469.3 230.843 469.673C230.999 470.046 231.233 470.353 231.545 470.596C231.857 470.83 232.242 470.947 232.702 470.947ZM244.506 472.13C244.073 472.13 243.709 472.061 243.414 471.922C243.12 471.783 242.881 471.619 242.699 471.428C242.526 471.237 242.387 471.064 242.283 470.908H242.205V472H240.97V462.12H242.205V466.202H242.283C242.387 466.037 242.526 465.86 242.699 465.669C242.881 465.478 243.12 465.318 243.414 465.188C243.709 465.049 244.073 464.98 244.506 464.98C245.026 464.98 245.481 465.084 245.871 465.292C246.261 465.491 246.586 465.764 246.846 466.111C247.106 466.449 247.301 466.83 247.431 467.255C247.561 467.68 247.626 468.113 247.626 468.555C247.626 468.997 247.561 469.43 247.431 469.855C247.301 470.28 247.106 470.665 246.846 471.012C246.586 471.35 246.261 471.623 245.871 471.831C245.481 472.03 245.026 472.13 244.506 472.13ZM244.298 471.077C244.766 471.077 245.152 470.956 245.455 470.713C245.767 470.462 245.997 470.145 246.144 469.764C246.3 469.374 246.378 468.971 246.378 468.555C246.378 468.13 246.3 467.727 246.144 467.346C245.997 466.965 245.767 466.653 245.455 466.41C245.152 466.159 244.766 466.033 244.298 466.033C243.839 466.033 243.453 466.159 243.141 466.41C242.838 466.653 242.608 466.965 242.452 467.346C242.305 467.727 242.231 468.13 242.231 468.555C242.231 468.971 242.305 469.374 242.452 469.764C242.608 470.145 242.838 470.462 243.141 470.713C243.453 470.956 243.839 471.077 244.298 471.077ZM252.13 464.07L250.791 461.717H252.065L253.183 464.057L252.13 464.07ZM252.312 464.98C252.746 464.98 253.11 465.049 253.404 465.188C253.699 465.327 253.937 465.491 254.119 465.682C254.301 465.864 254.44 466.037 254.535 466.202H254.613V465.11H255.848V472H254.613V470.908H254.535C254.44 471.073 254.301 471.25 254.119 471.441C253.937 471.632 253.699 471.796 253.404 471.935C253.11 472.065 252.746 472.13 252.312 472.13C251.792 472.13 251.337 472.03 250.947 471.831C250.557 471.623 250.232 471.35 249.972 471.012C249.712 470.665 249.517 470.28 249.387 469.855C249.257 469.43 249.192 468.997 249.192 468.555C249.192 468.113 249.257 467.68 249.387 467.255C249.517 466.83 249.712 466.449 249.972 466.111C250.232 465.764 250.557 465.491 250.947 465.292C251.337 465.084 251.792 464.98 252.312 464.98ZM252.52 466.033C252.061 466.033 251.675 466.159 251.363 466.41C251.051 466.653 250.817 466.965 250.661 467.346C250.514 467.727 250.44 468.13 250.44 468.555C250.44 468.971 250.514 469.374 250.661 469.764C250.817 470.145 251.051 470.462 251.363 470.713C251.675 470.956 252.061 471.077 252.52 471.077C252.98 471.077 253.361 470.956 253.664 470.713C253.976 470.462 254.206 470.145 254.353 469.764C254.509 469.374 254.587 468.971 254.587 468.555C254.587 468.13 254.509 467.727 254.353 467.346C254.206 466.965 253.976 466.653 253.664 466.41C253.361 466.159 252.98 466.033 252.52 466.033ZM258.556 463.797C258.322 463.797 258.127 463.719 257.971 463.563C257.824 463.407 257.75 463.221 257.75 463.004C257.75 462.779 257.824 462.588 257.971 462.432C258.127 462.276 258.322 462.198 258.556 462.198C258.782 462.198 258.972 462.276 259.128 462.432C259.284 462.588 259.362 462.779 259.362 463.004C259.362 463.221 259.284 463.407 259.128 463.563C258.972 463.719 258.782 463.797 258.556 463.797ZM257.945 472V465.11H259.18V472H257.945Z" fill="#888780"/>
<path d="M117.975 502V491.698H114.116V489.42H124.452V491.698H120.593V502H117.975ZM126.263 502V489.08H128.847V494.282H128.932C129.034 494.101 129.181 493.897 129.374 493.67C129.578 493.443 129.844 493.245 130.173 493.075C130.513 492.905 130.944 492.82 131.465 492.82C132.168 492.82 132.74 492.984 133.182 493.313C133.624 493.63 133.947 494.044 134.151 494.554C134.355 495.053 134.457 495.58 134.457 496.135V502H131.873V496.577C131.873 496.146 131.754 495.767 131.516 495.438C131.289 495.109 130.921 494.945 130.411 494.945C130.026 494.945 129.72 495.036 129.493 495.217C129.266 495.398 129.102 495.631 129 495.914C128.898 496.197 128.847 496.498 128.847 496.815V502H126.263ZM140.824 502.17C140.031 502.17 139.345 502.04 138.767 501.779C138.189 501.507 137.713 501.15 137.339 500.708C136.965 500.255 136.682 499.75 136.489 499.195C136.308 498.64 136.217 498.067 136.217 497.478C136.217 496.911 136.302 496.356 136.472 495.812C136.653 495.257 136.925 494.752 137.288 494.299C137.662 493.846 138.132 493.489 138.699 493.228C139.277 492.956 139.957 492.82 140.739 492.82C141.566 492.82 142.297 493.001 142.932 493.364C143.578 493.727 144.082 494.265 144.445 494.979C144.808 495.682 144.989 496.537 144.989 497.546V498.175H138.818C138.852 498.719 139.039 499.189 139.379 499.586C139.73 499.983 140.212 500.181 140.824 500.181C141.175 500.181 141.459 500.13 141.674 500.028C141.901 499.915 142.076 499.79 142.201 499.654C142.326 499.507 142.411 499.376 142.456 499.263C142.501 499.15 142.524 499.093 142.524 499.093H144.904C144.904 499.093 144.876 499.201 144.819 499.416C144.774 499.62 144.672 499.875 144.513 500.181C144.354 500.487 144.122 500.793 143.816 501.099C143.521 501.405 143.13 501.66 142.643 501.864C142.156 502.068 141.549 502.17 140.824 502.17ZM138.818 496.611H142.507C142.473 495.988 142.286 495.523 141.946 495.217C141.606 494.911 141.187 494.758 140.688 494.758C140.189 494.758 139.764 494.922 139.413 495.251C139.062 495.568 138.863 496.022 138.818 496.611ZM154.605 502.17C153.936 502.17 153.353 502.04 152.854 501.779C152.367 501.507 151.959 501.15 151.63 500.708C151.301 500.255 151.052 499.75 150.882 499.195C150.723 498.64 150.644 498.073 150.644 497.495C150.644 496.917 150.723 496.35 150.882 495.795C151.052 495.24 151.301 494.741 151.63 494.299C151.959 493.846 152.367 493.489 152.854 493.228C153.353 492.956 153.936 492.82 154.605 492.82C155.183 492.82 155.659 492.916 156.033 493.109C156.407 493.29 156.69 493.489 156.883 493.704C157.087 493.919 157.212 494.067 157.257 494.146H157.393V489.08H159.977V502H157.393V500.844H157.257C157.212 500.923 157.087 501.071 156.883 501.286C156.69 501.501 156.407 501.705 156.033 501.898C155.659 502.079 155.183 502.17 154.605 502.17ZM155.353 500.079C155.818 500.079 156.203 499.954 156.509 499.705C156.826 499.444 157.059 499.116 157.206 498.719C157.365 498.322 157.444 497.914 157.444 497.495C157.444 497.076 157.365 496.668 157.206 496.271C157.059 495.874 156.826 495.551 156.509 495.302C156.203 495.041 155.818 494.911 155.353 494.911C154.888 494.911 154.497 495.041 154.18 495.302C153.874 495.551 153.642 495.874 153.483 496.271C153.336 496.668 153.262 497.076 153.262 497.495C153.262 497.914 153.336 498.322 153.483 498.719C153.642 499.116 153.874 499.444 154.18 499.705C154.497 499.954 154.888 500.079 155.353 500.079ZM166.626 502.17C165.617 502.17 164.761 501.955 164.059 501.524C163.356 501.082 162.818 500.51 162.444 499.807C162.081 499.093 161.9 498.322 161.9 497.495C161.9 496.668 162.081 495.903 162.444 495.2C162.818 494.486 163.356 493.914 164.059 493.483C164.761 493.041 165.617 492.82 166.626 492.82C167.634 492.82 168.49 493.041 169.193 493.483C169.895 493.914 170.428 494.486 170.791 495.2C171.165 495.903 171.352 496.668 171.352 497.495C171.352 498.322 171.165 499.093 170.791 499.807C170.428 500.51 169.895 501.082 169.193 501.524C168.49 501.955 167.634 502.17 166.626 502.17ZM166.626 500.062C167.079 500.062 167.459 499.943 167.765 499.705C168.082 499.467 168.326 499.155 168.496 498.77C168.666 498.373 168.751 497.948 168.751 497.495C168.751 497.03 168.666 496.605 168.496 496.22C168.326 495.835 168.082 495.523 167.765 495.285C167.459 495.047 167.079 494.928 166.626 494.928C166.172 494.928 165.787 495.047 165.47 495.285C165.152 495.523 164.909 495.835 164.739 496.22C164.58 496.605 164.501 497.03 164.501 497.495C164.501 497.948 164.58 498.373 164.739 498.77C164.909 499.155 165.152 499.467 165.47 499.705C165.787 499.943 166.172 500.062 166.626 500.062ZM177.698 502.17C176.905 502.17 176.213 502.04 175.624 501.779C175.035 501.507 174.547 501.15 174.162 500.708C173.777 500.266 173.488 499.767 173.295 499.212C173.102 498.645 173.006 498.073 173.006 497.495C173.006 496.917 173.102 496.35 173.295 495.795C173.488 495.24 173.777 494.741 174.162 494.299C174.547 493.846 175.035 493.489 175.624 493.228C176.213 492.956 176.905 492.82 177.698 492.82C178.503 492.82 179.166 492.939 179.687 493.177C180.208 493.404 180.622 493.693 180.928 494.044C181.245 494.384 181.478 494.73 181.625 495.081C181.772 495.421 181.863 495.71 181.897 495.948C181.942 496.175 181.965 496.288 181.965 496.288H179.551C179.551 496.288 179.528 496.22 179.483 496.084C179.449 495.937 179.37 495.772 179.245 495.591C179.132 495.398 178.956 495.234 178.718 495.098C178.48 494.951 178.163 494.877 177.766 494.877C177.279 494.877 176.871 495.002 176.542 495.251C176.225 495.489 175.987 495.806 175.828 496.203C175.669 496.6 175.59 497.03 175.59 497.495C175.59 497.96 175.669 498.39 175.828 498.787C175.987 499.184 176.225 499.507 176.542 499.756C176.871 499.994 177.279 500.113 177.766 500.113C178.163 500.113 178.48 500.045 178.718 499.909C178.956 499.762 179.132 499.597 179.245 499.416C179.37 499.223 179.449 499.059 179.483 498.923C179.528 498.776 179.551 498.702 179.551 498.702H181.965C181.965 498.702 181.942 498.821 181.897 499.059C181.863 499.286 181.772 499.575 181.625 499.926C181.478 500.266 181.245 500.612 180.928 500.963C180.622 501.303 180.208 501.592 179.687 501.83C179.166 502.057 178.503 502.17 177.698 502.17ZM188.016 502.17C187.313 502.17 186.752 502.068 186.333 501.864C185.913 501.649 185.596 501.382 185.381 501.065C185.165 500.736 185.024 500.391 184.956 500.028C184.888 499.665 184.854 499.331 184.854 499.025V495.047H183.324V492.99H184.854V490.763H187.438V492.99H189.359V495.047H187.438V498.957C187.438 499.331 187.534 499.62 187.727 499.824C187.931 500.028 188.265 500.13 188.73 500.13C188.934 500.13 189.121 500.113 189.291 500.079C189.461 500.045 189.546 500.028 189.546 500.028V502.017C189.546 502.017 189.393 502.04 189.087 502.085C188.781 502.142 188.424 502.17 188.016 502.17ZM195.745 502.17C194.736 502.17 193.881 501.955 193.178 501.524C192.475 501.082 191.937 500.51 191.563 499.807C191.2 499.093 191.019 498.322 191.019 497.495C191.019 496.668 191.2 495.903 191.563 495.2C191.937 494.486 192.475 493.914 193.178 493.483C193.881 493.041 194.736 492.82 195.745 492.82C196.754 492.82 197.609 493.041 198.312 493.483C199.015 493.914 199.547 494.486 199.91 495.2C200.284 495.903 200.471 496.668 200.471 497.495C200.471 498.322 200.284 499.093 199.91 499.807C199.547 500.51 199.015 501.082 198.312 501.524C197.609 501.955 196.754 502.17 195.745 502.17ZM195.745 500.062C196.198 500.062 196.578 499.943 196.884 499.705C197.201 499.467 197.445 499.155 197.615 498.77C197.785 498.373 197.87 497.948 197.87 497.495C197.87 497.03 197.785 496.605 197.615 496.22C197.445 495.835 197.201 495.523 196.884 495.285C196.578 495.047 196.198 494.928 195.745 494.928C195.292 494.928 194.906 495.047 194.589 495.285C194.272 495.523 194.028 495.835 193.858 496.22C193.699 496.605 193.62 497.03 193.62 497.495C193.62 497.948 193.699 498.373 193.858 498.77C194.028 499.155 194.272 499.467 194.589 499.705C194.906 499.943 195.292 500.062 195.745 500.062ZM202.327 502V492.99H204.894V494.299H204.979C205.081 494.061 205.223 493.829 205.404 493.602C205.586 493.375 205.835 493.188 206.152 493.041C206.47 492.894 206.878 492.82 207.376 492.82C207.626 492.82 207.824 492.837 207.971 492.871C208.119 492.894 208.192 492.905 208.192 492.905V495.455C208.192 495.455 208.107 495.438 207.937 495.404C207.779 495.37 207.569 495.353 207.308 495.353C206.504 495.353 205.903 495.574 205.506 496.016C205.11 496.447 204.911 497.155 204.911 498.141V502H202.327ZM215.063 491.766C214.61 491.766 214.242 491.624 213.958 491.341C213.675 491.046 213.533 490.701 213.533 490.304C213.533 489.885 213.675 489.533 213.958 489.25C214.242 488.955 214.61 488.808 215.063 488.808C215.494 488.808 215.857 488.955 216.151 489.25C216.446 489.533 216.593 489.885 216.593 490.304C216.593 490.701 216.446 491.046 216.151 491.341C215.857 491.624 215.494 491.766 215.063 491.766ZM213.771 502V492.99H216.355V502H213.771ZM222.355 502.17C221.607 502.17 220.989 502.068 220.502 501.864C220.014 501.66 219.623 501.411 219.329 501.116C219.045 500.81 218.83 500.51 218.683 500.215C218.547 499.909 218.456 499.654 218.411 499.45C218.377 499.246 218.36 499.144 218.36 499.144H220.757C220.757 499.144 220.774 499.201 220.808 499.314C220.842 499.427 220.915 499.558 221.029 499.705C221.153 499.852 221.329 499.983 221.556 500.096C221.782 500.209 222.088 500.266 222.474 500.266C222.95 500.266 223.273 500.17 223.443 499.977C223.624 499.784 223.715 499.592 223.715 499.399C223.715 498.991 223.38 498.719 222.712 498.583L221.488 498.345C220.966 498.243 220.473 498.096 220.009 497.903C219.555 497.699 219.187 497.421 218.904 497.07C218.632 496.707 218.496 496.243 218.496 495.676C218.496 495.132 218.637 494.645 218.921 494.214C219.204 493.783 219.606 493.443 220.128 493.194C220.66 492.945 221.295 492.82 222.032 492.82C222.723 492.82 223.295 492.916 223.749 493.109C224.213 493.29 224.582 493.523 224.854 493.806C225.126 494.078 225.33 494.356 225.466 494.639C225.602 494.911 225.687 495.143 225.721 495.336C225.766 495.517 225.789 495.608 225.789 495.608H223.477C223.477 495.608 223.443 495.534 223.375 495.387C223.307 495.228 223.165 495.075 222.95 494.928C222.746 494.769 222.428 494.69 221.998 494.69C221.556 494.69 221.25 494.781 221.08 494.962C220.91 495.132 220.825 495.313 220.825 495.506C220.825 495.733 220.921 495.903 221.114 496.016C221.318 496.129 221.578 496.22 221.896 496.288L223.069 496.526C223.93 496.696 224.638 496.996 225.194 497.427C225.749 497.846 226.027 498.458 226.027 499.263C226.027 499.807 225.885 500.3 225.602 500.742C225.318 501.184 224.905 501.535 224.361 501.796C223.817 502.045 223.148 502.17 222.355 502.17ZM234.315 502L231.017 492.99H233.601L235.709 499.093L237.732 492.99H240.333L237.018 502H234.315ZM245.746 502.17C244.953 502.17 244.267 502.04 243.689 501.779C243.111 501.507 242.635 501.15 242.261 500.708C241.887 500.255 241.604 499.75 241.411 499.195C241.23 498.64 241.139 498.067 241.139 497.478C241.139 496.911 241.224 496.356 241.394 495.812C241.575 495.257 241.847 494.752 242.21 494.299C242.584 493.846 243.054 493.489 243.621 493.228C244.199 492.956 244.879 492.82 245.661 492.82C246.488 492.82 247.219 493.001 247.854 493.364C248.5 493.727 249.004 494.265 249.367 494.979C249.73 495.682 249.911 496.537 249.911 497.546V498.175H243.74C243.774 498.719 243.961 499.189 244.301 499.586C244.652 499.983 245.134 500.181 245.746 500.181C246.097 500.181 246.381 500.13 246.596 500.028C246.823 499.915 246.998 499.79 247.123 499.654C247.248 499.507 247.333 499.376 247.378 499.263C247.423 499.15 247.446 499.093 247.446 499.093H249.826C249.826 499.093 249.798 499.201 249.741 499.416C249.696 499.62 249.594 499.875 249.435 500.181C249.276 500.487 249.044 500.793 248.738 501.099C248.443 501.405 248.052 501.66 247.565 501.864C247.078 502.068 246.471 502.17 245.746 502.17ZM243.74 496.611H247.429C247.395 495.988 247.208 495.523 246.868 495.217C246.528 494.911 246.109 494.758 245.61 494.758C245.111 494.758 244.686 494.922 244.335 495.251C243.984 495.568 243.785 496.022 243.74 496.611ZM251.767 502V492.99H254.334V494.299H254.419C254.521 494.061 254.662 493.829 254.844 493.602C255.025 493.375 255.274 493.188 255.592 493.041C255.909 492.894 256.317 492.82 256.816 492.82C257.065 492.82 257.263 492.837 257.411 492.871C257.558 492.894 257.632 492.905 257.632 492.905V495.455C257.632 495.455 257.547 495.438 257.377 495.404C257.218 495.37 257.008 495.353 256.748 495.353C255.943 495.353 255.342 495.574 254.946 496.016C254.549 496.447 254.351 497.155 254.351 498.141V502H251.767ZM259.885 505.315C259.579 505.315 259.336 505.304 259.154 505.281C258.973 505.258 258.882 505.247 258.882 505.247V503.173C258.882 503.173 258.956 503.179 259.103 503.19C259.262 503.201 259.455 503.207 259.681 503.207C260.225 503.207 260.673 503.128 261.024 502.969C261.376 502.822 261.682 502.527 261.942 502.085L258.61 492.99H261.194L263.285 499.093L265.325 492.99H267.926L264.696 501.643C264.402 502.47 264.045 503.156 263.625 503.7C263.217 504.244 262.713 504.646 262.112 504.907C261.512 505.179 260.769 505.315 259.885 505.315ZM273.386 502V489.08H275.97V496.526L278.945 492.99H281.886L278.35 497.104L282.039 502H278.996L275.97 497.954V502H273.386ZM284.923 491.766C284.469 491.766 284.101 491.624 283.818 491.341C283.534 491.046 283.393 490.701 283.393 490.304C283.393 489.885 283.534 489.533 283.818 489.25C284.101 488.955 284.469 488.808 284.923 488.808C285.353 488.808 285.716 488.955 286.011 489.25C286.305 489.533 286.453 489.885 286.453 490.304C286.453 490.701 286.305 491.046 286.011 491.341C285.716 491.624 285.353 491.766 284.923 491.766ZM283.631 502V492.99H286.215V502H283.631ZM288.423 502V492.99H291.007V494.282H291.092C291.194 494.101 291.341 493.897 291.534 493.67C291.738 493.443 292.004 493.245 292.333 493.075C292.673 492.905 293.104 492.82 293.625 492.82C294.328 492.82 294.9 492.984 295.342 493.313C295.784 493.63 296.107 494.044 296.311 494.554C296.515 495.053 296.617 495.58 296.617 496.135V502H294.033V496.577C294.033 496.146 293.914 495.767 293.676 495.438C293.449 495.109 293.081 494.945 292.571 494.945C292.186 494.945 291.88 495.036 291.653 495.217C291.426 495.398 291.262 495.631 291.16 495.914C291.058 496.197 291.007 496.498 291.007 496.815V502H288.423ZM302.326 502.17C301.657 502.17 301.073 502.04 300.575 501.779C300.087 501.507 299.679 501.15 299.351 500.708C299.022 500.255 298.773 499.75 298.603 499.195C298.444 498.64 298.365 498.073 298.365 497.495C298.365 496.917 298.444 496.35 298.603 495.795C298.773 495.24 299.022 494.741 299.351 494.299C299.679 493.846 300.087 493.489 300.575 493.228C301.073 492.956 301.657 492.82 302.326 492.82C302.904 492.82 303.38 492.916 303.754 493.109C304.128 493.29 304.411 493.489 304.604 493.704C304.808 493.919 304.932 494.067 304.978 494.146H305.114V489.08H307.698V502H305.114V500.844H304.978C304.932 500.923 304.808 501.071 304.604 501.286C304.411 501.501 304.128 501.705 303.754 501.898C303.38 502.079 302.904 502.17 302.326 502.17ZM303.074 500.079C303.538 500.079 303.924 499.954 304.23 499.705C304.547 499.444 304.779 499.116 304.927 498.719C305.085 498.322 305.165 497.914 305.165 497.495C305.165 497.076 305.085 496.668 304.927 496.271C304.779 495.874 304.547 495.551 304.23 495.302C303.924 495.041 303.538 494.911 303.074 494.911C302.609 494.911 302.218 495.041 301.901 495.302C301.595 495.551 301.362 495.874 301.204 496.271C301.056 496.668 300.983 497.076 300.983 497.495C300.983 497.914 301.056 498.322 301.204 498.719C301.362 499.116 301.595 499.444 301.901 499.705C302.218 499.954 302.609 500.079 303.074 500.079ZM311.709 502.17C311.278 502.17 310.927 502.028 310.655 501.745C310.383 501.45 310.247 501.11 310.247 500.725C310.247 500.317 310.383 499.971 310.655 499.688C310.927 499.405 311.278 499.263 311.709 499.263C312.117 499.263 312.457 499.405 312.729 499.688C313.012 499.971 313.154 500.317 313.154 500.725C313.154 501.122 313.012 501.462 312.729 501.745C312.457 502.028 312.117 502.17 311.709 502.17Z" fill="#03318C"/>
<path d="M145.576 526V514.9H149.851C150.561 514.9 151.166 515.03 151.666 515.29C152.176 515.54 152.566 515.88 152.836 516.31C153.106 516.73 153.241 517.19 153.241 517.69C153.241 518.24 153.141 518.685 152.941 519.025C152.741 519.365 152.516 519.625 152.266 519.805C152.016 519.975 151.816 520.09 151.666 520.15V520.24C151.906 520.31 152.181 520.445 152.491 520.645C152.811 520.835 153.086 521.11 153.316 521.47C153.546 521.83 153.661 522.3 153.661 522.88C153.661 523.39 153.536 523.885 153.286 524.365C153.036 524.845 152.641 525.24 152.101 525.55C151.561 525.85 150.846 526 149.956 526H145.576ZM149.791 516.175H147.046V519.715H149.791C150.271 519.715 150.656 519.63 150.946 519.46C151.246 519.29 151.461 519.07 151.591 518.8C151.731 518.52 151.801 518.235 151.801 517.945C151.801 517.645 151.731 517.36 151.591 517.09C151.461 516.82 151.246 516.6 150.946 516.43C150.656 516.26 150.271 516.175 149.791 516.175ZM149.911 520.9H147.046V524.725H149.911C150.461 524.725 150.901 524.635 151.231 524.455C151.561 524.265 151.801 524.025 151.951 523.735C152.111 523.435 152.191 523.125 152.191 522.805C152.191 522.485 152.111 522.18 151.951 521.89C151.801 521.6 151.561 521.365 151.231 521.185C150.901 520.995 150.461 520.9 149.911 520.9ZM159.988 516.85L158.773 516.835L160.063 514.135H161.533L159.988 516.85ZM159.058 517.9C159.558 517.9 159.978 517.98 160.318 518.14C160.658 518.3 160.933 518.49 161.143 518.71C161.353 518.92 161.513 519.12 161.623 519.31H161.713V518.05H163.138V526H161.713V524.74H161.623C161.513 524.93 161.353 525.135 161.143 525.355C160.933 525.575 160.658 525.765 160.318 525.925C159.978 526.075 159.558 526.15 159.058 526.15C158.458 526.15 157.933 526.035 157.483 525.805C157.033 525.565 156.658 525.25 156.358 524.86C156.058 524.46 155.833 524.015 155.683 523.525C155.533 523.035 155.458 522.535 155.458 522.025C155.458 521.515 155.533 521.015 155.683 520.525C155.833 520.035 156.058 519.595 156.358 519.205C156.658 518.805 157.033 518.49 157.483 518.26C157.933 518.02 158.458 517.9 159.058 517.9ZM159.298 519.115C158.768 519.115 158.323 519.26 157.963 519.55C157.603 519.83 157.333 520.19 157.153 520.63C156.983 521.07 156.898 521.535 156.898 522.025C156.898 522.505 156.983 522.97 157.153 523.42C157.333 523.86 157.603 524.225 157.963 524.515C158.323 524.795 158.768 524.935 159.298 524.935C159.828 524.935 160.268 524.795 160.618 524.515C160.978 524.225 161.243 523.86 161.413 523.42C161.593 522.97 161.683 522.505 161.683 522.025C161.683 521.535 161.593 521.07 161.413 520.63C161.243 520.19 160.978 519.83 160.618 519.55C160.268 519.26 159.828 519.115 159.298 519.115ZM169.098 526.15C168.448 526.15 167.878 526.035 167.388 525.805C166.898 525.565 166.488 525.25 166.158 524.86C165.838 524.46 165.593 524.015 165.423 523.525C165.263 523.035 165.183 522.535 165.183 522.025C165.183 521.515 165.263 521.02 165.423 520.54C165.583 520.05 165.823 519.605 166.143 519.205C166.473 518.805 166.883 518.49 167.373 518.26C167.863 518.02 168.438 517.9 169.098 517.9C169.738 517.9 170.268 517.995 170.688 518.185C171.108 518.375 171.443 518.615 171.693 518.905C171.953 519.185 172.143 519.47 172.263 519.76C172.393 520.04 172.478 520.275 172.518 520.465C172.558 520.655 172.578 520.75 172.578 520.75H171.198C171.198 520.75 171.173 520.67 171.123 520.51C171.073 520.34 170.978 520.15 170.838 519.94C170.698 519.73 170.488 519.545 170.208 519.385C169.928 519.215 169.558 519.13 169.098 519.13C168.548 519.13 168.083 519.27 167.703 519.55C167.333 519.82 167.053 520.175 166.863 520.615C166.683 521.055 166.593 521.525 166.593 522.025C166.593 522.525 166.683 522.995 166.863 523.435C167.053 523.875 167.333 524.235 167.703 524.515C168.083 524.785 168.548 524.92 169.098 524.92C169.558 524.92 169.928 524.84 170.208 524.68C170.488 524.51 170.698 524.32 170.838 524.11C170.978 523.9 171.073 523.715 171.123 523.555C171.173 523.385 171.198 523.3 171.198 523.3H172.578C172.578 523.3 172.558 523.395 172.518 523.585C172.478 523.775 172.393 524.015 172.263 524.305C172.143 524.585 171.953 524.87 171.693 525.16C171.443 525.44 171.108 525.675 170.688 525.865C170.268 526.055 169.738 526.15 169.098 526.15ZM180.899 526.15C180.289 526.15 179.784 526.065 179.384 525.895C178.994 525.725 178.684 525.515 178.454 525.265C178.224 525.005 178.054 524.75 177.944 524.5C177.834 524.24 177.764 524.025 177.734 523.855C177.704 523.685 177.689 523.6 177.689 523.6H179.129C179.129 523.6 179.144 523.67 179.174 523.81C179.214 523.94 179.289 524.095 179.399 524.275C179.519 524.445 179.699 524.6 179.939 524.74C180.189 524.87 180.519 524.935 180.929 524.935C181.399 524.935 181.764 524.825 182.024 524.605C182.284 524.375 182.414 524.095 182.414 523.765C182.414 523.475 182.309 523.245 182.099 523.075C181.899 522.905 181.609 522.775 181.229 522.685L180.149 522.43C179.749 522.33 179.374 522.195 179.024 522.025C178.674 521.855 178.389 521.625 178.169 521.335C177.959 521.035 177.854 520.665 177.854 520.225C177.854 519.545 178.109 518.99 178.619 518.56C179.129 518.12 179.794 517.9 180.614 517.9C181.164 517.9 181.619 517.98 181.979 518.14C182.339 518.29 182.624 518.48 182.834 518.71C183.054 518.94 183.214 519.17 183.314 519.4C183.424 519.63 183.494 519.825 183.524 519.985C183.554 520.135 183.569 520.21 183.569 520.21H182.189C182.189 520.21 182.174 520.155 182.144 520.045C182.114 519.925 182.044 519.795 181.934 519.655C181.834 519.505 181.679 519.375 181.469 519.265C181.259 519.145 180.979 519.085 180.629 519.085C180.149 519.085 179.799 519.195 179.579 519.415C179.359 519.635 179.249 519.875 179.249 520.135C179.249 520.385 179.349 520.59 179.549 520.75C179.759 520.9 180.029 521.015 180.359 521.095L181.454 521.35C182.134 521.51 182.694 521.775 183.134 522.145C183.584 522.505 183.809 523.025 183.809 523.705C183.809 524.145 183.694 524.555 183.464 524.935C183.234 525.305 182.904 525.6 182.474 525.82C182.044 526.04 181.519 526.15 180.899 526.15ZM187.647 516.745C187.377 516.745 187.147 516.695 186.957 516.595C186.777 516.495 186.617 516.38 186.477 516.25C186.347 516.12 186.222 516.005 186.102 515.905C185.982 515.805 185.852 515.755 185.712 515.755C185.542 515.755 185.417 515.84 185.337 516.01C185.267 516.17 185.232 516.385 185.232 516.655H184.272C184.272 516.345 184.312 516.045 184.392 515.755C184.462 515.455 184.597 515.21 184.797 515.02C184.997 514.82 185.272 514.72 185.622 514.72C185.892 514.72 186.122 514.77 186.312 514.87C186.502 514.97 186.662 515.085 186.792 515.215C186.932 515.335 187.062 515.445 187.182 515.545C187.302 515.645 187.427 515.695 187.557 515.695C187.717 515.695 187.832 515.615 187.902 515.455C187.982 515.295 188.022 515.075 188.022 514.795H188.982C188.982 515.105 188.942 515.41 188.862 515.71C188.792 516.01 188.657 516.26 188.457 516.46C188.267 516.65 187.997 516.745 187.647 516.745ZM185.922 526V518.05H187.347V526H185.922ZM193.209 526V518.05H194.634V519.04H194.694C194.864 518.74 195.114 518.475 195.444 518.245C195.774 518.015 196.239 517.9 196.839 517.9C197.009 517.9 197.164 517.91 197.304 517.93C197.444 517.94 197.514 517.945 197.514 517.945V519.31C197.514 519.31 197.434 519.305 197.274 519.295C197.124 519.275 196.964 519.265 196.794 519.265C196.104 519.265 195.569 519.465 195.189 519.865C194.819 520.255 194.634 520.895 194.634 521.785V526H193.209ZM205.233 514.99L204.018 514.975L205.308 512.275H206.778L205.233 514.99ZM199.923 516.91L201.738 514.705H202.953L204.768 516.91H203.478L202.338 515.53L201.213 516.91H199.923ZM202.008 517.9C202.508 517.9 202.928 517.98 203.268 518.14C203.608 518.3 203.883 518.49 204.093 518.71C204.303 518.92 204.463 519.12 204.573 519.31H204.663V518.05H206.088V526H204.663V524.74H204.573C204.463 524.93 204.303 525.135 204.093 525.355C203.883 525.575 203.608 525.765 203.268 525.925C202.928 526.075 202.508 526.15 202.008 526.15C201.408 526.15 200.883 526.035 200.433 525.805C199.983 525.565 199.608 525.25 199.308 524.86C199.008 524.46 198.783 524.015 198.633 523.525C198.483 523.035 198.408 522.535 198.408 522.025C198.408 521.515 198.483 521.015 198.633 520.525C198.783 520.035 199.008 519.595 199.308 519.205C199.608 518.805 199.983 518.49 200.433 518.26C200.883 518.02 201.408 517.9 202.008 517.9ZM202.248 519.115C201.718 519.115 201.273 519.26 200.913 519.55C200.553 519.83 200.283 520.19 200.103 520.63C199.933 521.07 199.848 521.535 199.848 522.025C199.848 522.505 199.933 522.97 200.103 523.42C200.283 523.86 200.553 524.225 200.913 524.515C201.273 524.795 201.718 524.935 202.248 524.935C202.778 524.935 203.218 524.795 203.568 524.515C203.928 524.225 204.193 523.86 204.363 523.42C204.543 522.97 204.633 522.505 204.633 522.025C204.633 521.535 204.543 521.07 204.363 520.63C204.193 520.19 203.928 519.83 203.568 519.55C203.218 519.26 202.778 519.115 202.248 519.115ZM211.364 526.15C210.544 526.15 209.924 525.94 209.504 525.52C209.094 525.1 208.889 524.51 208.889 523.75V519.22H207.464V518.05H208.889V516.055H210.314V518.05H212.249V519.22H210.314V523.75C210.314 524.15 210.424 524.445 210.644 524.635C210.864 524.815 211.184 524.905 211.604 524.905C211.824 524.905 212.034 524.89 212.234 524.86C212.434 524.83 212.534 524.815 212.534 524.815V526.03C212.534 526.03 212.419 526.05 212.189 526.09C211.959 526.13 211.684 526.15 211.364 526.15ZM221.238 526.15C220.418 526.15 219.798 525.94 219.378 525.52C218.968 525.1 218.763 524.51 218.763 523.75V519.22H217.338V518.05H218.763V516.055H220.188V518.05H222.123V519.22H220.188V523.75C220.188 524.15 220.298 524.445 220.518 524.635C220.738 524.815 221.058 524.905 221.478 524.905C221.698 524.905 221.908 524.89 222.108 524.86C222.308 524.83 222.408 524.815 222.408 524.815V526.03C222.408 526.03 222.293 526.05 222.063 526.09C221.833 526.13 221.558 526.15 221.238 526.15ZM230.706 514.975L229.491 514.96L230.781 512.26H232.251L230.706 514.975ZM225.396 516.895L227.211 514.69H228.426L230.241 516.895H228.951L227.811 515.515L226.686 516.895H225.396ZM227.826 526.15C226.976 526.15 226.261 525.955 225.681 525.565C225.101 525.165 224.661 524.65 224.361 524.02C224.061 523.39 223.911 522.725 223.911 522.025C223.911 521.315 224.061 520.65 224.361 520.03C224.661 519.4 225.101 518.89 225.681 518.5C226.261 518.1 226.976 517.9 227.826 517.9C228.676 517.9 229.391 518.1 229.971 518.5C230.551 518.89 230.991 519.4 231.291 520.03C231.591 520.65 231.741 521.315 231.741 522.025C231.741 522.725 231.591 523.39 231.291 524.02C230.991 524.65 230.551 525.165 229.971 525.565C229.391 525.955 228.676 526.15 227.826 526.15ZM227.826 524.905C228.366 524.905 228.816 524.77 229.176 524.5C229.546 524.22 229.821 523.86 230.001 523.42C230.191 522.98 230.286 522.515 230.286 522.025C230.286 521.525 230.191 521.06 230.001 520.63C229.821 520.19 229.546 519.835 229.176 519.565C228.816 519.285 228.366 519.145 227.826 519.145C227.296 519.145 226.846 519.285 226.476 519.565C226.106 519.835 225.826 520.19 225.636 520.63C225.456 521.06 225.366 521.525 225.366 522.025C225.366 522.515 225.456 522.98 225.636 523.42C225.826 523.86 226.106 524.22 226.476 524.5C226.846 524.77 227.296 524.905 227.826 524.905ZM236.999 526.15C236.179 526.15 235.559 525.94 235.139 525.52C234.729 525.1 234.524 524.51 234.524 523.75V519.22H233.099V518.05H234.524V516.055H235.949V518.05H237.884V519.22H235.949V523.75C235.949 524.15 236.059 524.445 236.279 524.635C236.499 524.815 236.819 524.905 237.239 524.905C237.459 524.905 237.669 524.89 237.869 524.86C238.069 524.83 238.169 524.815 238.169 524.815V526.03C238.169 526.03 238.054 526.05 237.824 526.09C237.594 526.13 237.319 526.15 236.999 526.15ZM247.727 526.15C247.227 526.15 246.807 526.07 246.467 525.91C246.127 525.75 245.852 525.56 245.642 525.34C245.442 525.12 245.282 524.92 245.162 524.74H245.072V526H243.647V514.6H245.072V519.31H245.162C245.282 519.12 245.442 518.915 245.642 518.695C245.852 518.475 246.127 518.29 246.467 518.14C246.807 517.98 247.227 517.9 247.727 517.9C248.327 517.9 248.852 518.02 249.302 518.26C249.752 518.49 250.127 518.805 250.427 519.205C250.727 519.595 250.952 520.035 251.102 520.525C251.252 521.015 251.327 521.515 251.327 522.025C251.327 522.535 251.252 523.035 251.102 523.525C250.952 524.015 250.727 524.46 250.427 524.86C250.127 525.25 249.752 525.565 249.302 525.805C248.852 526.035 248.327 526.15 247.727 526.15ZM247.487 524.935C248.027 524.935 248.472 524.795 248.822 524.515C249.182 524.225 249.447 523.86 249.617 523.42C249.797 522.97 249.887 522.505 249.887 522.025C249.887 521.535 249.797 521.07 249.617 520.63C249.447 520.19 249.182 519.83 248.822 519.55C248.472 519.26 248.027 519.115 247.487 519.115C246.957 519.115 246.512 519.26 246.152 519.55C245.802 519.83 245.537 520.19 245.357 520.63C245.187 521.07 245.102 521.535 245.102 522.025C245.102 522.505 245.187 522.97 245.357 523.42C245.537 523.86 245.802 524.225 246.152 524.515C246.512 524.795 246.957 524.935 247.487 524.935ZM256.102 526.15C255.312 526.15 254.682 525.905 254.212 525.415C253.742 524.925 253.507 524.245 253.507 523.375V518.05H254.932V523.3C254.932 523.82 255.072 524.22 255.352 524.5C255.642 524.78 256.022 524.92 256.492 524.92C256.972 524.92 257.357 524.795 257.647 524.545C257.937 524.295 258.147 523.975 258.277 523.585C258.407 523.195 258.472 522.795 258.472 522.385V518.05H259.897V526H258.472V524.86H258.382C258.322 524.98 258.207 525.145 258.037 525.355C257.867 525.555 257.627 525.74 257.317 525.91C257.007 526.07 256.602 526.15 256.102 526.15ZM256.672 529.405C256.392 529.405 256.157 529.305 255.967 529.105C255.787 528.915 255.697 528.69 255.697 528.43C255.697 528.16 255.787 527.93 255.967 527.74C256.157 527.55 256.392 527.455 256.672 527.455C256.952 527.455 257.182 527.55 257.362 527.74C257.552 527.93 257.647 528.16 257.647 528.43C257.647 528.7 257.552 528.93 257.362 529.12C257.182 529.31 256.952 529.405 256.672 529.405ZM262.145 526V518.05H263.57V519.205H263.66C263.73 519.085 263.845 518.92 264.005 518.71C264.175 518.5 264.415 518.315 264.725 518.155C265.035 517.985 265.425 517.9 265.895 517.9C266.475 517.9 266.97 518.035 267.38 518.305C267.79 518.565 268.1 518.92 268.31 519.37C268.53 519.82 268.64 520.325 268.64 520.885V526H267.215V520.975C267.215 520.445 267.065 520.005 266.765 519.655C266.475 519.305 266.05 519.13 265.49 519.13C265.04 519.13 264.675 519.245 264.395 519.475C264.115 519.695 263.905 519.99 263.765 520.36C263.635 520.72 263.57 521.105 263.57 521.515V526H262.145ZM274.568 529.15C273.908 529.15 273.358 529.06 272.918 528.88C272.478 528.71 272.123 528.49 271.853 528.22C271.593 527.96 271.398 527.7 271.268 527.44C271.138 527.18 271.053 526.96 271.013 526.78C270.973 526.61 270.953 526.525 270.953 526.525H272.378C272.378 526.525 272.403 526.595 272.453 526.735C272.503 526.875 272.598 527.035 272.738 527.215C272.888 527.395 273.108 527.555 273.398 527.695C273.688 527.835 274.078 527.905 274.568 527.905C275.148 527.905 275.603 527.79 275.933 527.56C276.263 527.34 276.498 527.05 276.638 526.69C276.788 526.33 276.863 525.95 276.863 525.55V524.635H276.788C276.688 524.805 276.528 525 276.308 525.22C276.098 525.43 275.818 525.615 275.468 525.775C275.118 525.925 274.688 526 274.178 526C273.578 526 273.053 525.885 272.603 525.655C272.153 525.425 271.778 525.115 271.478 524.725C271.188 524.335 270.968 523.9 270.818 523.42C270.668 522.94 270.593 522.45 270.593 521.95C270.593 521.45 270.668 520.96 270.818 520.48C270.968 520 271.188 519.565 271.478 519.175C271.778 518.785 272.153 518.475 272.603 518.245C273.053 518.015 273.578 517.9 274.178 517.9C274.688 517.9 275.118 517.98 275.468 518.14C275.818 518.29 276.098 518.47 276.308 518.68C276.528 518.89 276.688 519.085 276.788 519.265H276.863V518.05H278.288V525.535C278.288 526.645 277.963 527.525 277.313 528.175C276.673 528.825 275.758 529.15 274.568 529.15ZM274.448 524.785C274.978 524.785 275.418 524.65 275.768 524.38C276.128 524.1 276.393 523.745 276.563 523.315C276.743 522.885 276.833 522.43 276.833 521.95C276.833 521.47 276.743 521.015 276.563 520.585C276.393 520.145 276.128 519.79 275.768 519.52C275.418 519.25 274.978 519.115 274.448 519.115C273.918 519.115 273.473 519.25 273.113 519.52C272.753 519.79 272.483 520.145 272.303 520.585C272.133 521.015 272.048 521.47 272.048 521.95C272.048 522.43 272.133 522.885 272.303 523.315C272.483 523.745 272.753 524.1 273.113 524.38C273.473 524.65 273.918 524.785 274.448 524.785ZM281.477 526.15C281.197 526.15 280.962 526.055 280.772 525.865C280.592 525.665 280.502 525.435 280.502 525.175C280.502 524.905 280.592 524.675 280.772 524.485C280.962 524.295 281.197 524.2 281.477 524.2C281.757 524.2 281.987 524.295 282.167 524.485C282.357 524.675 282.452 524.905 282.452 525.175C282.452 525.445 282.357 525.675 282.167 525.865C281.987 526.055 281.757 526.15 281.477 526.15Z" fill="#888780"/>
<path d="M191.5 603H51.5C41.835 603 34 610.163 34 619V643C34 651.837 41.835 659 51.5 659H191.5C201.165 659 209 651.837 209 643V619C209 610.163 201.165 603 191.5 603Z" fill="#FFF0F0" stroke="#F09595"/>
<path d="M58 631H48M48 631L54 625M48 631L54 637" stroke="#E24B4A" stroke-width="2" stroke-linecap="round" stroke-linejoin="round"/>
<path d="M77.3122 640.25C75.7789 640.25 74.4372 639.983 73.2872 639.45C72.1539 638.9 71.2039 638.175 70.4372 637.275C69.6705 636.358 69.0955 635.333 68.7122 634.2C68.3289 633.067 68.1372 631.908 68.1372 630.725C68.1372 629.558 68.3289 628.408 68.7122 627.275C69.0955 626.142 69.6705 625.125 70.4372 624.225C71.2039 623.308 72.1539 622.583 73.2872 622.05C74.4372 621.517 75.7789 621.25 77.3122 621.25C78.5955 621.25 79.6872 621.417 80.5872 621.75C81.5039 622.067 82.2622 622.483 82.8622 623C83.4789 623.5 83.9705 624.042 84.3372 624.625C84.7205 625.192 85.0039 625.733 85.1872 626.25C85.3705 626.75 85.4872 627.167 85.5372 627.5C85.6039 627.817 85.6372 627.975 85.6372 627.975H81.8122C81.8122 627.975 81.7789 627.867 81.7122 627.65C81.6622 627.417 81.5539 627.142 81.3872 626.825C81.2205 626.492 80.9705 626.167 80.6372 625.85C80.3205 625.533 79.8872 625.267 79.3372 625.05C78.8039 624.817 78.1372 624.7 77.3372 624.7C76.1872 624.7 75.2205 625 74.4372 625.6C73.6705 626.183 73.0872 626.933 72.6872 627.85C72.3039 628.767 72.1122 629.725 72.1122 630.725C72.1122 631.725 72.3039 632.692 72.6872 633.625C73.0872 634.542 73.6705 635.3 74.4372 635.9C75.2205 636.483 76.1872 636.775 77.3372 636.775C78.1372 636.775 78.8039 636.667 79.3372 636.45C79.8872 636.233 80.3205 635.967 80.6372 635.65C80.9705 635.317 81.2205 634.992 81.3872 634.675C81.5539 634.342 81.6622 634.067 81.7122 633.85C81.7789 633.633 81.8122 633.525 81.8122 633.525H85.6372C85.6372 633.525 85.6039 633.692 85.5372 634.025C85.4872 634.342 85.3705 634.758 85.1872 635.275C85.0039 635.775 84.7205 636.317 84.3372 636.9C83.9705 637.467 83.4789 638.008 82.8622 638.525C82.2622 639.025 81.5039 639.442 80.5872 639.775C79.6872 640.092 78.5955 640.25 77.3122 640.25ZM88.344 640V621H92.144V628.65H92.269C92.419 628.383 92.6357 628.083 92.919 627.75C93.219 627.417 93.6107 627.125 94.094 626.875C94.594 626.625 95.2274 626.5 95.994 626.5C97.0274 626.5 97.869 626.742 98.519 627.225C99.169 627.692 99.644 628.3 99.944 629.05C100.244 629.783 100.394 630.558 100.394 631.375V640H96.594V632.025C96.594 631.392 96.419 630.833 96.069 630.35C95.7357 629.867 95.194 629.625 94.444 629.625C93.8774 629.625 93.4274 629.758 93.094 630.025C92.7607 630.292 92.519 630.633 92.369 631.05C92.219 631.467 92.144 631.908 92.144 632.375V640H88.344ZM107.429 640.25C106.496 640.25 105.721 640.05 105.104 639.65C104.504 639.25 104.054 638.717 103.754 638.05C103.454 637.367 103.304 636.6 103.304 635.75V626.75H107.079V635C107.079 635.633 107.246 636.15 107.579 636.55C107.912 636.933 108.404 637.125 109.054 637.125C109.604 637.125 110.037 636.992 110.354 636.725C110.687 636.458 110.929 636.117 111.079 635.7C111.229 635.283 111.304 634.842 111.304 634.375V626.75H113.929C114.596 626.75 114.929 626.417 114.929 625.75V623.975H117.979V625.875C117.979 626.758 117.746 627.45 117.279 627.95C116.812 628.433 116.121 628.675 115.204 628.675H115.104V640H111.304V638.125H111.154C110.871 638.642 110.429 639.125 109.829 639.575C109.246 640.025 108.446 640.25 107.429 640.25ZM124.286 626.5C125.136 626.5 125.836 626.642 126.386 626.925C126.936 627.192 127.353 627.483 127.636 627.8C127.936 628.117 128.119 628.333 128.186 628.45H128.386V626.75H132.186V640H128.386V638.3H128.186C128.119 638.417 127.936 638.633 127.636 638.95C127.353 639.267 126.936 639.567 126.386 639.85C125.836 640.117 125.136 640.25 124.286 640.25C123.303 640.25 122.444 640.058 121.711 639.675C120.994 639.275 120.394 638.75 119.911 638.1C119.428 637.433 119.061 636.692 118.811 635.875C118.578 635.058 118.461 634.225 118.461 633.375C118.461 632.525 118.578 631.692 118.811 630.875C119.061 630.058 119.428 629.325 119.911 628.675C120.394 628.008 120.994 627.483 121.711 627.1C122.444 626.7 123.303 626.5 124.286 626.5ZM125.386 629.575C124.703 629.575 124.128 629.767 123.661 630.15C123.211 630.517 122.869 630.992 122.636 631.575C122.419 632.158 122.311 632.758 122.311 633.375C122.311 633.992 122.419 634.592 122.636 635.175C122.869 635.758 123.211 636.242 123.661 636.625C124.128 636.992 124.703 637.175 125.386 637.175C126.069 637.175 126.636 636.992 127.086 636.625C127.553 636.242 127.894 635.758 128.111 635.175C128.344 634.592 128.461 633.992 128.461 633.375C128.461 632.758 128.344 632.158 128.111 631.575C127.894 630.992 127.553 630.517 127.086 630.15C126.636 629.767 126.069 629.575 125.386 629.575ZM140.853 640V626.75H144.653V628.65H144.778C144.928 628.383 145.144 628.083 145.428 627.75C145.728 627.417 146.119 627.125 146.603 626.875C147.103 626.625 147.736 626.5 148.503 626.5C149.536 626.5 150.378 626.742 151.028 627.225C151.678 627.692 152.153 628.3 152.453 629.05C152.753 629.783 152.903 630.558 152.903 631.375V640H149.103V632.025C149.103 631.392 148.928 630.833 148.578 630.35C148.244 629.867 147.703 629.625 146.953 629.625C146.386 629.625 145.936 629.758 145.603 630.025C145.269 630.292 145.028 630.633 144.878 631.05C144.728 631.467 144.653 631.908 144.653 632.375V640H140.853ZM156.044 640V621H159.844V628.65H159.969C160.119 628.383 160.336 628.083 160.619 627.75C160.919 627.417 161.311 627.125 161.794 626.875C162.294 626.625 162.928 626.5 163.694 626.5C164.728 626.5 165.569 626.742 166.219 627.225C166.869 627.692 167.344 628.3 167.644 629.05C167.944 629.783 168.094 630.558 168.094 631.375V640H164.294V632.025C164.294 631.392 164.119 630.833 163.769 630.35C163.436 629.867 162.894 629.625 162.144 629.625C161.578 629.625 161.128 629.758 160.794 630.025C160.461 630.292 160.219 630.633 160.069 631.05C159.919 631.467 159.844 631.908 159.844 632.375V640H156.044ZM179.058 624.925L176.258 624.9L178.258 620.4H181.783L179.058 624.925ZM177.633 640.25C176.149 640.25 174.891 639.933 173.858 639.3C172.824 638.65 172.033 637.808 171.483 636.775C170.949 635.725 170.683 634.592 170.683 633.375C170.683 632.158 170.949 631.033 171.483 630C172.033 628.95 172.824 628.108 173.858 627.475C174.891 626.825 176.149 626.5 177.633 626.5H180.808C181.474 626.5 181.808 626.167 181.808 625.5V623.725H184.833V625.625C184.833 626.425 184.641 627.067 184.258 627.55C183.891 628.033 183.341 628.317 182.608 628.4C183.241 629.033 183.724 629.783 184.058 630.65C184.408 631.517 184.583 632.425 184.583 633.375C184.583 634.592 184.308 635.725 183.758 636.775C183.224 637.808 182.441 638.65 181.408 639.3C180.374 639.933 179.116 640.25 177.633 640.25ZM177.633 637.15C178.299 637.15 178.866 636.975 179.333 636.625C179.799 636.275 180.149 635.817 180.383 635.25C180.633 634.667 180.758 634.042 180.758 633.375C180.758 632.692 180.633 632.067 180.383 631.5C180.149 630.933 179.799 630.475 179.333 630.125C178.866 629.775 178.299 629.6 177.633 629.6C176.966 629.6 176.399 629.775 175.933 630.125C175.466 630.475 175.108 630.933 174.858 631.5C174.624 632.067 174.508 632.692 174.508 633.375C174.508 634.042 174.624 634.667 174.858 635.25C175.108 635.817 175.466 636.275 175.933 636.625C176.399 636.975 176.966 637.15 177.633 637.15Z" fill="#A32D2D"/>
<path d="M376.6 603H237.4C227.79 603 220 610.163 220 619V643C220 651.837 227.79 659 237.4 659H376.6C386.21 659 394 651.837 394 643V619C394 610.163 386.21 603 376.6 603Z" fill="#F0FBE8" stroke="#C0DD97"/>
<path d="M370 631H380M380 631L374 625M380 631L374 637" stroke="#639922" stroke-width="2" stroke-linecap="round" stroke-linejoin="round"/>
<path d="M257.848 640V632.3H255.773V629.2H257.848V621.5H264.823C266.34 621.5 267.665 621.767 268.798 622.3C269.932 622.817 270.873 623.517 271.623 624.4C272.39 625.283 272.957 626.275 273.323 627.375C273.707 628.475 273.898 629.6 273.898 630.75C273.898 631.9 273.707 633.025 273.323 634.125C272.957 635.225 272.39 636.217 271.623 637.1C270.873 637.983 269.932 638.692 268.798 639.225C267.665 639.742 266.34 640 264.823 640H257.848ZM265.173 632.3H261.698V636.575H264.648C265.865 636.575 266.873 636.292 267.673 635.725C268.473 635.158 269.065 634.425 269.448 633.525C269.832 632.625 270.023 631.692 270.023 630.725C270.023 629.758 269.832 628.833 269.448 627.95C269.065 627.05 268.473 626.317 267.673 625.75C266.873 625.167 265.865 624.875 264.648 624.875H261.698V629.2H265.173V632.3ZM285.053 624.65C284.603 624.65 284.211 624.575 283.878 624.425C283.561 624.258 283.278 624.075 283.028 623.875C282.778 623.675 282.544 623.5 282.328 623.35C282.128 623.183 281.911 623.1 281.678 623.1C281.411 623.1 281.228 623.225 281.128 623.475C281.028 623.725 280.978 624.067 280.978 624.5H278.953C278.953 623.95 279.011 623.392 279.128 622.825C279.261 622.258 279.511 621.783 279.878 621.4C280.244 621.017 280.769 620.825 281.453 620.825C281.919 620.825 282.311 620.908 282.628 621.075C282.961 621.225 283.253 621.4 283.503 621.6C283.753 621.8 283.978 621.975 284.178 622.125C284.394 622.275 284.611 622.35 284.828 622.35C285.294 622.35 285.528 621.892 285.528 620.975H287.553C287.553 621.525 287.486 622.083 287.353 622.65C287.219 623.217 286.969 623.692 286.603 624.075C286.253 624.458 285.736 624.65 285.053 624.65ZM282.053 626.5C282.903 626.5 283.603 626.642 284.153 626.925C284.703 627.192 285.119 627.483 285.403 627.8C285.703 628.117 285.886 628.333 285.953 628.45H286.153V626.75H289.953V640H286.153V638.3H285.953C285.886 638.417 285.703 638.633 285.403 638.95C285.119 639.267 284.703 639.567 284.153 639.85C283.603 640.117 282.903 640.25 282.053 640.25C281.069 640.25 280.211 640.058 279.478 639.675C278.761 639.275 278.161 638.75 277.678 638.1C277.194 637.433 276.828 636.692 276.578 635.875C276.344 635.058 276.228 634.225 276.228 633.375C276.228 632.525 276.344 631.692 276.578 630.875C276.828 630.058 277.194 629.325 277.678 628.675C278.161 628.008 278.761 627.483 279.478 627.1C280.211 626.7 281.069 626.5 282.053 626.5ZM283.153 629.575C282.469 629.575 281.894 629.767 281.428 630.15C280.978 630.517 280.636 630.992 280.403 631.575C280.186 632.158 280.078 632.758 280.078 633.375C280.078 633.992 280.186 634.592 280.403 635.175C280.636 635.758 280.978 636.242 281.428 636.625C281.894 636.992 282.469 637.175 283.153 637.175C283.836 637.175 284.403 636.992 284.853 636.625C285.319 636.242 285.661 635.758 285.878 635.175C286.111 634.592 286.228 633.992 286.228 633.375C286.228 632.758 286.111 632.158 285.878 631.575C285.661 630.992 285.319 630.517 284.853 630.15C284.403 629.767 283.836 629.575 283.153 629.575ZM298.692 640V626.75H302.492V628.65H302.617C302.767 628.383 302.983 628.083 303.267 627.75C303.567 627.417 303.958 627.125 304.442 626.875C304.942 626.625 305.575 626.5 306.342 626.5C307.375 626.5 308.217 626.742 308.867 627.225C309.517 627.692 309.992 628.3 310.292 629.05C310.592 629.783 310.742 630.558 310.742 631.375V640H306.942V632.025C306.942 631.392 306.767 630.833 306.417 630.35C306.083 629.867 305.542 629.625 304.792 629.625C304.225 629.625 303.775 629.758 303.442 630.025C303.108 630.292 302.867 630.633 302.717 631.05C302.567 631.467 302.492 631.908 302.492 632.375V640H298.692ZM313.883 640V621H317.683V628.65H317.808C317.958 628.383 318.175 628.083 318.458 627.75C318.758 627.417 319.15 627.125 319.633 626.875C320.133 626.625 320.766 626.5 321.533 626.5C322.566 626.5 323.408 626.742 324.058 627.225C324.708 627.692 325.183 628.3 325.483 629.05C325.783 629.783 325.933 630.558 325.933 631.375V640H322.133V632.025C322.133 631.392 321.958 630.833 321.608 630.35C321.275 629.867 320.733 629.625 319.983 629.625C319.416 629.625 318.966 629.758 318.633 630.025C318.3 630.292 318.058 630.633 317.908 631.05C317.758 631.467 317.683 631.908 317.683 632.375V640H313.883ZM336.897 624.925L334.097 624.9L336.097 620.4H339.622L336.897 624.925ZM335.472 640.25C333.988 640.25 332.73 639.933 331.697 639.3C330.663 638.65 329.872 637.808 329.322 636.775C328.788 635.725 328.522 634.592 328.522 633.375C328.522 632.158 328.788 631.033 329.322 630C329.872 628.95 330.663 628.108 331.697 627.475C332.73 626.825 333.988 626.5 335.472 626.5H338.647C339.313 626.5 339.647 626.167 339.647 625.5V623.725H342.672V625.625C342.672 626.425 342.48 627.067 342.097 627.55C341.73 628.033 341.18 628.317 340.447 628.4C341.08 629.033 341.563 629.783 341.897 630.65C342.247 631.517 342.422 632.425 342.422 633.375C342.422 634.592 342.147 635.725 341.597 636.775C341.063 637.808 340.28 638.65 339.247 639.3C338.213 639.933 336.955 640.25 335.472 640.25ZM335.472 637.15C336.138 637.15 336.705 636.975 337.172 636.625C337.638 636.275 337.988 635.817 338.222 635.25C338.472 634.667 338.597 634.042 338.597 633.375C338.597 632.692 338.472 632.067 338.222 631.5C337.988 630.933 337.638 630.475 337.172 630.125C336.705 629.775 336.138 629.6 335.472 629.6C334.805 629.6 334.238 629.775 333.772 630.125C333.305 630.475 332.947 630.933 332.697 631.5C332.463 632.067 332.347 632.692 332.347 633.375C332.347 634.042 332.463 634.667 332.697 635.25C332.947 635.817 333.305 636.275 333.772 636.625C334.238 636.975 334.805 637.15 335.472 637.15Z" fill="#27500A"/>
<path d="M372 675H56C49.3726 675 44 680.373 44 687V707C44 713.627 49.3726 719 56 719H372C378.627 719 384 713.627 384 707V687C384 680.373 378.627 675 372 675Z" fill="#F5F5F0" stroke="#E0E0E0" stroke-width="0.5"/>
<path d="M82 709C87.5228 709 92 704.523 92 699C92 693.477 87.5228 689 82 689C76.4772 689 72 693.477 72 699C72 704.523 76.4772 709 82 709Z" fill="#EAF3DE"/>
<path d="M78.389 706.88C78.389 706.707 78.3557 706.62 78.289 706.62L77.829 706.84C77.829 706.747 77.7757 706.68 77.669 706.64L77.509 706.62C77.4023 706.62 77.269 706.667 77.109 706.76C77.0823 706.693 77.049 706.627 77.009 706.56C76.969 706.493 76.9357 706.433 76.909 706.38C76.7357 706.047 76.5623 705.68 76.389 705.28C76.229 704.867 76.0757 704.473 75.929 704.1C75.7957 703.727 75.689 703.433 75.609 703.22C75.5557 703.047 75.4957 702.787 75.429 702.44C75.3623 702.093 75.2957 701.653 75.229 701.12C75.3757 701.213 75.489 701.26 75.569 701.26C75.6623 701.26 75.749 701.12 75.829 700.84C75.869 700.893 75.9423 700.92 76.049 700.92C76.129 700.92 76.189 700.893 76.229 700.84L76.549 700.36L76.909 700.48H76.929C76.9557 700.48 76.9823 700.467 77.009 700.44C77.0357 700.413 77.0757 700.387 77.129 700.36C77.2357 700.293 77.3157 700.26 77.369 700.26L77.429 700.28C77.7623 700.44 77.9757 700.733 78.069 701.16C78.309 702.173 78.549 702.68 78.789 702.68C79.029 702.68 79.309 702.427 79.629 701.92C79.789 701.667 79.949 701.373 80.109 701.04C80.2823 700.707 80.4557 700.333 80.629 699.92C80.6557 700.08 80.6823 700.16 80.709 700.16C80.7757 700.16 80.889 699.993 81.049 699.66C81.2223 699.327 81.4957 698.867 81.869 698.28C82.0823 697.92 82.349 697.513 82.669 697.06C83.0023 696.607 83.3557 696.14 83.729 695.66C84.1023 695.18 84.4623 694.727 84.809 694.3C85.169 693.873 85.489 693.507 85.769 693.2C86.049 692.893 86.2557 692.693 86.389 692.6C86.8957 692.253 87.2957 691.92 87.589 691.6C87.5757 691.693 87.5557 691.78 87.529 691.86C87.5157 691.927 87.509 691.973 87.509 692C87.509 692.053 87.5357 692.08 87.589 692.08L88.149 691.8V691.88C88.149 691.987 88.1757 692.04 88.229 692.04C88.269 692.04 88.349 691.98 88.469 691.86C88.589 691.74 88.6557 691.653 88.669 691.6L88.629 691.88L89.309 691.48L89.149 691.84C89.3623 691.693 89.5157 691.62 89.609 691.62C89.6623 691.62 89.7023 691.653 89.729 691.72C89.7557 691.773 89.769 691.827 89.769 691.88C89.769 691.96 89.7357 692.053 89.669 692.16C89.6023 692.267 89.5157 692.393 89.409 692.54C89.329 692.647 89.1957 692.807 89.009 693.02C88.8357 693.22 88.569 693.52 88.209 693.92C87.849 694.307 87.369 694.847 86.769 695.54C86.609 695.713 86.3623 696.02 86.029 696.46C85.6957 696.887 85.3157 697.387 84.889 697.96C84.4757 698.52 84.0623 699.087 83.649 699.66C83.2357 700.233 82.869 700.753 82.549 701.22C82.229 701.673 82.0023 702.013 81.869 702.24L80.629 704.34C80.3623 704.793 80.1423 705.167 79.969 705.46C79.7957 705.74 79.6623 705.933 79.569 706.04C79.369 706.28 79.149 706.493 78.909 706.68L78.729 706.58L78.569 706.68L78.389 706.88Z" fill="#639922"/>
<path d="M103.04 708.2C102.093 708.2 101.267 708.02 100.56 707.66C99.8667 707.3 99.2933 706.807 98.84 706.18C98.3867 705.54 98.0467 704.813 97.82 704C97.6067 703.187 97.5 702.333 97.5 701.44C97.5 700.707 97.58 699.947 97.74 699.16C97.9 698.373 98.1467 697.613 98.48 696.88C98.8267 696.147 99.28 695.493 99.84 694.92C100.413 694.333 101.1 693.867 101.9 693.52C102.713 693.173 103.66 693 104.74 693C105.167 693 105.553 693.027 105.9 693.08C106.26 693.12 106.547 693.167 106.76 693.22C106.973 693.273 107.08 693.3 107.08 693.3V695.1C107.08 695.1 106.96 695.073 106.72 695.02C106.48 694.967 106.173 694.92 105.8 694.88C105.44 694.827 105.073 694.8 104.7 694.8C103.887 694.8 103.187 694.927 102.6 695.18C102.027 695.42 101.54 695.747 101.14 696.16C100.753 696.56 100.44 697 100.2 697.48C99.9733 697.947 99.8067 698.413 99.7 698.88C99.5933 699.333 99.5333 699.727 99.52 700.06C99.6133 699.9 99.8 699.68 100.08 699.4C100.36 699.12 100.753 698.867 101.26 698.64C101.767 698.413 102.413 698.3 103.2 698.3C104.293 698.3 105.2 698.54 105.92 699.02C106.64 699.487 107.18 700.093 107.54 700.84C107.913 701.587 108.1 702.373 108.1 703.2C108.1 704.027 107.913 704.827 107.54 705.6C107.167 706.36 106.607 706.987 105.86 707.48C105.113 707.96 104.173 708.2 103.04 708.2ZM103 706.52C103.533 706.52 104.04 706.4 104.52 706.16C105.013 705.92 105.413 705.56 105.72 705.08C106.04 704.587 106.2 703.98 106.2 703.26C106.2 702.527 106.04 701.92 105.72 701.44C105.413 700.947 105.013 700.58 104.52 700.34C104.04 700.1 103.533 699.98 103 699.98C102.467 699.98 101.953 700.1 101.46 700.34C100.98 700.58 100.58 700.947 100.26 701.44C99.9533 701.92 99.8 702.527 99.8 703.26C99.8 703.98 99.9533 704.587 100.26 705.08C100.58 705.56 100.98 705.92 101.46 706.16C101.953 706.4 102.467 706.52 103 706.52ZM120.203 708.2C119.403 708.2 118.703 708.047 118.103 707.74C117.503 707.42 117.003 707 116.603 706.48C116.203 705.947 115.903 705.353 115.703 704.7C115.503 704.047 115.403 703.38 115.403 702.7C115.403 702.02 115.503 701.353 115.703 700.7C115.903 700.047 116.203 699.46 116.603 698.94C117.003 698.407 117.503 697.987 118.103 697.68C118.703 697.36 119.403 697.2 120.203 697.2C120.87 697.2 121.43 697.307 121.883 697.52C122.336 697.733 122.703 697.987 122.983 698.28C123.263 698.56 123.476 698.827 123.623 699.08H123.743V696.24H120.963V694.72H123.743V692.8H125.643V694.72H127.463V696.24H125.643V708H123.743V706.32H123.623C123.476 706.573 123.263 706.847 122.983 707.14C122.703 707.433 122.336 707.687 121.883 707.9C121.43 708.1 120.87 708.2 120.203 708.2ZM120.523 706.58C121.23 706.58 121.816 706.393 122.283 706.02C122.763 705.633 123.116 705.147 123.343 704.56C123.583 703.96 123.703 703.34 123.703 702.7C123.703 702.047 123.583 701.427 123.343 700.84C123.116 700.253 122.763 699.773 122.283 699.4C121.816 699.013 121.23 698.82 120.523 698.82C119.816 698.82 119.223 699.013 118.743 699.4C118.263 699.773 117.903 700.253 117.663 700.84C117.436 701.427 117.323 702.047 117.323 702.7C117.323 703.34 117.436 703.96 117.663 704.56C117.903 705.147 118.263 705.633 118.743 706.02C119.223 706.393 119.816 706.58 120.523 706.58ZM135.736 695.66C135.376 695.66 135.069 695.593 134.816 695.46C134.576 695.327 134.363 695.173 134.176 695C134.003 694.827 133.836 694.673 133.676 694.54C133.516 694.407 133.343 694.34 133.156 694.34C132.929 694.34 132.763 694.453 132.656 694.68C132.563 694.893 132.516 695.18 132.516 695.54H131.236C131.236 695.127 131.283 694.727 131.376 694.34C131.483 693.94 131.669 693.613 131.936 693.36C132.203 693.093 132.569 692.96 133.036 692.96C133.396 692.96 133.703 693.027 133.956 693.16C134.209 693.293 134.423 693.447 134.596 693.62C134.783 693.78 134.956 693.927 135.116 694.06C135.276 694.193 135.443 694.26 135.616 694.26C135.829 694.26 135.983 694.153 136.076 693.94C136.183 693.727 136.236 693.433 136.236 693.06H137.516C137.516 693.473 137.463 693.88 137.356 694.28C137.263 694.68 137.083 695.013 136.816 695.28C136.563 695.533 136.203 695.66 135.736 695.66ZM133.936 697.2C134.603 697.2 135.163 697.307 135.616 697.52C136.069 697.733 136.436 697.987 136.716 698.28C136.996 698.56 137.209 698.827 137.356 699.08H137.476V697.4H139.376V708H137.476V706.32H137.356C137.209 706.573 136.996 706.847 136.716 707.14C136.436 707.433 136.069 707.687 135.616 707.9C135.163 708.1 134.603 708.2 133.936 708.2C133.136 708.2 132.436 708.047 131.836 707.74C131.236 707.42 130.736 707 130.336 706.48C129.936 705.947 129.636 705.353 129.436 704.7C129.236 704.047 129.136 703.38 129.136 702.7C129.136 702.02 129.236 701.353 129.436 700.7C129.636 700.047 129.936 699.46 130.336 698.94C130.736 698.407 131.236 697.987 131.836 697.68C132.436 697.36 133.136 697.2 133.936 697.2ZM134.256 698.82C133.549 698.82 132.956 699.013 132.476 699.4C131.996 699.773 131.636 700.253 131.396 700.84C131.169 701.427 131.056 702.047 131.056 702.7C131.056 703.34 131.169 703.96 131.396 704.56C131.636 705.147 131.996 705.633 132.476 706.02C132.956 706.393 133.549 706.58 134.256 706.58C134.963 706.58 135.549 706.393 136.016 706.02C136.496 705.633 136.849 705.147 137.076 704.56C137.316 703.96 137.436 703.34 137.436 702.7C137.436 702.047 137.316 701.427 137.076 700.84C136.849 700.253 136.496 699.773 136.016 699.4C135.549 699.013 134.963 698.82 134.256 698.82ZM146.912 708V697.4H148.812V698.94H148.932C149.025 698.78 149.178 698.56 149.392 698.28C149.618 698 149.938 697.753 150.352 697.54C150.765 697.313 151.285 697.2 151.912 697.2C152.685 697.2 153.345 697.38 153.892 697.74C154.438 698.087 154.852 698.56 155.132 699.16C155.425 699.76 155.572 700.433 155.572 701.18V708H153.672V701.3C153.672 700.593 153.472 700.007 153.072 699.54C152.685 699.073 152.118 698.84 151.372 698.84C150.772 698.84 150.285 698.993 149.912 699.3C149.538 699.593 149.258 699.987 149.072 700.48C148.898 700.96 148.812 701.473 148.812 702.02V708H146.912ZM158.577 708V692.8H160.477V698.94H160.597C160.69 698.78 160.843 698.56 161.057 698.28C161.283 698 161.603 697.753 162.017 697.54C162.43 697.313 162.95 697.2 163.577 697.2C164.35 697.2 165.01 697.38 165.557 697.74C166.103 698.087 166.517 698.56 166.797 699.16C167.09 699.76 167.237 700.433 167.237 701.18V708H165.337V701.3C165.337 700.593 165.137 700.007 164.737 699.54C164.35 699.073 163.783 698.84 163.037 698.84C162.437 698.84 161.95 698.993 161.577 699.3C161.203 699.593 160.923 699.987 160.737 700.48C160.563 700.96 160.477 701.473 160.477 702.02V708H158.577ZM175.957 695.8L174.337 695.78L176.057 692.18H178.017L175.957 695.8ZM175.157 708.2C174.023 708.2 173.07 707.94 172.297 707.42C171.523 706.887 170.937 706.2 170.537 705.36C170.137 704.52 169.937 703.633 169.937 702.7C169.937 701.753 170.137 700.867 170.537 700.04C170.937 699.2 171.523 698.52 172.297 698C173.07 697.467 174.023 697.2 175.157 697.2H177.877C178.397 697.2 178.657 696.927 178.657 696.38V695.18H180.337V696.38C180.337 696.967 180.19 697.447 179.897 697.82C179.603 698.18 179.163 698.38 178.577 698.42C179.163 698.94 179.61 699.58 179.917 700.34C180.223 701.087 180.377 701.873 180.377 702.7C180.377 703.633 180.177 704.52 179.777 705.36C179.377 706.2 178.79 706.887 178.017 707.42C177.243 707.94 176.29 708.2 175.157 708.2ZM175.157 706.54C175.877 706.54 176.477 706.36 176.957 706C177.45 705.627 177.817 705.147 178.057 704.56C178.31 703.973 178.437 703.353 178.437 702.7C178.437 702.033 178.31 701.413 178.057 700.84C177.817 700.253 177.45 699.78 176.957 699.42C176.477 699.047 175.877 698.86 175.157 698.86C174.45 698.86 173.85 699.047 173.357 699.42C172.863 699.78 172.49 700.253 172.237 700.84C171.997 701.413 171.877 702.033 171.877 702.7C171.877 703.353 171.997 703.973 172.237 704.56C172.49 705.147 172.863 705.627 173.357 706C173.85 706.36 174.45 706.54 175.157 706.54Z" fill="#27500A"/>
<path d="M214 681V713" stroke="#E0E0E0"/>
<path d="M236 709C241.523 709 246 704.523 246 699C246 693.477 241.523 689 236 689C230.477 689 226 693.477 226 699C226 704.523 230.477 709 236 709Z" fill="#FCEBEB"/>
<path d="M231.379 707.48L231.179 707.28L231.059 707.4C230.846 707.187 230.739 707.013 230.739 706.88C230.739 706.773 230.686 706.72 230.579 706.72L230.379 706.44L230.659 705.96V705.9L230.679 705.82C230.679 705.727 230.659 705.68 230.619 705.68C230.526 705.68 230.446 705.6 230.379 705.44C230.459 705.28 230.586 705.053 230.759 704.76C230.946 704.467 231.146 704.147 231.359 703.8C231.573 703.453 231.779 703.127 231.979 702.82C232.179 702.513 232.339 702.28 232.459 702.12L233.199 701.12C233.759 700.347 234.366 699.587 235.019 698.84L234.699 698.12L234.459 697.52C234.286 697.08 234.126 696.68 233.979 696.32C233.833 695.96 233.713 695.64 233.619 695.36C233.433 694.773 233.339 694.447 233.339 694.38C233.366 694.233 233.393 694.107 233.419 694C233.459 693.893 233.486 693.813 233.499 693.76H233.779C233.819 693.653 233.853 693.6 233.879 693.6C233.919 693.613 233.973 693.653 234.039 693.72C234.119 693.773 234.166 693.8 234.179 693.8L234.419 693.56L234.579 693.76L234.659 693.28C234.819 693.28 234.913 693.307 234.939 693.36C234.953 693.413 235.006 693.447 235.099 693.46L235.179 693.48H235.219L236.059 695.2L236.819 696.68C237.179 696.227 237.506 695.827 237.799 695.48C238.093 695.12 238.359 694.813 238.599 694.56C238.853 694.293 239.099 694.02 239.339 693.74C239.593 693.447 239.859 693.133 240.139 692.8L240.259 693.04L240.359 692.96L240.519 692.88C240.546 692.893 240.559 692.94 240.559 693.02C240.559 693.1 240.593 693.16 240.659 693.2L240.739 693.24C240.819 693.24 240.946 693.16 241.119 693C241.306 692.84 241.406 692.76 241.419 692.76C241.446 692.76 241.459 692.773 241.459 692.8C241.473 692.84 241.479 692.88 241.479 692.92C241.479 692.96 241.479 693 241.479 693.04C241.479 693.133 241.506 693.213 241.559 693.28C241.599 693.333 241.619 693.407 241.619 693.5C241.619 693.727 241.546 693.933 241.399 694.12C241.239 694.32 240.299 695.56 238.579 697.84L237.859 698.8L238.379 699.88C238.766 700.667 239.059 701.293 239.259 701.76C239.473 702.213 239.606 702.507 239.659 702.64L239.799 703C239.999 703.52 240.099 703.813 240.099 703.88C240.099 703.933 240.073 703.98 240.019 704.02C239.966 704.047 239.906 704.06 239.839 704.06L239.779 704.04H239.739C239.686 704.04 239.619 704.093 239.539 704.2L239.459 704.64L239.179 704.56L239.159 704.62L239.099 704.92C238.886 704.907 238.719 704.867 238.599 704.8C238.493 704.733 238.306 704.54 238.039 704.22C237.906 704.06 237.739 703.827 237.539 703.52C237.353 703.2 237.126 702.813 236.859 702.36L236.139 701.12L235.139 702.56C234.646 703.28 234.186 703.98 233.759 704.66C233.333 705.34 232.966 705.96 232.659 706.52C232.353 707.093 232.033 707.4 231.699 707.44L231.459 707.32L231.379 707.48Z" fill="#E24B4A"/>
<path d="M251.62 708V706.62L254.86 703.62C255.767 702.78 256.56 702.047 257.24 701.42C257.933 700.78 258.473 700.16 258.86 699.56C259.247 698.96 259.44 698.3 259.44 697.58C259.44 696.98 259.293 696.473 259 696.06C258.72 695.647 258.353 695.333 257.9 695.12C257.46 694.893 257 694.78 256.52 694.78C255.893 694.78 255.38 694.887 254.98 695.1C254.58 695.313 254.273 695.58 254.06 695.9C253.847 696.207 253.693 696.52 253.6 696.84C253.507 697.147 253.453 697.407 253.44 697.62C253.427 697.833 253.42 697.94 253.42 697.94H251.54C251.54 697.94 251.547 697.82 251.56 697.58C251.573 697.34 251.62 697.033 251.7 696.66C251.793 696.287 251.94 695.893 252.14 695.48C252.34 695.053 252.62 694.653 252.98 694.28C253.353 693.907 253.827 693.6 254.4 693.36C254.987 693.12 255.7 693 256.54 693C257.393 693 258.187 693.18 258.92 693.54C259.667 693.887 260.267 694.4 260.72 695.08C261.173 695.747 261.4 696.567 261.4 697.54C261.4 698.433 261.173 699.247 260.72 699.98C260.28 700.7 259.693 701.407 258.96 702.1C258.227 702.793 257.427 703.54 256.56 704.34L254.52 706.22H261.72V708H251.62ZM274.057 708.2C273.19 708.2 272.43 708.047 271.777 707.74C271.123 707.42 270.577 707 270.137 706.48C269.71 705.947 269.383 705.353 269.157 704.7C268.943 704.047 268.837 703.38 268.837 702.7C268.837 702.02 268.943 701.36 269.157 700.72C269.37 700.067 269.69 699.473 270.117 698.94C270.557 698.407 271.103 697.987 271.757 697.68C272.41 697.36 273.177 697.2 274.057 697.2C274.91 697.2 275.617 697.327 276.177 697.58C276.737 697.833 277.183 698.153 277.517 698.54C277.863 698.913 278.117 699.293 278.277 699.68C278.45 700.053 278.563 700.367 278.617 700.62C278.67 700.873 278.697 701 278.697 701H276.857C276.857 701 276.823 700.893 276.757 700.68C276.69 700.453 276.563 700.2 276.377 699.92C276.19 699.64 275.91 699.393 275.537 699.18C275.163 698.953 274.67 698.84 274.057 698.84C273.323 698.84 272.703 699.027 272.197 699.4C271.703 699.76 271.33 700.233 271.077 700.82C270.837 701.407 270.717 702.033 270.717 702.7C270.717 703.367 270.837 703.993 271.077 704.58C271.33 705.167 271.703 705.647 272.197 706.02C272.703 706.38 273.323 706.56 274.057 706.56C274.67 706.56 275.163 706.453 275.537 706.24C275.91 706.013 276.19 705.76 276.377 705.48C276.563 705.2 276.69 704.953 276.757 704.74C276.823 704.513 276.857 704.4 276.857 704.4H278.697C278.697 704.4 278.67 704.527 278.617 704.78C278.563 705.033 278.45 705.353 278.277 705.74C278.117 706.113 277.863 706.493 277.517 706.88C277.183 707.253 276.737 707.567 276.177 707.82C275.617 708.073 274.91 708.2 274.057 708.2ZM281.502 708V692.8H283.402V698.94H283.522C283.616 698.78 283.769 698.56 283.982 698.28C284.209 698 284.529 697.753 284.942 697.54C285.356 697.313 285.876 697.2 286.502 697.2C287.276 697.2 287.936 697.38 288.482 697.74C289.029 698.087 289.442 698.56 289.722 699.16C290.016 699.76 290.162 700.433 290.162 701.18V708H288.262V701.3C288.262 700.593 288.062 700.007 287.662 699.54C287.276 699.073 286.709 698.84 285.962 698.84C285.362 698.84 284.876 698.993 284.502 699.3C284.129 699.593 283.849 699.987 283.662 700.48C283.489 700.96 283.402 701.473 283.402 702.02V708H281.502ZM296.423 708.2C295.369 708.2 294.529 707.873 293.903 707.22C293.276 706.567 292.963 705.66 292.963 704.5V697.4H294.863V704.4C294.863 705.093 295.049 705.627 295.423 706C295.809 706.373 296.316 706.56 296.943 706.56C297.583 706.56 298.096 706.393 298.483 706.06C298.869 705.727 299.149 705.3 299.323 704.78C299.496 704.26 299.583 703.727 299.583 703.18V697.4H301.203C301.723 697.4 301.983 697.127 301.983 696.58V695.38H303.663V696.58C303.663 697.193 303.503 697.687 303.183 698.06C302.863 698.433 302.376 698.62 301.723 698.62H301.483V708H299.583V706.48H299.463C299.383 706.64 299.229 706.86 299.003 707.14C298.776 707.407 298.456 707.653 298.043 707.88C297.629 708.093 297.089 708.2 296.423 708.2ZM309.379 697.2C310.046 697.2 310.606 697.307 311.059 697.52C311.512 697.733 311.879 697.987 312.159 698.28C312.439 698.56 312.652 698.827 312.799 699.08H312.919V697.4H314.819V708H312.919V706.32H312.799C312.652 706.573 312.439 706.847 312.159 707.14C311.879 707.433 311.512 707.687 311.059 707.9C310.606 708.1 310.046 708.2 309.379 708.2C308.579 708.2 307.879 708.047 307.279 707.74C306.679 707.42 306.179 707 305.779 706.48C305.379 705.947 305.079 705.353 304.879 704.7C304.679 704.047 304.579 703.38 304.579 702.7C304.579 702.02 304.679 701.353 304.879 700.7C305.079 700.047 305.379 699.46 305.779 698.94C306.179 698.407 306.679 697.987 307.279 697.68C307.879 697.36 308.579 697.2 309.379 697.2ZM309.699 698.82C308.992 698.82 308.399 699.013 307.919 699.4C307.439 699.773 307.079 700.253 306.839 700.84C306.612 701.427 306.499 702.047 306.499 702.7C306.499 703.34 306.612 703.96 306.839 704.56C307.079 705.147 307.439 705.633 307.919 706.02C308.399 706.393 308.992 706.58 309.699 706.58C310.406 706.58 310.992 706.393 311.459 706.02C311.939 705.633 312.292 705.147 312.519 704.56C312.759 703.96 312.879 703.34 312.879 702.7C312.879 702.047 312.759 701.427 312.519 700.84C312.292 700.253 311.939 699.773 311.459 699.4C310.992 699.013 310.406 698.82 309.699 698.82ZM322.22 708V697.4H324.12V698.94H324.24C324.334 698.78 324.487 698.56 324.7 698.28C324.927 698 325.247 697.753 325.66 697.54C326.074 697.313 326.594 697.2 327.22 697.2C327.994 697.2 328.654 697.38 329.2 697.74C329.747 698.087 330.16 698.56 330.44 699.16C330.734 699.76 330.88 700.433 330.88 701.18V708H328.98V701.3C328.98 700.593 328.78 700.007 328.38 699.54C327.994 699.073 327.427 698.84 326.68 698.84C326.08 698.84 325.594 698.993 325.22 699.3C324.847 699.593 324.567 699.987 324.38 700.48C324.207 700.96 324.12 701.473 324.12 702.02V708H322.22ZM333.885 708V692.8H335.785V698.94H335.905C335.998 698.78 336.152 698.56 336.365 698.28C336.592 698 336.912 697.753 337.325 697.54C337.738 697.313 338.258 697.2 338.885 697.2C339.658 697.2 340.318 697.38 340.865 697.74C341.412 698.087 341.825 698.56 342.105 699.16C342.398 699.76 342.545 700.433 342.545 701.18V708H340.645V701.3C340.645 700.593 340.445 700.007 340.045 699.54C339.658 699.073 339.092 698.84 338.345 698.84C337.745 698.84 337.258 698.993 336.885 699.3C336.512 699.593 336.232 699.987 336.045 700.48C335.872 700.96 335.785 701.473 335.785 702.02V708H333.885ZM351.265 695.8L349.645 695.78L351.365 692.18H353.325L351.265 695.8ZM350.465 708.2C349.332 708.2 348.379 707.94 347.605 707.42C346.832 706.887 346.245 706.2 345.845 705.36C345.445 704.52 345.245 703.633 345.245 702.7C345.245 701.753 345.445 700.867 345.845 700.04C346.245 699.2 346.832 698.52 347.605 698C348.379 697.467 349.332 697.2 350.465 697.2H353.185C353.705 697.2 353.965 696.927 353.965 696.38V695.18H355.645V696.38C355.645 696.967 355.499 697.447 355.205 697.82C354.912 698.18 354.472 698.38 353.885 698.42C354.472 698.94 354.919 699.58 355.225 700.34C355.532 701.087 355.685 701.873 355.685 702.7C355.685 703.633 355.485 704.52 355.085 705.36C354.685 706.2 354.099 706.887 353.325 707.42C352.552 707.94 351.599 708.2 350.465 708.2ZM350.465 706.54C351.185 706.54 351.785 706.36 352.265 706C352.759 705.627 353.125 705.147 353.365 704.56C353.619 703.973 353.745 703.353 353.745 702.7C353.745 702.033 353.619 701.413 353.365 700.84C353.125 700.253 352.759 699.78 352.265 699.42C351.785 699.047 351.185 698.86 350.465 698.86C349.759 698.86 349.159 699.047 348.665 699.42C348.172 699.78 347.799 700.253 347.545 700.84C347.305 701.413 347.185 702.033 347.185 702.7C347.185 703.353 347.305 703.973 347.545 704.56C347.799 705.147 348.172 705.627 348.665 706C349.159 706.36 349.759 706.54 350.465 706.54Z" fill="#A32D2D"/>
<path d="M44 735H384" stroke="#E8EFFE"/>
<path d="M188 751H56C49.3726 751 44 756.373 44 763V791C44 797.627 49.3726 803 56 803H188C194.627 803 200 797.627 200 791V763C200 756.373 194.627 751 188 751Z" fill="#F5F5F0" stroke="#E0E0E0" stroke-width="0.5"/>
<path d="M52.3341 788L45.8091 769.5H48.4091L53.8841 785.2L59.3591 769.5H61.9591L55.4091 788H52.3341ZM72.8124 769.675L70.2374 765.15H72.6874L74.8374 769.65L72.8124 769.675ZM65.3624 772.875L68.3874 769.2H70.4124L73.4374 772.875H71.2874L69.3874 770.575L67.5124 772.875H65.3624ZM69.4874 788.25C68.4041 788.25 67.4624 788.058 66.6624 787.675C65.8791 787.275 65.2291 786.742 64.7124 786.075C64.2124 785.408 63.8374 784.675 63.5874 783.875C63.3374 783.058 63.2124 782.225 63.2124 781.375C63.2124 780.542 63.3291 779.717 63.5624 778.9C63.8124 778.083 64.1874 777.342 64.6874 776.675C65.2041 776.008 65.8457 775.483 66.6124 775.1C67.3957 774.7 68.3207 774.5 69.3874 774.5C70.5207 774.5 71.5207 774.758 72.3874 775.275C73.2541 775.792 73.9374 776.558 74.4374 777.575C74.9374 778.592 75.1874 779.867 75.1874 781.4V782.1H65.6124C65.6624 782.85 65.8374 783.542 66.1374 784.175C66.4541 784.792 66.8957 785.292 67.4624 785.675C68.0291 786.042 68.7041 786.225 69.4874 786.225C70.1707 786.225 70.7207 786.117 71.1374 785.9C71.5707 785.667 71.9124 785.4 72.1624 785.1C72.4124 784.8 72.5791 784.542 72.6624 784.325C72.7624 784.092 72.8124 783.975 72.8124 783.975H75.0374C75.0374 783.975 74.9957 784.125 74.9124 784.425C74.8291 784.708 74.6791 785.058 74.4624 785.475C74.2457 785.892 73.9291 786.317 73.5124 786.75C73.0957 787.167 72.5624 787.525 71.9124 787.825C71.2624 788.108 70.4541 788.25 69.4874 788.25ZM65.6374 780.25H72.8624C72.8291 779.383 72.6457 778.683 72.3124 778.15C71.9791 777.6 71.5541 777.192 71.0374 776.925C70.5207 776.658 69.9707 776.525 69.3874 776.525C68.3374 776.525 67.4791 776.867 66.8124 777.55C66.1457 778.217 65.7541 779.117 65.6374 780.25ZM89.9585 788.25C88.5918 788.25 87.5585 787.9 86.8585 787.2C86.1752 786.5 85.8335 785.517 85.8335 784.25V776.7H83.4585V774.75H85.8335V771.425H88.2085V774.75H91.4335V776.7H88.2085V784.25C88.2085 784.917 88.3918 785.408 88.7585 785.725C89.1252 786.025 89.6585 786.175 90.3585 786.175C90.7252 786.175 91.0752 786.15 91.4085 786.1C91.7418 786.05 91.9085 786.025 91.9085 786.025V788.05C91.9085 788.05 91.7168 788.083 91.3335 788.15C90.9502 788.217 90.4918 788.25 89.9585 788.25ZM95.0269 788V774.75H97.4019V776.4H97.5019C97.7852 775.9 98.2019 775.458 98.7519 775.075C99.3019 774.692 100.077 774.5 101.077 774.5C101.36 774.5 101.619 774.517 101.852 774.55C102.085 774.567 102.202 774.575 102.202 774.575V776.85C102.202 776.85 102.069 776.842 101.802 776.825C101.552 776.792 101.285 776.775 101.002 776.775C99.8519 776.775 98.9602 777.108 98.3269 777.775C97.7102 778.425 97.4019 779.492 97.4019 780.975V788H95.0269ZM109.566 774.5C110.399 774.5 111.099 774.633 111.666 774.9C112.233 775.167 112.691 775.483 113.041 775.85C113.391 776.2 113.658 776.533 113.841 776.85H113.991V774.75H116.366V788H113.991V785.9H113.841C113.658 786.217 113.391 786.558 113.041 786.925C112.691 787.292 112.233 787.608 111.666 787.875C111.099 788.125 110.399 788.25 109.566 788.25C108.566 788.25 107.691 788.058 106.941 787.675C106.191 787.275 105.566 786.75 105.066 786.1C104.566 785.433 104.191 784.692 103.941 783.875C103.691 783.058 103.566 782.225 103.566 781.375C103.566 780.525 103.691 779.692 103.941 778.875C104.191 778.058 104.566 777.325 105.066 776.675C105.566 776.008 106.191 775.483 106.941 775.1C107.691 774.7 108.566 774.5 109.566 774.5ZM109.966 776.525C109.083 776.525 108.341 776.767 107.741 777.25C107.141 777.717 106.691 778.317 106.391 779.05C106.108 779.783 105.966 780.558 105.966 781.375C105.966 782.175 106.108 782.95 106.391 783.7C106.691 784.433 107.141 785.042 107.741 785.525C108.341 785.992 109.083 786.225 109.966 786.225C110.849 786.225 111.583 785.992 112.166 785.525C112.766 785.042 113.208 784.433 113.491 783.7C113.791 782.95 113.941 782.175 113.941 781.375C113.941 780.558 113.791 779.783 113.491 779.05C113.208 778.317 112.766 777.717 112.166 777.25C111.583 776.767 110.849 776.525 109.966 776.525ZM119.856 788V774.75H122.231V776.675H122.381C122.498 776.475 122.689 776.2 122.956 775.85C123.239 775.5 123.639 775.192 124.156 774.925C124.673 774.642 125.323 774.5 126.106 774.5C127.073 774.5 127.898 774.725 128.581 775.175C129.264 775.608 129.781 776.2 130.131 776.95C130.498 777.7 130.681 778.542 130.681 779.475V788H128.306V779.625C128.306 778.742 128.056 778.008 127.556 777.425C127.073 776.842 126.364 776.55 125.431 776.55C124.681 776.55 124.073 776.742 123.606 777.125C123.139 777.492 122.789 777.983 122.556 778.6C122.339 779.2 122.231 779.842 122.231 780.525V788H119.856ZM140.562 793.25C139.462 793.25 138.545 793.1 137.812 792.8C137.079 792.517 136.487 792.15 136.037 791.7C135.604 791.267 135.279 790.833 135.062 790.4C134.845 789.967 134.704 789.6 134.637 789.3C134.57 789.017 134.537 788.875 134.537 788.875H136.912C136.912 788.875 136.954 788.992 137.037 789.225C137.12 789.458 137.279 789.725 137.512 790.025C137.762 790.325 138.129 790.592 138.612 790.825C139.095 791.058 139.745 791.175 140.562 791.175C141.529 791.175 142.287 790.983 142.837 790.6C143.387 790.233 143.779 789.75 144.012 789.15C144.262 788.55 144.387 787.917 144.387 787.25V785.725H144.262C144.095 786.008 143.829 786.333 143.462 786.7C143.112 787.05 142.645 787.358 142.062 787.625C141.479 787.875 140.762 788 139.912 788C138.912 788 138.037 787.808 137.287 787.425C136.537 787.042 135.912 786.525 135.412 785.875C134.929 785.225 134.562 784.5 134.312 783.7C134.062 782.9 133.937 782.083 133.937 781.25C133.937 780.417 134.062 779.6 134.312 778.8C134.562 778 134.929 777.275 135.412 776.625C135.912 775.975 136.537 775.458 137.287 775.075C138.037 774.692 138.912 774.5 139.912 774.5C140.762 774.5 141.479 774.633 142.062 774.9C142.645 775.15 143.112 775.45 143.462 775.8C143.829 776.15 144.095 776.475 144.262 776.775H144.387V774.75H146.762V787.225C146.762 789.075 146.22 790.542 145.137 791.625C144.07 792.708 142.545 793.25 140.562 793.25ZM140.362 785.975C141.245 785.975 141.979 785.75 142.562 785.3C143.162 784.833 143.604 784.242 143.887 783.525C144.187 782.808 144.337 782.05 144.337 781.25C144.337 780.45 144.187 779.692 143.887 778.975C143.604 778.242 143.162 777.65 142.562 777.2C141.979 776.75 141.245 776.525 140.362 776.525C139.479 776.525 138.737 776.75 138.137 777.2C137.537 777.65 137.087 778.242 136.787 778.975C136.504 779.692 136.362 780.45 136.362 781.25C136.362 782.05 136.504 782.808 136.787 783.525C137.087 784.242 137.537 784.833 138.137 785.3C138.737 785.75 139.479 785.975 140.362 785.975ZM162.288 788.25C161.205 788.25 160.255 788.058 159.438 787.675C158.622 787.275 157.938 786.75 157.388 786.1C156.855 785.433 156.447 784.692 156.163 783.875C155.897 783.058 155.763 782.225 155.763 781.375C155.763 780.525 155.897 779.7 156.163 778.9C156.43 778.083 156.83 777.342 157.363 776.675C157.913 776.008 158.597 775.483 159.413 775.1C160.23 774.7 161.188 774.5 162.288 774.5C163.355 774.5 164.238 774.658 164.938 774.975C165.638 775.292 166.197 775.692 166.613 776.175C167.047 776.642 167.363 777.117 167.563 777.6C167.78 778.067 167.922 778.458 167.988 778.775C168.055 779.092 168.088 779.25 168.088 779.25H165.788C165.788 779.25 165.747 779.117 165.663 778.85C165.58 778.567 165.422 778.25 165.188 777.9C164.955 777.55 164.605 777.242 164.138 776.975C163.672 776.692 163.055 776.55 162.288 776.55C161.372 776.55 160.597 776.783 159.963 777.25C159.347 777.7 158.88 778.292 158.563 779.025C158.263 779.758 158.113 780.542 158.113 781.375C158.113 782.208 158.263 782.992 158.563 783.725C158.88 784.458 159.347 785.058 159.963 785.525C160.597 785.975 161.372 786.2 162.288 786.2C163.055 786.2 163.672 786.067 164.138 785.8C164.605 785.517 164.955 785.2 165.188 784.85C165.422 784.5 165.58 784.192 165.663 783.925C165.747 783.642 165.788 783.5 165.788 783.5H168.088C168.088 783.5 168.055 783.658 167.988 783.975C167.922 784.292 167.78 784.692 167.563 785.175C167.363 785.642 167.047 786.117 166.613 786.6C166.197 787.067 165.638 787.458 164.938 787.775C164.238 788.092 163.355 788.25 162.288 788.25ZM171.595 788V769H173.97V776.675H174.12C174.237 776.475 174.429 776.2 174.695 775.85C174.979 775.5 175.379 775.192 175.895 774.925C176.412 774.642 177.062 774.5 177.845 774.5C178.812 774.5 179.637 774.725 180.32 775.175C181.004 775.608 181.52 776.2 181.87 776.95C182.237 777.7 182.42 778.542 182.42 779.475V788H180.045V779.625C180.045 778.742 179.795 778.008 179.295 777.425C178.812 776.842 178.104 776.55 177.17 776.55C176.42 776.55 175.812 776.742 175.345 777.125C174.879 777.492 174.529 777.983 174.295 778.6C174.079 779.2 173.97 779.842 173.97 780.525V788H171.595ZM190.77 772.925V772.125C190.77 771.958 190.804 771.792 190.87 771.625C190.937 771.458 191.07 771.325 191.27 771.225L191.62 771.05C192.387 770.667 192.77 770.242 192.77 769.775C192.77 769.542 192.679 769.333 192.495 769.15C192.329 768.95 192.054 768.85 191.67 768.85C191.337 768.85 191.087 768.925 190.92 769.075C190.77 769.208 190.67 769.358 190.62 769.525C190.57 769.692 190.545 769.825 190.545 769.925H188.895C188.895 769.508 188.987 769.108 189.17 768.725C189.37 768.342 189.67 768.025 190.07 767.775C190.487 767.525 191.012 767.4 191.645 767.4C192.529 767.4 193.22 767.633 193.72 768.1C194.237 768.55 194.495 769.092 194.495 769.725C194.495 770.192 194.337 770.633 194.02 771.05C193.704 771.45 193.195 771.817 192.495 772.15L192.395 772.2V772.925H190.77ZM190.62 788.25C189.304 788.25 188.254 787.842 187.47 787.025C186.687 786.208 186.295 785.075 186.295 783.625V774.75H188.67V783.5C188.67 784.367 188.904 785.033 189.37 785.5C189.854 785.967 190.487 786.2 191.27 786.2C192.07 786.2 192.712 785.992 193.195 785.575C193.679 785.158 194.029 784.625 194.245 783.975C194.462 783.325 194.57 782.658 194.57 781.975V774.75H196.945V788H194.57V786.1H194.42C194.32 786.3 194.129 786.575 193.845 786.925C193.562 787.258 193.162 787.567 192.645 787.85C192.129 788.117 191.454 788.25 190.62 788.25Z" fill="#888780"/>
<path d="M372 751H228C221.373 751 216 756.373 216 763V791C216 797.627 221.373 803 228 803H372C378.627 803 384 797.627 384 791V763C384 756.373 378.627 751 372 751Z" fill="#0961F5"/>
<path d="M239.877 788V772.85H234.202V769.5H249.402V772.85H243.727V788H239.877ZM254.066 772.95C253.399 772.95 252.857 772.742 252.441 772.325C252.024 771.892 251.816 771.383 251.816 770.8C251.816 770.183 252.024 769.667 252.441 769.25C252.857 768.817 253.399 768.6 254.066 768.6C254.699 768.6 255.232 768.817 255.666 769.25C256.099 769.667 256.316 770.183 256.316 770.8C256.316 771.383 256.099 771.892 255.666 772.325C255.232 772.742 254.699 772.95 254.066 772.95ZM252.166 788V774.75H255.966V788H252.166ZM271.688 769.875L268.863 769.85L270.888 765.35H274.413L271.688 769.875ZM260.938 773.1L264.163 769.25H267.188L270.413 773.1H267.438L265.688 770.975L263.913 773.1H260.938ZM265.813 788.25C264.647 788.25 263.638 788.058 262.788 787.675C261.938 787.275 261.238 786.75 260.688 786.1C260.138 785.433 259.722 784.692 259.438 783.875C259.172 783.058 259.038 782.217 259.038 781.35C259.038 780.517 259.172 779.7 259.438 778.9C259.705 778.083 260.105 777.342 260.638 776.675C261.188 776.008 261.88 775.483 262.713 775.1C263.547 774.7 264.538 774.5 265.688 774.5C266.922 774.5 268.005 774.767 268.938 775.3C269.872 775.833 270.605 776.625 271.138 777.675C271.672 778.708 271.938 779.967 271.938 781.45V782.375H262.863C262.913 783.175 263.188 783.867 263.688 784.45C264.205 785.033 264.913 785.325 265.813 785.325C266.33 785.325 266.747 785.25 267.063 785.1C267.397 784.933 267.655 784.75 267.838 784.55C268.022 784.333 268.147 784.142 268.213 783.975C268.297 783.808 268.338 783.725 268.338 783.725H271.838C271.838 783.725 271.797 783.883 271.713 784.2C271.63 784.5 271.472 784.875 271.238 785.325C271.005 785.775 270.663 786.225 270.213 786.675C269.78 787.125 269.205 787.5 268.488 787.8C267.772 788.1 266.88 788.25 265.813 788.25ZM262.863 780.075H268.288C268.255 779.158 267.98 778.475 267.463 778.025C266.963 777.575 266.347 777.35 265.613 777.35C264.88 777.35 264.255 777.592 263.738 778.075C263.238 778.542 262.947 779.208 262.863 780.075ZM274.771 792.875V774.75H278.571V776.45H278.746C278.829 776.333 279.012 776.117 279.296 775.8C279.596 775.483 280.021 775.192 280.571 774.925C281.121 774.642 281.821 774.5 282.671 774.5C283.654 774.5 284.504 774.7 285.221 775.1C285.954 775.483 286.562 776.008 287.046 776.675C287.529 777.325 287.887 778.058 288.121 778.875C288.371 779.692 288.496 780.525 288.496 781.375C288.496 782.225 288.371 783.058 288.121 783.875C287.887 784.692 287.529 785.433 287.046 786.1C286.562 786.75 285.954 787.275 285.221 787.675C284.504 788.058 283.654 788.25 282.671 788.25C281.821 788.25 281.121 788.117 280.571 787.85C280.021 787.567 279.596 787.267 279.296 786.95C279.012 786.633 278.829 786.417 278.746 786.3H278.571V792.875H274.771ZM278.496 781.375C278.496 781.992 278.604 782.592 278.821 783.175C279.054 783.758 279.396 784.242 279.846 784.625C280.312 784.992 280.887 785.175 281.571 785.175C282.254 785.175 282.821 784.992 283.271 784.625C283.737 784.242 284.079 783.758 284.296 783.175C284.529 782.592 284.646 781.992 284.646 781.375C284.646 780.758 284.529 780.158 284.296 779.575C284.079 778.992 283.737 778.517 283.271 778.15C282.821 777.767 282.254 777.575 281.571 777.575C280.887 777.575 280.312 777.767 279.846 778.15C279.396 778.517 279.054 778.992 278.821 779.575C278.604 780.158 278.496 780.758 278.496 781.375ZM303.157 788.25C302.123 788.25 301.298 788.1 300.682 787.8C300.065 787.483 299.598 787.092 299.282 786.625C298.965 786.142 298.757 785.633 298.657 785.1C298.557 784.567 298.507 784.075 298.507 783.625V777.775H296.257V774.75H298.507V771.475H302.307V774.75H305.132V777.775H302.307V783.525C302.307 784.075 302.448 784.5 302.732 784.8C303.032 785.1 303.523 785.25 304.207 785.25C304.507 785.25 304.782 785.225 305.032 785.175C305.282 785.125 305.407 785.1 305.407 785.1V788.025C305.407 788.025 305.182 788.058 304.732 788.125C304.282 788.208 303.757 788.25 303.157 788.25ZM308.194 788V769H311.994V776.65H312.119C312.269 776.383 312.485 776.083 312.769 775.75C313.069 775.417 313.46 775.125 313.944 774.875C314.444 774.625 315.077 774.5 315.844 774.5C316.877 774.5 317.719 774.742 318.369 775.225C319.019 775.692 319.494 776.3 319.794 777.05C320.094 777.783 320.244 778.558 320.244 779.375V788H316.444V780.025C316.444 779.392 316.269 778.833 315.919 778.35C315.585 777.867 315.044 777.625 314.294 777.625C313.727 777.625 313.277 777.758 312.944 778.025C312.61 778.292 312.369 778.633 312.219 779.05C312.069 779.467 311.994 779.908 311.994 780.375V788H308.194ZM328.407 773.2V772.375C328.407 772.158 328.449 771.958 328.532 771.775C328.632 771.575 328.799 771.417 329.032 771.3L329.407 771.125C329.757 770.942 330.024 770.767 330.207 770.6C330.39 770.417 330.482 770.192 330.482 769.925C330.482 769.725 330.399 769.542 330.232 769.375C330.082 769.208 329.857 769.125 329.557 769.125C329.257 769.125 329.032 769.2 328.882 769.35C328.749 769.5 328.665 769.658 328.632 769.825C328.599 769.975 328.582 770.075 328.582 770.125H326.407C326.39 769.675 326.482 769.225 326.682 768.775C326.899 768.325 327.24 767.958 327.707 767.675C328.174 767.375 328.782 767.225 329.532 767.225C330.532 767.225 331.324 767.483 331.907 768C332.49 768.517 332.782 769.133 332.782 769.85C332.782 770.45 332.582 770.95 332.182 771.35C331.799 771.75 331.307 772.108 330.707 772.425L330.582 772.5V773.2H328.407ZM329.607 788.25C328.44 788.25 327.432 788.058 326.582 787.675C325.732 787.275 325.032 786.75 324.482 786.1C323.932 785.433 323.515 784.692 323.232 783.875C322.965 783.058 322.832 782.217 322.832 781.35C322.832 780.517 322.965 779.7 323.232 778.9C323.499 778.083 323.899 777.342 324.432 776.675C324.982 776.008 325.674 775.483 326.507 775.1C327.34 774.7 328.332 774.5 329.482 774.5C330.715 774.5 331.799 774.767 332.732 775.3C333.665 775.833 334.399 776.625 334.932 777.675C335.465 778.708 335.732 779.967 335.732 781.45V782.375H326.657C326.707 783.175 326.982 783.867 327.482 784.45C327.999 785.033 328.707 785.325 329.607 785.325C330.124 785.325 330.54 785.25 330.857 785.1C331.19 784.933 331.449 784.75 331.632 784.55C331.815 784.333 331.94 784.142 332.007 783.975C332.09 783.808 332.132 783.725 332.132 783.725H335.632C335.632 783.725 335.59 783.883 335.507 784.2C335.424 784.5 335.265 784.875 335.032 785.325C334.799 785.775 334.457 786.225 334.007 786.675C333.574 787.125 332.999 787.5 332.282 787.8C331.565 788.1 330.674 788.25 329.607 788.25ZM326.657 780.075H332.082C332.049 779.158 331.774 778.475 331.257 778.025C330.757 777.575 330.14 777.35 329.407 777.35C328.674 777.35 328.049 777.592 327.532 778.075C327.032 778.542 326.74 779.208 326.657 780.075ZM358.698 782.75C358.865 782.317 359.048 781.917 359.248 781.55C359.448 781.167 359.673 780.808 359.923 780.475H346.523V778.425H359.923C359.69 778.092 359.473 777.742 359.273 777.375C359.073 776.992 358.89 776.583 358.723 776.15H360.623C361.656 777.367 362.79 778.292 364.023 778.925V780C362.79 780.6 361.656 781.517 360.623 782.75H358.698Z" fill="white"/>
<path d="M256.5 900H171.5C170.119 900 169 901.119 169 902.5C169 903.881 170.119 905 171.5 905H256.5C257.881 905 259 903.881 259 902.5C259 901.119 257.881 900 256.5 900Z" fill="#C8C8C8"/>
</g>
<defs>
<clipPath id="clip0_20_625">
<rect width="429" height="927" fill="white"/>
</clipPath>
</defs>
</svg>
