<svg width="427" height="926" viewBox="0 0 427 926" fill="none" xmlns="http://www.w3.org/2000/svg">
<g clip-path="url(#clip0_63_345)">
<path d="M391.964 0H35.0359C15.6861 0 0 14.4203 0 32.2087V893.791C0 911.58 15.6861 926 35.0359 926H391.964C411.314 926 427 911.58 427 893.791V32.2087C427 14.4203 411.314 0 391.964 0Z" fill="#F5F6FA"/>
<path d="M429 44H-17V106H429V44Z" fill="white"/>
<path d="M61.3128 72.4698C61.3128 61.3521 51.509 52.3394 39.4154 52.3394C27.3218 52.3394 17.5179 61.3521 17.5179 72.4698C17.5179 83.5875 27.3218 92.6002 39.4154 92.6002C51.509 92.6002 61.3128 83.5875 61.3128 72.4698Z" fill="#0961F5"/>
<path d="M42.5752 81.875H39.6206L33.882 73.3523V73.0682H37.1206L42.5752 81.875ZM42.5752 64.4318L37.1206 73.2386H33.882V72.9545L39.6206 64.4318H42.5752Z" fill="white"/>
<path d="M148.21 86V61.76H139.13V56.4H163.45V61.76H154.37V86H148.21ZM170.912 61.92C169.846 61.92 168.979 61.5867 168.312 60.92C167.646 60.2267 167.312 59.4133 167.312 58.48C167.312 57.4933 167.646 56.6667 168.312 56C168.979 55.3067 169.846 54.96 170.912 54.96C171.926 54.96 172.779 55.3067 173.472 56C174.166 56.6667 174.512 57.4933 174.512 58.48C174.512 59.4133 174.166 60.2267 173.472 60.92C172.779 61.5867 171.926 61.92 170.912 61.92ZM167.872 86V64.8H173.952V86H167.872ZM199.108 57L194.588 56.96L197.828 49.76H203.468L199.108 57ZM181.908 62.16L187.068 56H191.908L197.068 62.16H192.308L189.508 58.76L186.668 62.16H181.908ZM189.708 86.4C187.841 86.4 186.228 86.0933 184.868 85.48C183.508 84.84 182.388 84 181.508 82.96C180.628 81.8933 179.961 80.7067 179.508 79.4C179.081 78.0933 178.868 76.7467 178.868 75.36C178.868 74.0267 179.081 72.72 179.508 71.44C179.935 70.1333 180.575 68.9467 181.428 67.88C182.308 66.8133 183.415 65.9733 184.748 65.36C186.081 64.72 187.668 64.4 189.508 64.4C191.481 64.4 193.215 64.8267 194.708 65.68C196.201 66.5333 197.375 67.8 198.228 69.48C199.081 71.1333 199.508 73.1467 199.508 75.52V77H184.988C185.068 78.28 185.508 79.3867 186.308 80.32C187.135 81.2533 188.268 81.72 189.708 81.72C190.535 81.72 191.201 81.6 191.708 81.36C192.241 81.0933 192.655 80.8 192.948 80.48C193.241 80.1333 193.441 79.8267 193.548 79.56C193.681 79.2933 193.748 79.16 193.748 79.16H199.348C199.348 79.16 199.281 79.4133 199.148 79.92C199.015 80.4 198.761 81 198.388 81.72C198.015 82.44 197.468 83.16 196.748 83.88C196.055 84.6 195.135 85.2 193.988 85.68C192.841 86.16 191.415 86.4 189.708 86.4ZM184.988 73.32H193.668C193.615 71.8533 193.175 70.76 192.348 70.04C191.548 69.32 190.561 68.96 189.388 68.96C188.215 68.96 187.215 69.3467 186.388 70.12C185.588 70.8667 185.121 71.9333 184.988 73.32ZM203.64 86V64.8H209.72V67.84H209.92C210.16 67.4133 210.507 66.9333 210.96 66.4C211.44 65.8667 212.067 65.4 212.84 65C213.64 64.6 214.654 64.4 215.88 64.4C217.534 64.4 218.88 64.7867 219.92 65.56C220.96 66.3067 221.72 67.28 222.2 68.48C222.68 69.6533 222.92 70.8933 222.92 72.2V86H216.84V73.24C216.84 72.2267 216.56 71.3333 216 70.56C215.467 69.7867 214.6 69.4 213.4 69.4C212.494 69.4 211.774 69.6133 211.24 70.04C210.707 70.4667 210.32 71.0133 210.08 71.68C209.84 72.3467 209.72 73.0533 209.72 73.8V86H203.64ZM245.805 86.4C244.232 86.4 242.859 86.0933 241.685 85.48C240.539 84.84 239.579 84 238.805 82.96C238.032 81.8933 237.445 80.7067 237.045 79.4C236.672 78.0933 236.485 76.76 236.485 75.4C236.485 74.04 236.672 72.7067 237.045 71.4C237.445 70.0933 238.032 68.92 238.805 67.88C239.579 66.8133 240.539 65.9733 241.685 65.36C242.859 64.72 244.232 64.4 245.805 64.4C247.165 64.4 248.285 64.6267 249.165 65.08C250.045 65.5067 250.712 65.9733 251.165 66.48C251.645 66.9867 251.939 67.3333 252.045 67.52H252.365V63.04H247.165V59.04H252.365V55.6H258.445V59.04H261.725V63.04H258.445V86H252.365V83.28H252.045C251.939 83.4667 251.645 83.8133 251.165 84.32C250.712 84.8267 250.045 85.3067 249.165 85.76C248.285 86.1867 247.165 86.4 245.805 86.4ZM247.565 81.48C248.659 81.48 249.565 81.1867 250.285 80.6C251.032 79.9867 251.579 79.2133 251.925 78.28C252.299 77.3467 252.485 76.3867 252.485 75.4C252.485 74.4133 252.299 73.4533 251.925 72.52C251.579 71.5867 251.032 70.8267 250.285 70.24C249.565 69.6267 248.659 69.32 247.565 69.32C246.472 69.32 245.552 69.6267 244.805 70.24C244.085 70.8267 243.539 71.5867 243.165 72.52C242.819 73.4533 242.645 74.4133 242.645 75.4C242.645 76.3867 242.819 77.3467 243.165 78.28C243.539 79.2133 244.085 79.9867 244.805 80.6C245.552 81.1867 246.472 81.48 247.565 81.48ZM267.662 62.16L272.862 54.96H277.662L282.862 62.16H278.102L275.262 58L272.422 62.16H267.662ZM275.262 86.4C272.888 86.4 270.875 85.8933 269.222 84.88C267.568 83.84 266.302 82.4933 265.422 80.84C264.568 79.16 264.142 77.3467 264.142 75.4C264.142 73.4533 264.568 71.6533 265.422 70C266.302 68.32 267.568 66.9733 269.222 65.96C270.875 64.92 272.888 64.4 275.262 64.4C277.635 64.4 279.648 64.92 281.302 65.96C282.955 66.9733 284.208 68.32 285.062 70C285.942 71.6533 286.382 73.4533 286.382 75.4C286.382 77.3467 285.942 79.16 285.062 80.84C284.208 82.4933 282.955 83.84 281.302 84.88C279.648 85.8933 277.635 86.4 275.262 86.4ZM275.262 81.44C276.328 81.44 277.235 81.16 277.982 80.6C278.728 80.04 279.288 79.3067 279.662 78.4C280.062 77.4667 280.262 76.4667 280.262 75.4C280.262 74.3067 280.062 73.3067 279.662 72.4C279.288 71.4933 278.728 70.76 277.982 70.2C277.235 69.64 276.328 69.36 275.262 69.36C274.195 69.36 273.288 69.64 272.542 70.2C271.795 70.76 271.222 71.4933 270.822 72.4C270.448 73.3067 270.262 74.3067 270.262 75.4C270.262 76.4667 270.448 77.4667 270.822 78.4C271.222 79.3067 271.795 80.04 272.542 80.6C273.288 81.16 274.195 81.44 275.262 81.44ZM275.262 95.88C274.328 95.88 273.555 95.56 272.942 94.92C272.355 94.3067 272.062 93.56 272.062 92.68C272.062 91.8 272.355 91.0533 272.942 90.44C273.555 89.8267 274.328 89.52 275.262 89.52C276.168 89.52 276.915 89.8267 277.502 90.44C278.115 91.0533 278.422 91.8 278.422 92.68C278.422 93.56 278.115 94.3067 277.502 94.92C276.915 95.56 276.168 95.88 275.262 95.88Z" fill="#1A1A2E"/>
<path d="M124.815 112.73H28.4666C21.2105 112.73 15.3282 118.138 15.3282 124.809V165.07C15.3282 171.74 21.2105 177.148 28.4666 177.148H124.815C132.072 177.148 137.954 171.74 137.954 165.07V124.809C137.954 118.138 132.072 112.73 124.815 112.73Z" fill="#BAD3FC"/>
<path d="M55.0995 136.815V128.815H57.8964C58.4537 128.815 58.9133 128.912 59.2753 129.104C59.6373 129.295 59.9068 129.551 60.0839 129.874C60.261 130.194 60.3495 130.55 60.3495 130.94C60.3495 131.284 60.2883 131.568 60.1659 131.792C60.0461 132.016 59.8873 132.193 59.6894 132.323C59.4941 132.453 59.2818 132.55 59.0527 132.612V132.69C59.2974 132.706 59.5435 132.792 59.7909 132.948C60.0383 133.104 60.2454 133.328 60.412 133.62C60.5787 133.912 60.662 134.269 60.662 134.69C60.662 135.091 60.5709 135.452 60.3886 135.772C60.2063 136.093 59.9185 136.347 59.5253 136.534C59.1321 136.722 58.6204 136.815 57.9902 136.815H55.0995ZM56.0683 135.956H57.9902C58.623 135.956 59.0722 135.834 59.3378 135.589C59.606 135.341 59.7402 135.042 59.7402 134.69C59.7402 134.42 59.6711 134.17 59.5331 133.94C59.3951 133.709 59.1985 133.524 58.9433 133.386C58.6881 133.245 58.386 133.175 58.037 133.175H56.0683V135.956ZM56.0683 132.331H57.8652C58.1568 132.331 58.4198 132.274 58.6542 132.159C58.8912 132.045 59.0787 131.883 59.2167 131.675C59.3573 131.466 59.4277 131.222 59.4277 130.94C59.4277 130.589 59.3053 130.291 59.0605 130.046C58.8157 129.799 58.4277 129.675 57.8964 129.675H56.0683V132.331ZM65.9101 134.362V130.815H66.832V136.815H65.9101V135.8H65.8476C65.707 136.104 65.4882 136.364 65.1913 136.577C64.8945 136.788 64.5195 136.894 64.0663 136.894C63.6913 136.894 63.358 136.812 63.0663 136.647C62.7747 136.481 62.5455 136.231 62.3788 135.897C62.2122 135.562 62.1288 135.138 62.1288 134.628V130.815H63.0507V134.565C63.0507 135.003 63.1731 135.352 63.4179 135.612C63.6653 135.873 63.9804 136.003 64.3632 136.003C64.5924 136.003 64.8254 135.944 65.0624 135.827C65.302 135.71 65.5025 135.53 65.664 135.288C65.828 135.046 65.9101 134.737 65.9101 134.362ZM70.9579 136.94C70.4163 136.94 69.941 136.812 69.5321 136.554C69.1259 136.296 68.8082 135.935 68.579 135.472C68.3525 135.008 68.2392 134.466 68.2392 133.847C68.2392 133.222 68.3525 132.676 68.579 132.21C68.8082 131.744 69.1259 131.382 69.5321 131.124C69.941 130.866 70.4163 130.737 70.9579 130.737C71.4996 130.737 71.9736 130.866 72.3798 131.124C72.7887 131.382 73.1064 131.744 73.3329 132.21C73.5621 132.676 73.6767 133.222 73.6767 133.847C73.6767 134.466 73.5621 135.008 73.3329 135.472C73.1064 135.935 72.7887 136.296 72.3798 136.554C71.9736 136.812 71.4996 136.94 70.9579 136.94ZM70.9579 136.112C71.3694 136.112 71.7079 136.007 71.9736 135.796C72.2392 135.585 72.4358 135.308 72.5634 134.964C72.691 134.62 72.7548 134.248 72.7548 133.847C72.7548 133.446 72.691 133.072 72.5634 132.726C72.4358 132.379 72.2392 132.099 71.9736 131.886C71.7079 131.672 71.3694 131.565 70.9579 131.565C70.5465 131.565 70.2079 131.672 69.9423 131.886C69.6767 132.099 69.4801 132.379 69.3525 132.726C69.2249 133.072 69.1611 133.446 69.1611 133.847C69.1611 134.248 69.2249 134.62 69.3525 134.964C69.4801 135.308 69.6767 135.585 69.9423 135.796C70.2079 136.007 70.5465 136.112 70.9579 136.112ZM71.4892 128.753L72.9736 130.175H72.0048L70.9423 129.19L69.8954 130.175H68.9267L70.4111 128.753H71.4892ZM73.1298 129.425H72.4736V128.706C72.6923 128.69 72.8538 128.662 72.9579 128.62C73.0621 128.576 73.1142 128.495 73.1142 128.378C73.1142 128.253 73.0439 128.164 72.9032 128.112C72.7652 128.06 72.5907 128.034 72.3798 128.034L72.4111 127.519C72.8798 127.519 73.234 127.598 73.4736 127.757C73.7131 127.916 73.8329 128.128 73.8329 128.394C73.8329 128.628 73.76 128.799 73.6142 128.905C73.471 129.009 73.3095 129.073 73.1298 129.097V129.425ZM75.0839 136.815V130.815H76.0058V136.815H75.0839ZM75.5527 129.815C75.373 129.815 75.218 129.754 75.0878 129.632C74.9602 129.509 74.8964 129.362 74.8964 129.19C74.8964 129.019 74.9602 128.871 75.0878 128.749C75.218 128.627 75.373 128.565 75.5527 128.565C75.7323 128.565 75.886 128.627 76.0136 128.749C76.1438 128.871 76.2089 129.019 76.2089 129.19C76.2089 129.362 76.1438 129.509 76.0136 129.632C75.886 129.754 75.7323 129.815 75.5527 129.815ZM81.7099 133.206V136.815H80.788V128.815H81.7099V131.753H81.788C81.9286 131.443 82.1396 131.197 82.4208 131.015C82.7047 130.83 83.0823 130.737 83.5536 130.737C83.9625 130.737 84.3206 130.819 84.6279 130.983C84.9351 131.145 85.1734 131.394 85.3427 131.729C85.5146 132.063 85.6005 132.487 85.6005 133.003V136.815H84.6786V133.065C84.6786 132.589 84.5549 132.22 84.3075 131.96C84.0627 131.697 83.7229 131.565 83.288 131.565C82.9859 131.565 82.7151 131.629 82.4755 131.757C82.2385 131.884 82.051 132.071 81.913 132.315C81.7776 132.56 81.7099 132.857 81.7099 133.206ZM89.7245 136.94C89.1829 136.94 88.7076 136.812 88.2988 136.554C87.8925 136.296 87.5748 135.935 87.3456 135.472C87.1191 135.008 87.0058 134.466 87.0058 133.847C87.0058 133.222 87.1191 132.676 87.3456 132.21C87.5748 131.744 87.8925 131.382 88.2988 131.124C88.7076 130.866 89.1829 130.737 89.7245 130.737C90.2662 130.737 90.7402 130.866 91.1464 131.124C91.5553 131.382 91.873 131.744 92.0995 132.21C92.3287 132.676 92.4433 133.222 92.4433 133.847C92.4433 134.466 92.3287 135.008 92.0995 135.472C91.873 135.935 91.5553 136.296 91.1464 136.554C90.7402 136.812 90.2662 136.94 89.7245 136.94ZM89.7245 136.112C90.136 136.112 90.4745 136.007 90.7402 135.796C91.0058 135.585 91.2024 135.308 91.33 134.964C91.4576 134.62 91.5214 134.248 91.5214 133.847C91.5214 133.446 91.4576 133.072 91.33 132.726C91.2024 132.379 91.0058 132.099 90.7402 131.886C90.4745 131.672 90.136 131.565 89.7245 131.565C89.3131 131.565 88.9745 131.672 88.7089 131.886C88.4433 132.099 88.2467 132.379 88.1191 132.726C87.9915 133.072 87.9277 133.446 87.9277 133.847C87.9277 134.248 87.9915 134.62 88.1191 134.964C88.2467 135.308 88.4433 135.585 88.7089 135.796C88.9745 136.007 89.3131 136.112 89.7245 136.112ZM89.7245 138.8C89.5448 138.8 89.3899 138.739 89.2597 138.616C89.1321 138.494 89.0683 138.347 89.0683 138.175C89.0683 138.003 89.1321 137.856 89.2597 137.733C89.3899 137.611 89.5448 137.55 89.7245 137.55C89.9042 137.55 90.0579 137.611 90.1855 137.733C90.3157 137.856 90.3808 138.003 90.3808 138.175C90.3808 138.347 90.3157 138.494 90.1855 138.616C90.0579 138.739 89.9042 138.8 89.7245 138.8ZM96.288 136.94C95.7255 136.94 95.2411 136.808 94.8349 136.542C94.4286 136.276 94.1161 135.91 93.8974 135.444C93.6786 134.978 93.5693 134.446 93.5693 133.847C93.5693 133.237 93.6812 132.7 93.9052 132.233C94.1318 131.765 94.4469 131.399 94.8505 131.136C95.2568 130.87 95.7307 130.737 96.2724 130.737C96.6943 130.737 97.0745 130.815 97.413 130.972C97.7516 131.128 98.0289 131.347 98.245 131.628C98.4612 131.909 98.5953 132.237 98.6474 132.612H97.7255C97.6552 132.339 97.4989 132.097 97.2568 131.886C97.0172 131.672 96.6943 131.565 96.288 131.565C95.9286 131.565 95.6135 131.659 95.3427 131.847C95.0745 132.032 94.8648 132.293 94.7138 132.632C94.5654 132.968 94.4911 133.362 94.4911 133.815C94.4911 134.279 94.5641 134.683 94.7099 135.026C94.8583 135.37 95.0667 135.637 95.3349 135.827C95.6057 136.017 95.9234 136.112 96.288 136.112C96.5276 136.112 96.745 136.071 96.9404 135.987C97.1357 135.904 97.301 135.784 97.4364 135.628C97.5719 135.472 97.6682 135.284 97.7255 135.065H98.6474C98.5953 135.42 98.4664 135.739 98.2607 136.022C98.0575 136.304 97.788 136.528 97.4521 136.694C97.1187 136.858 96.7307 136.94 96.288 136.94Z" fill="#6B7280"/>
<path d="M71.4452 142.978V161.887H67.4473V146.772H67.3365L63.0063 149.487V145.941L67.6874 142.978H71.4452ZM82.9933 162.145C81.5714 162.145 80.3065 161.914 79.1986 161.453C78.0968 160.985 77.2319 160.348 76.6041 159.542C75.9763 158.735 75.6623 157.821 75.6623 156.799C75.6623 156.011 75.8408 155.288 76.1979 154.63C76.561 153.965 77.0534 153.414 77.6751 152.977C78.2968 152.534 78.9924 152.251 79.7618 152.127V151.998C78.7523 151.795 77.9336 151.306 77.3058 150.53C76.678 149.748 76.364 148.841 76.364 147.806C76.364 146.828 76.6503 145.957 77.2227 145.194C77.7952 144.424 78.58 143.821 79.5771 143.384C80.5804 142.941 81.7192 142.719 82.9933 142.719C84.2675 142.719 85.4031 142.941 86.4003 143.384C87.4036 143.827 88.1915 144.433 88.7639 145.203C89.3363 145.966 89.6256 146.834 89.6318 147.806C89.6256 148.847 89.3056 149.755 88.6716 150.53C88.0376 151.306 87.2251 151.795 86.2341 151.998V152.127C86.9912 152.251 87.6775 152.534 88.293 152.977C88.9147 153.414 89.4071 153.965 89.7703 154.63C90.1396 155.288 90.3274 156.011 90.3335 156.799C90.3274 157.821 90.0104 158.735 89.3825 159.542C88.7547 160.348 87.8868 160.985 86.7788 161.453C85.677 161.914 84.4152 162.145 82.9933 162.145ZM82.9933 159.209C83.6273 159.209 84.1813 159.095 84.6552 158.868C85.1292 158.634 85.4985 158.314 85.7632 157.907C86.034 157.495 86.1694 157.021 86.1694 156.485C86.1694 155.938 86.0309 155.454 85.754 155.036C85.477 154.611 85.1015 154.279 84.6275 154.039C84.1536 153.792 83.6088 153.669 82.9933 153.669C82.3839 153.669 81.8392 153.792 81.3591 154.039C80.879 154.279 80.5004 154.611 80.2234 155.036C79.9526 155.454 79.8172 155.938 79.8172 156.485C79.8172 157.021 79.9495 157.495 80.2142 157.907C80.4789 158.314 80.8513 158.634 81.3314 158.868C81.8115 159.095 82.3655 159.209 82.9933 159.209ZM82.9933 150.761C83.5227 150.761 83.9935 150.653 84.4059 150.438C84.8184 150.222 85.1415 149.924 85.3754 149.542C85.6093 149.161 85.7263 148.721 85.7263 148.222C85.7263 147.73 85.6093 147.299 85.3754 146.929C85.1415 146.554 84.8214 146.261 84.4152 146.052C84.0089 145.837 83.535 145.729 82.9933 145.729C82.4578 145.729 81.9838 145.837 81.5714 146.052C81.159 146.261 80.8359 146.554 80.602 146.929C80.3742 147.299 80.2604 147.73 80.2604 148.222C80.2604 148.721 80.3773 149.161 80.6112 149.542C80.8451 149.924 81.1683 150.222 81.5807 150.438C81.9931 150.653 82.4639 150.761 82.9933 150.761Z" fill="#1A1A2E"/>
<path d="M261.674 112.73H165.326C158.069 112.73 152.187 118.138 152.187 124.809V165.07C152.187 171.74 158.069 177.148 165.326 177.148H261.674C268.931 177.148 274.813 171.74 274.813 165.07V124.809C274.813 118.138 268.931 112.73 261.674 112.73Z" fill="#BAD3FC"/>
<path d="M188.277 129.675V128.815H194.277V129.675H191.761V136.815H190.792V129.675H188.277ZM200.237 130.55H201.049C201.049 130.946 200.997 131.278 200.893 131.546C200.789 131.812 200.607 132.012 200.346 132.147C200.086 132.28 199.721 132.347 199.252 132.347V131.706C199.575 131.706 199.805 131.667 199.94 131.589C200.078 131.508 200.161 131.383 200.19 131.214C200.221 131.042 200.237 130.821 200.237 130.55ZM198.612 134.362V130.815H199.534V136.815H198.612V135.8H198.549C198.409 136.104 198.19 136.364 197.893 136.577C197.596 136.788 197.221 136.894 196.768 136.894C196.393 136.894 196.06 136.812 195.768 136.647C195.476 136.481 195.247 136.231 195.081 135.897C194.914 135.562 194.831 135.138 194.831 134.628V130.815H195.752V134.565C195.752 135.003 195.875 135.352 196.12 135.612C196.367 135.873 196.682 136.003 197.065 136.003C197.294 136.003 197.527 135.944 197.764 135.827C198.004 135.71 198.204 135.53 198.366 135.288C198.53 135.046 198.612 134.737 198.612 134.362ZM196.799 130.003L195.581 128.19H196.659L197.612 130.003H196.799ZM207.033 136.94C206.533 136.94 206.091 136.814 205.708 136.562C205.326 136.306 205.026 135.947 204.81 135.483C204.594 135.017 204.486 134.466 204.486 133.831C204.486 133.201 204.594 132.654 204.81 132.19C205.026 131.727 205.327 131.369 205.712 131.116C206.098 130.864 206.543 130.737 207.048 130.737C207.439 130.737 207.748 130.802 207.974 130.933C208.203 131.06 208.378 131.206 208.498 131.37C208.62 131.532 208.715 131.664 208.783 131.769H208.861V128.815H209.783V136.815H208.892V135.894H208.783C208.715 136.003 208.619 136.141 208.494 136.308C208.369 136.472 208.19 136.619 207.958 136.749C207.727 136.877 207.418 136.94 207.033 136.94ZM207.158 136.112C207.527 136.112 207.84 136.016 208.095 135.823C208.35 135.628 208.544 135.358 208.677 135.015C208.81 134.668 208.876 134.269 208.876 133.815C208.876 133.368 208.811 132.976 208.681 132.64C208.551 132.301 208.358 132.038 208.103 131.851C207.848 131.66 207.533 131.565 207.158 131.565C206.767 131.565 206.442 131.666 206.181 131.866C205.923 132.064 205.729 132.334 205.599 132.675C205.472 133.013 205.408 133.394 205.408 133.815C205.408 134.243 205.473 134.631 205.603 134.979C205.736 135.326 205.931 135.602 206.189 135.808C206.449 136.011 206.772 136.112 207.158 136.112ZM207.205 130.3V129.581H210.642V130.3H207.205ZM213.365 136.956C212.985 136.956 212.639 136.884 212.33 136.741C212.02 136.595 211.774 136.386 211.591 136.112C211.409 135.836 211.318 135.503 211.318 135.112C211.318 134.769 211.386 134.49 211.521 134.276C211.656 134.06 211.837 133.891 212.064 133.769C212.291 133.646 212.541 133.555 212.814 133.495C213.09 133.433 213.367 133.383 213.646 133.347C214.011 133.3 214.306 133.265 214.533 133.241C214.762 133.215 214.929 133.172 215.033 133.112C215.139 133.052 215.193 132.948 215.193 132.8V132.769C215.193 132.383 215.087 132.084 214.876 131.87C214.668 131.657 214.352 131.55 213.927 131.55C213.487 131.55 213.142 131.646 212.892 131.839C212.642 132.032 212.466 132.237 212.365 132.456L211.49 132.144C211.646 131.779 211.854 131.495 212.115 131.292C212.378 131.086 212.664 130.943 212.974 130.862C213.287 130.779 213.594 130.737 213.896 130.737C214.089 130.737 214.31 130.761 214.56 130.808C214.813 130.852 215.056 130.944 215.291 131.085C215.527 131.226 215.724 131.438 215.88 131.722C216.037 132.006 216.115 132.386 216.115 132.862V136.815H215.193V136.003H215.146C215.083 136.133 214.979 136.272 214.833 136.421C214.688 136.569 214.494 136.696 214.251 136.8C214.009 136.904 213.714 136.956 213.365 136.956ZM213.505 136.128C213.87 136.128 214.177 136.056 214.427 135.913C214.68 135.77 214.87 135.585 214.998 135.358C215.128 135.132 215.193 134.894 215.193 134.644V133.8C215.154 133.847 215.068 133.89 214.935 133.929C214.805 133.965 214.654 133.998 214.482 134.026C214.313 134.052 214.147 134.076 213.986 134.097C213.827 134.115 213.698 134.131 213.599 134.144C213.36 134.175 213.136 134.226 212.927 134.296C212.722 134.364 212.555 134.466 212.427 134.604C212.302 134.74 212.24 134.925 212.24 135.159C212.24 135.479 212.358 135.722 212.595 135.886C212.835 136.047 213.138 136.128 213.505 136.128ZM212.755 130.097L212.037 130.065C212.037 129.667 212.15 129.341 212.376 129.089C212.606 128.834 212.888 128.706 213.224 128.706C213.373 128.706 213.504 128.732 213.619 128.784C213.733 128.834 213.843 128.891 213.947 128.956C214.051 129.021 214.158 129.08 214.267 129.132C214.379 129.181 214.505 129.206 214.646 129.206C214.794 129.206 214.919 129.149 215.021 129.034C215.125 128.917 215.177 128.776 215.177 128.612L215.88 128.675C215.88 129.081 215.766 129.404 215.537 129.644C215.31 129.883 215.029 130.003 214.693 130.003C214.513 130.003 214.365 129.978 214.248 129.929C214.13 129.877 214.026 129.818 213.935 129.753C213.844 129.688 213.748 129.631 213.646 129.581C213.544 129.529 213.419 129.503 213.271 129.503C213.123 129.503 212.999 129.562 212.9 129.679C212.804 129.793 212.755 129.933 212.755 130.097ZM221.813 133.206V136.815H220.891V128.815H221.813V131.753H221.891C222.032 131.443 222.243 131.197 222.524 131.015C222.808 130.83 223.185 130.737 223.657 130.737C224.066 130.737 224.424 130.819 224.731 130.983C225.038 131.145 225.277 131.394 225.446 131.729C225.618 132.063 225.704 132.487 225.704 133.003V136.815H224.782V133.065C224.782 132.589 224.658 132.22 224.411 131.96C224.166 131.697 223.826 131.565 223.391 131.565C223.089 131.565 222.818 131.629 222.579 131.757C222.342 131.884 222.154 132.071 222.016 132.315C221.881 132.56 221.813 132.857 221.813 133.206ZM229.828 136.94C229.286 136.94 228.811 136.812 228.402 136.554C227.996 136.296 227.678 135.935 227.449 135.472C227.222 135.008 227.109 134.466 227.109 133.847C227.109 133.222 227.222 132.676 227.449 132.21C227.678 131.744 227.996 131.382 228.402 131.124C228.811 130.866 229.286 130.737 229.828 130.737C230.369 130.737 230.843 130.866 231.25 131.124C231.658 131.382 231.976 131.744 232.203 132.21C232.432 132.676 232.546 133.222 232.546 133.847C232.546 134.466 232.432 135.008 232.203 135.472C231.976 135.935 231.658 136.296 231.25 136.554C230.843 136.812 230.369 136.94 229.828 136.94ZM229.828 136.112C230.239 136.112 230.578 136.007 230.843 135.796C231.109 135.585 231.305 135.308 231.433 134.964C231.561 134.62 231.625 134.248 231.625 133.847C231.625 133.446 231.561 133.072 231.433 132.726C231.305 132.379 231.109 132.099 230.843 131.886C230.578 131.672 230.239 131.565 229.828 131.565C229.416 131.565 229.078 131.672 228.812 131.886C228.546 132.099 228.35 132.379 228.222 132.726C228.095 133.072 228.031 133.446 228.031 133.847C228.031 134.248 228.095 134.62 228.222 134.964C228.35 135.308 228.546 135.585 228.812 135.796C229.078 136.007 229.416 136.112 229.828 136.112ZM229.828 138.8C229.648 138.8 229.493 138.739 229.363 138.616C229.235 138.494 229.171 138.347 229.171 138.175C229.171 138.003 229.235 137.856 229.363 137.733C229.493 137.611 229.648 137.55 229.828 137.55C230.007 137.55 230.161 137.611 230.289 137.733C230.419 137.856 230.484 138.003 230.484 138.175C230.484 138.347 230.419 138.494 230.289 138.616C230.161 138.739 230.007 138.8 229.828 138.8ZM236.391 136.94C235.829 136.94 235.344 136.808 234.938 136.542C234.532 136.276 234.219 135.91 234 135.444C233.782 134.978 233.672 134.446 233.672 133.847C233.672 133.237 233.784 132.7 234.008 132.233C234.235 131.765 234.55 131.399 234.954 131.136C235.36 130.87 235.834 130.737 236.375 130.737C236.797 130.737 237.178 130.815 237.516 130.972C237.855 131.128 238.132 131.347 238.348 131.628C238.564 131.909 238.698 132.237 238.75 132.612H237.829C237.758 132.339 237.602 132.097 237.36 131.886C237.12 131.672 236.797 131.565 236.391 131.565C236.032 131.565 235.717 131.659 235.446 131.847C235.178 132.032 234.968 132.293 234.817 132.632C234.668 132.968 234.594 133.362 234.594 133.815C234.594 134.279 234.667 134.683 234.813 135.026C234.961 135.37 235.17 135.637 235.438 135.827C235.709 136.017 236.027 136.112 236.391 136.112C236.631 136.112 236.848 136.071 237.043 135.987C237.239 135.904 237.404 135.784 237.54 135.628C237.675 135.472 237.771 135.284 237.829 135.065H238.75C238.698 135.42 238.569 135.739 238.364 136.022C238.161 136.304 237.891 136.528 237.555 136.694C237.222 136.858 236.834 136.94 236.391 136.94Z" fill="#6B7280"/>
<path d="M197.747 158.563V155.414L205.642 142.978H208.356V147.336H206.75L201.773 155.211V155.359H212.991V158.563H197.747ZM206.823 161.887V157.603L206.897 156.208V142.978H210.646V161.887H206.823ZM215.655 161.887V159.006L222.386 152.774C222.958 152.22 223.438 151.721 223.826 151.278C224.22 150.835 224.518 150.401 224.722 149.976C224.925 149.545 225.026 149.081 225.026 148.582C225.026 148.028 224.9 147.551 224.648 147.151C224.395 146.745 224.051 146.434 223.614 146.218C223.177 145.997 222.681 145.886 222.127 145.886C221.548 145.886 221.044 146.003 220.613 146.237C220.182 146.471 219.85 146.806 219.616 147.243C219.382 147.68 219.265 148.2 219.265 148.804H215.47C215.47 147.566 215.75 146.492 216.31 145.581C216.87 144.67 217.655 143.966 218.665 143.467C219.674 142.968 220.838 142.719 222.155 142.719C223.509 142.719 224.688 142.959 225.691 143.439C226.7 143.913 227.485 144.572 228.045 145.415C228.606 146.258 228.886 147.225 228.886 148.314C228.886 149.028 228.744 149.733 228.461 150.429C228.184 151.124 227.688 151.897 226.974 152.746C226.26 153.589 225.254 154.602 223.955 155.784L221.195 158.489V158.618H229.135V161.887H215.655Z" fill="#1A1A2E"/>
<path d="M398.533 112.73H302.185C294.928 112.73 289.046 118.138 289.046 124.809V165.07C289.046 171.74 294.928 177.148 302.185 177.148H398.533C405.789 177.148 411.672 171.74 411.672 165.07V124.809C411.672 118.138 405.789 112.73 398.533 112.73Z" fill="#BAD3FC"/>
<path d="M322.147 128.815V136.815H321.21L316.85 130.534H316.772V136.815H315.803V128.815H316.741L321.116 135.112H321.194V128.815H322.147ZM326.382 139.19C325.937 139.19 325.554 139.133 325.234 139.019C324.914 138.907 324.647 138.758 324.433 138.573C324.222 138.391 324.054 138.196 323.929 137.987L324.664 137.472C324.747 137.581 324.852 137.706 324.98 137.847C325.108 137.99 325.282 138.114 325.504 138.218C325.727 138.325 326.02 138.378 326.382 138.378C326.867 138.378 327.267 138.261 327.582 138.026C327.897 137.792 328.054 137.425 328.054 136.925V135.706H327.976C327.908 135.815 327.812 135.951 327.687 136.112C327.565 136.271 327.388 136.413 327.156 136.538C326.927 136.66 326.617 136.722 326.226 136.722C325.742 136.722 325.307 136.607 324.921 136.378C324.539 136.149 324.235 135.815 324.011 135.378C323.79 134.94 323.679 134.409 323.679 133.784C323.679 133.17 323.787 132.634 324.004 132.179C324.22 131.72 324.52 131.366 324.906 131.116C325.291 130.864 325.737 130.737 326.242 130.737C326.632 130.737 326.942 130.802 327.171 130.933C327.403 131.06 327.58 131.206 327.703 131.37C327.828 131.532 327.924 131.664 327.992 131.769H328.086V130.815H328.976V136.987C328.976 137.503 328.859 137.922 328.625 138.245C328.393 138.571 328.08 138.809 327.687 138.96C327.296 139.114 326.862 139.19 326.382 139.19ZM326.351 135.894C326.721 135.894 327.033 135.809 327.289 135.64C327.544 135.47 327.738 135.227 327.871 134.909C328.004 134.591 328.07 134.211 328.07 133.769C328.07 133.336 328.005 132.955 327.875 132.624C327.744 132.293 327.552 132.034 327.296 131.847C327.041 131.659 326.726 131.565 326.351 131.565C325.961 131.565 325.635 131.664 325.375 131.862C325.117 132.06 324.923 132.326 324.793 132.659C324.665 132.993 324.601 133.362 324.601 133.769C324.601 134.185 324.666 134.554 324.796 134.874C324.929 135.192 325.125 135.442 325.382 135.624C325.643 135.804 325.966 135.894 326.351 135.894ZM332.429 136.956C332.049 136.956 331.704 136.884 331.394 136.741C331.084 136.595 330.838 136.386 330.656 136.112C330.474 135.836 330.382 135.503 330.382 135.112C330.382 134.769 330.45 134.49 330.586 134.276C330.721 134.06 330.902 133.891 331.129 133.769C331.355 133.646 331.605 133.555 331.879 133.495C332.155 133.433 332.432 133.383 332.711 133.347C333.075 133.3 333.371 133.265 333.597 133.241C333.826 133.215 333.993 133.172 334.097 133.112C334.204 133.052 334.257 132.948 334.257 132.8V132.769C334.257 132.383 334.152 132.084 333.941 131.87C333.733 131.657 333.416 131.55 332.992 131.55C332.552 131.55 332.207 131.646 331.957 131.839C331.707 132.032 331.531 132.237 331.429 132.456L330.554 132.144C330.711 131.779 330.919 131.495 331.179 131.292C331.442 131.086 331.729 130.943 332.039 130.862C332.351 130.779 332.658 130.737 332.961 130.737C333.153 130.737 333.375 130.761 333.625 130.808C333.877 130.852 334.121 130.944 334.355 131.085C334.592 131.226 334.789 131.438 334.945 131.722C335.101 132.006 335.179 132.386 335.179 132.862V136.815H334.257V136.003H334.211C334.148 136.133 334.044 136.272 333.898 136.421C333.752 136.569 333.558 136.696 333.316 136.8C333.074 136.904 332.778 136.956 332.429 136.956ZM332.57 136.128C332.935 136.128 333.242 136.056 333.492 135.913C333.744 135.77 333.935 135.585 334.062 135.358C334.192 135.132 334.257 134.894 334.257 134.644V133.8C334.218 133.847 334.132 133.89 334 133.929C333.869 133.965 333.718 133.998 333.546 134.026C333.377 134.052 333.212 134.076 333.05 134.097C332.892 134.115 332.763 134.131 332.664 134.144C332.424 134.175 332.2 134.226 331.992 134.296C331.786 134.364 331.619 134.466 331.492 134.604C331.367 134.74 331.304 134.925 331.304 135.159C331.304 135.479 331.423 135.722 331.66 135.886C331.899 136.047 332.203 136.128 332.57 136.128ZM332.632 130.003L331.414 128.19H332.492L333.445 130.003H332.632ZM337.241 139.065C337.085 139.065 336.945 139.052 336.823 139.026C336.7 139.003 336.616 138.979 336.569 138.956L336.803 138.144C337.027 138.201 337.225 138.222 337.397 138.206C337.569 138.19 337.721 138.114 337.854 137.976C337.99 137.84 338.113 137.62 338.225 137.315L338.397 136.847L336.178 130.815H337.178L338.835 135.597H338.897L340.553 130.815H341.553L339.006 137.69C338.892 138 338.75 138.257 338.581 138.46C338.411 138.666 338.215 138.818 337.991 138.917C337.769 139.016 337.519 139.065 337.241 139.065ZM346.786 128.815V136.815H345.864V128.815H346.786ZM348.474 136.815V130.815H349.396V136.815H348.474ZM348.943 129.815C348.763 129.815 348.608 129.754 348.478 129.632C348.351 129.509 348.287 129.362 348.287 129.19C348.287 129.019 348.351 128.871 348.478 128.749C348.608 128.627 348.763 128.565 348.943 128.565C349.123 128.565 349.276 128.627 349.404 128.749C349.534 128.871 349.599 129.019 349.599 129.19C349.599 129.362 349.534 129.509 349.404 129.632C349.276 129.754 349.123 129.815 348.943 129.815ZM353.6 136.94C353.022 136.94 352.523 136.813 352.104 136.558C351.687 136.3 351.366 135.94 351.139 135.479C350.915 135.016 350.803 134.477 350.803 133.862C350.803 133.248 350.915 132.706 351.139 132.237C351.366 131.766 351.681 131.399 352.085 131.136C352.491 130.87 352.965 130.737 353.506 130.737C353.819 130.737 354.128 130.789 354.432 130.894C354.737 130.998 355.014 131.167 355.264 131.401C355.514 131.633 355.713 131.94 355.862 132.323C356.01 132.706 356.085 133.177 356.085 133.737V134.128H351.46V133.331H355.147C355.147 132.993 355.079 132.69 354.944 132.425C354.811 132.159 354.621 131.95 354.374 131.796C354.129 131.642 353.84 131.565 353.506 131.565C353.139 131.565 352.822 131.657 352.553 131.839C352.288 132.019 352.083 132.253 351.94 132.542C351.797 132.831 351.725 133.141 351.725 133.472V134.003C351.725 134.456 351.803 134.84 351.96 135.155C352.118 135.468 352.338 135.706 352.62 135.87C352.901 136.032 353.228 136.112 353.6 136.112C353.842 136.112 354.061 136.078 354.256 136.011C354.454 135.94 354.625 135.836 354.768 135.698C354.911 135.558 355.022 135.383 355.1 135.175L355.991 135.425C355.897 135.727 355.74 135.993 355.518 136.222C355.297 136.448 355.023 136.625 354.698 136.753C354.372 136.878 354.006 136.94 353.6 136.94ZM354.272 130.097L353.46 129.003L352.647 130.097H351.772V130.034L353.038 128.409H353.881L355.147 130.034V130.097H354.272ZM358.409 133.206V136.815H357.487V130.815H358.378V131.753H358.456C358.596 131.448 358.81 131.203 359.096 131.019C359.383 130.831 359.753 130.737 360.206 130.737C360.612 130.737 360.967 130.821 361.272 130.987C361.577 131.151 361.814 131.401 361.983 131.737C362.152 132.071 362.237 132.493 362.237 133.003V136.815H361.315V133.065C361.315 132.594 361.193 132.227 360.948 131.964C360.703 131.698 360.367 131.565 359.94 131.565C359.646 131.565 359.383 131.629 359.151 131.757C358.922 131.884 358.741 132.071 358.608 132.315C358.475 132.56 358.409 132.857 358.409 133.206ZM369.625 130.815V131.597H366.515V130.815H369.625ZM367.421 129.378H368.343V135.097C368.343 135.357 368.381 135.552 368.457 135.683C368.535 135.81 368.634 135.896 368.754 135.94C368.876 135.982 369.005 136.003 369.14 136.003C369.242 136.003 369.325 135.998 369.39 135.987C369.455 135.974 369.507 135.964 369.546 135.956L369.734 136.784C369.671 136.808 369.584 136.831 369.472 136.854C369.36 136.881 369.218 136.894 369.046 136.894C368.786 136.894 368.531 136.838 368.281 136.726C368.033 136.614 367.828 136.443 367.664 136.214C367.502 135.985 367.421 135.696 367.421 135.347V129.378ZM371.011 136.815V130.815H371.933V136.815H371.011ZM371.48 129.815C371.3 129.815 371.145 129.754 371.015 129.632C370.888 129.509 370.824 129.362 370.824 129.19C370.824 129.019 370.888 128.871 371.015 128.749C371.145 128.627 371.3 128.565 371.48 128.565C371.66 128.565 371.813 128.627 371.941 128.749C372.071 128.871 372.136 129.019 372.136 129.19C372.136 129.362 372.071 129.509 371.941 129.632C371.813 129.754 371.66 129.815 371.48 129.815ZM376.137 136.94C375.559 136.94 375.06 136.813 374.641 136.558C374.225 136.3 373.903 135.94 373.676 135.479C373.452 135.016 373.34 134.477 373.34 133.862C373.34 133.248 373.452 132.706 373.676 132.237C373.903 131.766 374.218 131.399 374.622 131.136C375.028 130.87 375.502 130.737 376.044 130.737C376.356 130.737 376.665 130.789 376.969 130.894C377.274 130.998 377.551 131.167 377.801 131.401C378.051 131.633 378.251 131.94 378.399 132.323C378.547 132.706 378.622 133.177 378.622 133.737V134.128H373.997V133.331H377.684C377.684 132.993 377.616 132.69 377.481 132.425C377.348 132.159 377.158 131.95 376.911 131.796C376.666 131.642 376.377 131.565 376.044 131.565C375.676 131.565 375.359 131.657 375.09 131.839C374.825 132.019 374.62 132.253 374.477 132.542C374.334 132.831 374.262 133.141 374.262 133.472V134.003C374.262 134.456 374.34 134.84 374.497 135.155C374.656 135.468 374.876 135.706 375.157 135.87C375.438 136.032 375.765 136.112 376.137 136.112C376.379 136.112 376.598 136.078 376.794 136.011C376.991 135.94 377.162 135.836 377.305 135.698C377.449 135.558 377.559 135.383 377.637 135.175L378.528 135.425C378.434 135.727 378.277 135.993 378.055 136.222C377.834 136.448 377.56 136.625 377.235 136.753C376.909 136.878 376.544 136.94 376.137 136.94ZM373.981 130.065L375.575 128.644H376.434L378.028 130.065H376.903L376.012 129.237L375.122 130.065H373.981ZM377.606 129.112L378.372 127.706H379.512L378.419 129.112H377.606ZM380.024 139.065V130.815H380.915V131.769H381.024C381.092 131.664 381.185 131.532 381.305 131.37C381.428 131.206 381.602 131.06 381.829 130.933C382.058 130.802 382.368 130.737 382.758 130.737C383.264 130.737 383.709 130.864 384.094 131.116C384.48 131.369 384.781 131.727 384.997 132.19C385.213 132.654 385.321 133.201 385.321 133.831C385.321 134.466 385.213 135.017 384.997 135.483C384.781 135.947 384.481 136.306 384.098 136.562C383.715 136.814 383.274 136.94 382.774 136.94C382.389 136.94 382.08 136.877 381.848 136.749C381.616 136.619 381.438 136.472 381.313 136.308C381.188 136.141 381.092 136.003 381.024 135.894H380.946V139.065H380.024ZM380.93 133.815C380.93 134.269 380.997 134.668 381.13 135.015C381.262 135.358 381.456 135.628 381.712 135.823C381.967 136.016 382.279 136.112 382.649 136.112C383.034 136.112 383.356 136.011 383.614 135.808C383.874 135.602 384.07 135.326 384.2 134.979C384.333 134.631 384.399 134.243 384.399 133.815C384.399 133.394 384.334 133.013 384.204 132.675C384.076 132.334 383.882 132.064 383.622 131.866C383.364 131.666 383.04 131.565 382.649 131.565C382.274 131.565 381.959 131.66 381.704 131.851C381.449 132.038 381.256 132.301 381.126 132.64C380.995 132.976 380.93 133.368 380.93 133.815Z" fill="#6B7280"/>
<path d="M344.908 161.887L352.747 146.375V146.246H343.615V142.978H356.883V146.292L349.035 161.887H344.908Z" fill="#1A1A2E"/>
<path d="M18.2765 201.226V192.499H20.1216V196.1H23.8674V192.499H25.7083V201.226H23.8674V197.621H20.1216V201.226H18.2765ZM35.2495 196.862C35.2495 197.814 35.0691 198.624 34.7083 199.291C34.3503 199.959 33.8617 200.469 33.2424 200.821C32.6259 201.171 31.9327 201.345 31.1628 201.345C30.3873 201.345 29.6912 201.169 29.0748 200.817C28.4583 200.465 27.9711 199.955 27.6131 199.287C27.2552 198.62 27.0762 197.811 27.0762 196.862C27.0762 195.911 27.2552 195.101 27.6131 194.433C27.9711 193.766 28.4583 193.257 29.0748 192.908C29.6912 192.556 30.3873 192.379 31.1628 192.379C31.9327 192.379 32.6259 192.556 33.2424 192.908C33.8617 193.257 34.3503 193.766 34.7083 194.433C35.0691 195.101 35.2495 195.911 35.2495 196.862ZM33.3787 196.862C33.3787 196.246 33.2864 195.726 33.1018 195.303C32.9199 194.879 32.6628 194.558 32.3304 194.34C31.9981 194.121 31.6089 194.012 31.1628 194.012C30.7168 194.012 30.3276 194.121 29.9952 194.34C29.6628 194.558 29.4043 194.879 29.2196 195.303C29.0378 195.726 28.9469 196.246 28.9469 196.862C28.9469 197.479 29.0378 197.999 29.2196 198.422C29.4043 198.845 29.6628 199.166 29.9952 199.385C30.3276 199.604 30.7168 199.713 31.1628 199.713C31.6089 199.713 31.9981 199.604 32.3304 199.385C32.6628 199.166 32.9199 198.845 33.1018 198.422C33.2864 197.999 33.3787 197.479 33.3787 196.862ZM37.6284 201.226H35.6511L38.6639 192.499H41.0417L44.0503 201.226H42.073L39.8869 194.493H39.8187L37.6284 201.226ZM37.5048 197.796H42.1753V199.236H37.5048V197.796ZM39.8528 203.676C39.5829 203.676 39.3514 203.587 39.1582 203.408C38.965 203.229 38.8684 203.013 38.8684 202.76C38.8684 202.507 38.965 202.291 39.1582 202.112C39.3514 201.933 39.5829 201.844 39.8528 201.844C40.1227 201.844 40.3528 201.933 40.5432 202.112C40.7363 202.291 40.8329 202.507 40.8329 202.76C40.8329 203.013 40.7363 203.229 40.5432 203.408C40.3528 203.587 40.1227 203.676 39.8528 203.676ZM43.7019 194.02V192.499H50.8695V194.02H48.1976V201.226H46.3738V194.02H43.7019ZM57.921 201.226H55.6497V199.645H57.8443C58.3897 199.645 58.8486 199.549 59.2207 199.355C59.5957 199.159 59.877 198.857 60.0645 198.448C60.2548 198.036 60.35 197.504 60.35 196.854C60.35 196.209 60.2548 195.682 60.0645 195.273C59.877 194.864 59.5971 194.563 59.225 194.37C58.8528 194.176 58.394 194.08 57.8486 194.08H55.6113V192.499H57.9466C58.8244 192.499 59.5801 192.674 60.2136 193.023C60.8471 193.37 61.3344 193.868 61.6753 194.519C62.019 195.169 62.1909 195.948 62.1909 196.854C62.1909 197.763 62.019 198.544 61.6753 199.198C61.3344 199.851 60.8443 200.352 60.2051 200.702C59.5687 201.051 58.8074 201.226 57.921 201.226ZM56.6724 192.499V201.226H54.8272V192.499H56.6724ZM53.617 197.161V196.087H57.8656V197.161H53.617ZM71.5776 196.862C71.5776 197.814 71.3972 198.624 71.0364 199.291C70.6785 199.959 70.1898 200.469 69.5705 200.821C68.954 201.171 68.2608 201.345 67.491 201.345C66.7154 201.345 66.0194 201.169 65.4029 200.817C64.7864 200.465 64.2992 199.955 63.9412 199.287C63.5833 198.62 63.4043 197.811 63.4043 196.862C63.4043 195.911 63.5833 195.101 63.9412 194.433C64.2992 193.766 64.7864 193.257 65.4029 192.908C66.0194 192.556 66.7154 192.379 67.491 192.379C68.2608 192.379 68.954 192.556 69.5705 192.908C70.1898 193.257 70.6785 193.766 71.0364 194.433C71.3972 195.101 71.5776 195.911 71.5776 196.862ZM69.7069 196.862C69.7069 196.246 69.6145 195.726 69.4299 195.303C69.2481 194.879 68.991 194.558 68.6586 194.34C68.3262 194.121 67.937 194.012 67.491 194.012C67.0449 194.012 66.6557 194.121 66.3233 194.34C65.991 194.558 65.7324 194.879 65.5478 195.303C65.366 195.726 65.275 196.246 65.275 196.862C65.275 197.479 65.366 197.999 65.5478 198.422C65.7324 198.845 65.991 199.166 66.3233 199.385C66.6557 199.604 67.0449 199.713 67.491 199.713C67.937 199.713 68.3262 199.604 68.6586 199.385C68.991 199.166 69.2481 198.845 69.4299 198.422C69.6145 197.999 69.7069 197.479 69.7069 196.862ZM68.3475 191.715L67.491 190.675L66.6344 191.715H65.0875V191.655L66.8134 189.78H68.1643L69.8944 191.655V191.715H68.3475ZM67.491 203.676C67.2211 203.676 66.9895 203.587 66.7964 203.408C66.6032 203.229 66.5066 203.013 66.5066 202.76C66.5066 202.507 66.6032 202.291 66.7964 202.112C66.9895 201.933 67.2211 201.844 67.491 201.844C67.7608 201.844 67.991 201.933 68.1813 202.112C68.3745 202.291 68.4711 202.507 68.4711 202.76C68.4711 203.013 68.3745 203.229 68.1813 203.408C67.991 203.587 67.7608 203.676 67.491 203.676ZM80.2442 192.499V201.226H78.6504L74.8535 195.733H74.7896V201.226H72.9444V192.499H74.5638L78.3308 197.987H78.4075V192.499H80.2442ZM87.5556 195.32C87.4959 195.112 87.4121 194.929 87.3042 194.77C87.1962 194.608 87.0641 194.472 86.9079 194.361C86.7545 194.247 86.5783 194.161 86.3795 194.101C86.1834 194.041 85.9661 194.012 85.7275 194.012C85.2814 194.012 84.8894 194.122 84.5513 194.344C84.2161 194.566 83.9547 194.888 83.7672 195.311C83.5797 195.732 83.486 196.246 83.486 196.854C83.486 197.462 83.5783 197.979 83.763 198.405C83.9476 198.831 84.209 199.156 84.5471 199.381C84.8851 199.602 85.2843 199.713 85.7445 199.713C86.1621 199.713 86.5187 199.639 86.8141 199.492C87.1124 199.341 87.3397 199.129 87.4959 198.857C87.655 198.584 87.7346 198.262 87.7346 197.889L88.1096 197.945H85.8596V196.556H89.5116V197.655C89.5116 198.422 89.3496 199.081 89.0258 199.632C88.7019 200.181 88.2559 200.604 87.6877 200.902C87.1195 201.198 86.4689 201.345 85.736 201.345C84.9178 201.345 84.1991 201.165 83.5797 200.804C82.9604 200.441 82.4775 199.925 82.1309 199.257C81.7871 198.587 81.6152 197.791 81.6152 196.871C81.6152 196.164 81.7175 195.533 81.9221 194.979C82.1295 194.422 82.4192 193.951 82.7914 193.564C83.1635 193.178 83.5968 192.884 84.0911 192.682C84.5854 192.48 85.1209 192.379 85.6976 192.379C86.192 192.379 86.6522 192.452 87.0783 192.597C87.5045 192.739 87.8823 192.941 88.2118 193.202C88.5442 193.463 88.8155 193.774 89.0258 194.135C89.236 194.493 89.3709 194.888 89.4306 195.32H87.5556ZM96.8496 201.345C96.2133 201.345 95.6465 201.236 95.1493 201.017C94.655 200.796 94.2644 200.492 93.9775 200.105C93.6934 199.716 93.5471 199.267 93.5385 198.759H95.3965C95.4079 198.972 95.4775 199.159 95.6053 199.321C95.736 199.48 95.9093 199.604 96.1252 199.692C96.3411 199.78 96.584 199.824 96.8539 199.824C97.1351 199.824 97.3837 199.774 97.5996 199.675C97.8155 199.576 97.9846 199.438 98.1067 199.262C98.2289 199.085 98.29 198.882 98.29 198.652C98.29 198.419 98.2246 198.213 98.0939 198.034C97.9661 197.852 97.7814 197.71 97.54 197.608C97.3013 197.506 97.0172 197.455 96.6877 197.455H95.8738V196.1H96.6877C96.9661 196.1 97.2118 196.051 97.4249 195.955C97.6408 195.858 97.8084 195.725 97.9277 195.554C98.0471 195.381 98.1067 195.179 98.1067 194.949C98.1067 194.73 98.0542 194.539 97.9491 194.374C97.8468 194.206 97.7019 194.076 97.5144 193.982C97.3297 193.888 97.1138 193.841 96.8667 193.841C96.6167 193.841 96.388 193.887 96.1806 193.977C95.9732 194.066 95.807 194.192 95.682 194.357C95.557 194.522 95.4902 194.715 95.4817 194.936H93.7133C93.7218 194.433 93.8652 193.99 94.1437 193.607C94.4221 193.223 94.7971 192.924 95.2687 192.708C95.7431 192.489 96.2786 192.379 96.8752 192.379C97.4775 192.379 98.0045 192.489 98.4562 192.708C98.9079 192.926 99.2587 193.222 99.5087 193.594C99.7616 193.963 99.8866 194.378 99.8837 194.838C99.8866 195.327 99.7346 195.735 99.4277 196.061C99.1238 196.388 98.7275 196.595 98.2388 196.683V196.752C98.8809 196.834 99.3695 197.057 99.7047 197.421C100.043 197.781 100.21 198.233 100.208 198.776C100.21 199.273 100.067 199.715 99.7772 200.101C99.4902 200.487 99.0939 200.791 98.5883 201.013C98.0826 201.235 97.503 201.345 96.8496 201.345ZM104.03 194.02V192.499H111.198V194.02H108.526V201.226H106.702V194.02H104.03ZM112.378 201.226V192.499H114.223V196.1H117.969V192.499H119.81V201.226H117.969V197.621H114.223V201.226H112.378ZM122.835 201.226H120.858L123.871 192.499H126.249L129.257 201.226H127.28L125.094 194.493H125.026L122.835 201.226ZM122.712 197.796H127.382V199.236H122.712V197.796ZM124.408 191.655L125.311 189.716H126.99L125.691 191.655H124.408ZM137.607 192.499V201.226H136.014L132.217 195.733H132.153V201.226H130.308V192.499H131.927L135.694 197.987H135.771V192.499H137.607ZM144.919 195.32C144.859 195.112 144.775 194.929 144.667 194.77C144.559 194.608 144.427 194.472 144.271 194.361C144.118 194.247 143.942 194.161 143.743 194.101C143.547 194.041 143.329 194.012 143.091 194.012C142.645 194.012 142.253 194.122 141.915 194.344C141.579 194.566 141.318 194.888 141.131 195.311C140.943 195.732 140.849 196.246 140.849 196.854C140.849 197.462 140.942 197.979 141.126 198.405C141.311 198.831 141.572 199.156 141.91 199.381C142.248 199.602 142.648 199.713 143.108 199.713C143.525 199.713 143.882 199.639 144.177 199.492C144.476 199.341 144.703 199.129 144.859 198.857C145.018 198.584 145.098 198.262 145.098 197.889L145.473 197.945H143.223V196.556H146.875V197.655C146.875 198.422 146.713 199.081 146.389 199.632C146.065 200.181 145.619 200.604 145.051 200.902C144.483 201.198 143.832 201.345 143.099 201.345C142.281 201.345 141.562 201.165 140.943 200.804C140.324 200.441 139.841 199.925 139.494 199.257C139.15 198.587 138.979 197.791 138.979 196.871C138.979 196.164 139.081 195.533 139.285 194.979C139.493 194.422 139.783 193.951 140.155 193.564C140.527 193.178 140.96 192.884 141.454 192.682C141.949 192.48 142.484 192.379 143.061 192.379C143.555 192.379 144.015 192.452 144.442 192.597C144.868 192.739 145.246 192.941 145.575 193.202C145.908 193.463 146.179 193.774 146.389 194.135C146.599 194.493 146.734 194.888 146.794 195.32H144.919ZM154.332 198.192H155.9L156.689 199.206L157.464 200.11L158.926 201.942H157.204L156.199 200.706L155.683 199.973L154.332 198.192ZM159.058 196.862C159.058 197.814 158.878 198.624 158.517 199.291C158.159 199.959 157.67 200.469 157.051 200.821C156.434 201.171 155.741 201.345 154.971 201.345C154.196 201.345 153.5 201.169 152.883 200.817C152.267 200.465 151.78 199.955 151.422 199.287C151.064 198.62 150.885 197.811 150.885 196.862C150.885 195.911 151.064 195.101 151.422 194.433C151.78 193.766 152.267 193.257 152.883 192.908C153.5 192.556 154.196 192.379 154.971 192.379C155.741 192.379 156.434 192.556 157.051 192.908C157.67 193.257 158.159 193.766 158.517 194.433C158.878 195.101 159.058 195.911 159.058 196.862ZM157.187 196.862C157.187 196.246 157.095 195.726 156.91 195.303C156.729 194.879 156.471 194.558 156.139 194.34C155.807 194.121 155.417 194.012 154.971 194.012C154.525 194.012 154.136 194.121 153.804 194.34C153.471 194.558 153.213 194.879 153.028 195.303C152.846 195.726 152.756 196.246 152.756 196.862C152.756 197.479 152.846 197.999 153.028 198.422C153.213 198.845 153.471 199.166 153.804 199.385C154.136 199.604 154.525 199.713 154.971 199.713C155.417 199.713 155.807 199.604 156.139 199.385C156.471 199.166 156.729 198.845 156.91 198.422C157.095 197.999 157.187 197.479 157.187 196.862ZM165.816 192.499H167.661V198.166C167.661 198.803 167.509 199.36 167.205 199.837C166.904 200.314 166.482 200.686 165.939 200.953C165.396 201.218 164.764 201.35 164.043 201.35C163.318 201.35 162.685 201.218 162.142 200.953C161.6 200.686 161.178 200.314 160.877 199.837C160.575 199.36 160.425 198.803 160.425 198.166V192.499H162.27V198.009C162.27 198.341 162.343 198.637 162.487 198.895C162.635 199.154 162.843 199.357 163.11 199.504C163.377 199.652 163.688 199.726 164.043 199.726C164.401 199.726 164.712 199.652 164.976 199.504C165.243 199.357 165.449 199.154 165.594 198.895C165.742 198.637 165.816 198.341 165.816 198.009V192.499ZM170.683 201.226H168.706L171.719 192.499H174.096L177.105 201.226H175.128L172.942 194.493H172.873L170.683 201.226ZM170.559 197.796H175.23V199.236H170.559V197.796Z" fill="#9AA0B8"/>
<path d="M396.344 209.356H30.6564C22.1909 209.356 15.3282 215.665 15.3282 223.448V332.152C15.3282 339.935 22.1909 346.243 30.6564 346.243H396.344C404.809 346.243 411.672 339.935 411.672 332.152V223.448C411.672 215.665 404.809 209.356 396.344 209.356Z" fill="#F8F9FB"/>
<path d="M55.2265 218.904V218.123H60.6811V218.904H58.3942V225.396H57.5135V218.904H55.2265ZM62.7647 222.114V225.396H61.9267V218.123H62.7647V220.793H62.8357C62.9636 220.512 63.1553 220.288 63.411 220.122C63.6691 219.954 64.0124 219.87 64.4409 219.87C64.8125 219.87 65.1381 219.945 65.4174 220.094C65.6968 220.24 65.9134 220.467 66.0673 220.772C66.2235 221.075 66.3017 221.461 66.3017 221.93V225.396H65.4636V221.986C65.4636 221.553 65.3511 221.218 65.1262 220.981C64.9037 220.742 64.5947 220.623 64.1994 220.623C63.9248 220.623 63.6785 220.681 63.4607 220.797C63.2453 220.913 63.0749 221.082 62.9494 221.305C62.8263 221.527 62.7647 221.797 62.7647 222.114ZM68.4457 225.452C68.2705 225.452 68.1201 225.39 67.9947 225.264C67.8692 225.139 67.8064 224.988 67.8064 224.813C67.8064 224.638 67.8692 224.488 67.9947 224.362C68.1201 224.237 68.2705 224.174 68.4457 224.174C68.6208 224.174 68.7712 224.237 68.8966 224.362C69.0221 224.488 69.0849 224.638 69.0849 224.813C69.0849 224.929 69.0553 225.036 68.9961 225.133C68.9393 225.23 68.8623 225.308 68.7653 225.367C68.6706 225.424 68.564 225.452 68.4457 225.452ZM72.2622 218.123V225.396H71.3816V219.046H71.3389L69.5634 220.225V219.33L71.3816 218.123H72.2622Z" fill="#9AA0B8"/>
<path d="M175.662 218.904V218.123H181.117V218.904H178.83V225.396H177.949V218.904H175.662ZM183.201 222.114V225.396H182.363V218.123H183.201V220.793H183.272C183.399 220.512 183.591 220.288 183.847 220.122C184.105 219.954 184.448 219.87 184.877 219.87C185.248 219.87 185.574 219.945 185.853 220.094C186.133 220.24 186.349 220.467 186.503 220.772C186.659 221.075 186.738 221.461 186.738 221.93V225.396H185.899V221.986C185.899 221.553 185.787 221.218 185.562 220.981C185.34 220.742 185.031 220.623 184.635 220.623C184.361 220.623 184.114 220.681 183.897 220.797C183.681 220.913 183.511 221.082 183.385 221.305C183.262 221.527 183.201 221.797 183.201 222.114ZM188.882 225.452C188.706 225.452 188.556 225.39 188.431 225.264C188.305 225.139 188.242 224.988 188.242 224.813C188.242 224.638 188.305 224.488 188.431 224.362C188.556 224.237 188.706 224.174 188.882 224.174C189.057 224.174 189.207 224.237 189.333 224.362C189.458 224.488 189.521 224.638 189.521 224.813C189.521 224.929 189.491 225.036 189.432 225.133C189.375 225.23 189.298 225.308 189.201 225.367C189.106 225.424 189 225.452 188.882 225.452ZM191.01 225.396V224.756L193.411 222.128C193.693 221.821 193.925 221.553 194.107 221.326C194.289 221.096 194.424 220.881 194.512 220.68C194.602 220.476 194.647 220.263 194.647 220.04C194.647 219.785 194.585 219.563 194.462 219.376C194.341 219.189 194.176 219.045 193.965 218.943C193.754 218.841 193.518 218.79 193.255 218.79C192.975 218.79 192.732 218.848 192.523 218.964C192.317 219.078 192.157 219.238 192.044 219.444C191.933 219.65 191.877 219.891 191.877 220.168H191.039C191.039 219.742 191.137 219.368 191.334 219.046C191.53 218.724 191.798 218.473 192.136 218.293C192.477 218.113 192.859 218.023 193.283 218.023C193.709 218.023 194.087 218.113 194.416 218.293C194.745 218.473 195.003 218.716 195.19 219.021C195.377 219.327 195.471 219.666 195.471 220.04C195.471 220.308 195.422 220.57 195.325 220.825C195.23 221.079 195.065 221.361 194.828 221.674C194.594 221.984 194.268 222.363 193.851 222.81L192.218 224.557V224.614H195.599V225.396H191.01Z" fill="#9AA0B8"/>
<path d="M293.909 218.904V218.123H299.363V218.904H297.076V225.396H296.196V218.904H293.909ZM301.447 222.114V225.396H300.609V218.123H301.447V220.793H301.518C301.646 220.512 301.837 220.288 302.093 220.122C302.351 219.954 302.694 219.87 303.123 219.87C303.495 219.87 303.82 219.945 304.099 220.094C304.379 220.24 304.595 220.467 304.749 220.772C304.906 221.075 304.984 221.461 304.984 221.93V225.396H304.146V221.986C304.146 221.553 304.033 221.218 303.808 220.981C303.586 220.742 303.277 220.623 302.881 220.623C302.607 220.623 302.361 220.681 302.143 220.797C301.927 220.913 301.757 221.082 301.631 221.305C301.508 221.527 301.447 221.797 301.447 222.114ZM307.128 225.452C306.953 225.452 306.802 225.39 306.677 225.264C306.551 225.139 306.489 224.988 306.489 224.813C306.489 224.638 306.551 224.488 306.677 224.362C306.802 224.237 306.953 224.174 307.128 224.174C307.303 224.174 307.453 224.237 307.579 224.362C307.704 224.488 307.767 224.638 307.767 224.813C307.767 224.929 307.737 225.036 307.678 225.133C307.621 225.23 307.544 225.308 307.447 225.367C307.353 225.424 307.246 225.452 307.128 225.452ZM311.441 225.495C310.972 225.495 310.554 225.414 310.187 225.253C309.822 225.092 309.532 224.869 309.317 224.582C309.104 224.293 308.988 223.958 308.969 223.577H309.864C309.883 223.812 309.963 224.014 310.105 224.185C310.247 224.353 310.433 224.483 310.663 224.575C310.893 224.668 311.147 224.714 311.426 224.714C311.739 224.714 312.016 224.659 312.257 224.55C312.499 224.441 312.688 224.29 312.826 224.096C312.963 223.902 313.031 223.677 313.031 223.421C313.031 223.154 312.965 222.918 312.833 222.714C312.7 222.508 312.506 222.347 312.25 222.231C311.995 222.115 311.682 222.057 311.313 222.057H310.73V221.276H311.313C311.602 221.276 311.855 221.224 312.073 221.12C312.293 221.016 312.464 220.869 312.588 220.68C312.713 220.49 312.776 220.268 312.776 220.012C312.776 219.766 312.721 219.552 312.612 219.369C312.504 219.187 312.35 219.045 312.151 218.943C311.954 218.841 311.722 218.79 311.455 218.79C311.204 218.79 310.967 218.837 310.745 218.929C310.524 219.019 310.344 219.15 310.205 219.323C310.065 219.494 309.989 219.699 309.978 219.941H309.125C309.139 219.56 309.254 219.226 309.47 218.94C309.685 218.651 309.967 218.426 310.315 218.265C310.665 218.104 311.05 218.023 311.469 218.023C311.919 218.023 312.305 218.114 312.627 218.297C312.949 218.477 313.196 218.715 313.369 219.011C313.542 219.306 313.628 219.626 313.628 219.969C313.628 220.379 313.52 220.728 313.305 221.017C313.092 221.306 312.802 221.506 312.435 221.617V221.674C312.894 221.75 313.253 221.945 313.511 222.26C313.769 222.572 313.898 222.959 313.898 223.421C313.898 223.816 313.79 224.172 313.575 224.486C313.362 224.799 313.071 225.045 312.701 225.225C312.332 225.405 311.912 225.495 311.441 225.495Z" fill="#9AA0B8"/>
<path d="M18.3562 237.022V236.24H23.8107V237.022H21.5238V243.513H20.6431V237.022H18.3562ZM27.4995 243.613C27.0307 243.613 26.6129 243.532 26.2459 243.371C25.8813 243.21 25.5913 242.986 25.3759 242.7C25.1628 242.411 25.0468 242.076 25.0279 241.695H25.9228C25.9417 241.929 26.0222 242.132 26.1642 242.302C26.3063 242.47 26.4921 242.601 26.7218 242.693C26.9514 242.785 27.2059 242.831 27.4853 242.831C27.7978 242.831 28.0748 242.777 28.3162 242.668C28.5577 242.559 28.7471 242.408 28.8844 242.213C29.0217 242.019 29.0904 241.794 29.0904 241.539C29.0904 241.271 29.0241 241.036 28.8915 240.832C28.7589 240.626 28.5648 240.465 28.3091 240.349C28.0534 240.233 27.7409 240.175 27.3716 240.175H26.7892V239.394H27.3716C27.6605 239.394 27.9138 239.342 28.1316 239.238C28.3517 239.133 28.5234 238.987 28.6465 238.797C28.772 238.608 28.8347 238.385 28.8347 238.13C28.8347 237.883 28.7802 237.669 28.6713 237.487C28.5624 237.305 28.4086 237.163 28.2097 237.061C28.0132 236.959 27.7812 236.908 27.5137 236.908C27.2627 236.908 27.026 236.954 26.8034 237.047C26.5833 237.137 26.4034 237.268 26.2637 237.441C26.124 237.611 26.0482 237.817 26.0364 238.059H25.1841C25.1983 237.677 25.3132 237.344 25.5286 237.057C25.744 236.768 26.0257 236.543 26.3738 236.383C26.7241 236.222 27.1088 236.141 27.5279 236.141C27.9777 236.141 28.3636 236.232 28.6855 236.414C29.0075 236.594 29.2549 236.832 29.4277 237.128C29.6006 237.424 29.687 237.744 29.687 238.087C29.687 238.497 29.5793 238.846 29.3638 239.135C29.1507 239.423 28.8607 239.624 28.4938 239.735V239.792C28.9531 239.867 29.3117 240.063 29.5698 240.378C29.8278 240.69 29.9569 241.077 29.9569 241.539C29.9569 241.934 29.8491 242.289 29.6337 242.604C29.4206 242.917 29.1294 243.163 28.7601 243.343C28.3908 243.523 27.9706 243.613 27.4995 243.613Z" fill="#9AA0B8"/>
<path d="M18.6394 252.119V251.338H24.0939V252.119H21.807V258.611H20.9263V252.119H18.6394ZM27.598 258.71C27.1813 258.71 26.8061 258.627 26.4723 258.462C26.1385 258.296 25.871 258.069 25.6697 257.78C25.4685 257.491 25.3584 257.162 25.3395 256.793H26.1918C26.2249 257.122 26.3741 257.394 26.6392 257.609C26.9067 257.822 27.2263 257.929 27.598 257.929C27.8963 257.929 28.1615 257.859 28.3935 257.72C28.6278 257.58 28.8113 257.388 28.9439 257.144C29.0788 256.898 29.1463 256.62 29.1463 256.31C29.1463 255.992 29.0765 255.71 28.9368 255.461C28.7995 255.21 28.6101 255.012 28.3686 254.868C28.1271 254.724 27.8513 254.65 27.5412 254.648C27.3187 254.645 27.0902 254.68 26.8558 254.751C26.6215 254.819 26.4285 254.908 26.277 255.017L25.4531 254.918L25.8935 251.338H29.6719V252.119H26.6321L26.3764 254.264H26.419C26.5682 254.146 26.7552 254.048 26.9801 253.97C27.205 253.891 27.4394 253.852 27.6832 253.852C28.1283 253.852 28.5249 253.959 28.8729 254.172C29.2232 254.383 29.4979 254.671 29.6967 255.038C29.898 255.405 29.9986 255.824 29.9986 256.295C29.9986 256.76 29.8944 257.174 29.6861 257.538C29.4801 257.901 29.196 258.187 28.8338 258.398C28.4716 258.606 28.0597 258.71 27.598 258.71Z" fill="#9AA0B8"/>
<path d="M19.0105 267.217V266.436H24.465V267.217H22.1781V273.708H21.2974V267.217H19.0105ZM25.9237 273.708L29.1765 267.274V267.217H25.4265V266.436H30.0856V267.26L26.8469 273.708H25.9237Z" fill="#9AA0B8"/>
<path d="M48.1744 231.5H39.4154C38.206 231.5 37.2256 232.401 37.2256 233.513V241.565C37.2256 242.677 38.206 243.578 39.4154 243.578H48.1744C49.3837 243.578 50.3641 242.677 50.3641 241.565V233.513C50.3641 232.401 49.3837 231.5 48.1744 231.5Z" fill="#E8EFFE"/>
<path d="M48.1744 246.598H39.4154C38.206 246.598 37.2256 247.499 37.2256 248.611V256.663C37.2256 257.775 38.206 258.676 39.4154 258.676H48.1744C49.3837 258.676 50.3641 257.775 50.3641 256.663V248.611C50.3641 247.499 49.3837 246.598 48.1744 246.598Z" fill="#A8C4FB"/>
<path d="M48.1744 261.696H39.4154C38.206 261.696 37.2256 262.597 37.2256 263.709V271.761C37.2256 272.873 38.206 273.774 39.4154 273.774H48.1744C49.3837 273.774 50.3641 272.873 50.3641 271.761V263.709C50.3641 262.597 49.3837 261.696 48.1744 261.696Z" fill="#E8EFFE"/>
<path d="M48.1744 276.793H39.4154C38.206 276.793 37.2256 277.695 37.2256 278.807V286.859C37.2256 287.97 38.206 288.872 39.4154 288.872H48.1744C49.3837 288.872 50.3641 287.97 50.3641 286.859V278.807C50.3641 277.695 49.3837 276.793 48.1744 276.793Z" fill="#5691F8"/>
<path d="M48.1744 291.891H39.4154C38.206 291.891 37.2256 292.792 37.2256 293.904V301.956C37.2256 303.068 38.206 303.969 39.4154 303.969H48.1744C49.3837 303.969 50.3641 303.068 50.3641 301.956V293.904C50.3641 292.792 49.3837 291.891 48.1744 291.891Z" fill="#E8EFFE"/>
<path d="M48.1744 306.989H39.4154C38.206 306.989 37.2256 307.891 37.2256 309.002V317.054C37.2256 318.166 38.206 319.068 39.4154 319.068H48.1744C49.3837 319.068 50.3641 318.166 50.3641 317.054V309.002C50.3641 307.891 49.3837 306.989 48.1744 306.989Z" fill="#A8C4FB"/>
<path d="M48.1744 322.087H39.4154C38.206 322.087 37.2256 322.988 37.2256 324.1V332.152C37.2256 333.264 38.206 334.165 39.4154 334.165H48.1744C49.3837 334.165 50.3641 333.264 50.3641 332.152V324.1C50.3641 322.988 49.3837 322.087 48.1744 322.087Z" fill="#E8EFFE"/>
<path d="M64.5975 231.5H55.8385C54.6291 231.5 53.6487 232.401 53.6487 233.513V241.565C53.6487 242.677 54.6291 243.578 55.8385 243.578H64.5975C65.8068 243.578 66.7872 242.677 66.7872 241.565V233.513C66.7872 232.401 65.8068 231.5 64.5975 231.5Z" fill="#A8C4FB"/>
<path d="M64.5975 246.598H55.8385C54.6291 246.598 53.6487 247.499 53.6487 248.611V256.663C53.6487 257.775 54.6291 258.676 55.8385 258.676H64.5975C65.8068 258.676 66.7872 257.775 66.7872 256.663V248.611C66.7872 247.499 65.8068 246.598 64.5975 246.598Z" fill="#E8EFFE"/>
<path d="M64.5975 261.696H55.8385C54.6291 261.696 53.6487 262.597 53.6487 263.709V271.761C53.6487 272.873 54.6291 273.774 55.8385 273.774H64.5975C65.8068 273.774 66.7872 272.873 66.7872 271.761V263.709C66.7872 262.597 65.8068 261.696 64.5975 261.696Z" fill="#5691F8"/>
<path d="M64.5975 276.793H55.8385C54.6291 276.793 53.6487 277.695 53.6487 278.807V286.859C53.6487 287.97 54.6291 288.872 55.8385 288.872H64.5975C65.8068 288.872 66.7872 287.97 66.7872 286.859V278.807C66.7872 277.695 65.8068 276.793 64.5975 276.793Z" fill="#E8EFFE"/>
<path d="M64.5975 291.891H55.8385C54.6291 291.891 53.6487 292.792 53.6487 293.904V301.956C53.6487 303.068 54.6291 303.969 55.8385 303.969H64.5975C65.8068 303.969 66.7872 303.068 66.7872 301.956V293.904C66.7872 292.792 65.8068 291.891 64.5975 291.891Z" fill="#A8C4FB"/>
<path d="M64.5975 306.989H55.8385C54.6291 306.989 53.6487 307.891 53.6487 309.002V317.054C53.6487 318.166 54.6291 319.068 55.8385 319.068H64.5975C65.8068 319.068 66.7872 318.166 66.7872 317.054V309.002C66.7872 307.891 65.8068 306.989 64.5975 306.989Z" fill="#E8EFFE"/>
<path d="M64.5975 322.087H55.8385C54.6291 322.087 53.6487 322.988 53.6487 324.1V332.152C53.6487 333.264 54.6291 334.165 55.8385 334.165H64.5975C65.8068 334.165 66.7872 333.264 66.7872 332.152V324.1C66.7872 322.988 65.8068 322.087 64.5975 322.087Z" fill="#0961F5"/>
<path d="M81.0205 231.5H72.2615C71.0522 231.5 70.0718 232.401 70.0718 233.513V241.565C70.0718 242.677 71.0522 243.578 72.2615 243.578H81.0205C82.2299 243.578 83.2102 242.677 83.2102 241.565V233.513C83.2102 232.401 82.2299 231.5 81.0205 231.5Z" fill="#E8EFFE"/>
<path d="M81.0205 246.598H72.2615C71.0522 246.598 70.0718 247.499 70.0718 248.611V256.663C70.0718 257.775 71.0522 258.676 72.2615 258.676H81.0205C82.2299 258.676 83.2102 257.775 83.2102 256.663V248.611C83.2102 247.499 82.2299 246.598 81.0205 246.598Z" fill="#5691F8"/>
<path d="M81.0205 261.696H72.2615C71.0522 261.696 70.0718 262.597 70.0718 263.709V271.761C70.0718 272.873 71.0522 273.774 72.2615 273.774H81.0205C82.2299 273.774 83.2102 272.873 83.2102 271.761V263.709C83.2102 262.597 82.2299 261.696 81.0205 261.696Z" fill="#A8C4FB"/>
<path d="M81.0205 276.793H72.2615C71.0522 276.793 70.0718 277.695 70.0718 278.807V286.859C70.0718 287.97 71.0522 288.872 72.2615 288.872H81.0205C82.2299 288.872 83.2102 287.97 83.2102 286.859V278.807C83.2102 277.695 82.2299 276.793 81.0205 276.793Z" fill="#0961F5"/>
<path d="M81.0205 291.891H72.2615C71.0522 291.891 70.0718 292.792 70.0718 293.904V301.956C70.0718 303.068 71.0522 303.969 72.2615 303.969H81.0205C82.2299 303.969 83.2102 303.068 83.2102 301.956V293.904C83.2102 292.792 82.2299 291.891 81.0205 291.891Z" fill="#E8EFFE"/>
<path d="M81.0205 306.989H72.2615C71.0522 306.989 70.0718 307.891 70.0718 309.002V317.054C70.0718 318.166 71.0522 319.068 72.2615 319.068H81.0205C82.2299 319.068 83.2102 318.166 83.2102 317.054V309.002C83.2102 307.891 82.2299 306.989 81.0205 306.989Z" fill="#A8C4FB"/>
<path d="M81.0205 322.087H72.2615C71.0522 322.087 70.0718 322.988 70.0718 324.1V332.152C70.0718 333.264 71.0522 334.165 72.2615 334.165H81.0205C82.2299 334.165 83.2102 333.264 83.2102 332.152V324.1C83.2102 322.988 82.2299 322.087 81.0205 322.087Z" fill="#E8EFFE"/>
<path d="M97.4436 231.5H88.6846C87.4753 231.5 86.4949 232.401 86.4949 233.513V241.565C86.4949 242.677 87.4753 243.578 88.6846 243.578H97.4436C98.653 243.578 99.6333 242.677 99.6333 241.565V233.513C99.6333 232.401 98.653 231.5 97.4436 231.5Z" fill="#5691F8"/>
<path d="M97.4436 246.598H88.6846C87.4753 246.598 86.4949 247.499 86.4949 248.611V256.663C86.4949 257.775 87.4753 258.676 88.6846 258.676H97.4436C98.653 258.676 99.6333 257.775 99.6333 256.663V248.611C99.6333 247.499 98.653 246.598 97.4436 246.598Z" fill="#E8EFFE"/>
<path d="M97.4436 261.696H88.6846C87.4753 261.696 86.4949 262.597 86.4949 263.709V271.761C86.4949 272.873 87.4753 273.774 88.6846 273.774H97.4436C98.653 273.774 99.6333 272.873 99.6333 271.761V263.709C99.6333 262.597 98.653 261.696 97.4436 261.696Z" fill="#A8C4FB"/>
<path d="M97.4436 276.793H88.6846C87.4753 276.793 86.4949 277.695 86.4949 278.807V286.859C86.4949 287.97 87.4753 288.872 88.6846 288.872H97.4436C98.653 288.872 99.6333 287.97 99.6333 286.859V278.807C99.6333 277.695 98.653 276.793 97.4436 276.793Z" fill="#E8EFFE"/>
<path d="M97.4436 291.891H88.6846C87.4753 291.891 86.4949 292.792 86.4949 293.904V301.956C86.4949 303.068 87.4753 303.969 88.6846 303.969H97.4436C98.653 303.969 99.6333 303.068 99.6333 301.956V293.904C99.6333 292.792 98.653 291.891 97.4436 291.891Z" fill="#5691F8"/>
<path d="M97.4436 306.989H88.6846C87.4753 306.989 86.4949 307.891 86.4949 309.002V317.054C86.4949 318.166 87.4753 319.068 88.6846 319.068H97.4436C98.653 319.068 99.6333 318.166 99.6333 317.054V309.002C99.6333 307.891 98.653 306.989 97.4436 306.989Z" fill="#0961F5"/>
<path d="M97.4436 322.087H88.6846C87.4753 322.087 86.4949 322.988 86.4949 324.1V332.152C86.4949 333.264 87.4753 334.165 88.6846 334.165H97.4436C98.653 334.165 99.6333 333.264 99.6333 332.152V324.1C99.6333 322.988 98.653 322.087 97.4436 322.087Z" fill="#A8C4FB"/>
<path d="M113.867 231.5H105.108C103.898 231.5 102.918 232.401 102.918 233.513V241.565C102.918 242.677 103.898 243.578 105.108 243.578H113.867C115.076 243.578 116.056 242.677 116.056 241.565V233.513C116.056 232.401 115.076 231.5 113.867 231.5Z" fill="#E8EFFE"/>
<path d="M113.867 246.598H105.108C103.898 246.598 102.918 247.499 102.918 248.611V256.663C102.918 257.775 103.898 258.676 105.108 258.676H113.867C115.076 258.676 116.056 257.775 116.056 256.663V248.611C116.056 247.499 115.076 246.598 113.867 246.598Z" fill="#A8C4FB"/>
<path d="M113.867 261.696H105.108C103.898 261.696 102.918 262.597 102.918 263.709V271.761C102.918 272.873 103.898 273.774 105.108 273.774H113.867C115.076 273.774 116.056 272.873 116.056 271.761V263.709C116.056 262.597 115.076 261.696 113.867 261.696Z" fill="#E8EFFE"/>
<path d="M113.867 276.793H105.108C103.898 276.793 102.918 277.695 102.918 278.807V286.859C102.918 287.97 103.898 288.872 105.108 288.872H113.867C115.076 288.872 116.056 287.97 116.056 286.859V278.807C116.056 277.695 115.076 276.793 113.867 276.793Z" fill="#A8C4FB"/>
<path d="M113.867 291.891H105.108C103.898 291.891 102.918 292.792 102.918 293.904V301.956C102.918 303.068 103.898 303.969 105.108 303.969H113.867C115.076 303.969 116.056 303.068 116.056 301.956V293.904C116.056 292.792 115.076 291.891 113.867 291.891Z" fill="#0961F5"/>
<path d="M113.867 306.989H105.108C103.898 306.989 102.918 307.891 102.918 309.002V317.054C102.918 318.166 103.898 319.068 105.108 319.068H113.867C115.076 319.068 116.056 318.166 116.056 317.054V309.002C116.056 307.891 115.076 306.989 113.867 306.989Z" fill="#E8EFFE"/>
<path d="M113.867 322.087H105.108C103.898 322.087 102.918 322.988 102.918 324.1V332.152C102.918 333.264 103.898 334.165 105.108 334.165H113.867C115.076 334.165 116.056 333.264 116.056 332.152V324.1C116.056 322.988 115.076 322.087 113.867 322.087Z" fill="#5691F8"/>
<path d="M130.29 231.5H121.531C120.321 231.5 119.341 232.401 119.341 233.513V241.565C119.341 242.677 120.321 243.578 121.531 243.578H130.29C131.499 243.578 132.479 242.677 132.479 241.565V233.513C132.479 232.401 131.499 231.5 130.29 231.5Z" fill="#A8C4FB"/>
<path d="M130.29 246.598H121.531C120.321 246.598 119.341 247.499 119.341 248.611V256.663C119.341 257.775 120.321 258.676 121.531 258.676H130.29C131.499 258.676 132.479 257.775 132.479 256.663V248.611C132.479 247.499 131.499 246.598 130.29 246.598Z" fill="#5691F8"/>
<path d="M130.29 261.696H121.531C120.321 261.696 119.341 262.597 119.341 263.709V271.761C119.341 272.873 120.321 273.774 121.531 273.774H130.29C131.499 273.774 132.479 272.873 132.479 271.761V263.709C132.479 262.597 131.499 261.696 130.29 261.696Z" fill="#E8EFFE"/>
<path d="M130.29 276.793H121.531C120.321 276.793 119.341 277.695 119.341 278.807V286.859C119.341 287.97 120.321 288.872 121.531 288.872H130.29C131.499 288.872 132.479 287.97 132.479 286.859V278.807C132.479 277.695 131.499 276.793 130.29 276.793Z" fill="#A8C4FB"/>
<path d="M130.29 291.891H121.531C120.321 291.891 119.341 292.792 119.341 293.904V301.956C119.341 303.068 120.321 303.969 121.531 303.969H130.29C131.499 303.969 132.479 303.068 132.479 301.956V293.904C132.479 292.792 131.499 291.891 130.29 291.891Z" fill="#E8EFFE"/>
<path d="M130.29 306.989H121.531C120.321 306.989 119.341 307.891 119.341 309.002V317.054C119.341 318.166 120.321 319.068 121.531 319.068H130.29C131.499 319.068 132.479 318.166 132.479 317.054V309.002C132.479 307.891 131.499 306.989 130.29 306.989Z" fill="#5691F8"/>
<path d="M130.29 322.087H121.531C120.321 322.087 119.341 322.988 119.341 324.1V332.152C119.341 333.264 120.321 334.165 121.531 334.165H130.29C131.499 334.165 132.479 333.264 132.479 332.152V324.1C132.479 322.988 131.499 322.087 130.29 322.087Z" fill="#E8EFFE"/>
<path d="M146.713 231.5H137.954C136.744 231.5 135.764 232.401 135.764 233.513V241.565C135.764 242.677 136.744 243.578 137.954 243.578H146.713C147.922 243.578 148.903 242.677 148.903 241.565V233.513C148.903 232.401 147.922 231.5 146.713 231.5Z" fill="#E8EFFE"/>
<path d="M146.713 246.598H137.954C136.744 246.598 135.764 247.499 135.764 248.611V256.663C135.764 257.775 136.744 258.676 137.954 258.676H146.713C147.922 258.676 148.903 257.775 148.903 256.663V248.611C148.903 247.499 147.922 246.598 146.713 246.598Z" fill="#0961F5"/>
<path d="M146.713 261.696H137.954C136.744 261.696 135.764 262.597 135.764 263.709V271.761C135.764 272.873 136.744 273.774 137.954 273.774H146.713C147.922 273.774 148.903 272.873 148.903 271.761V263.709C148.903 262.597 147.922 261.696 146.713 261.696Z" fill="#A8C4FB"/>
<path d="M146.713 276.793H137.954C136.744 276.793 135.764 277.695 135.764 278.807V286.859C135.764 287.97 136.744 288.872 137.954 288.872H146.713C147.922 288.872 148.903 287.97 148.903 286.859V278.807C148.903 277.695 147.922 276.793 146.713 276.793Z" fill="#E8EFFE"/>
<path d="M146.713 291.891H137.954C136.744 291.891 135.764 292.792 135.764 293.904V301.956C135.764 303.068 136.744 303.969 137.954 303.969H146.713C147.922 303.969 148.903 303.068 148.903 301.956V293.904C148.903 292.792 147.922 291.891 146.713 291.891Z" fill="#5691F8"/>
<path d="M146.713 306.989H137.954C136.744 306.989 135.764 307.891 135.764 309.002V317.054C135.764 318.166 136.744 319.068 137.954 319.068H146.713C147.922 319.068 148.903 318.166 148.903 317.054V309.002C148.903 307.891 147.922 306.989 146.713 306.989Z" fill="#A8C4FB"/>
<path d="M146.713 322.087H137.954C136.744 322.087 135.764 322.988 135.764 324.1V332.152C135.764 333.264 136.744 334.165 137.954 334.165H146.713C147.922 334.165 148.903 333.264 148.903 332.152V324.1C148.903 322.988 147.922 322.087 146.713 322.087Z" fill="#0444B0"/>
<path d="M163.136 231.5H154.377C153.168 231.5 152.187 232.401 152.187 233.513V241.565C152.187 242.677 153.168 243.578 154.377 243.578H163.136C164.345 243.578 165.326 242.677 165.326 241.565V233.513C165.326 232.401 164.345 231.5 163.136 231.5Z" fill="#5691F8"/>
<path d="M163.136 246.598H154.377C153.168 246.598 152.187 247.499 152.187 248.611V256.663C152.187 257.775 153.168 258.676 154.377 258.676H163.136C164.345 258.676 165.326 257.775 165.326 256.663V248.611C165.326 247.499 164.345 246.598 163.136 246.598Z" fill="#E8EFFE"/>
<path d="M163.136 261.696H154.377C153.168 261.696 152.187 262.597 152.187 263.709V271.761C152.187 272.873 153.168 273.774 154.377 273.774H163.136C164.345 273.774 165.326 272.873 165.326 271.761V263.709C165.326 262.597 164.345 261.696 163.136 261.696Z" fill="#A8C4FB"/>
<path d="M163.136 276.793H154.377C153.168 276.793 152.187 277.695 152.187 278.807V286.859C152.187 287.97 153.168 288.872 154.377 288.872H163.136C164.345 288.872 165.326 287.97 165.326 286.859V278.807C165.326 277.695 164.345 276.793 163.136 276.793Z" fill="#5691F8"/>
<path d="M163.136 291.891H154.377C153.168 291.891 152.187 292.792 152.187 293.904V301.956C152.187 303.068 153.168 303.969 154.377 303.969H163.136C164.345 303.969 165.326 303.068 165.326 301.956V293.904C165.326 292.792 164.345 291.891 163.136 291.891Z" fill="#E8EFFE"/>
<path d="M163.136 306.989H154.377C153.168 306.989 152.187 307.891 152.187 309.002V317.054C152.187 318.166 153.168 319.068 154.377 319.068H163.136C164.345 319.068 165.326 318.166 165.326 317.054V309.002C165.326 307.891 164.345 306.989 163.136 306.989Z" fill="#0961F5"/>
<path d="M163.136 322.087H154.377C153.168 322.087 152.187 322.988 152.187 324.1V332.152C152.187 333.264 153.168 334.165 154.377 334.165H163.136C164.345 334.165 165.326 333.264 165.326 332.152V324.1C165.326 322.988 164.345 322.087 163.136 322.087Z" fill="#E8EFFE"/>
<path d="M179.559 231.5H170.8C169.591 231.5 168.61 232.401 168.61 233.513V241.565C168.61 242.677 169.591 243.578 170.8 243.578H179.559C180.768 243.578 181.749 242.677 181.749 241.565V233.513C181.749 232.401 180.768 231.5 179.559 231.5Z" fill="#A8C4FB"/>
<path d="M179.559 246.598H170.8C169.591 246.598 168.61 247.499 168.61 248.611V256.663C168.61 257.775 169.591 258.676 170.8 258.676H179.559C180.768 258.676 181.749 257.775 181.749 256.663V248.611C181.749 247.499 180.768 246.598 179.559 246.598Z" fill="#5691F8"/>
<path d="M179.559 261.696H170.8C169.591 261.696 168.61 262.597 168.61 263.709V271.761C168.61 272.873 169.591 273.774 170.8 273.774H179.559C180.768 273.774 181.749 272.873 181.749 271.761V263.709C181.749 262.597 180.768 261.696 179.559 261.696Z" fill="#E8EFFE"/>
<path d="M179.559 276.793H170.8C169.591 276.793 168.61 277.695 168.61 278.807V286.859C168.61 287.97 169.591 288.872 170.8 288.872H179.559C180.768 288.872 181.749 287.97 181.749 286.859V278.807C181.749 277.695 180.768 276.793 179.559 276.793Z" fill="#A8C4FB"/>
<path d="M179.559 291.891H170.8C169.591 291.891 168.61 292.792 168.61 293.904V301.956C168.61 303.068 169.591 303.969 170.8 303.969H179.559C180.768 303.969 181.749 303.068 181.749 301.956V293.904C181.749 292.792 180.768 291.891 179.559 291.891Z" fill="#0444B0"/>
<path d="M179.559 306.989H170.8C169.591 306.989 168.61 307.891 168.61 309.002V317.054C168.61 318.166 169.591 319.068 170.8 319.068H179.559C180.768 319.068 181.749 318.166 181.749 317.054V309.002C181.749 307.891 180.768 306.989 179.559 306.989Z" fill="#E8EFFE"/>
<path d="M179.559 322.087H170.8C169.591 322.087 168.61 322.988 168.61 324.1V332.152C168.61 333.264 169.591 334.165 170.8 334.165H179.559C180.768 334.165 181.749 333.264 181.749 332.152V324.1C181.749 322.988 180.768 322.087 179.559 322.087Z" fill="#A8C4FB"/>
<path d="M195.982 231.5H187.223C186.014 231.5 185.033 232.401 185.033 233.513V241.565C185.033 242.677 186.014 243.578 187.223 243.578H195.982C197.191 243.578 198.172 242.677 198.172 241.565V233.513C198.172 232.401 197.191 231.5 195.982 231.5Z" fill="#E8EFFE"/>
<path d="M195.982 246.598H187.223C186.014 246.598 185.033 247.499 185.033 248.611V256.663C185.033 257.775 186.014 258.676 187.223 258.676H195.982C197.191 258.676 198.172 257.775 198.172 256.663V248.611C198.172 247.499 197.191 246.598 195.982 246.598Z" fill="#A8C4FB"/>
<path d="M195.982 261.696H187.223C186.014 261.696 185.033 262.597 185.033 263.709V271.761C185.033 272.873 186.014 273.774 187.223 273.774H195.982C197.191 273.774 198.172 272.873 198.172 271.761V263.709C198.172 262.597 197.191 261.696 195.982 261.696Z" fill="#0961F5"/>
<path d="M195.982 276.793H187.223C186.014 276.793 185.033 277.695 185.033 278.807V286.859C185.033 287.97 186.014 288.872 187.223 288.872H195.982C197.191 288.872 198.172 287.97 198.172 286.859V278.807C198.172 277.695 197.191 276.793 195.982 276.793Z" fill="#E8EFFE"/>
<path d="M195.982 291.891H187.223C186.014 291.891 185.033 292.792 185.033 293.904V301.956C185.033 303.068 186.014 303.969 187.223 303.969H195.982C197.191 303.969 198.172 303.068 198.172 301.956V293.904C198.172 292.792 197.191 291.891 195.982 291.891Z" fill="#5691F8"/>
<path d="M195.982 306.989H187.223C186.014 306.989 185.033 307.891 185.033 309.002V317.054C185.033 318.166 186.014 319.068 187.223 319.068H195.982C197.191 319.068 198.172 318.166 198.172 317.054V309.002C198.172 307.891 197.191 306.989 195.982 306.989Z" fill="#A8C4FB"/>
<path d="M195.982 322.087H187.223C186.014 322.087 185.033 322.988 185.033 324.1V332.152C185.033 333.264 186.014 334.165 187.223 334.165H195.982C197.191 334.165 198.172 333.264 198.172 332.152V324.1C198.172 322.988 197.191 322.087 195.982 322.087Z" fill="#E8EFFE"/>
<path d="M212.405 231.5H203.646C202.437 231.5 201.456 232.401 201.456 233.513V241.565C201.456 242.677 202.437 243.578 203.646 243.578H212.405C213.615 243.578 214.595 242.677 214.595 241.565V233.513C214.595 232.401 213.615 231.5 212.405 231.5Z" fill="#5691F8"/>
<path d="M212.405 246.598H203.646C202.437 246.598 201.456 247.499 201.456 248.611V256.663C201.456 257.775 202.437 258.676 203.646 258.676H212.405C213.615 258.676 214.595 257.775 214.595 256.663V248.611C214.595 247.499 213.615 246.598 212.405 246.598Z" fill="#E8EFFE"/>
<path d="M212.405 261.696H203.646C202.437 261.696 201.456 262.597 201.456 263.709V271.761C201.456 272.873 202.437 273.774 203.646 273.774H212.405C213.615 273.774 214.595 272.873 214.595 271.761V263.709C214.595 262.597 213.615 261.696 212.405 261.696Z" fill="#A8C4FB"/>
<path d="M212.405 276.793H203.646C202.437 276.793 201.456 277.695 201.456 278.807V286.859C201.456 287.97 202.437 288.872 203.646 288.872H212.405C213.615 288.872 214.595 287.97 214.595 286.859V278.807C214.595 277.695 213.615 276.793 212.405 276.793Z" fill="#0961F5"/>
<path d="M212.405 291.891H203.646C202.437 291.891 201.456 292.792 201.456 293.904V301.956C201.456 303.068 202.437 303.969 203.646 303.969H212.405C213.615 303.969 214.595 303.068 214.595 301.956V293.904C214.595 292.792 213.615 291.891 212.405 291.891Z" fill="#E8EFFE"/>
<path d="M212.405 306.989H203.646C202.437 306.989 201.456 307.891 201.456 309.002V317.054C201.456 318.166 202.437 319.068 203.646 319.068H212.405C213.615 319.068 214.595 318.166 214.595 317.054V309.002C214.595 307.891 213.615 306.989 212.405 306.989Z" fill="#5691F8"/>
<path d="M212.405 322.087H203.646C202.437 322.087 201.456 322.988 201.456 324.1V332.152C201.456 333.264 202.437 334.165 203.646 334.165H212.405C213.615 334.165 214.595 333.264 214.595 332.152V324.1C214.595 322.988 213.615 322.087 212.405 322.087Z" fill="#A8C4FB"/>
<path d="M228.828 231.5H220.069C218.86 231.5 217.88 232.401 217.88 233.513V241.565C217.88 242.677 218.86 243.578 220.069 243.578H228.828C230.038 243.578 231.018 242.677 231.018 241.565V233.513C231.018 232.401 230.038 231.5 228.828 231.5Z" fill="#A8C4FB"/>
<path d="M228.828 246.598H220.069C218.86 246.598 217.88 247.499 217.88 248.611V256.663C217.88 257.775 218.86 258.676 220.069 258.676H228.828C230.038 258.676 231.018 257.775 231.018 256.663V248.611C231.018 247.499 230.038 246.598 228.828 246.598Z" fill="#5691F8"/>
<path d="M228.828 261.696H220.069C218.86 261.696 217.88 262.597 217.88 263.709V271.761C217.88 272.873 218.86 273.774 220.069 273.774H228.828C230.038 273.774 231.018 272.873 231.018 271.761V263.709C231.018 262.597 230.038 261.696 228.828 261.696Z" fill="#0444B0"/>
<path d="M228.828 276.793H220.069C218.86 276.793 217.88 277.695 217.88 278.807V286.859C217.88 287.97 218.86 288.872 220.069 288.872H228.828C230.038 288.872 231.018 287.97 231.018 286.859V278.807C231.018 277.695 230.038 276.793 228.828 276.793Z" fill="#5691F8"/>
<path d="M228.828 291.891H220.069C218.86 291.891 217.88 292.792 217.88 293.904V301.956C217.88 303.068 218.86 303.969 220.069 303.969H228.828C230.038 303.969 231.018 303.068 231.018 301.956V293.904C231.018 292.792 230.038 291.891 228.828 291.891Z" fill="#A8C4FB"/>
<path d="M228.828 306.989H220.069C218.86 306.989 217.88 307.891 217.88 309.002V317.054C217.88 318.166 218.86 319.068 220.069 319.068H228.828C230.038 319.068 231.018 318.166 231.018 317.054V309.002C231.018 307.891 230.038 306.989 228.828 306.989Z" fill="#0961F5"/>
<path d="M228.828 322.087H220.069C218.86 322.087 217.88 322.988 217.88 324.1V332.152C217.88 333.264 218.86 334.165 220.069 334.165H228.828C230.038 334.165 231.018 333.264 231.018 332.152V324.1C231.018 322.988 230.038 322.087 228.828 322.087Z" fill="#5691F8"/>
<path d="M245.251 231.5H236.492C235.283 231.5 234.303 232.401 234.303 233.513V241.565C234.303 242.677 235.283 243.578 236.492 243.578H245.251C246.461 243.578 247.441 242.677 247.441 241.565V233.513C247.441 232.401 246.461 231.5 245.251 231.5Z" fill="#5691F8"/>
<path d="M245.251 246.598H236.492C235.283 246.598 234.303 247.499 234.303 248.611V256.663C234.303 257.775 235.283 258.676 236.492 258.676H245.251C246.461 258.676 247.441 257.775 247.441 256.663V248.611C247.441 247.499 246.461 246.598 245.251 246.598Z" fill="#0961F5"/>
<path d="M245.251 261.696H236.492C235.283 261.696 234.303 262.597 234.303 263.709V271.761C234.303 272.873 235.283 273.774 236.492 273.774H245.251C246.461 273.774 247.441 272.873 247.441 271.761V263.709C247.441 262.597 246.461 261.696 245.251 261.696Z" fill="#5691F8"/>
<path d="M245.251 276.793H236.492C235.283 276.793 234.303 277.695 234.303 278.807V286.859C234.303 287.97 235.283 288.872 236.492 288.872H245.251C246.461 288.872 247.441 287.97 247.441 286.859V278.807C247.441 277.695 246.461 276.793 245.251 276.793Z" fill="#0444B0"/>
<path d="M245.251 291.891H236.492C235.283 291.891 234.303 292.792 234.303 293.904V301.956C234.303 303.068 235.283 303.969 236.492 303.969H245.251C246.461 303.969 247.441 303.068 247.441 301.956V293.904C247.441 292.792 246.461 291.891 245.251 291.891Z" fill="#0961F5"/>
<path d="M245.251 306.989H236.492C235.283 306.989 234.303 307.891 234.303 309.002V317.054C234.303 318.166 235.283 319.068 236.492 319.068H245.251C246.461 319.068 247.441 318.166 247.441 317.054V309.002C247.441 307.891 246.461 306.989 245.251 306.989Z" fill="#5691F8"/>
<path d="M245.251 322.087H236.492C235.283 322.087 234.303 322.988 234.303 324.1V332.152C234.303 333.264 235.283 334.165 236.492 334.165H245.251C246.461 334.165 247.441 333.264 247.441 332.152V324.1C247.441 322.988 246.461 322.087 245.251 322.087Z" fill="#0444B0"/>
<path d="M255.772 328.841V336.113H254.891V328.841H255.772ZM254.948 328.102L255.814 326.454H256.794L255.686 328.102H254.948ZM259.796 330.659V331.369H256.969V330.659H259.796ZM257.793 329.352H258.631V334.551C258.631 334.788 258.665 334.965 258.734 335.083C258.805 335.199 258.895 335.278 259.004 335.318C259.115 335.356 259.232 335.375 259.356 335.375C259.448 335.375 259.524 335.37 259.583 335.36C259.642 335.349 259.689 335.339 259.725 335.332L259.895 336.085C259.839 336.106 259.759 336.127 259.657 336.149C259.556 336.172 259.427 336.184 259.27 336.184C259.034 336.184 258.802 336.133 258.574 336.032C258.349 335.93 258.162 335.775 258.013 335.566C257.866 335.358 257.793 335.095 257.793 334.778V329.352Z" fill="#9AA0B8"/>
<path d="M282.477 326.113H273.718C272.509 326.113 271.528 327.015 271.528 328.126V336.178C271.528 337.29 272.509 338.192 273.718 338.192H282.477C283.686 338.192 284.667 337.29 284.667 336.178V328.126C284.667 327.015 283.686 326.113 282.477 326.113Z" fill="#E8EFFE"/>
<path d="M298.9 326.113H290.141C288.932 326.113 287.951 327.015 287.951 328.126V336.178C287.951 337.29 288.932 338.192 290.141 338.192H298.9C300.109 338.192 301.09 337.29 301.09 336.178V328.126C301.09 327.015 300.109 326.113 298.9 326.113Z" fill="#A8C4FB"/>
<path d="M315.323 326.113H306.564C305.355 326.113 304.374 327.015 304.374 328.126V336.178C304.374 337.29 305.355 338.192 306.564 338.192H315.323C316.532 338.192 317.513 337.29 317.513 336.178V328.126C317.513 327.015 316.532 326.113 315.323 326.113Z" fill="#5691F8"/>
<path d="M331.746 326.113H322.987C321.778 326.113 320.797 327.015 320.797 328.126V336.178C320.797 337.29 321.778 338.192 322.987 338.192H331.746C332.955 338.192 333.936 337.29 333.936 336.178V328.126C333.936 327.015 332.955 326.113 331.746 326.113Z" fill="#0961F5"/>
<path d="M348.169 326.113H339.41C338.201 326.113 337.22 327.015 337.22 328.126V336.178C337.22 337.29 338.201 338.192 339.41 338.192H348.169C349.379 338.192 350.359 337.29 350.359 336.178V328.126C350.359 327.015 349.379 326.113 348.169 326.113Z" fill="#0444B0"/>
<path d="M361.386 328.841V336.113H360.534L356.571 330.403H356.5V336.113H355.619V328.841H356.471L360.449 334.565H360.52V328.841H361.386ZM363.873 332.832V336.113H363.035V328.841H363.873V331.511H363.944C364.072 331.229 364.264 331.006 364.519 330.84C364.777 330.672 365.121 330.588 365.549 330.588C365.921 330.588 366.246 330.662 366.526 330.811C366.805 330.958 367.022 331.184 367.175 331.49C367.332 331.793 367.41 332.179 367.41 332.647V336.113H366.572V332.704C366.572 332.271 366.459 331.936 366.234 331.699C366.012 331.46 365.703 331.341 365.308 331.341C365.033 331.341 364.787 331.399 364.569 331.515C364.354 331.631 364.183 331.8 364.058 332.022C363.934 332.245 363.873 332.515 363.873 332.832ZM368.943 336.113V330.659H369.781V336.113H368.943ZM369.369 329.75C369.206 329.75 369.065 329.694 368.947 329.583C368.831 329.471 368.773 329.338 368.773 329.181C368.773 329.025 368.831 328.891 368.947 328.78C369.065 328.669 369.206 328.613 369.369 328.613C369.533 328.613 369.672 328.669 369.788 328.78C369.907 328.891 369.966 329.025 369.966 329.181C369.966 329.338 369.907 329.471 369.788 329.583C369.672 329.694 369.533 329.75 369.369 329.75ZM373.603 336.227C373.077 336.227 372.624 336.111 372.243 335.879C371.864 335.645 371.572 335.318 371.366 334.899C371.162 334.477 371.06 333.987 371.06 333.429C371.06 332.87 371.162 332.377 371.366 331.951C371.572 331.523 371.858 331.189 372.225 330.95C372.595 330.708 373.025 330.588 373.518 330.588C373.802 330.588 374.082 330.635 374.359 330.73C374.636 330.824 374.889 330.978 375.116 331.191C375.343 331.402 375.524 331.681 375.659 332.029C375.794 332.377 375.862 332.806 375.862 333.315V333.67H371.657V332.946H375.009C375.009 332.638 374.948 332.363 374.825 332.122C374.704 331.88 374.531 331.69 374.306 331.55C374.084 331.41 373.821 331.341 373.518 331.341C373.184 331.341 372.895 331.423 372.651 331.589C372.41 331.752 372.224 331.966 372.094 332.228C371.964 332.491 371.899 332.773 371.899 333.074V333.556C371.899 333.968 371.97 334.318 372.112 334.604C372.256 334.888 372.456 335.105 372.712 335.254C372.967 335.401 373.265 335.474 373.603 335.474C373.823 335.474 374.022 335.443 374.2 335.382C374.38 335.318 374.535 335.223 374.665 335.098C374.795 334.97 374.896 334.811 374.967 334.622L375.776 334.849C375.691 335.124 375.548 335.365 375.347 335.574C375.145 335.779 374.897 335.94 374.601 336.056C374.305 336.17 373.972 336.227 373.603 336.227ZM373.859 328.699L375.308 329.991H374.285L373.475 329.238L372.666 329.991H371.643L373.077 328.699H373.859ZM371.33 327.832L372.012 329.125H371.288L370.279 327.832H371.33ZM380.574 333.883V330.659H381.412V336.113H380.574V335.19H380.517C380.389 335.467 380.19 335.703 379.921 335.897C379.651 336.088 379.31 336.184 378.898 336.184C378.557 336.184 378.254 336.11 377.989 335.961C377.724 335.809 377.515 335.582 377.364 335.279C377.212 334.973 377.136 334.589 377.136 334.125V330.659H377.974V334.068C377.974 334.466 378.086 334.783 378.308 335.02C378.533 335.256 378.82 335.375 379.168 335.375C379.376 335.375 379.588 335.321 379.803 335.215C380.021 335.108 380.203 334.945 380.35 334.725C380.499 334.505 380.574 334.224 380.574 333.883Z" fill="#9AA0B8"/>
<path d="M25.396 385.28C23.6787 385.28 22.176 384.981 20.888 384.384C19.6187 383.768 18.5547 382.956 17.696 381.948C16.8373 380.921 16.1933 379.773 15.764 378.504C15.3347 377.235 15.12 375.937 15.12 374.612C15.12 373.305 15.3347 372.017 15.764 370.748C16.1933 369.479 16.8373 368.34 17.696 367.332C18.5547 366.305 19.6187 365.493 20.888 364.896C22.176 364.299 23.6787 364 25.396 364C26.8333 364 28.056 364.187 29.064 364.56C30.0907 364.915 30.94 365.381 31.612 365.96C32.3027 366.52 32.8533 367.127 33.264 367.78C33.6933 368.415 34.0107 369.021 34.216 369.6C34.4213 370.16 34.552 370.627 34.608 371C34.6827 371.355 34.72 371.532 34.72 371.532H30.436C30.436 371.532 30.3987 371.411 30.324 371.168C30.268 370.907 30.1467 370.599 29.96 370.244C29.7733 369.871 29.4933 369.507 29.12 369.152C28.7653 368.797 28.28 368.499 27.664 368.256C27.0667 367.995 26.32 367.864 25.424 367.864C24.136 367.864 23.0533 368.2 22.176 368.872C21.3173 369.525 20.664 370.365 20.216 371.392C19.7867 372.419 19.572 373.492 19.572 374.612C19.572 375.732 19.7867 376.815 20.216 377.86C20.664 378.887 21.3173 379.736 22.176 380.408C23.0533 381.061 24.136 381.388 25.424 381.388C26.32 381.388 27.0667 381.267 27.664 381.024C28.28 380.781 28.7653 380.483 29.12 380.128C29.4933 379.755 29.7733 379.391 29.96 379.036C30.1467 378.663 30.268 378.355 30.324 378.112C30.3987 377.869 30.436 377.748 30.436 377.748H34.72C34.72 377.748 34.6827 377.935 34.608 378.308C34.552 378.663 34.4213 379.129 34.216 379.708C34.0107 380.268 33.6933 380.875 33.264 381.528C32.8533 382.163 32.3027 382.769 31.612 383.348C30.94 383.908 30.0907 384.375 29.064 384.748C28.056 385.103 26.8333 385.28 25.396 385.28ZM37.7517 385V364.28H42.0637V372.54H50.1277V364.28H54.4397V385H50.1277V376.292H42.0637V385H37.7517ZM58.2595 385V364.28H62.5715V385H58.2595ZM78.3777 385V368.032H72.0217V364.28H89.0457V368.032H82.6897V385H78.3777ZM92.029 385V364.28H96.341V385H92.029ZM114.234 358.82L111.07 358.792L113.338 353.78H117.286L114.234 358.82ZM102.194 362.432L105.806 358.12H109.194L112.806 362.432H109.474L107.514 360.052L105.526 362.432H102.194ZM100.262 385V364.28H114.542V368.032H104.574V372.68H113.254V376.292H104.574V381.248H114.682V385H100.262ZM123.796 385V368.032H117.44V364.28H134.464V368.032H128.108V385H123.796ZM149.444 385V368.032H143.088V364.28H160.112V368.032H153.756V385H149.444ZM170.263 362.236L167.183 357.168H171.131L173.399 362.208L170.263 362.236ZM171.635 385.28C170.123 385.28 168.723 384.991 167.435 384.412C166.166 383.833 165.139 382.937 164.355 381.724C163.59 380.511 163.207 378.933 163.207 376.992V364.28H167.519V376.992C167.519 378.187 167.855 379.195 168.527 380.016C169.199 380.819 170.235 381.22 171.635 381.22C173.035 381.22 174.062 380.819 174.715 380.016C175.387 379.195 175.723 378.187 175.723 376.992V364.28H178.719C179.466 364.28 179.839 363.907 179.839 363.16V361.172H183.311V363.3C183.311 364.271 183.05 365.045 182.527 365.624C182.005 366.184 181.23 366.464 180.203 366.464H180.063V376.992C180.063 378.933 179.671 380.511 178.887 381.724C178.122 382.937 177.095 383.833 175.807 384.412C174.519 384.991 173.129 385.28 171.635 385.28ZM185.435 385V364.28H189.383L198.315 377.496V364.28H202.599V385H198.595L189.719 372.148V385H185.435ZM216.04 385.28C214.304 385.28 212.783 384.981 211.476 384.384C210.169 383.787 209.077 382.984 208.2 381.976C207.341 380.949 206.697 379.811 206.268 378.56C205.839 377.291 205.624 375.993 205.624 374.668C205.624 373.343 205.839 372.045 206.268 370.776C206.716 369.507 207.369 368.368 208.228 367.36C209.105 366.333 210.207 365.521 211.532 364.924C212.857 364.308 214.407 364 216.18 364C217.561 364 218.747 364.177 219.736 364.532C220.744 364.868 221.584 365.316 222.256 365.876C222.928 366.417 223.46 366.996 223.852 367.612C224.263 368.228 224.571 368.816 224.776 369.376C225 369.917 225.14 370.365 225.196 370.72C225.271 371.056 225.308 371.224 225.308 371.224H221.024C221.024 371.224 220.968 371.056 220.856 370.72C220.744 370.384 220.52 369.992 220.184 369.544C219.848 369.077 219.353 368.676 218.7 368.34C218.065 367.985 217.225 367.808 216.18 367.808C214.817 367.808 213.679 368.144 212.764 368.816C211.868 369.469 211.187 370.319 210.72 371.364C210.272 372.391 210.048 373.464 210.048 374.584C210.048 375.741 210.281 376.852 210.748 377.916C211.215 378.961 211.896 379.82 212.792 380.492C213.707 381.145 214.845 381.472 216.208 381.472C217.701 381.472 218.877 381.089 219.736 380.324C220.613 379.559 221.136 378.523 221.304 377.216H215.928V373.828H225.56V375.424C225.56 377.589 225.14 379.409 224.3 380.884C223.479 382.34 222.349 383.441 220.912 384.188C219.493 384.916 217.869 385.28 216.04 385.28ZM234.982 385V364.28H238.93L247.862 377.496V364.28H252.146V385H248.142L239.266 372.148V385H234.982ZM265.587 385.28C263.851 385.28 262.329 384.981 261.023 384.384C259.716 383.787 258.624 382.984 257.747 381.976C256.888 380.949 256.244 379.811 255.815 378.56C255.385 377.291 255.171 375.993 255.171 374.668C255.171 373.343 255.385 372.045 255.815 370.776C256.263 369.507 256.916 368.368 257.775 367.36C258.652 366.333 259.753 365.521 261.079 364.924C262.404 364.308 263.953 364 265.727 364C267.108 364 268.293 364.177 269.283 364.532C270.291 364.868 271.131 365.316 271.803 365.876C272.475 366.417 273.007 366.996 273.399 367.612C273.809 368.228 274.117 368.816 274.323 369.376C274.547 369.917 274.687 370.365 274.743 370.72C274.817 371.056 274.855 371.224 274.855 371.224H270.571C270.571 371.224 270.515 371.056 270.403 370.72C270.291 370.384 270.067 369.992 269.731 369.544C269.395 369.077 268.9 368.676 268.247 368.34C267.612 367.985 266.772 367.808 265.727 367.808C264.364 367.808 263.225 368.144 262.311 368.816C261.415 369.469 260.733 370.319 260.267 371.364C259.819 372.391 259.595 373.464 259.595 374.584C259.595 375.741 259.828 376.852 260.295 377.916C260.761 378.961 261.443 379.82 262.339 380.492C263.253 381.145 264.392 381.472 265.755 381.472C267.248 381.472 268.424 381.089 269.283 380.324C270.16 379.559 270.683 378.523 270.851 377.216H265.475V373.828H275.107V375.424C275.107 377.589 274.687 379.409 273.847 380.884C273.025 382.34 271.896 383.441 270.459 384.188C269.04 384.916 267.416 385.28 265.587 385.28ZM285.44 362.236L282.388 357.168H286.336L288.604 362.208L285.44 362.236ZM277.012 385L284.068 364.28H289.808L296.864 385H292.328L290.984 380.94H282.892L281.548 385H277.012ZM284.068 377.188H289.808L286.952 368.536L284.068 377.188ZM302.853 385V377.916L295.573 364.28H300.305L305.009 373.492L309.713 364.28H314.445L307.165 377.916V385H302.853Z" fill="#9AA0B8"/>
<path d="M16.7 420V401.5H20.55V408.875H27.75V401.5H31.6V420H27.75V412.225H20.55V420H16.7ZM36.6391 405.1L39.8891 400.6H42.8891L46.1391 405.1H43.1641L41.3891 402.5L39.6141 405.1H36.6391ZM41.3891 420.25C39.9057 420.25 38.6474 419.933 37.6141 419.3C36.5807 418.65 35.7891 417.808 35.2391 416.775C34.7057 415.725 34.4391 414.592 34.4391 413.375C34.4391 412.158 34.7057 411.033 35.2391 410C35.7891 408.95 36.5807 408.108 37.6141 407.475C38.6474 406.825 39.9057 406.5 41.3891 406.5C42.8724 406.5 44.1307 406.825 45.1641 407.475C46.1974 408.108 46.9807 408.95 47.5141 410C48.0641 411.033 48.3391 412.158 48.3391 413.375C48.3391 414.592 48.0641 415.725 47.5141 416.775C46.9807 417.808 46.1974 418.65 45.1641 419.3C44.1307 419.933 42.8724 420.25 41.3891 420.25ZM41.3891 417.15C42.0557 417.15 42.6224 416.975 43.0891 416.625C43.5557 416.275 43.9057 415.817 44.1391 415.25C44.3891 414.667 44.5141 414.042 44.5141 413.375C44.5141 412.692 44.3891 412.067 44.1391 411.5C43.9057 410.933 43.5557 410.475 43.0891 410.125C42.6224 409.775 42.0557 409.6 41.3891 409.6C40.7224 409.6 40.1557 409.775 39.6891 410.125C39.2224 410.475 38.8641 410.933 38.6141 411.5C38.3807 412.067 38.2641 412.692 38.2641 413.375C38.2641 414.042 38.3807 414.667 38.6141 415.25C38.8641 415.817 39.2224 416.275 39.6891 416.625C40.1557 416.975 40.7224 417.15 41.3891 417.15ZM50.9227 420V406.75H54.7227V408.55H54.8477C55.131 408.067 55.556 407.608 56.1227 407.175C56.6893 406.725 57.4643 406.5 58.4477 406.5C59.4477 406.5 60.2477 406.733 60.8477 407.2C61.4643 407.667 61.9143 408.242 62.1977 408.925H62.2477C62.4643 408.542 62.7477 408.167 63.0977 407.8C63.4643 407.417 63.9143 407.108 64.4477 406.875C64.9977 406.625 65.6393 406.5 66.3727 406.5C67.2893 406.5 68.0477 406.708 68.6477 407.125C69.2477 407.542 69.6893 408.092 69.9727 408.775C70.2727 409.442 70.4227 410.158 70.4227 410.925V420H66.6227V411.875C66.6227 411.225 66.456 410.692 66.1227 410.275C65.806 409.842 65.3227 409.625 64.6727 409.625C64.1727 409.625 63.7643 409.75 63.4477 410C63.1477 410.25 62.9227 410.575 62.7727 410.975C62.6393 411.358 62.5727 411.758 62.5727 412.175V420H58.7727V411.875C58.7727 411.225 58.606 410.692 58.2727 410.275C57.956 409.842 57.4727 409.625 56.8227 409.625C56.3227 409.625 55.9143 409.75 55.5977 410C55.2977 410.25 55.0727 410.575 54.9227 410.975C54.7893 411.358 54.7227 411.758 54.7227 412.175V420H50.9227ZM79.0965 420V406.75H82.8965V408.65H83.0215C83.1715 408.383 83.3882 408.083 83.6715 407.75C83.9715 407.417 84.3632 407.125 84.8465 406.875C85.3465 406.625 85.9798 406.5 86.7465 406.5C87.7798 406.5 88.6215 406.742 89.2715 407.225C89.9215 407.692 90.3965 408.3 90.6965 409.05C90.9965 409.783 91.1465 410.558 91.1465 411.375V420H87.3465V412.025C87.3465 411.392 87.1715 410.833 86.8215 410.35C86.4882 409.867 85.9465 409.625 85.1965 409.625C84.6298 409.625 84.1798 409.758 83.8465 410.025C83.5132 410.292 83.2715 410.633 83.1215 411.05C82.9715 411.467 82.8965 411.908 82.8965 412.375V420H79.0965ZM99.5414 406.5C100.391 406.5 101.091 406.642 101.641 406.925C102.191 407.192 102.608 407.483 102.891 407.8C103.191 408.117 103.375 408.333 103.441 408.45H103.641V406.75H107.441V420H103.641V418.3H103.441C103.375 418.417 103.191 418.633 102.891 418.95C102.608 419.267 102.191 419.567 101.641 419.85C101.091 420.117 100.391 420.25 99.5414 420.25C98.5581 420.25 97.6997 420.058 96.9664 419.675C96.2497 419.275 95.6497 418.75 95.1664 418.1C94.6831 417.433 94.3164 416.692 94.0664 415.875C93.8331 415.058 93.7164 414.225 93.7164 413.375C93.7164 412.525 93.8331 411.692 94.0664 410.875C94.3164 410.058 94.6831 409.325 95.1664 408.675C95.6497 408.008 96.2497 407.483 96.9664 407.1C97.6997 406.7 98.5581 406.5 99.5414 406.5ZM100.641 409.575C99.9581 409.575 99.3831 409.767 98.9164 410.15C98.4664 410.517 98.1247 410.992 97.8914 411.575C97.6747 412.158 97.5664 412.758 97.5664 413.375C97.5664 413.992 97.6747 414.592 97.8914 415.175C98.1247 415.758 98.4664 416.242 98.9164 416.625C99.3831 416.992 99.9581 417.175 100.641 417.175C101.325 417.175 101.891 416.992 102.341 416.625C102.808 416.242 103.15 415.758 103.366 415.175C103.6 414.592 103.716 413.992 103.716 413.375C103.716 412.758 103.6 412.158 103.366 411.575C103.15 410.992 102.808 410.517 102.341 410.15C101.891 409.767 101.325 409.575 100.641 409.575ZM111.129 424.875C110.679 424.875 110.32 424.858 110.054 424.825C109.787 424.792 109.654 424.775 109.654 424.775V421.725C109.654 421.725 109.762 421.733 109.979 421.75C110.212 421.767 110.495 421.775 110.829 421.775C111.629 421.775 112.287 421.658 112.804 421.425C113.32 421.208 113.77 420.775 114.154 420.125L109.254 406.75H113.054L116.129 415.725L119.129 406.75H122.954L118.204 419.475C117.77 420.692 117.245 421.7 116.629 422.5C116.029 423.3 115.287 423.892 114.404 424.275C113.52 424.675 112.429 424.875 111.129 424.875ZM132.182 413.7V410.7H148.082V413.7H132.182ZM165.297 420.25C164.097 420.25 163.081 420.1 162.247 419.8C161.431 419.5 160.764 419.108 160.247 418.625C159.731 418.142 159.322 417.633 159.022 417.1C158.739 416.55 158.539 416.033 158.422 415.55C158.322 415.05 158.272 414.642 158.272 414.325H161.922C161.922 414.675 162.022 415.067 162.222 415.5C162.422 415.917 162.756 416.283 163.222 416.6C163.706 416.917 164.381 417.075 165.247 417.075C166.147 417.075 166.889 416.842 167.472 416.375C168.072 415.908 168.372 415.283 168.372 414.5C168.372 413.8 168.114 413.225 167.597 412.775C167.097 412.308 166.381 412.075 165.447 412.075H162.947V409.1H165.472C166.272 409.1 166.914 408.883 167.397 408.45C167.881 408 168.122 407.45 168.122 406.8C168.122 406.117 167.847 405.55 167.297 405.1C166.747 404.633 166.064 404.4 165.247 404.4C164.481 404.4 163.872 404.567 163.422 404.9C162.989 405.233 162.672 405.625 162.472 406.075C162.289 406.525 162.197 406.917 162.197 407.25H158.622C158.622 406.95 158.672 406.55 158.772 406.05C158.889 405.55 159.089 405.025 159.372 404.475C159.656 403.925 160.047 403.408 160.547 402.925C161.047 402.425 161.681 402.025 162.447 401.725C163.231 401.408 164.181 401.25 165.297 401.25C166.414 401.25 167.472 401.458 168.472 401.875C169.489 402.275 170.314 402.867 170.947 403.65C171.581 404.417 171.897 405.35 171.897 406.45C171.897 407.2 171.747 407.85 171.447 408.4C171.147 408.933 170.781 409.375 170.347 409.725C169.914 410.075 169.481 410.325 169.047 410.475V410.625C169.881 410.925 170.614 411.408 171.247 412.075C171.897 412.725 172.222 413.608 172.222 414.725C172.222 415.892 171.897 416.892 171.247 417.725C170.614 418.542 169.772 419.167 168.722 419.6C167.672 420.033 166.531 420.25 165.297 420.25ZM182.24 401.5V420H178.39V406.75L174.815 406.775V404.45L175.39 404.275C176.44 403.975 177.29 403.633 177.94 403.25C178.59 402.867 179.215 402.358 179.815 401.725L179.99 401.5H182.24ZM185.381 424.525L194.081 399.275H197.506L188.806 424.525H185.381ZM206.807 420.25C205.573 420.25 204.473 420 203.507 419.5C202.557 419 201.748 418.317 201.082 417.45C200.415 416.567 199.907 415.55 199.557 414.4C199.223 413.25 199.057 412.033 199.057 410.75C199.057 409.45 199.223 408.225 199.557 407.075C199.907 405.925 200.415 404.917 201.082 404.05C201.748 403.167 202.557 402.483 203.507 402C204.473 401.5 205.573 401.25 206.807 401.25C208.04 401.25 209.132 401.5 210.082 402C211.048 402.483 211.865 403.167 212.532 404.05C213.198 404.917 213.698 405.925 214.032 407.075C214.382 408.225 214.557 409.45 214.557 410.75C214.557 412.033 214.382 413.25 214.032 414.4C213.698 415.55 213.198 416.567 212.532 417.45C211.865 418.317 211.048 419 210.082 419.5C209.132 420 208.04 420.25 206.807 420.25ZM206.807 416.825C207.907 416.825 208.807 416.317 209.507 415.3C210.223 414.283 210.582 412.767 210.582 410.75C210.582 408.733 210.223 407.217 209.507 406.2C208.807 405.183 207.907 404.675 206.807 404.675C205.707 404.675 204.798 405.183 204.082 406.2C203.382 407.217 203.032 408.733 203.032 410.75C203.032 412.767 203.382 414.283 204.082 415.3C204.798 416.317 205.707 416.825 206.807 416.825ZM224.087 420.25C222.887 420.25 221.87 420.1 221.037 419.8C220.22 419.5 219.553 419.108 219.037 418.625C218.52 418.142 218.112 417.633 217.812 417.1C217.528 416.55 217.328 416.033 217.212 415.55C217.112 415.05 217.062 414.642 217.062 414.325H220.712C220.712 414.675 220.812 415.067 221.012 415.5C221.212 415.917 221.545 416.283 222.012 416.6C222.495 416.917 223.17 417.075 224.037 417.075C224.937 417.075 225.678 416.842 226.262 416.375C226.862 415.908 227.162 415.283 227.162 414.5C227.162 413.8 226.903 413.225 226.387 412.775C225.887 412.308 225.17 412.075 224.237 412.075H221.737V409.1H224.262C225.062 409.1 225.703 408.883 226.187 408.45C226.67 408 226.912 407.45 226.912 406.8C226.912 406.117 226.637 405.55 226.087 405.1C225.537 404.633 224.853 404.4 224.037 404.4C223.27 404.4 222.662 404.567 222.212 404.9C221.778 405.233 221.462 405.625 221.262 406.075C221.078 406.525 220.987 406.917 220.987 407.25H217.412C217.412 406.95 217.462 406.55 217.562 406.05C217.678 405.55 217.878 405.025 218.162 404.475C218.445 403.925 218.837 403.408 219.337 402.925C219.837 402.425 220.47 402.025 221.237 401.725C222.02 401.408 222.97 401.25 224.087 401.25C225.203 401.25 226.262 401.458 227.262 401.875C228.278 402.275 229.103 402.867 229.737 403.65C230.37 404.417 230.687 405.35 230.687 406.45C230.687 407.2 230.537 407.85 230.237 408.4C229.937 408.933 229.57 409.375 229.137 409.725C228.703 410.075 228.27 410.325 227.837 410.475V410.625C228.67 410.925 229.403 411.408 230.037 412.075C230.687 412.725 231.012 413.608 231.012 414.725C231.012 415.892 230.687 416.892 230.037 417.725C229.403 418.542 228.562 419.167 227.512 419.6C226.462 420.033 225.32 420.25 224.087 420.25Z" fill="#1A1A2E"/>
<path d="M17.5179 465.013H409.482" stroke="#F0F1F6" stroke-width="0.5"/>
<path d="M37.4744 450.065C40.4978 450.065 42.9487 447.812 42.9487 445.033C42.9487 442.253 40.4978 440 37.4744 440C34.451 440 32 442.253 32 445.033C32 447.812 34.451 450.065 37.4744 450.065Z" fill="#0961F5"/>
<path d="M55.7812 442.789V440H68.9219V442.789H64.0234V456H60.6797V442.789H55.7812ZM69.7773 456V444H73.0039V446.094H73.1289C73.3477 445.349 73.7148 444.786 74.2305 444.406C74.7461 444.021 75.3398 443.828 76.0117 443.828C76.1784 443.828 76.3581 443.839 76.5508 443.859C76.7435 443.88 76.9128 443.909 77.0586 443.945V446.898C76.9023 446.852 76.6862 446.81 76.4102 446.773C76.1341 446.737 75.8815 446.719 75.6523 446.719C75.1628 446.719 74.7253 446.826 74.3398 447.039C73.9596 447.247 73.6576 447.539 73.4336 447.914C73.2148 448.289 73.1055 448.721 73.1055 449.211V456H69.7773ZM83.6426 456.234C82.429 456.234 81.3796 455.977 80.4941 455.461C79.6139 454.94 78.9342 454.216 78.4551 453.289C77.9759 452.357 77.7363 451.276 77.7363 450.047C77.7363 448.807 77.9759 447.724 78.4551 446.797C78.9342 445.865 79.6139 445.141 80.4941 444.625C81.3796 444.104 82.429 443.844 83.6426 443.844C84.8561 443.844 85.903 444.104 86.7832 444.625C87.6686 445.141 88.3509 445.865 88.8301 446.797C89.3092 447.724 89.5488 448.807 89.5488 450.047C89.5488 451.276 89.3092 452.357 88.8301 453.289C88.3509 454.216 87.6686 454.94 86.7832 455.461C85.903 455.977 84.8561 456.234 83.6426 456.234ZM83.6582 453.656C84.2103 453.656 84.6712 453.5 85.041 453.188C85.4108 452.87 85.6895 452.437 85.877 451.891C86.0697 451.344 86.166 450.721 86.166 450.023C86.166 449.326 86.0697 448.703 85.877 448.156C85.6895 447.609 85.4108 447.177 85.041 446.859C84.6712 446.542 84.2103 446.383 83.6582 446.383C83.1009 446.383 82.6322 446.542 82.252 446.859C81.877 447.177 81.5931 447.609 81.4004 448.156C81.2129 448.703 81.1191 449.326 81.1191 450.023C81.1191 450.721 81.2129 451.344 81.4004 451.891C81.5931 452.437 81.877 452.87 82.252 453.188C82.6322 453.5 83.1009 453.656 83.6582 453.656ZM82.4863 442.453L80.1035 438.898H83.1738L84.8379 442.453H82.4863ZM102.227 456.234C100.997 456.234 99.9401 455.974 99.0547 455.453C98.1745 454.927 97.4974 454.198 97.0234 453.266C96.5547 452.333 96.3203 451.26 96.3203 450.047C96.3203 448.818 96.5573 447.74 97.0313 446.812C97.5104 445.88 98.1901 445.154 99.0703 444.633C99.9505 444.107 100.997 443.844 102.211 443.844C103.258 443.844 104.174 444.034 104.961 444.414C105.747 444.794 106.37 445.328 106.828 446.016C107.286 446.703 107.539 447.51 107.586 448.438H104.445C104.357 447.839 104.122 447.357 103.742 446.992C103.367 446.622 102.875 446.437 102.266 446.437C101.75 446.437 101.299 446.578 100.914 446.859C100.534 447.135 100.237 447.539 100.023 448.07C99.8099 448.602 99.7031 449.245 99.7031 450C99.7031 450.766 99.8073 451.417 100.016 451.953C100.229 452.49 100.529 452.898 100.914 453.18C101.299 453.461 101.75 453.602 102.266 453.602C102.646 453.602 102.987 453.523 103.289 453.367C103.596 453.211 103.849 452.984 104.047 452.687C104.25 452.385 104.383 452.023 104.445 451.602H107.586C107.534 452.518 107.284 453.326 106.836 454.023C106.393 454.716 105.781 455.258 105 455.648C104.219 456.039 103.294 456.234 102.227 456.234ZM113.045 449.063V456H109.717V440H112.951V446.117H113.092C113.363 445.409 113.8 444.854 114.404 444.453C115.008 444.047 115.766 443.844 116.678 443.844C117.511 443.844 118.238 444.026 118.857 444.391C119.482 444.75 119.967 445.268 120.311 445.945C120.66 446.617 120.831 447.422 120.826 448.359V456H117.498V448.953C117.503 448.214 117.316 447.638 116.936 447.227C116.561 446.815 116.035 446.609 115.357 446.609C114.904 446.609 114.503 446.706 114.154 446.898C113.811 447.091 113.54 447.372 113.342 447.742C113.149 448.107 113.05 448.547 113.045 449.063ZM131.141 450.891V444H134.469V456H131.273V453.82H131.148C130.878 454.523 130.427 455.089 129.797 455.516C129.172 455.943 128.409 456.156 127.508 456.156C126.706 456.156 126 455.974 125.391 455.609C124.781 455.245 124.305 454.727 123.961 454.055C123.622 453.383 123.451 452.578 123.445 451.641V444H126.773V451.047C126.779 451.755 126.969 452.315 127.344 452.727C127.719 453.138 128.221 453.344 128.852 453.344C129.253 453.344 129.628 453.253 129.977 453.07C130.326 452.883 130.607 452.607 130.82 452.242C131.039 451.878 131.146 451.427 131.141 450.891ZM139.186 460.5C138.764 460.5 138.368 460.466 137.998 460.398C137.633 460.336 137.331 460.255 137.092 460.156L137.842 457.672C138.232 457.792 138.584 457.857 138.896 457.867C139.214 457.878 139.488 457.805 139.717 457.648C139.951 457.492 140.141 457.227 140.287 456.852L140.482 456.344L136.178 444H139.678L142.162 452.812H142.287L144.795 444H148.318L143.654 457.297C143.43 457.943 143.126 458.505 142.74 458.984C142.36 459.469 141.878 459.841 141.295 460.102C140.712 460.367 140.008 460.5 139.186 460.5ZM155.104 456.234C153.869 456.234 152.807 455.984 151.916 455.484C151.031 454.979 150.348 454.266 149.869 453.344C149.39 452.417 149.15 451.32 149.15 450.055C149.15 448.82 149.39 447.737 149.869 446.805C150.348 445.872 151.023 445.146 151.893 444.625C152.768 444.104 153.794 443.844 154.971 443.844C155.762 443.844 156.499 443.971 157.182 444.227C157.869 444.477 158.468 444.854 158.979 445.359C159.494 445.865 159.895 446.5 160.182 447.266C160.468 448.026 160.611 448.917 160.611 449.937V450.852H150.479V448.789H157.479C157.479 448.31 157.374 447.885 157.166 447.516C156.958 447.146 156.669 446.857 156.299 446.648C155.934 446.435 155.51 446.328 155.025 446.328C154.52 446.328 154.072 446.445 153.682 446.68C153.296 446.909 152.994 447.219 152.775 447.609C152.557 447.995 152.445 448.424 152.439 448.898V450.859C152.439 451.453 152.549 451.966 152.768 452.398C152.992 452.831 153.307 453.164 153.713 453.398C154.119 453.633 154.601 453.75 155.158 453.75C155.528 453.75 155.867 453.698 156.174 453.594C156.481 453.49 156.744 453.333 156.963 453.125C157.182 452.917 157.348 452.661 157.463 452.359L160.541 452.562C160.385 453.302 160.064 453.948 159.58 454.5C159.101 455.047 158.481 455.474 157.721 455.781C156.965 456.083 156.093 456.234 155.104 456.234ZM156.463 442.562L154.893 440.656L153.322 442.562H150.486V442.453L153.65 439.016H156.127L159.299 442.453V442.562H156.463ZM154.9 460.492C154.406 460.492 153.981 460.328 153.627 460C153.273 459.672 153.096 459.276 153.096 458.812C153.096 458.349 153.273 457.953 153.627 457.625C153.981 457.297 154.406 457.133 154.9 457.133C155.395 457.133 155.817 457.297 156.166 457.625C156.52 457.953 156.697 458.349 156.697 458.812C156.697 459.276 156.52 459.672 156.166 460C155.817 460.328 155.395 460.492 154.9 460.492ZM166.111 449.063V456H162.783V444H165.955V446.117H166.096C166.361 445.419 166.807 444.867 167.432 444.461C168.057 444.049 168.814 443.844 169.705 443.844C170.538 443.844 171.265 444.026 171.885 444.391C172.505 444.755 172.986 445.276 173.33 445.953C173.674 446.625 173.846 447.427 173.846 448.359V456H170.518V448.953C170.523 448.219 170.335 447.646 169.955 447.234C169.575 446.818 169.051 446.609 168.385 446.609C167.937 446.609 167.541 446.706 167.197 446.898C166.859 447.091 166.593 447.372 166.4 447.742C166.213 448.107 166.117 448.547 166.111 449.063ZM187.943 444V446.5H180.717V444H187.943ZM182.357 441.125H185.686V452.312C185.686 452.62 185.732 452.859 185.826 453.031C185.92 453.198 186.05 453.315 186.217 453.383C186.389 453.451 186.587 453.484 186.811 453.484C186.967 453.484 187.123 453.471 187.279 453.445C187.436 453.414 187.555 453.391 187.639 453.375L188.162 455.852C187.995 455.904 187.761 455.964 187.459 456.031C187.157 456.104 186.79 456.148 186.357 456.164C185.555 456.195 184.852 456.089 184.248 455.844C183.649 455.599 183.183 455.219 182.85 454.703C182.516 454.187 182.352 453.536 182.357 452.75V441.125ZM193.697 449.063V456H190.369V440H193.604V446.117H193.744C194.015 445.409 194.452 444.854 195.057 444.453C195.661 444.047 196.419 443.844 197.33 443.844C198.163 443.844 198.89 444.026 199.51 444.391C200.135 444.75 200.619 445.268 200.963 445.945C201.312 446.617 201.484 447.422 201.479 448.359V456H198.15V448.953C198.156 448.214 197.968 447.638 197.588 447.227C197.213 446.815 196.687 446.609 196.01 446.609C195.557 446.609 195.156 446.706 194.807 446.898C194.463 447.091 194.192 447.372 193.994 447.742C193.801 448.107 193.702 448.547 193.697 449.063ZM216.785 443.336H218.715C218.71 444.242 218.574 445.003 218.309 445.617C218.043 446.227 217.592 446.685 216.957 446.992C216.327 447.299 215.465 447.453 214.371 447.453V445.969C215.095 445.969 215.626 445.872 215.965 445.68C216.309 445.487 216.53 445.198 216.629 444.812C216.733 444.422 216.785 443.93 216.785 443.336ZM211.871 450.891V444H215.191V456H212.004V453.82H211.879C211.608 454.523 211.158 455.089 210.527 455.516C209.902 455.943 209.139 456.156 208.238 456.156C207.436 456.156 206.73 455.974 206.121 455.609C205.512 455.245 205.035 454.727 204.691 454.055C204.353 453.383 204.181 452.578 204.176 451.641V444H207.504V451.047C207.504 451.755 207.691 452.315 208.066 452.727C208.447 453.138 208.952 453.344 209.582 453.344C209.983 453.344 210.355 453.253 210.699 453.07C211.048 452.883 211.329 452.607 211.543 452.242C211.762 451.878 211.871 451.427 211.871 450.891ZM230.289 443.297H232.273C232.273 444.62 231.958 445.651 231.328 446.391C230.698 447.125 229.685 447.492 228.289 447.492V446.164C228.841 446.164 229.26 446.049 229.547 445.82C229.833 445.586 230.029 445.255 230.133 444.828C230.237 444.401 230.289 443.891 230.289 443.297ZM225.117 456.234C223.904 456.234 222.854 455.977 221.969 455.461C221.089 454.94 220.409 454.216 219.93 453.289C219.451 452.357 219.211 451.276 219.211 450.047C219.211 448.807 219.451 447.724 219.93 446.797C220.409 445.865 221.089 445.141 221.969 444.625C222.854 444.104 223.904 443.844 225.117 443.844C226.331 443.844 227.378 444.104 228.258 444.625C229.143 445.141 229.826 445.865 230.305 446.797C230.784 447.724 231.023 448.807 231.023 450.047C231.023 451.276 230.784 452.357 230.305 453.289C229.826 454.216 229.143 454.94 228.258 455.461C227.378 455.977 226.331 456.234 225.117 456.234ZM225.133 453.656C225.685 453.656 226.146 453.5 226.516 453.188C226.885 452.87 227.164 452.437 227.352 451.891C227.544 451.344 227.641 450.721 227.641 450.023C227.641 449.326 227.544 448.703 227.352 448.156C227.164 447.609 226.885 447.177 226.516 446.859C226.146 446.542 225.685 446.383 225.133 446.383C224.576 446.383 224.107 446.542 223.727 446.859C223.352 447.177 223.068 447.609 222.875 448.156C222.688 448.703 222.594 449.326 222.594 450.023C222.594 450.721 222.688 451.344 222.875 451.891C223.068 452.437 223.352 452.87 223.727 453.188C224.107 453.5 224.576 453.656 225.133 453.656ZM223.961 442.453L221.578 438.898H224.648L226.313 442.453H223.961ZM236.924 449.063V456H233.596V444H236.768V446.117H236.908C237.174 445.419 237.619 444.867 238.244 444.461C238.869 444.049 239.627 443.844 240.518 443.844C241.351 443.844 242.077 444.026 242.697 444.391C243.317 444.755 243.799 445.276 244.143 445.953C244.486 446.625 244.658 447.427 244.658 448.359V456H241.33V448.953C241.335 448.219 241.148 447.646 240.768 447.234C240.387 446.818 239.864 446.609 239.197 446.609C238.749 446.609 238.354 446.706 238.01 446.898C237.671 447.091 237.406 447.372 237.213 447.742C237.025 448.107 236.929 448.547 236.924 449.063ZM252.688 460.75C251.609 460.75 250.685 460.602 249.914 460.305C249.148 460.013 248.539 459.615 248.086 459.109C247.633 458.604 247.339 458.036 247.203 457.406L250.281 456.992C250.375 457.232 250.523 457.456 250.727 457.664C250.93 457.872 251.198 458.039 251.531 458.164C251.87 458.294 252.281 458.359 252.766 458.359C253.49 458.359 254.086 458.182 254.555 457.828C255.029 457.479 255.266 456.893 255.266 456.07V453.875H255.125C254.979 454.208 254.76 454.523 254.469 454.82C254.177 455.117 253.802 455.359 253.344 455.547C252.885 455.734 252.339 455.828 251.703 455.828C250.802 455.828 249.982 455.62 249.242 455.203C248.508 454.781 247.922 454.138 247.484 453.273C247.052 452.404 246.836 451.305 246.836 449.977C246.836 448.617 247.057 447.482 247.5 446.57C247.943 445.659 248.531 444.977 249.266 444.523C250.005 444.07 250.815 443.844 251.695 443.844C252.367 443.844 252.93 443.958 253.383 444.188C253.836 444.411 254.201 444.693 254.477 445.031C254.758 445.365 254.974 445.693 255.125 446.016H255.25V444H258.555V456.117C258.555 457.138 258.305 457.992 257.805 458.68C257.305 459.367 256.612 459.883 255.727 460.227C254.846 460.576 253.833 460.75 252.688 460.75ZM252.758 453.328C253.294 453.328 253.747 453.195 254.117 452.93C254.492 452.659 254.779 452.273 254.977 451.773C255.18 451.268 255.281 450.664 255.281 449.961C255.281 449.258 255.182 448.648 254.984 448.133C254.786 447.612 254.5 447.208 254.125 446.922C253.75 446.635 253.294 446.492 252.758 446.492C252.211 446.492 251.75 446.641 251.375 446.937C251 447.229 250.716 447.635 250.523 448.156C250.331 448.677 250.234 449.279 250.234 449.961C250.234 450.654 250.331 451.253 250.523 451.758C250.721 452.258 251.005 452.646 251.375 452.922C251.75 453.193 252.211 453.328 252.758 453.328ZM269.623 449.063V456H266.295V444H269.467V446.117H269.607C269.873 445.419 270.318 444.867 270.943 444.461C271.568 444.049 272.326 443.844 273.217 443.844C274.05 443.844 274.777 444.026 275.396 444.391C276.016 444.755 276.498 445.276 276.842 445.953C277.186 446.625 277.357 447.427 277.357 448.359V456H274.029V448.953C274.035 448.219 273.847 447.646 273.467 447.234C273.087 446.818 272.563 446.609 271.896 446.609C271.449 446.609 271.053 446.706 270.709 446.898C270.37 447.091 270.105 447.372 269.912 447.742C269.725 448.107 269.628 448.547 269.623 449.063ZM285.387 460.75C284.309 460.75 283.384 460.602 282.613 460.305C281.848 460.013 281.238 459.615 280.785 459.109C280.332 458.604 280.038 458.036 279.902 457.406L282.98 456.992C283.074 457.232 283.223 457.456 283.426 457.664C283.629 457.872 283.897 458.039 284.23 458.164C284.569 458.294 284.98 458.359 285.465 458.359C286.189 458.359 286.785 458.182 287.254 457.828C287.728 457.479 287.965 456.893 287.965 456.07V453.875H287.824C287.678 454.208 287.46 454.523 287.168 454.82C286.876 455.117 286.501 455.359 286.043 455.547C285.585 455.734 285.038 455.828 284.402 455.828C283.501 455.828 282.681 455.62 281.941 455.203C281.207 454.781 280.621 454.138 280.184 453.273C279.751 452.404 279.535 451.305 279.535 449.977C279.535 448.617 279.757 447.482 280.199 446.57C280.642 445.659 281.23 444.977 281.965 444.523C282.704 444.07 283.514 443.844 284.395 443.844C285.066 443.844 285.629 443.958 286.082 444.188C286.535 444.411 286.9 444.693 287.176 445.031C287.457 445.365 287.673 445.693 287.824 446.016H287.949V444H291.254V456.117C291.254 457.138 291.004 457.992 290.504 458.68C290.004 459.367 289.311 459.883 288.426 460.227C287.546 460.576 286.533 460.75 285.387 460.75ZM285.457 453.328C285.993 453.328 286.447 453.195 286.816 452.93C287.191 452.659 287.478 452.273 287.676 451.773C287.879 451.268 287.98 450.664 287.98 449.961C287.98 449.258 287.882 448.648 287.684 448.133C287.486 447.612 287.199 447.208 286.824 446.922C286.449 446.635 285.993 446.492 285.457 446.492C284.91 446.492 284.449 446.641 284.074 446.937C283.699 447.229 283.415 447.635 283.223 448.156C283.03 448.677 282.934 449.279 282.934 449.961C282.934 450.654 283.03 451.253 283.223 451.758C283.421 452.258 283.704 452.646 284.074 452.922C284.449 453.193 284.91 453.328 285.457 453.328ZM297.324 456.227C296.559 456.227 295.876 456.094 295.277 455.828C294.678 455.557 294.204 455.159 293.855 454.633C293.512 454.102 293.34 453.44 293.34 452.648C293.34 451.982 293.462 451.422 293.707 450.969C293.952 450.516 294.285 450.151 294.707 449.875C295.129 449.599 295.608 449.391 296.145 449.25C296.686 449.109 297.254 449.01 297.848 448.953C298.546 448.88 299.108 448.812 299.535 448.75C299.962 448.682 300.272 448.583 300.465 448.453C300.658 448.323 300.754 448.13 300.754 447.875V447.828C300.754 447.333 300.598 446.951 300.285 446.68C299.978 446.409 299.54 446.273 298.973 446.273C298.374 446.273 297.897 446.406 297.543 446.672C297.189 446.932 296.954 447.26 296.84 447.656L293.762 447.406C293.918 446.677 294.225 446.047 294.684 445.516C295.142 444.979 295.733 444.568 296.457 444.281C297.186 443.99 298.03 443.844 298.988 443.844C299.655 443.844 300.293 443.922 300.902 444.078C301.517 444.234 302.061 444.477 302.535 444.805C303.014 445.133 303.392 445.555 303.668 446.07C303.944 446.581 304.082 447.193 304.082 447.906V456H300.926V454.336H300.832C300.639 454.711 300.382 455.042 300.059 455.328C299.736 455.609 299.348 455.831 298.895 455.992C298.441 456.148 297.918 456.227 297.324 456.227ZM298.277 453.93C298.767 453.93 299.199 453.833 299.574 453.641C299.949 453.443 300.243 453.177 300.457 452.844C300.671 452.51 300.777 452.133 300.777 451.711V450.438C300.673 450.505 300.53 450.568 300.348 450.625C300.171 450.677 299.97 450.727 299.746 450.773C299.522 450.815 299.298 450.854 299.074 450.891C298.85 450.922 298.647 450.951 298.465 450.977C298.074 451.034 297.733 451.125 297.441 451.25C297.15 451.375 296.923 451.544 296.762 451.758C296.6 451.966 296.52 452.227 296.52 452.539C296.52 452.992 296.684 453.339 297.012 453.578C297.345 453.812 297.767 453.93 298.277 453.93ZM297.957 442.453L295.574 438.898H298.645L300.309 442.453H297.957ZM308.289 460.5C307.867 460.5 307.471 460.466 307.102 460.398C306.737 460.336 306.435 460.255 306.195 460.156L306.945 457.672C307.336 457.792 307.688 457.857 308 457.867C308.318 457.878 308.591 457.805 308.82 457.648C309.055 457.492 309.245 457.227 309.391 456.852L309.586 456.344L305.281 444H308.781L311.266 452.812H311.391L313.898 444H317.422L312.758 457.297C312.534 457.943 312.229 458.505 311.844 458.984C311.464 459.469 310.982 459.841 310.398 460.102C309.815 460.367 309.112 460.5 308.289 460.5Z" fill="#1A1A2E"/>
<path d="M17.5179 513.326H409.482" stroke="#F0F1F6" stroke-width="0.5"/>
<path d="M15.7 498V479.5H19.55V486.875H26.75V479.5H30.6V498H26.75V490.225H19.55V498H15.7ZM35.6391 483.1L38.8891 478.6H41.8891L45.1391 483.1H42.1641L40.3891 480.5L38.6141 483.1H35.6391ZM40.3891 498.25C38.9057 498.25 37.6474 497.933 36.6141 497.3C35.5807 496.65 34.7891 495.808 34.2391 494.775C33.7057 493.725 33.4391 492.592 33.4391 491.375C33.4391 490.158 33.7057 489.033 34.2391 488C34.7891 486.95 35.5807 486.108 36.6141 485.475C37.6474 484.825 38.9057 484.5 40.3891 484.5C41.8724 484.5 43.1307 484.825 44.1641 485.475C45.1974 486.108 45.9807 486.95 46.5141 488C47.0641 489.033 47.3391 490.158 47.3391 491.375C47.3391 492.592 47.0641 493.725 46.5141 494.775C45.9807 495.808 45.1974 496.65 44.1641 497.3C43.1307 497.933 41.8724 498.25 40.3891 498.25ZM40.3891 495.15C41.0557 495.15 41.6224 494.975 42.0891 494.625C42.5557 494.275 42.9057 493.817 43.1391 493.25C43.3891 492.667 43.5141 492.042 43.5141 491.375C43.5141 490.692 43.3891 490.067 43.1391 489.5C42.9057 488.933 42.5557 488.475 42.0891 488.125C41.6224 487.775 41.0557 487.6 40.3891 487.6C39.7224 487.6 39.1557 487.775 38.6891 488.125C38.2224 488.475 37.8641 488.933 37.6141 489.5C37.3807 490.067 37.2641 490.692 37.2641 491.375C37.2641 492.042 37.3807 492.667 37.6141 493.25C37.8641 493.817 38.2224 494.275 38.6891 494.625C39.1557 494.975 39.7224 495.15 40.3891 495.15ZM49.9227 498V484.75H53.7227V486.55H53.8477C54.131 486.067 54.556 485.608 55.1227 485.175C55.6893 484.725 56.4643 484.5 57.4477 484.5C58.4477 484.5 59.2477 484.733 59.8477 485.2C60.4643 485.667 60.9143 486.242 61.1977 486.925H61.2477C61.4643 486.542 61.7477 486.167 62.0977 485.8C62.4643 485.417 62.9143 485.108 63.4477 484.875C63.9977 484.625 64.6393 484.5 65.3727 484.5C66.2893 484.5 67.0477 484.708 67.6477 485.125C68.2477 485.542 68.6893 486.092 68.9727 486.775C69.2727 487.442 69.4227 488.158 69.4227 488.925V498H65.6227V489.875C65.6227 489.225 65.456 488.692 65.1227 488.275C64.806 487.842 64.3227 487.625 63.6727 487.625C63.1727 487.625 62.7643 487.75 62.4477 488C62.1477 488.25 61.9227 488.575 61.7727 488.975C61.6393 489.358 61.5727 489.758 61.5727 490.175V498H57.7727V489.875C57.7727 489.225 57.606 488.692 57.2727 488.275C56.956 487.842 56.4727 487.625 55.8227 487.625C55.3227 487.625 54.9143 487.75 54.5977 488C54.2977 488.25 54.0727 488.575 53.9227 488.975C53.7893 489.358 53.7227 489.758 53.7227 490.175V498H49.9227ZM87.8465 502.875V496.3H87.6465C87.5798 496.417 87.3965 496.633 87.0965 496.95C86.8132 497.267 86.3965 497.567 85.8465 497.85C85.2965 498.117 84.5965 498.25 83.7465 498.25C82.7632 498.25 81.9048 498.058 81.1715 497.675C80.4548 497.275 79.8548 496.75 79.3715 496.1C78.8882 495.433 78.5215 494.692 78.2715 493.875C78.0382 493.058 77.9215 492.225 77.9215 491.375C77.9215 490.525 78.0382 489.692 78.2715 488.875C78.5215 488.058 78.8882 487.325 79.3715 486.675C79.8548 486.008 80.4548 485.483 81.1715 485.1C81.9048 484.7 82.7632 484.5 83.7465 484.5C84.5965 484.5 85.2965 484.642 85.8465 484.925C86.3965 485.192 86.8132 485.483 87.0965 485.8C87.3965 486.117 87.5798 486.333 87.6465 486.45H87.8465V484.75H91.6465V502.875H87.8465ZM84.8465 495.175C85.5298 495.175 86.0965 494.992 86.5465 494.625C87.0132 494.242 87.3548 493.758 87.5715 493.175C87.8048 492.592 87.9215 491.992 87.9215 491.375C87.9215 490.758 87.8048 490.158 87.5715 489.575C87.3548 488.992 87.0132 488.517 86.5465 488.15C86.0965 487.767 85.5298 487.575 84.8465 487.575C84.1632 487.575 83.5882 487.767 83.1215 488.15C82.6715 488.517 82.3298 488.992 82.0965 489.575C81.8798 490.158 81.7715 490.758 81.7715 491.375C81.7715 491.992 81.8798 492.592 82.0965 493.175C82.3298 493.758 82.6715 494.242 83.1215 494.625C83.5882 494.992 84.1632 495.175 84.8465 495.175ZM98.9207 498.25C97.9874 498.25 97.2124 498.05 96.5957 497.65C95.9957 497.25 95.5457 496.717 95.2457 496.05C94.9457 495.367 94.7957 494.6 94.7957 493.75V484.75H98.5707V493C98.5707 493.633 98.7374 494.15 99.0707 494.55C99.404 494.933 99.8957 495.125 100.546 495.125C101.096 495.125 101.529 494.992 101.846 494.725C102.179 494.458 102.421 494.117 102.571 493.7C102.721 493.283 102.796 492.842 102.796 492.375V484.75H106.596V498H102.796V496.125H102.646C102.362 496.642 101.921 497.125 101.321 497.575C100.737 498.025 99.9374 498.25 98.9207 498.25ZM115.143 484.5C115.993 484.5 116.693 484.642 117.243 484.925C117.793 485.192 118.21 485.483 118.493 485.8C118.793 486.117 118.976 486.333 119.043 486.45H119.243V484.75H123.043V498H119.243V496.3H119.043C118.976 496.417 118.793 496.633 118.493 496.95C118.21 497.267 117.793 497.567 117.243 497.85C116.693 498.117 115.993 498.25 115.143 498.25C114.16 498.25 113.301 498.058 112.568 497.675C111.851 497.275 111.251 496.75 110.768 496.1C110.285 495.433 109.918 494.692 109.668 493.875C109.435 493.058 109.318 492.225 109.318 491.375C109.318 490.525 109.435 489.692 109.668 488.875C109.918 488.058 110.285 487.325 110.768 486.675C111.251 486.008 111.851 485.483 112.568 485.1C113.301 484.7 114.16 484.5 115.143 484.5ZM116.243 487.575C115.56 487.575 114.985 487.767 114.518 488.15C114.068 488.517 113.726 488.992 113.493 489.575C113.276 490.158 113.168 490.758 113.168 491.375C113.168 491.992 113.276 492.592 113.493 493.175C113.726 493.758 114.068 494.242 114.518 494.625C114.985 494.992 115.56 495.175 116.243 495.175C116.926 495.175 117.493 494.992 117.943 494.625C118.41 494.242 118.751 493.758 118.968 493.175C119.201 492.592 119.318 491.992 119.318 491.375C119.318 490.758 119.201 490.158 118.968 489.575C118.751 488.992 118.41 488.517 117.943 488.15C117.493 487.767 116.926 487.575 116.243 487.575ZM133.16 491.7V488.7H149.06V491.7H133.16ZM166.275 498.25C165.075 498.25 164.058 498.1 163.225 497.8C162.408 497.5 161.742 497.108 161.225 496.625C160.708 496.142 160.3 495.633 160 495.1C159.717 494.55 159.517 494.033 159.4 493.55C159.3 493.05 159.25 492.642 159.25 492.325H162.9C162.9 492.675 163 493.067 163.2 493.5C163.4 493.917 163.733 494.283 164.2 494.6C164.683 494.917 165.358 495.075 166.225 495.075C167.125 495.075 167.867 494.842 168.45 494.375C169.05 493.908 169.35 493.283 169.35 492.5C169.35 491.8 169.092 491.225 168.575 490.775C168.075 490.308 167.358 490.075 166.425 490.075H163.925V487.1H166.45C167.25 487.1 167.892 486.883 168.375 486.45C168.858 486 169.1 485.45 169.1 484.8C169.1 484.117 168.825 483.55 168.275 483.1C167.725 482.633 167.042 482.4 166.225 482.4C165.458 482.4 164.85 482.567 164.4 482.9C163.967 483.233 163.65 483.625 163.45 484.075C163.267 484.525 163.175 484.917 163.175 485.25H159.6C159.6 484.95 159.65 484.55 159.75 484.05C159.867 483.55 160.067 483.025 160.35 482.475C160.633 481.925 161.025 481.408 161.525 480.925C162.025 480.425 162.658 480.025 163.425 479.725C164.208 479.408 165.158 479.25 166.275 479.25C167.392 479.25 168.45 479.458 169.45 479.875C170.467 480.275 171.292 480.867 171.925 481.65C172.558 482.417 172.875 483.35 172.875 484.45C172.875 485.2 172.725 485.85 172.425 486.4C172.125 486.933 171.758 487.375 171.325 487.725C170.892 488.075 170.458 488.325 170.025 488.475V488.625C170.858 488.925 171.592 489.408 172.225 490.075C172.875 490.725 173.2 491.608 173.2 492.725C173.2 493.892 172.875 494.892 172.225 495.725C171.592 496.542 170.75 497.167 169.7 497.6C168.65 498.033 167.508 498.25 166.275 498.25ZM183.175 498.25C181.941 498.25 180.841 498 179.875 497.5C178.925 497 178.116 496.317 177.45 495.45C176.783 494.567 176.275 493.55 175.925 492.4C175.591 491.25 175.425 490.033 175.425 488.75C175.425 487.45 175.591 486.225 175.925 485.075C176.275 483.925 176.783 482.917 177.45 482.05C178.116 481.167 178.925 480.483 179.875 480C180.841 479.5 181.941 479.25 183.175 479.25C184.408 479.25 185.5 479.5 186.45 480C187.416 480.483 188.233 481.167 188.9 482.05C189.566 482.917 190.066 483.925 190.4 485.075C190.75 486.225 190.925 487.45 190.925 488.75C190.925 490.033 190.75 491.25 190.4 492.4C190.066 493.55 189.566 494.567 188.9 495.45C188.233 496.317 187.416 497 186.45 497.5C185.5 498 184.408 498.25 183.175 498.25ZM183.175 494.825C184.275 494.825 185.175 494.317 185.875 493.3C186.591 492.283 186.95 490.767 186.95 488.75C186.95 486.733 186.591 485.217 185.875 484.2C185.175 483.183 184.275 482.675 183.175 482.675C182.075 482.675 181.166 483.183 180.45 484.2C179.75 485.217 179.4 486.733 179.4 488.75C179.4 490.767 179.75 492.283 180.45 493.3C181.166 494.317 182.075 494.825 183.175 494.825ZM192.78 502.525L201.48 477.275H204.905L196.205 502.525H192.78ZM214.205 498.25C212.972 498.25 211.872 498 210.905 497.5C209.955 497 209.147 496.317 208.48 495.45C207.813 494.567 207.305 493.55 206.955 492.4C206.622 491.25 206.455 490.033 206.455 488.75C206.455 487.45 206.622 486.225 206.955 485.075C207.305 483.925 207.813 482.917 208.48 482.05C209.147 481.167 209.955 480.483 210.905 480C211.872 479.5 212.972 479.25 214.205 479.25C215.438 479.25 216.53 479.5 217.48 480C218.447 480.483 219.263 481.167 219.93 482.05C220.597 482.917 221.097 483.925 221.43 485.075C221.78 486.225 221.955 487.45 221.955 488.75C221.955 490.033 221.78 491.25 221.43 492.4C221.097 493.55 220.597 494.567 219.93 495.45C219.263 496.317 218.447 497 217.48 497.5C216.53 498 215.438 498.25 214.205 498.25ZM214.205 494.825C215.305 494.825 216.205 494.317 216.905 493.3C217.622 492.283 217.98 490.767 217.98 488.75C217.98 486.733 217.622 485.217 216.905 484.2C216.205 483.183 215.305 482.675 214.205 482.675C213.105 482.675 212.197 483.183 211.48 484.2C210.78 485.217 210.43 486.733 210.43 488.75C210.43 490.767 210.78 492.283 211.48 493.3C212.197 494.317 213.105 494.825 214.205 494.825ZM231.485 498.25C230.285 498.25 229.268 498.1 228.435 497.8C227.618 497.5 226.952 497.108 226.435 496.625C225.918 496.142 225.51 495.633 225.21 495.1C224.927 494.55 224.727 494.033 224.61 493.55C224.51 493.05 224.46 492.642 224.46 492.325H228.11C228.11 492.675 228.21 493.067 228.41 493.5C228.61 493.917 228.943 494.283 229.41 494.6C229.893 494.917 230.568 495.075 231.435 495.075C232.335 495.075 233.077 494.842 233.66 494.375C234.26 493.908 234.56 493.283 234.56 492.5C234.56 491.8 234.302 491.225 233.785 490.775C233.285 490.308 232.568 490.075 231.635 490.075H229.135V487.1H231.66C232.46 487.1 233.102 486.883 233.585 486.45C234.068 486 234.31 485.45 234.31 484.8C234.31 484.117 234.035 483.55 233.485 483.1C232.935 482.633 232.252 482.4 231.435 482.4C230.668 482.4 230.06 482.567 229.61 482.9C229.177 483.233 228.86 483.625 228.66 484.075C228.477 484.525 228.385 484.917 228.385 485.25H224.81C224.81 484.95 224.86 484.55 224.96 484.05C225.077 483.55 225.277 483.025 225.56 482.475C225.843 481.925 226.235 481.408 226.735 480.925C227.235 480.425 227.868 480.025 228.635 479.725C229.418 479.408 230.368 479.25 231.485 479.25C232.602 479.25 233.66 479.458 234.66 479.875C235.677 480.275 236.502 480.867 237.135 481.65C237.768 482.417 238.085 483.35 238.085 484.45C238.085 485.2 237.935 485.85 237.635 486.4C237.335 486.933 236.968 487.375 236.535 487.725C236.102 488.075 235.668 488.325 235.235 488.475V488.625C236.068 488.925 236.802 489.408 237.435 490.075C238.085 490.725 238.41 491.608 238.41 492.725C238.41 493.892 238.085 494.892 237.435 495.725C236.802 496.542 235.96 497.167 234.91 497.6C233.86 498.033 232.718 498.25 231.485 498.25Z" fill="#1A1A2E"/>
<path d="M17.5179 539.496H409.482" stroke="#F0F1F6" stroke-width="0.5"/>
<path d="M38.4744 534.065C41.4978 534.065 43.9487 531.812 43.9487 529.033C43.9487 526.253 41.4978 524 38.4744 524C35.451 524 33 526.253 33 529.033C33 531.812 35.451 534.065 38.4744 534.065Z" fill="#0961F5"/>
<path d="M66.852 535V521.668H61.858V518.72H75.234V521.668H70.24V535H66.852ZM79.9032 521.734L77.4832 517.752H80.5852L82.3672 521.712L79.9032 521.734ZM79.6392 535.22C78.8178 535.22 78.1358 535.044 77.5932 534.692C77.0652 534.34 76.6692 533.871 76.4052 533.284C76.1412 532.683 76.0092 532.008 76.0092 531.26V523.34H79.3312V530.6C79.3312 531.157 79.4778 531.612 79.7712 531.964C80.0792 532.301 80.5118 532.47 81.0692 532.47C81.5532 532.47 81.9345 532.353 82.2132 532.118C82.5065 531.883 82.7192 531.583 82.8512 531.216C82.9832 530.849 83.0492 530.461 83.0492 530.05V523.34H85.3592C85.9458 523.34 86.2392 523.047 86.2392 522.46V520.898H88.9232V522.57C88.9232 523.347 88.7178 523.956 88.3072 524.396C87.8965 524.821 87.2878 525.034 86.4812 525.034H86.3932V535H83.0492V533.35H82.9172C82.6678 533.805 82.2792 534.23 81.7512 534.626C81.2378 535.022 80.5338 535.22 79.6392 535.22ZM97.5924 535L93.3244 523.34H96.6684L99.3964 531.238L102.014 523.34H105.38L101.09 535H97.5924ZM110.985 535.22C110.164 535.22 109.482 535.044 108.939 534.692C108.411 534.34 108.015 533.871 107.751 533.284C107.487 532.683 107.355 532.008 107.355 531.26V523.34H110.677V530.6C110.677 531.157 110.824 531.612 111.117 531.964C111.425 532.301 111.858 532.47 112.415 532.47C112.899 532.47 113.28 532.353 113.559 532.118C113.852 531.883 114.065 531.583 114.197 531.216C114.329 530.849 114.395 530.461 114.395 530.05V523.34H116.705C117.292 523.34 117.585 523.047 117.585 522.46V520.898H120.269V522.57C120.269 523.347 120.064 523.956 119.653 524.396C119.242 524.821 118.634 525.034 117.827 525.034H117.739V535H114.395V533.35H114.263C114.014 533.805 113.625 534.23 113.097 534.626C112.584 535.022 111.88 535.22 110.985 535.22ZM112.415 540.434C111.902 540.434 111.476 540.258 111.139 539.906C110.816 539.569 110.655 539.158 110.655 538.674C110.655 538.19 110.816 537.779 111.139 537.442C111.476 537.105 111.902 536.936 112.415 536.936C112.914 536.936 113.324 537.105 113.647 537.442C113.984 537.779 114.153 538.19 114.153 538.674C114.153 539.158 113.984 539.569 113.647 539.906C113.324 540.258 112.914 540.434 112.415 540.434ZM121.508 535V523.34H124.852V525.012H124.962C125.094 524.777 125.285 524.513 125.534 524.22C125.798 523.927 126.143 523.67 126.568 523.45C127.008 523.23 127.566 523.12 128.24 523.12C129.15 523.12 129.89 523.333 130.462 523.758C131.034 524.169 131.452 524.704 131.716 525.364C131.98 526.009 132.112 526.691 132.112 527.41V535H128.768V527.982C128.768 527.425 128.614 526.933 128.306 526.508C128.013 526.083 127.536 525.87 126.876 525.87C126.378 525.87 125.982 525.987 125.688 526.222C125.395 526.457 125.182 526.757 125.05 527.124C124.918 527.491 124.852 527.879 124.852 528.29V535H121.508ZM140.512 539.664C139.427 539.664 138.532 539.532 137.828 539.268C137.139 539.004 136.589 538.667 136.178 538.256C135.767 537.86 135.467 537.464 135.276 537.068C135.085 536.672 134.961 536.335 134.902 536.056C134.858 535.792 134.836 535.66 134.836 535.66H138.092C138.092 535.66 138.114 535.726 138.158 535.858C138.217 536.005 138.327 536.166 138.488 536.342C138.649 536.533 138.884 536.694 139.192 536.826C139.515 536.973 139.94 537.046 140.468 537.046C141.377 537.046 142.045 536.789 142.47 536.276C142.91 535.763 143.13 535.088 143.13 534.252V533.02H142.976C142.829 533.255 142.609 533.511 142.316 533.79C142.023 534.069 141.649 534.303 141.194 534.494C140.739 534.685 140.189 534.78 139.544 534.78C138.679 534.78 137.923 534.619 137.278 534.296C136.633 533.959 136.09 533.511 135.65 532.954C135.225 532.397 134.902 531.773 134.682 531.084C134.477 530.395 134.374 529.683 134.374 528.95C134.374 528.231 134.477 527.527 134.682 526.838C134.902 526.134 135.225 525.503 135.65 524.946C136.09 524.389 136.633 523.949 137.278 523.626C137.923 523.289 138.679 523.12 139.544 523.12C140.189 523.12 140.739 523.223 141.194 523.428C141.649 523.619 142.023 523.853 142.316 524.132C142.624 524.396 142.844 524.653 142.976 524.902H143.13V523.34H146.474V534.252C146.474 535.22 146.261 536.115 145.836 536.936C145.411 537.757 144.758 538.417 143.878 538.916C142.998 539.415 141.876 539.664 140.512 539.664ZM140.468 532.14C141.084 532.14 141.59 531.986 141.986 531.678C142.397 531.37 142.705 530.974 142.91 530.49C143.115 529.991 143.218 529.478 143.218 528.95C143.218 528.407 143.115 527.894 142.91 527.41C142.705 526.926 142.397 526.53 141.986 526.222C141.59 525.914 141.084 525.76 140.468 525.76C139.867 525.76 139.361 525.914 138.95 526.222C138.554 526.53 138.253 526.926 138.048 527.41C137.843 527.894 137.74 528.407 137.74 528.95C137.74 529.478 137.843 529.991 138.048 530.49C138.253 530.974 138.554 531.37 138.95 531.678C139.361 531.986 139.867 532.14 140.468 532.14ZM155.376 529.456V526.816H169.368V529.456H155.376ZM186.08 535.22C184.716 535.22 183.52 534.985 182.494 534.516C181.467 534.047 180.609 533.416 179.92 532.624C179.245 531.817 178.739 530.923 178.402 529.94C178.064 528.943 177.896 527.923 177.896 526.882C177.896 525.841 178.064 524.821 178.402 523.824C178.754 522.827 179.267 521.932 179.942 521.14C180.631 520.333 181.496 519.695 182.538 519.226C183.579 518.742 184.796 518.5 186.19 518.5C187.275 518.5 188.206 518.639 188.984 518.918C189.776 519.182 190.436 519.534 190.964 519.974C191.492 520.399 191.91 520.854 192.218 521.338C192.54 521.822 192.782 522.284 192.944 522.724C193.12 523.149 193.23 523.501 193.274 523.78C193.332 524.044 193.362 524.176 193.362 524.176H189.996C189.996 524.176 189.952 524.044 189.864 523.78C189.776 523.516 189.6 523.208 189.336 522.856C189.072 522.489 188.683 522.174 188.17 521.91C187.671 521.631 187.011 521.492 186.19 521.492C185.119 521.492 184.224 521.756 183.506 522.284C182.802 522.797 182.266 523.465 181.9 524.286C181.548 525.093 181.372 525.936 181.372 526.816C181.372 527.725 181.555 528.598 181.922 529.434C182.288 530.255 182.824 530.93 183.528 531.458C184.246 531.971 185.141 532.228 186.212 532.228C187.385 532.228 188.309 531.927 188.984 531.326C189.673 530.725 190.084 529.911 190.216 528.884H185.992V526.222H193.56V527.476C193.56 529.177 193.23 530.607 192.57 531.766C191.924 532.91 191.037 533.775 189.908 534.362C188.793 534.934 187.517 535.22 186.08 535.22ZM197.652 521.756C197.066 521.756 196.589 521.573 196.222 521.206C195.856 520.825 195.672 520.377 195.672 519.864C195.672 519.321 195.856 518.867 196.222 518.5C196.589 518.119 197.066 517.928 197.652 517.928C198.21 517.928 198.679 518.119 199.06 518.5C199.442 518.867 199.632 519.321 199.632 519.864C199.632 520.377 199.442 520.825 199.06 521.206C198.679 521.573 198.21 521.756 197.652 521.756ZM195.98 535V523.34H199.324V535H195.98ZM207.154 523.12C207.902 523.12 208.518 523.245 209.002 523.494C209.486 523.729 209.853 523.985 210.102 524.264C210.366 524.543 210.528 524.733 210.586 524.836H210.762V523.34H214.106V535H210.762V533.504H210.586C210.528 533.607 210.366 533.797 210.102 534.076C209.853 534.355 209.486 534.619 209.002 534.868C208.518 535.103 207.902 535.22 207.154 535.22C206.289 535.22 205.534 535.051 204.888 534.714C204.258 534.362 203.73 533.9 203.304 533.328C202.879 532.741 202.556 532.089 202.336 531.37C202.131 530.651 202.028 529.918 202.028 529.17C202.028 528.422 202.131 527.689 202.336 526.97C202.556 526.251 202.879 525.606 203.304 525.034C203.73 524.447 204.258 523.985 204.888 523.648C205.534 523.296 206.289 523.12 207.154 523.12ZM208.122 525.826C207.521 525.826 207.015 525.995 206.604 526.332C206.208 526.655 205.908 527.073 205.702 527.586C205.512 528.099 205.416 528.627 205.416 529.17C205.416 529.713 205.512 530.241 205.702 530.754C205.908 531.267 206.208 531.693 206.604 532.03C207.015 532.353 207.521 532.514 208.122 532.514C208.724 532.514 209.222 532.353 209.618 532.03C210.029 531.693 210.33 531.267 210.52 530.754C210.726 530.241 210.828 529.713 210.828 529.17C210.828 528.627 210.726 528.099 210.52 527.586C210.33 527.073 210.029 526.655 209.618 526.332C209.222 525.995 208.724 525.826 208.122 525.826ZM226.705 535.22C225.84 535.22 225.084 535.051 224.439 534.714C223.808 534.362 223.28 533.9 222.855 533.328C222.43 532.741 222.107 532.089 221.887 531.37C221.682 530.651 221.579 529.918 221.579 529.17C221.579 528.422 221.682 527.689 221.887 526.97C222.107 526.251 222.43 525.606 222.855 525.034C223.28 524.447 223.808 523.985 224.439 523.648C225.084 523.296 225.84 523.12 226.705 523.12C227.453 523.12 228.069 523.245 228.553 523.494C229.037 523.729 229.404 523.985 229.653 524.264C229.917 524.543 230.078 524.733 230.137 524.836H230.313V522.372H227.453V520.172H230.313V518.28H233.657V520.172H235.461V522.372H233.657V535H230.313V533.504H230.137C230.078 533.607 229.917 533.797 229.653 534.076C229.404 534.355 229.037 534.619 228.553 534.868C228.069 535.103 227.453 535.22 226.705 535.22ZM227.673 532.514C228.274 532.514 228.773 532.353 229.169 532.03C229.58 531.693 229.88 531.267 230.071 530.754C230.276 530.241 230.379 529.713 230.379 529.17C230.379 528.627 230.276 528.099 230.071 527.586C229.88 527.073 229.58 526.655 229.169 526.332C228.773 525.995 228.274 525.826 227.673 525.826C227.072 525.826 226.566 525.995 226.155 526.332C225.759 526.655 225.458 527.073 225.253 527.586C225.062 528.099 224.967 528.627 224.967 529.17C224.967 529.713 225.062 530.241 225.253 530.754C225.458 531.267 225.759 531.693 226.155 532.03C226.566 532.353 227.072 532.514 227.673 532.514ZM238.082 521.734L235.662 517.752H238.764L240.546 521.712L238.082 521.734ZM237.576 535V523.34H240.92V535H237.576ZM243.84 535V523.34H247.184V525.012H247.294C247.426 524.777 247.617 524.513 247.866 524.22C248.13 523.927 248.475 523.67 248.9 523.45C249.34 523.23 249.898 523.12 250.572 523.12C251.482 523.12 252.222 523.333 252.794 523.758C253.366 524.169 253.784 524.704 254.048 525.364C254.312 526.009 254.444 526.691 254.444 527.41V535H251.1V527.982C251.1 527.425 250.946 526.933 250.638 526.508C250.345 526.083 249.868 525.87 249.208 525.87C248.71 525.87 248.314 525.987 248.02 526.222C247.727 526.457 247.514 526.757 247.382 527.124C247.25 527.491 247.184 527.879 247.184 528.29V535H243.84ZM257.209 535V518.28H260.553V525.012H260.663C260.795 524.777 260.986 524.513 261.235 524.22C261.499 523.927 261.844 523.67 262.269 523.45C262.709 523.23 263.266 523.12 263.941 523.12C264.85 523.12 265.591 523.333 266.163 523.758C266.735 524.169 267.153 524.704 267.417 525.364C267.681 526.009 267.813 526.691 267.813 527.41V535H264.469V527.982C264.469 527.425 264.315 526.933 264.007 526.508C263.714 526.083 263.237 525.87 262.577 525.87C262.078 525.87 261.682 525.987 261.389 526.222C261.096 526.457 260.883 526.757 260.751 527.124C260.619 527.491 260.553 527.879 260.553 528.29V535H257.209Z" fill="#1A1A2E"/>
<path d="M17.5179 587.809H409.482" stroke="#F0F1F6" stroke-width="0.5"/>
<path d="M37.4744 579.065C40.4978 579.065 42.9487 576.812 42.9487 574.033C42.9487 571.253 40.4978 569 37.4744 569C34.451 569 32 571.253 32 574.033C32 576.812 34.451 579.065 37.4744 579.065Z" fill="#0961F5"/>
<path d="M62.496 582V565.72H65.884V579.052H73.848V582H62.496ZM79.7849 582.22C78.9636 582.22 78.2816 582.044 77.7389 581.692C77.2109 581.34 76.8149 580.871 76.5509 580.284C76.2869 579.683 76.1549 579.008 76.1549 578.26V570.34H79.4769V577.6C79.4769 578.157 79.6236 578.612 79.9169 578.964C80.2102 579.301 80.6429 579.47 81.2149 579.47C81.6989 579.47 82.0802 579.353 82.3589 579.118C82.6522 578.883 82.8649 578.583 82.9969 578.216C83.1289 577.849 83.1949 577.461 83.1949 577.05V570.34H86.5389V582H83.1949V580.35H83.0629C82.8136 580.805 82.4249 581.23 81.8969 581.626C81.3836 582.022 80.6796 582.22 79.7849 582.22ZM90.0345 586.29C89.6385 586.29 89.3232 586.275 89.0885 586.246C88.8538 586.217 88.7365 586.202 88.7365 586.202V583.518C88.7365 583.518 88.8318 583.525 89.0225 583.54C89.2278 583.555 89.4772 583.562 89.7705 583.562C90.4745 583.562 91.0538 583.459 91.5085 583.254C91.9632 583.063 92.3592 582.682 92.6965 582.11L88.3845 570.34H91.7285L94.4345 578.238L97.0745 570.34H100.441L96.2605 581.538C95.8792 582.609 95.4172 583.496 94.8745 584.2C94.3465 584.904 93.6938 585.425 92.9165 585.762C92.1392 586.114 91.1785 586.29 90.0345 586.29ZM103.046 568.888L105.884 564.928H108.546L111.384 568.888H108.766L107.204 566.6L105.664 568.888H103.046ZM107.314 582.22C106.288 582.22 105.4 582.051 104.652 581.714C103.904 581.362 103.288 580.9 102.804 580.328C102.32 579.741 101.954 579.089 101.704 578.37C101.47 577.651 101.352 576.911 101.352 576.148C101.352 575.415 101.47 574.696 101.704 573.992C101.939 573.273 102.291 572.621 102.76 572.034C103.244 571.447 103.853 570.985 104.586 570.648C105.32 570.296 106.192 570.12 107.204 570.12C108.29 570.12 109.243 570.355 110.064 570.824C110.886 571.293 111.531 571.99 112 572.914C112.47 573.823 112.704 574.931 112.704 576.236V577.05H104.718C104.762 577.754 105.004 578.363 105.444 578.876C105.899 579.389 106.522 579.646 107.314 579.646C107.769 579.646 108.136 579.58 108.414 579.448C108.708 579.301 108.935 579.14 109.096 578.964C109.258 578.773 109.368 578.605 109.426 578.458C109.5 578.311 109.536 578.238 109.536 578.238H112.616C112.616 578.238 112.58 578.377 112.506 578.656C112.433 578.92 112.294 579.25 112.088 579.646C111.883 580.042 111.582 580.438 111.186 580.834C110.805 581.23 110.299 581.56 109.668 581.824C109.038 582.088 108.253 582.22 107.314 582.22ZM104.718 575.026H109.492C109.463 574.219 109.221 573.618 108.766 573.222C108.326 572.826 107.784 572.628 107.138 572.628C106.493 572.628 105.943 572.841 105.488 573.266C105.048 573.677 104.792 574.263 104.718 575.026ZM107.204 587.412C106.691 587.412 106.266 587.236 105.928 586.884C105.606 586.547 105.444 586.143 105.444 585.674C105.444 585.19 105.606 584.772 105.928 584.42C106.266 584.083 106.691 583.914 107.204 583.914C107.703 583.914 108.114 584.083 108.436 584.42C108.774 584.772 108.942 585.19 108.942 585.674C108.942 586.143 108.774 586.547 108.436 586.884C108.114 587.236 107.703 587.412 107.204 587.412ZM114.977 582V570.34H118.321V572.012H118.431C118.563 571.777 118.754 571.513 119.003 571.22C119.267 570.927 119.612 570.67 120.037 570.45C120.477 570.23 121.035 570.12 121.709 570.12C122.619 570.12 123.359 570.333 123.931 570.758C124.503 571.169 124.921 571.704 125.185 572.364C125.449 573.009 125.581 573.691 125.581 574.41V582H122.237V574.982C122.237 574.425 122.083 573.933 121.775 573.508C121.482 573.083 121.005 572.87 120.345 572.87C119.847 572.87 119.451 572.987 119.157 573.222C118.864 573.457 118.651 573.757 118.519 574.124C118.387 574.491 118.321 574.879 118.321 575.29V582H114.977ZM133.416 586.29V570.34H136.76V571.836H136.914C136.987 571.733 137.149 571.543 137.398 571.264C137.662 570.985 138.036 570.729 138.52 570.494C139.004 570.245 139.62 570.12 140.368 570.12C141.233 570.12 141.981 570.296 142.612 570.648C143.257 570.985 143.793 571.447 144.218 572.034C144.643 572.606 144.959 573.251 145.164 573.97C145.384 574.689 145.494 575.422 145.494 576.17C145.494 576.918 145.384 577.651 145.164 578.37C144.959 579.089 144.643 579.741 144.218 580.328C143.793 580.9 143.257 581.362 142.612 581.714C141.981 582.051 141.233 582.22 140.368 582.22C139.62 582.22 139.004 582.103 138.52 581.868C138.036 581.619 137.662 581.355 137.398 581.076C137.149 580.797 136.987 580.607 136.914 580.504H136.76V586.29H133.416ZM136.694 576.17C136.694 576.713 136.789 577.241 136.98 577.754C137.185 578.267 137.486 578.693 137.882 579.03C138.293 579.353 138.799 579.514 139.4 579.514C140.001 579.514 140.5 579.353 140.896 579.03C141.307 578.693 141.607 578.267 141.798 577.754C142.003 577.241 142.106 576.713 142.106 576.17C142.106 575.627 142.003 575.099 141.798 574.586C141.607 574.073 141.307 573.655 140.896 573.332C140.5 572.995 140.001 572.826 139.4 572.826C138.799 572.826 138.293 572.995 137.882 573.332C137.486 573.655 137.185 574.073 136.98 574.586C136.789 575.099 136.694 575.627 136.694 576.17ZM147.982 582V565.28H151.326V572.012H151.436C151.568 571.777 151.759 571.513 152.008 571.22C152.272 570.927 152.617 570.67 153.042 570.45C153.482 570.23 154.04 570.12 154.714 570.12C155.624 570.12 156.364 570.333 156.936 570.758C157.508 571.169 157.926 571.704 158.19 572.364C158.454 573.009 158.586 573.691 158.586 574.41V582H155.242V574.982C155.242 574.425 155.088 573.933 154.78 573.508C154.487 573.083 154.01 572.87 153.35 572.87C152.852 572.87 152.456 572.987 152.162 573.222C151.869 573.457 151.656 573.757 151.524 574.124C151.392 574.491 151.326 574.879 151.326 575.29V582H147.982ZM168.3 568.734L165.814 568.712L167.596 564.752H170.698L168.3 568.734ZM166.034 570.12C166.782 570.12 167.398 570.245 167.882 570.494C168.366 570.729 168.733 570.985 168.982 571.264C169.246 571.543 169.408 571.733 169.466 571.836H169.642V570.34H172.986V582H169.642V580.504H169.466C169.408 580.607 169.246 580.797 168.982 581.076C168.733 581.355 168.366 581.619 167.882 581.868C167.398 582.103 166.782 582.22 166.034 582.22C165.169 582.22 164.414 582.051 163.768 581.714C163.138 581.362 162.61 580.9 162.184 580.328C161.759 579.741 161.436 579.089 161.216 578.37C161.011 577.651 160.908 576.918 160.908 576.17C160.908 575.422 161.011 574.689 161.216 573.97C161.436 573.251 161.759 572.606 162.184 572.034C162.61 571.447 163.138 570.985 163.768 570.648C164.414 570.296 165.169 570.12 166.034 570.12ZM167.002 572.826C166.401 572.826 165.895 572.995 165.484 573.332C165.088 573.655 164.788 574.073 164.582 574.586C164.392 575.099 164.296 575.627 164.296 576.17C164.296 576.713 164.392 577.241 164.582 577.754C164.788 578.267 165.088 578.693 165.484 579.03C165.895 579.353 166.401 579.514 167.002 579.514C167.604 579.514 168.102 579.353 168.498 579.03C168.909 578.693 169.21 578.267 169.4 577.754C169.606 577.241 169.708 576.713 169.708 576.17C169.708 575.627 169.606 575.099 169.4 574.586C169.21 574.073 168.909 573.655 168.498 573.332C168.102 572.995 167.604 572.826 167.002 572.826ZM180.868 582.22C179.959 582.22 179.233 582.088 178.69 581.824C178.148 581.545 177.737 581.201 177.458 580.79C177.18 580.365 176.996 579.917 176.908 579.448C176.82 578.979 176.776 578.546 176.776 578.15V573.002H174.796V570.34H176.776V567.458H180.12V570.34H182.606V573.002H180.12V578.062C180.12 578.546 180.245 578.92 180.494 579.184C180.758 579.448 181.191 579.58 181.792 579.58C182.056 579.58 182.298 579.558 182.518 579.514C182.738 579.47 182.848 579.448 182.848 579.448V582.022C182.848 582.022 182.65 582.051 182.254 582.11C181.858 582.183 181.396 582.22 180.868 582.22ZM192.021 568.888L194.859 564.928H197.521L200.359 568.888H197.741L196.179 566.6L194.639 568.888H192.021ZM195.167 570.12C195.915 570.12 196.531 570.245 197.015 570.494C197.499 570.729 197.866 570.985 198.115 571.264C198.379 571.543 198.54 571.733 198.599 571.836H198.775V570.34H202.119V582H198.775V580.504H198.599C198.54 580.607 198.379 580.797 198.115 581.076C197.866 581.355 197.499 581.619 197.015 581.868C196.531 582.103 195.915 582.22 195.167 582.22C194.302 582.22 193.546 582.051 192.901 581.714C192.27 581.362 191.742 580.9 191.317 580.328C190.892 579.741 190.569 579.089 190.349 578.37C190.144 577.651 190.041 576.918 190.041 576.17C190.041 575.422 190.144 574.689 190.349 573.97C190.569 573.251 190.892 572.606 191.317 572.034C191.742 571.447 192.27 570.985 192.901 570.648C193.546 570.296 194.302 570.12 195.167 570.12ZM196.135 572.826C195.534 572.826 195.028 572.995 194.617 573.332C194.221 573.655 193.92 574.073 193.715 574.586C193.524 575.099 193.429 575.627 193.429 576.17C193.429 576.713 193.524 577.241 193.715 577.754C193.92 578.267 194.221 578.693 194.617 579.03C195.028 579.353 195.534 579.514 196.135 579.514C196.736 579.514 197.235 579.353 197.631 579.03C198.042 578.693 198.342 578.267 198.533 577.754C198.738 577.241 198.841 576.713 198.841 576.17C198.841 575.627 198.738 575.099 198.533 574.586C198.342 574.073 198.042 573.655 197.631 573.332C197.235 572.995 196.736 572.826 196.135 572.826ZM204.803 582V570.34H208.147V571.924H208.257C208.507 571.499 208.881 571.095 209.379 570.714C209.878 570.318 210.56 570.12 211.425 570.12C212.305 570.12 213.009 570.325 213.537 570.736C214.08 571.147 214.476 571.653 214.725 572.254H214.769C214.96 571.917 215.209 571.587 215.517 571.264C215.84 570.927 216.236 570.655 216.705 570.45C217.189 570.23 217.754 570.12 218.399 570.12C219.206 570.12 219.873 570.303 220.401 570.67C220.929 571.037 221.318 571.521 221.567 572.122C221.831 572.709 221.963 573.339 221.963 574.014V582H218.619V574.85C218.619 574.278 218.473 573.809 218.179 573.442C217.901 573.061 217.475 572.87 216.903 572.87C216.463 572.87 216.104 572.98 215.825 573.2C215.561 573.42 215.363 573.706 215.231 574.058C215.114 574.395 215.055 574.747 215.055 575.114V582H211.711V574.85C211.711 574.278 211.565 573.809 211.271 573.442C210.993 573.061 210.567 572.87 209.995 572.87C209.555 572.87 209.196 572.98 208.917 573.2C208.653 573.42 208.455 573.706 208.323 574.058C208.206 574.395 208.147 574.747 208.147 575.114V582H204.803Z" fill="#1A1A2E"/>
<path d="M17.5179 636.122H409.482" stroke="#F0F1F6" stroke-width="0.5"/>
<path d="M15.45 633V630.35L18.65 627.625C19.9833 626.508 21.125 625.558 22.075 624.775C23.025 623.992 23.75 623.258 24.25 622.575C24.75 621.892 25 621.158 25 620.375C25 619.775 24.8583 619.275 24.575 618.875C24.2917 618.458 23.925 618.15 23.475 617.95C23.0417 617.733 22.5833 617.625 22.1 617.625C21.5167 617.625 21.025 617.733 20.625 617.95C20.2417 618.167 19.9333 618.45 19.7 618.8C19.4833 619.133 19.325 619.483 19.225 619.85C19.125 620.217 19.075 620.533 19.075 620.8H15.375C15.375 620.1 15.5083 619.375 15.775 618.625C16.0417 617.858 16.45 617.15 17 616.5C17.55 615.833 18.2583 615.292 19.125 614.875C19.9917 614.458 21.025 614.25 22.225 614.25C23.4417 614.25 24.55 614.492 25.55 614.975C26.55 615.442 27.35 616.117 27.95 617C28.5667 617.883 28.875 618.925 28.875 620.125C28.875 621.258 28.5917 622.292 28.025 623.225C27.475 624.142 26.7 625.042 25.7 625.925C24.7 626.792 23.55 627.733 22.25 628.75L21.2 629.625H29.125V633H15.45ZM39.0516 614.25C40.3349 614.25 41.4516 614.483 42.4016 614.95C43.3516 615.4 44.1349 616.025 44.7516 616.825C45.3682 617.608 45.8266 618.508 46.1266 619.525C46.4432 620.525 46.6016 621.575 46.6016 622.675C46.6016 623.892 46.4099 625.125 46.0266 626.375C45.6432 627.608 45.0516 628.75 44.2516 629.8C43.4516 630.833 42.4099 631.667 41.1266 632.3C39.8599 632.933 38.3349 633.25 36.5516 633.25C35.8182 633.25 35.1849 633.2 34.6516 633.1C34.1182 633.017 33.8516 632.975 33.8516 632.975V629.55C33.8516 629.55 33.9849 629.575 34.2516 629.625C34.5349 629.658 34.8849 629.7 35.3016 629.75C35.7182 629.8 36.1349 629.825 36.5516 629.825C37.8349 629.825 38.9099 629.567 39.7766 629.05C40.6432 628.533 41.3016 627.875 41.7516 627.075C42.2182 626.275 42.4932 625.433 42.5766 624.55C42.4099 624.833 42.1516 625.15 41.8016 625.5C41.4516 625.833 40.9766 626.125 40.3766 626.375C39.7932 626.625 39.0432 626.75 38.1266 626.75C36.8099 626.75 35.7016 626.467 34.8016 625.9C33.9016 625.317 33.2266 624.567 32.7766 623.65C32.3266 622.733 32.1016 621.775 32.1016 620.775C32.1016 619.975 32.2432 619.192 32.5266 618.425C32.8266 617.642 33.2599 616.942 33.8266 616.325C34.4099 615.692 35.1349 615.192 36.0016 614.825C36.8682 614.442 37.8849 614.25 39.0516 614.25ZM39.0516 617.425C38.1182 617.425 37.3516 617.725 36.7516 618.325C36.1516 618.925 35.8516 619.692 35.8516 620.625C35.8516 621.575 36.1516 622.35 36.7516 622.95C37.3516 623.533 38.1182 623.825 39.0516 623.825C39.9682 623.825 40.7266 623.533 41.3266 622.95C41.9266 622.35 42.2266 621.575 42.2266 620.625C42.2266 619.692 41.9266 618.925 41.3266 618.325C40.7266 617.725 39.9682 617.425 39.0516 617.425ZM48.9564 637.525L57.6564 612.275H61.0814L52.3814 637.525H48.9564ZM70.3818 633.25C69.1485 633.25 68.0485 633 67.0818 632.5C66.1318 632 65.3235 631.317 64.6568 630.45C63.9902 629.567 63.4818 628.55 63.1318 627.4C62.7985 626.25 62.6318 625.033 62.6318 623.75C62.6318 622.45 62.7985 621.225 63.1318 620.075C63.4818 618.925 63.9902 617.917 64.6568 617.05C65.3235 616.167 66.1318 615.483 67.0818 615C68.0485 614.5 69.1485 614.25 70.3818 614.25C71.6152 614.25 72.7068 614.5 73.6568 615C74.6235 615.483 75.4402 616.167 76.1068 617.05C76.7735 617.917 77.2735 618.925 77.6068 620.075C77.9568 621.225 78.1318 622.45 78.1318 623.75C78.1318 625.033 77.9568 626.25 77.6068 627.4C77.2735 628.55 76.7735 629.567 76.1068 630.45C75.4402 631.317 74.6235 632 73.6568 632.5C72.7068 633 71.6152 633.25 70.3818 633.25ZM70.3818 629.825C71.4818 629.825 72.3818 629.317 73.0818 628.3C73.7985 627.283 74.1568 625.767 74.1568 623.75C74.1568 621.733 73.7985 620.217 73.0818 619.2C72.3818 618.183 71.4818 617.675 70.3818 617.675C69.2818 617.675 68.3735 618.183 67.6568 619.2C66.9568 620.217 66.6068 621.733 66.6068 623.75C66.6068 625.767 66.9568 627.283 67.6568 628.3C68.3735 629.317 69.2818 629.825 70.3818 629.825ZM87.6617 633.25C86.4617 633.25 85.4451 633.1 84.6117 632.8C83.7951 632.5 83.1284 632.108 82.6117 631.625C82.0951 631.142 81.6867 630.633 81.3867 630.1C81.1034 629.55 80.9034 629.033 80.7867 628.55C80.6867 628.05 80.6367 627.642 80.6367 627.325H84.2867C84.2867 627.675 84.3867 628.067 84.5867 628.5C84.7867 628.917 85.1201 629.283 85.5867 629.6C86.0701 629.917 86.7451 630.075 87.6117 630.075C88.5117 630.075 89.2534 629.842 89.8367 629.375C90.4367 628.908 90.7367 628.283 90.7367 627.5C90.7367 626.8 90.4784 626.225 89.9617 625.775C89.4617 625.308 88.7451 625.075 87.8117 625.075H85.3117V622.1H87.8367C88.6367 622.1 89.2784 621.883 89.7617 621.45C90.2451 621 90.4867 620.45 90.4867 619.8C90.4867 619.117 90.2117 618.55 89.6617 618.1C89.1117 617.633 88.4284 617.4 87.6117 617.4C86.8451 617.4 86.2367 617.567 85.7867 617.9C85.3534 618.233 85.0367 618.625 84.8367 619.075C84.6534 619.525 84.5617 619.917 84.5617 620.25H80.9867C80.9867 619.95 81.0367 619.55 81.1367 619.05C81.2534 618.55 81.4534 618.025 81.7367 617.475C82.0201 616.925 82.4117 616.408 82.9117 615.925C83.4117 615.425 84.0451 615.025 84.8117 614.725C85.5951 614.408 86.5451 614.25 87.6617 614.25C88.7784 614.25 89.8367 614.458 90.8367 614.875C91.8534 615.275 92.6784 615.867 93.3117 616.65C93.9451 617.417 94.2617 618.35 94.2617 619.45C94.2617 620.2 94.1117 620.85 93.8117 621.4C93.5117 621.933 93.1451 622.375 92.7117 622.725C92.2784 623.075 91.8451 623.325 91.4117 623.475V623.625C92.2451 623.925 92.9784 624.408 93.6117 625.075C94.2617 625.725 94.5867 626.608 94.5867 627.725C94.5867 628.892 94.2617 629.892 93.6117 630.725C92.9784 631.542 92.1367 632.167 91.0867 632.6C90.0367 633.033 88.8951 633.25 87.6617 633.25ZM96.2709 637.525L104.971 612.275H108.396L99.6959 637.525H96.2709ZM109.908 633V630.35L113.108 627.625C114.441 626.508 115.583 625.558 116.533 624.775C117.483 623.992 118.208 623.258 118.708 622.575C119.208 621.892 119.458 621.158 119.458 620.375C119.458 619.775 119.316 619.275 119.033 618.875C118.75 618.458 118.383 618.15 117.933 617.95C117.5 617.733 117.041 617.625 116.558 617.625C115.975 617.625 115.483 617.733 115.083 617.95C114.7 618.167 114.391 618.45 114.158 618.8C113.941 619.133 113.783 619.483 113.683 619.85C113.583 620.217 113.533 620.533 113.533 620.8H109.833C109.833 620.1 109.966 619.375 110.233 618.625C110.5 617.858 110.908 617.15 111.458 616.5C112.008 615.833 112.716 615.292 113.583 614.875C114.45 614.458 115.483 614.25 116.683 614.25C117.9 614.25 119.008 614.492 120.008 614.975C121.008 615.442 121.808 616.117 122.408 617C123.025 617.883 123.333 618.925 123.333 620.125C123.333 621.258 123.05 622.292 122.483 623.225C121.933 624.142 121.158 625.042 120.158 625.925C119.158 626.792 118.008 627.733 116.708 628.75L115.658 629.625H123.583V633H109.908ZM133.81 633.25C132.576 633.25 131.476 633 130.51 632.5C129.56 632 128.751 631.317 128.085 630.45C127.418 629.567 126.91 628.55 126.56 627.4C126.226 626.25 126.06 625.033 126.06 623.75C126.06 622.45 126.226 621.225 126.56 620.075C126.91 618.925 127.418 617.917 128.085 617.05C128.751 616.167 129.56 615.483 130.51 615C131.476 614.5 132.576 614.25 133.81 614.25C135.043 614.25 136.135 614.5 137.085 615C138.051 615.483 138.868 616.167 139.535 617.05C140.201 617.917 140.701 618.925 141.035 620.075C141.385 621.225 141.56 622.45 141.56 623.75C141.56 625.033 141.385 626.25 141.035 627.4C140.701 628.55 140.201 629.567 139.535 630.45C138.868 631.317 138.051 632 137.085 632.5C136.135 633 135.043 633.25 133.81 633.25ZM133.81 629.825C134.91 629.825 135.81 629.317 136.51 628.3C137.226 627.283 137.585 625.767 137.585 623.75C137.585 621.733 137.226 620.217 136.51 619.2C135.81 618.183 134.91 617.675 133.81 617.675C132.71 617.675 131.801 618.183 131.085 619.2C130.385 620.217 130.035 621.733 130.035 623.75C130.035 625.767 130.385 627.283 131.085 628.3C131.801 629.317 132.71 629.825 133.81 629.825ZM144.014 633V630.35L147.214 627.625C148.548 626.508 149.689 625.558 150.639 624.775C151.589 623.992 152.314 623.258 152.814 622.575C153.314 621.892 153.564 621.158 153.564 620.375C153.564 619.775 153.423 619.275 153.139 618.875C152.856 618.458 152.489 618.15 152.039 617.95C151.606 617.733 151.148 617.625 150.664 617.625C150.081 617.625 149.589 617.733 149.189 617.95C148.806 618.167 148.498 618.45 148.264 618.8C148.048 619.133 147.889 619.483 147.789 619.85C147.689 620.217 147.639 620.533 147.639 620.8H143.939C143.939 620.1 144.073 619.375 144.339 618.625C144.606 617.858 145.014 617.15 145.564 616.5C146.114 615.833 146.823 615.292 147.689 614.875C148.556 614.458 149.589 614.25 150.789 614.25C152.006 614.25 153.114 614.492 154.114 614.975C155.114 615.442 155.914 616.117 156.514 617C157.131 617.883 157.439 618.925 157.439 620.125C157.439 621.258 157.156 622.292 156.589 623.225C156.039 624.142 155.264 625.042 154.264 625.925C153.264 626.792 152.114 627.733 150.814 628.75L149.764 629.625H157.689V633H144.014ZM168.216 633.25C166.933 633.25 165.816 633.025 164.866 632.575C163.916 632.108 163.124 631.483 162.491 630.7C161.874 629.9 161.416 629 161.116 628C160.816 626.983 160.666 625.925 160.666 624.825C160.666 623.608 160.849 622.383 161.216 621.15C161.599 619.9 162.191 618.758 162.991 617.725C163.808 616.675 164.849 615.833 166.116 615.2C167.383 614.567 168.916 614.25 170.716 614.25C171.449 614.25 172.083 614.3 172.616 614.4C173.149 614.483 173.416 614.525 173.416 614.525V617.95C173.416 617.95 173.274 617.933 172.991 617.9C172.724 617.85 172.383 617.8 171.966 617.75C171.549 617.7 171.133 617.675 170.716 617.675C169.433 617.675 168.358 617.933 167.491 618.45C166.624 618.967 165.958 619.625 165.491 620.425C165.041 621.225 164.774 622.067 164.691 622.95C164.858 622.667 165.116 622.358 165.466 622.025C165.816 621.675 166.283 621.375 166.866 621.125C167.466 620.875 168.216 620.75 169.116 620.75C170.449 620.75 171.566 621.042 172.466 621.625C173.366 622.192 174.041 622.933 174.491 623.85C174.941 624.767 175.166 625.725 175.166 626.725C175.166 627.525 175.016 628.317 174.716 629.1C174.433 629.867 173.999 630.567 173.416 631.2C172.849 631.817 172.133 632.317 171.266 632.7C170.399 633.067 169.383 633.25 168.216 633.25ZM168.216 630.075C169.149 630.075 169.916 629.775 170.516 629.175C171.116 628.575 171.416 627.808 171.416 626.875C171.416 625.925 171.116 625.158 170.516 624.575C169.916 623.975 169.149 623.675 168.216 623.675C167.299 623.675 166.533 623.975 165.916 624.575C165.316 625.158 165.016 625.925 165.016 626.875C165.016 627.808 165.316 628.575 165.916 629.175C166.533 629.775 167.299 630.075 168.216 630.075Z" fill="#1A1A2E"/>
<path d="M17.5179 662.292H409.482" stroke="#F0F1F6" stroke-width="0.5"/>
<path d="M37.4744 668.065C40.4978 668.065 42.9487 665.812 42.9487 663.033C42.9487 660.253 40.4978 658 37.4744 658C34.451 658 32 660.253 32 663.033C32 665.812 34.451 668.065 37.4744 668.065Z" fill="#BA7517"/>
<path d="M66.852 675V661.668H61.858V658.72H75.234V661.668H70.24V675H66.852ZM76.2194 675V663.34H79.5414V665.034H79.6514C79.7834 664.726 79.9667 664.425 80.2014 664.132C80.436 663.839 80.7587 663.597 81.1694 663.406C81.58 663.215 82.108 663.12 82.7534 663.12C83.076 663.12 83.3327 663.142 83.5234 663.186C83.714 663.215 83.8094 663.23 83.8094 663.23V666.53C83.8094 666.53 83.6994 666.508 83.4794 666.464C83.274 666.42 83.0027 666.398 82.6654 666.398C81.624 666.398 80.8467 666.684 80.3334 667.256C79.82 667.813 79.5634 668.73 79.5634 670.006V675H76.2194ZM89.9309 661.712L87.5329 657.752H90.6349L92.3949 661.69L89.9309 661.712ZM91.1189 675.22C89.8135 675.22 88.7062 674.941 87.7969 674.384C86.8875 673.812 86.1909 673.071 85.7069 672.162C85.2375 671.238 85.0029 670.241 85.0029 669.17C85.0029 668.099 85.2375 667.109 85.7069 666.2C86.1909 665.276 86.8875 664.535 87.7969 663.978C88.7062 663.406 89.8135 663.12 91.1189 663.12C92.4242 663.12 93.5315 663.406 94.4409 663.978C95.3502 664.535 96.0395 665.276 96.5089 666.2C96.9929 667.109 97.2349 668.099 97.2349 669.17C97.2349 670.241 96.9929 671.238 96.5089 672.162C96.0395 673.071 95.3502 673.812 94.4409 674.384C93.5315 674.941 92.4242 675.22 91.1189 675.22ZM91.1189 672.492C91.7055 672.492 92.2042 672.338 92.6149 672.03C93.0255 671.722 93.3335 671.319 93.5389 670.82C93.7589 670.307 93.8689 669.757 93.8689 669.17C93.8689 668.569 93.7589 668.019 93.5389 667.52C93.3335 667.021 93.0255 666.618 92.6149 666.31C92.2042 666.002 91.7055 665.848 91.1189 665.848C90.5322 665.848 90.0335 666.002 89.6229 666.31C89.2122 666.618 88.8969 667.021 88.6769 667.52C88.4715 668.019 88.3689 668.569 88.3689 669.17C88.3689 669.757 88.4715 670.307 88.6769 670.82C88.8969 671.319 89.2122 671.722 89.6229 672.03C90.0335 672.338 90.5322 672.492 91.1189 672.492ZM110.626 675.22C109.599 675.22 108.704 675.051 107.942 674.714C107.179 674.362 106.548 673.9 106.05 673.328C105.551 672.756 105.177 672.111 104.928 671.392C104.678 670.659 104.554 669.918 104.554 669.17C104.554 668.422 104.678 667.689 104.928 666.97C105.177 666.251 105.551 665.606 106.05 665.034C106.548 664.447 107.179 663.985 107.942 663.648C108.704 663.296 109.599 663.12 110.626 663.12C111.667 663.12 112.525 663.274 113.2 663.582C113.874 663.875 114.41 664.249 114.806 664.704C115.216 665.144 115.517 665.591 115.708 666.046C115.898 666.486 116.016 666.86 116.06 667.168C116.118 667.461 116.148 667.608 116.148 667.608H113.024C113.024 667.608 112.994 667.52 112.936 667.344C112.892 667.153 112.789 666.941 112.628 666.706C112.481 666.457 112.254 666.244 111.946 666.068C111.638 665.877 111.227 665.782 110.714 665.782C110.083 665.782 109.555 665.943 109.13 666.266C108.719 666.574 108.411 666.985 108.206 667.498C108 668.011 107.898 668.569 107.898 669.17C107.898 669.771 108 670.329 108.206 670.842C108.411 671.355 108.719 671.773 109.13 672.096C109.555 672.404 110.083 672.558 110.714 672.558C111.227 672.558 111.638 672.47 111.946 672.294C112.254 672.103 112.481 671.891 112.628 671.656C112.789 671.407 112.892 671.194 112.936 671.018C112.994 670.827 113.024 670.732 113.024 670.732H116.148C116.148 670.732 116.118 670.886 116.06 671.194C116.016 671.487 115.898 671.861 115.708 672.316C115.517 672.756 115.216 673.203 114.806 673.658C114.41 674.098 113.874 674.472 113.2 674.78C112.525 675.073 111.667 675.22 110.626 675.22ZM118.764 675V658.28H122.108V665.012H122.218C122.35 664.777 122.54 664.513 122.79 664.22C123.054 663.927 123.398 663.67 123.824 663.45C124.264 663.23 124.821 663.12 125.496 663.12C126.405 663.12 127.146 663.333 127.718 663.758C128.29 664.169 128.708 664.704 128.972 665.364C129.236 666.009 129.368 666.691 129.368 667.41V675H126.024V667.982C126.024 667.425 125.87 666.933 125.562 666.508C125.268 666.083 124.792 665.87 124.132 665.87C123.633 665.87 123.237 665.987 122.944 666.222C122.65 666.457 122.438 666.757 122.306 667.124C122.174 667.491 122.108 667.879 122.108 668.29V675H118.764ZM135.558 675.22C134.737 675.22 134.055 675.044 133.512 674.692C132.984 674.34 132.588 673.871 132.324 673.284C132.06 672.683 131.928 672.008 131.928 671.26V663.34H135.25V670.6C135.25 671.157 135.397 671.612 135.69 671.964C135.984 672.301 136.416 672.47 136.988 672.47C137.472 672.47 137.854 672.353 138.132 672.118C138.426 671.883 138.638 671.583 138.77 671.216C138.902 670.849 138.968 670.461 138.968 670.05V663.34H142.312V675H138.968V673.35H138.836C138.587 673.805 138.198 674.23 137.67 674.626C137.157 675.022 136.453 675.22 135.558 675.22ZM145.808 679.29C145.412 679.29 145.097 679.275 144.862 679.246C144.627 679.217 144.51 679.202 144.51 679.202V676.518C144.51 676.518 144.605 676.525 144.796 676.54C145.001 676.555 145.251 676.562 145.544 676.562C146.248 676.562 146.827 676.459 147.282 676.254C147.737 676.063 148.133 675.682 148.47 675.11L144.158 663.34H147.502L150.208 671.238L152.848 663.34H156.214L152.034 674.538C151.653 675.609 151.191 676.496 150.648 677.2C150.12 677.904 149.467 678.425 148.69 678.762C147.913 679.114 146.952 679.29 145.808 679.29ZM158.82 661.888L161.658 657.928H164.32L167.158 661.888H164.54L162.978 659.6L161.438 661.888H158.82ZM163.088 675.22C162.061 675.22 161.174 675.051 160.426 674.714C159.678 674.362 159.062 673.9 158.578 673.328C158.094 672.741 157.727 672.089 157.478 671.37C157.243 670.651 157.126 669.911 157.126 669.148C157.126 668.415 157.243 667.696 157.478 666.992C157.713 666.273 158.065 665.621 158.534 665.034C159.018 664.447 159.627 663.985 160.36 663.648C161.093 663.296 161.966 663.12 162.978 663.12C164.063 663.12 165.017 663.355 165.838 663.824C166.659 664.293 167.305 664.99 167.774 665.914C168.243 666.823 168.478 667.931 168.478 669.236V670.05H160.492C160.536 670.754 160.778 671.363 161.218 671.876C161.673 672.389 162.296 672.646 163.088 672.646C163.543 672.646 163.909 672.58 164.188 672.448C164.481 672.301 164.709 672.14 164.87 671.964C165.031 671.773 165.141 671.605 165.2 671.458C165.273 671.311 165.31 671.238 165.31 671.238H168.39C168.39 671.238 168.353 671.377 168.28 671.656C168.207 671.92 168.067 672.25 167.862 672.646C167.657 673.042 167.356 673.438 166.96 673.834C166.579 674.23 166.073 674.56 165.442 674.824C164.811 675.088 164.027 675.22 163.088 675.22ZM160.492 668.026H165.266C165.237 667.219 164.995 666.618 164.54 666.222C164.1 665.826 163.557 665.628 162.912 665.628C162.267 665.628 161.717 665.841 161.262 666.266C160.822 666.677 160.565 667.263 160.492 668.026ZM162.978 680.412C162.465 680.412 162.039 680.236 161.702 679.884C161.379 679.547 161.218 679.143 161.218 678.674C161.218 678.19 161.379 677.772 161.702 677.42C162.039 677.083 162.465 676.914 162.978 676.914C163.477 676.914 163.887 677.083 164.21 677.42C164.547 677.772 164.716 678.19 164.716 678.674C164.716 679.143 164.547 679.547 164.21 679.884C163.887 680.236 163.477 680.412 162.978 680.412ZM170.751 675V663.34H174.095V665.012H174.205C174.337 664.777 174.527 664.513 174.777 664.22C175.041 663.927 175.385 663.67 175.811 663.45C176.251 663.23 176.808 663.12 177.483 663.12C178.392 663.12 179.133 663.333 179.705 663.758C180.277 664.169 180.695 664.704 180.959 665.364C181.223 666.009 181.355 666.691 181.355 667.41V675H178.011V667.982C178.011 667.425 177.857 666.933 177.549 666.508C177.255 666.083 176.779 665.87 176.119 665.87C175.62 665.87 175.224 665.987 174.931 666.222C174.637 666.457 174.425 666.757 174.293 667.124C174.161 667.491 174.095 667.879 174.095 668.29V675H170.751ZM190.245 669.456V666.816H204.237V669.456H190.245ZM213.381 675V658.72H216.769V665.606L222.599 658.72H226.779L219.981 666.53L227.021 675H222.687L216.769 667.762V675H213.381ZM229.129 675V658.28H232.473V665.012H232.583C232.715 664.777 232.905 664.513 233.155 664.22C233.419 663.927 233.763 663.67 234.189 663.45C234.629 663.23 235.186 663.12 235.861 663.12C236.77 663.12 237.511 663.333 238.083 663.758C238.655 664.169 239.073 664.704 239.337 665.364C239.601 666.009 239.733 666.691 239.733 667.41V675H236.389V667.982C236.389 667.425 236.235 666.933 235.927 666.508C235.633 666.083 235.157 665.87 234.497 665.87C233.998 665.87 233.602 665.987 233.309 666.222C233.015 666.457 232.803 666.757 232.671 667.124C232.539 667.491 232.473 667.879 232.473 668.29V675H229.129ZM249.447 661.734L246.961 661.712L248.743 657.752H251.845L249.447 661.734ZM247.181 663.12C247.929 663.12 248.545 663.245 249.029 663.494C249.513 663.729 249.879 663.985 250.129 664.264C250.393 664.543 250.554 664.733 250.613 664.836H250.789V663.34H254.133V675H250.789V673.504H250.613C250.554 673.607 250.393 673.797 250.129 674.076C249.879 674.355 249.513 674.619 249.029 674.868C248.545 675.103 247.929 675.22 247.181 675.22C246.315 675.22 245.56 675.051 244.915 674.714C244.284 674.362 243.756 673.9 243.331 673.328C242.905 672.741 242.583 672.089 242.363 671.37C242.157 670.651 242.055 669.918 242.055 669.17C242.055 668.422 242.157 667.689 242.363 666.97C242.583 666.251 242.905 665.606 243.331 665.034C243.756 664.447 244.284 663.985 244.915 663.648C245.56 663.296 246.315 663.12 247.181 663.12ZM248.149 665.826C247.547 665.826 247.041 665.995 246.631 666.332C246.235 666.655 245.934 667.073 245.729 667.586C245.538 668.099 245.443 668.627 245.443 669.17C245.443 669.713 245.538 670.241 245.729 670.754C245.934 671.267 246.235 671.693 246.631 672.03C247.041 672.353 247.547 672.514 248.149 672.514C248.75 672.514 249.249 672.353 249.645 672.03C250.055 671.693 250.356 671.267 250.547 670.754C250.752 670.241 250.855 669.713 250.855 669.17C250.855 668.627 250.752 668.099 250.547 667.586C250.356 667.073 250.055 666.655 249.645 666.332C249.249 665.995 248.75 665.826 248.149 665.826ZM256.817 675V663.34H260.161V664.924H260.271C260.52 664.499 260.894 664.095 261.393 663.714C261.892 663.318 262.574 663.12 263.439 663.12C264.319 663.12 265.023 663.325 265.551 663.736C266.094 664.147 266.49 664.653 266.739 665.254H266.783C266.974 664.917 267.223 664.587 267.531 664.264C267.854 663.927 268.25 663.655 268.719 663.45C269.203 663.23 269.768 663.12 270.413 663.12C271.22 663.12 271.887 663.303 272.415 663.67C272.943 664.037 273.332 664.521 273.581 665.122C273.845 665.709 273.977 666.339 273.977 667.014V675H270.633V667.85C270.633 667.278 270.486 666.809 270.193 666.442C269.914 666.061 269.489 665.87 268.917 665.87C268.477 665.87 268.118 665.98 267.839 666.2C267.575 666.42 267.377 666.706 267.245 667.058C267.128 667.395 267.069 667.747 267.069 668.114V675H263.725V667.85C263.725 667.278 263.578 666.809 263.285 666.442C263.006 666.061 262.581 665.87 262.009 665.87C261.569 665.87 261.21 665.98 260.931 666.2C260.667 666.42 260.469 666.706 260.337 667.058C260.22 667.395 260.161 667.747 260.161 668.114V675H256.817ZM288.782 675.22C288.034 675.22 287.418 675.103 286.934 674.868C286.45 674.619 286.076 674.355 285.812 674.076C285.563 673.797 285.401 673.607 285.328 673.504H285.174V675H281.83V658.28H285.174V664.836H285.328C285.401 664.733 285.563 664.543 285.812 664.264C286.076 663.985 286.45 663.729 286.934 663.494C287.418 663.245 288.034 663.12 288.782 663.12C289.647 663.12 290.395 663.296 291.026 663.648C291.671 663.985 292.207 664.447 292.632 665.034C293.057 665.606 293.373 666.251 293.578 666.97C293.798 667.689 293.908 668.422 293.908 669.17C293.908 669.918 293.798 670.651 293.578 671.37C293.373 672.089 293.057 672.741 292.632 673.328C292.207 673.9 291.671 674.362 291.026 674.714C290.395 675.051 289.647 675.22 288.782 675.22ZM287.814 672.514C288.415 672.514 288.914 672.353 289.31 672.03C289.721 671.693 290.021 671.267 290.212 670.754C290.417 670.241 290.52 669.713 290.52 669.17C290.52 668.627 290.417 668.099 290.212 667.586C290.021 667.073 289.721 666.655 289.31 666.332C288.914 665.995 288.415 665.826 287.814 665.826C287.213 665.826 286.707 665.995 286.296 666.332C285.9 666.655 285.599 667.073 285.394 667.586C285.203 668.099 285.108 668.627 285.108 669.17C285.108 669.713 285.203 670.241 285.394 670.754C285.599 671.267 285.9 671.693 286.296 672.03C286.707 672.353 287.213 672.514 287.814 672.514ZM297.738 661.888L300.576 657.928H303.238L306.076 661.888H303.458L301.896 659.6L300.356 661.888H297.738ZM302.006 675.22C300.979 675.22 300.092 675.051 299.344 674.714C298.596 674.362 297.98 673.9 297.496 673.328C297.012 672.741 296.645 672.089 296.396 671.37C296.161 670.651 296.044 669.911 296.044 669.148C296.044 668.415 296.161 667.696 296.396 666.992C296.631 666.273 296.983 665.621 297.452 665.034C297.936 664.447 298.545 663.985 299.278 663.648C300.011 663.296 300.884 663.12 301.896 663.12C302.981 663.12 303.935 663.355 304.756 663.824C305.577 664.293 306.223 664.99 306.692 665.914C307.161 666.823 307.396 667.931 307.396 669.236V670.05H299.41C299.454 670.754 299.696 671.363 300.136 671.876C300.591 672.389 301.214 672.646 302.006 672.646C302.461 672.646 302.827 672.58 303.106 672.448C303.399 672.301 303.627 672.14 303.788 671.964C303.949 671.773 304.059 671.605 304.118 671.458C304.191 671.311 304.228 671.238 304.228 671.238H307.308C307.308 671.238 307.271 671.377 307.198 671.656C307.125 671.92 306.985 672.25 306.78 672.646C306.575 673.042 306.274 673.438 305.878 673.834C305.497 674.23 304.991 674.56 304.36 674.824C303.729 675.088 302.945 675.22 302.006 675.22ZM299.41 668.026H304.184C304.155 667.219 303.913 666.618 303.458 666.222C303.018 665.826 302.475 665.628 301.83 665.628C301.185 665.628 300.635 665.841 300.18 666.266C299.74 666.677 299.483 667.263 299.41 668.026ZM301.896 680.412C301.383 680.412 300.957 680.236 300.62 679.884C300.297 679.547 300.136 679.143 300.136 678.674C300.136 678.19 300.297 677.772 300.62 677.42C300.957 677.083 301.383 676.914 301.896 676.914C302.395 676.914 302.805 677.083 303.128 677.42C303.465 677.772 303.634 678.19 303.634 678.674C303.634 679.143 303.465 679.547 303.128 679.884C302.805 680.236 302.395 680.412 301.896 680.412ZM309.669 675V663.34H313.013V665.012H313.123C313.255 664.777 313.445 664.513 313.695 664.22C313.959 663.927 314.303 663.67 314.729 663.45C315.169 663.23 315.726 663.12 316.401 663.12C317.31 663.12 318.051 663.333 318.623 663.758C319.195 664.169 319.613 664.704 319.877 665.364C320.141 666.009 320.273 666.691 320.273 667.41V675H316.929V667.982C316.929 667.425 316.775 666.933 316.467 666.508C316.173 666.083 315.697 665.87 315.037 665.87C314.538 665.87 314.142 665.987 313.849 666.222C313.555 666.457 313.343 666.757 313.211 667.124C313.079 667.491 313.013 667.879 313.013 668.29V675H309.669ZM323.037 675V658.28H326.381V665.012H326.491C326.623 664.777 326.814 664.513 327.063 664.22C327.327 663.927 327.672 663.67 328.097 663.45C328.537 663.23 329.094 663.12 329.769 663.12C330.678 663.12 331.419 663.333 331.991 663.758C332.563 664.169 332.981 664.704 333.245 665.364C333.509 666.009 333.641 666.691 333.641 667.41V675H330.297V667.982C330.297 667.425 330.143 666.933 329.835 666.508C329.542 666.083 329.065 665.87 328.405 665.87C327.906 665.87 327.51 665.987 327.217 666.222C326.924 666.457 326.711 666.757 326.579 667.124C326.447 667.491 326.381 667.879 326.381 668.29V675H323.037Z" fill="#1A1A2E"/>
<path d="M17.5179 710.604H409.482" stroke="#F0F1F6" stroke-width="0.5"/>
<path d="M16.45 711V708.35L19.65 705.625C20.9833 704.508 22.125 703.558 23.075 702.775C24.025 701.992 24.75 701.258 25.25 700.575C25.75 699.892 26 699.158 26 698.375C26 697.775 25.8583 697.275 25.575 696.875C25.2917 696.458 24.925 696.15 24.475 695.95C24.0417 695.733 23.5833 695.625 23.1 695.625C22.5167 695.625 22.025 695.733 21.625 695.95C21.2417 696.167 20.9333 696.45 20.7 696.8C20.4833 697.133 20.325 697.483 20.225 697.85C20.125 698.217 20.075 698.533 20.075 698.8H16.375C16.375 698.1 16.5083 697.375 16.775 696.625C17.0417 695.858 17.45 695.15 18 694.5C18.55 693.833 19.2583 693.292 20.125 692.875C20.9917 692.458 22.025 692.25 23.225 692.25C24.4417 692.25 25.55 692.492 26.55 692.975C27.55 693.442 28.35 694.117 28.95 695C29.5667 695.883 29.875 696.925 29.875 698.125C29.875 699.258 29.5917 700.292 29.025 701.225C28.475 702.142 27.7 703.042 26.7 703.925C25.7 704.792 24.55 705.733 23.25 706.75L22.2 707.625H30.125V711H16.45ZM39.9266 711.25C38.6599 711.25 37.4932 711.042 36.4266 710.625C35.3766 710.192 34.5266 709.583 33.8766 708.8C33.2432 708 32.9266 707.042 32.9266 705.925C32.9266 705.058 33.0932 704.333 33.4266 703.75C33.7599 703.167 34.1432 702.708 34.5766 702.375C35.0099 702.025 35.3932 701.783 35.7266 701.65C36.0766 701.5 36.2516 701.425 36.2516 701.425V701.275C36.2516 701.275 36.1016 701.208 35.8016 701.075C35.5182 700.942 35.1849 700.725 34.8016 700.425C34.4349 700.125 34.1099 699.725 33.8266 699.225C33.5432 698.708 33.4016 698.083 33.4016 697.35C33.4016 696.317 33.6849 695.425 34.2516 694.675C34.8349 693.908 35.6182 693.317 36.6016 692.9C37.6016 692.467 38.7099 692.25 39.9266 692.25C41.1599 692.25 42.2682 692.467 43.2516 692.9C44.2516 693.317 45.0349 693.908 45.6016 694.675C46.1849 695.425 46.4766 696.308 46.4766 697.325C46.4766 698.075 46.3266 698.708 46.0266 699.225C45.7432 699.725 45.4099 700.125 45.0266 700.425C44.6599 700.725 44.3266 700.942 44.0266 701.075C43.7432 701.208 43.6016 701.275 43.6016 701.275V701.425C43.6182 701.425 43.7932 701.5 44.1266 701.65C44.4599 701.783 44.8432 702.025 45.2766 702.375C45.7099 702.708 46.0932 703.167 46.4266 703.75C46.7599 704.333 46.9266 705.058 46.9266 705.925C46.9266 707.042 46.6099 708 45.9766 708.8C45.3432 709.583 44.4932 710.192 43.4266 710.625C42.3766 711.042 41.2099 711.25 39.9266 711.25ZM39.9266 700C40.7599 700 41.4516 699.775 42.0016 699.325C42.5682 698.858 42.8516 698.283 42.8516 697.6C42.8516 696.9 42.5766 696.325 42.0266 695.875C41.4766 695.425 40.7766 695.2 39.9266 695.2C39.0932 695.2 38.4016 695.425 37.8516 695.875C37.3016 696.325 37.0266 696.9 37.0266 697.6C37.0266 698.3 37.3016 698.875 37.8516 699.325C38.4016 699.775 39.0932 700 39.9266 700ZM39.9266 708.25C40.6599 708.25 41.2682 708.117 41.7516 707.85C42.2516 707.567 42.6182 707.217 42.8516 706.8C43.1016 706.383 43.2266 705.942 43.2266 705.475C43.2266 705.042 43.1016 704.625 42.8516 704.225C42.6182 703.808 42.2516 703.467 41.7516 703.2C41.2682 702.933 40.6599 702.8 39.9266 702.8C39.1932 702.8 38.5849 702.933 38.1016 703.2C37.6182 703.467 37.2516 703.808 37.0016 704.225C36.7516 704.625 36.6266 705.042 36.6266 705.475C36.6266 705.942 36.7516 706.383 37.0016 706.8C37.2516 707.217 37.6182 707.567 38.1016 707.85C38.6016 708.117 39.2099 708.25 39.9266 708.25ZM49.1508 715.525L57.8508 690.275H61.2758L52.5758 715.525H49.1508ZM70.5762 711.25C69.3428 711.25 68.2428 711 67.2762 710.5C66.3262 710 65.5178 709.317 64.8512 708.45C64.1845 707.567 63.6762 706.55 63.3262 705.4C62.9928 704.25 62.8262 703.033 62.8262 701.75C62.8262 700.45 62.9928 699.225 63.3262 698.075C63.6762 696.925 64.1845 695.917 64.8512 695.05C65.5178 694.167 66.3262 693.483 67.2762 693C68.2428 692.5 69.3428 692.25 70.5762 692.25C71.8095 692.25 72.9012 692.5 73.8512 693C74.8178 693.483 75.6345 694.167 76.3012 695.05C76.9678 695.917 77.4678 696.925 77.8012 698.075C78.1512 699.225 78.3262 700.45 78.3262 701.75C78.3262 703.033 78.1512 704.25 77.8012 705.4C77.4678 706.55 76.9678 707.567 76.3012 708.45C75.6345 709.317 74.8178 710 73.8512 710.5C72.9012 711 71.8095 711.25 70.5762 711.25ZM70.5762 707.825C71.6762 707.825 72.5762 707.317 73.2762 706.3C73.9928 705.283 74.3512 703.767 74.3512 701.75C74.3512 699.733 73.9928 698.217 73.2762 697.2C72.5762 696.183 71.6762 695.675 70.5762 695.675C69.4762 695.675 68.5678 696.183 67.8512 697.2C67.1512 698.217 66.8012 699.733 66.8012 701.75C66.8012 703.767 67.1512 705.283 67.8512 706.3C68.5678 707.317 69.4762 707.825 70.5762 707.825ZM87.8561 711.25C86.6561 711.25 85.6394 711.1 84.8061 710.8C83.9894 710.5 83.3227 710.108 82.8061 709.625C82.2894 709.142 81.8811 708.633 81.5811 708.1C81.2977 707.55 81.0977 707.033 80.9811 706.55C80.8811 706.05 80.8311 705.642 80.8311 705.325H84.4811C84.4811 705.675 84.5811 706.067 84.7811 706.5C84.9811 706.917 85.3144 707.283 85.7811 707.6C86.2644 707.917 86.9394 708.075 87.8061 708.075C88.7061 708.075 89.4477 707.842 90.0311 707.375C90.6311 706.908 90.9311 706.283 90.9311 705.5C90.9311 704.8 90.6727 704.225 90.1561 703.775C89.6561 703.308 88.9394 703.075 88.0061 703.075H85.5061V700.1H88.0311C88.8311 700.1 89.4727 699.883 89.9561 699.45C90.4394 699 90.6811 698.45 90.6811 697.8C90.6811 697.117 90.4061 696.55 89.8561 696.1C89.3061 695.633 88.6227 695.4 87.8061 695.4C87.0394 695.4 86.4311 695.567 85.9811 695.9C85.5477 696.233 85.2311 696.625 85.0311 697.075C84.8477 697.525 84.7561 697.917 84.7561 698.25H81.1811C81.1811 697.95 81.2311 697.55 81.3311 697.05C81.4477 696.55 81.6477 696.025 81.9311 695.475C82.2144 694.925 82.6061 694.408 83.1061 693.925C83.6061 693.425 84.2394 693.025 85.0061 692.725C85.7894 692.408 86.7394 692.25 87.8561 692.25C88.9727 692.25 90.0311 692.458 91.0311 692.875C92.0477 693.275 92.8727 693.867 93.5061 694.65C94.1394 695.417 94.4561 696.35 94.4561 697.45C94.4561 698.2 94.3061 698.85 94.0061 699.4C93.7061 699.933 93.3394 700.375 92.9061 700.725C92.4727 701.075 92.0394 701.325 91.6061 701.475V701.625C92.4394 701.925 93.1727 702.408 93.8061 703.075C94.4561 703.725 94.7811 704.608 94.7811 705.725C94.7811 706.892 94.4561 707.892 93.8061 708.725C93.1727 709.542 92.3311 710.167 91.2811 710.6C90.2311 711.033 89.0894 711.25 87.8561 711.25ZM96.4652 715.525L105.165 690.275H108.59L99.8902 715.525H96.4652ZM110.102 711V708.35L113.302 705.625C114.636 704.508 115.777 703.558 116.727 702.775C117.677 701.992 118.402 701.258 118.902 700.575C119.402 699.892 119.652 699.158 119.652 698.375C119.652 697.775 119.511 697.275 119.227 696.875C118.944 696.458 118.577 696.15 118.127 695.95C117.694 695.733 117.236 695.625 116.752 695.625C116.169 695.625 115.677 695.733 115.277 695.95C114.894 696.167 114.586 696.45 114.352 696.8C114.136 697.133 113.977 697.483 113.877 697.85C113.777 698.217 113.727 698.533 113.727 698.8H110.027C110.027 698.1 110.161 697.375 110.427 696.625C110.694 695.858 111.102 695.15 111.652 694.5C112.202 693.833 112.911 693.292 113.777 692.875C114.644 692.458 115.677 692.25 116.877 692.25C118.094 692.25 119.202 692.492 120.202 692.975C121.202 693.442 122.002 694.117 122.602 695C123.219 695.883 123.527 696.925 123.527 698.125C123.527 699.258 123.244 700.292 122.677 701.225C122.127 702.142 121.352 703.042 120.352 703.925C119.352 704.792 118.202 705.733 116.902 706.75L115.852 707.625H123.777V711H110.102ZM134.004 711.25C132.771 711.25 131.671 711 130.704 710.5C129.754 710 128.946 709.317 128.279 708.45C127.612 707.567 127.104 706.55 126.754 705.4C126.421 704.25 126.254 703.033 126.254 701.75C126.254 700.45 126.421 699.225 126.754 698.075C127.104 696.925 127.612 695.917 128.279 695.05C128.946 694.167 129.754 693.483 130.704 693C131.671 692.5 132.771 692.25 134.004 692.25C135.237 692.25 136.329 692.5 137.279 693C138.246 693.483 139.062 694.167 139.729 695.05C140.396 695.917 140.896 696.925 141.229 698.075C141.579 699.225 141.754 700.45 141.754 701.75C141.754 703.033 141.579 704.25 141.229 705.4C140.896 706.55 140.396 707.567 139.729 708.45C139.062 709.317 138.246 710 137.279 710.5C136.329 711 135.237 711.25 134.004 711.25ZM134.004 707.825C135.104 707.825 136.004 707.317 136.704 706.3C137.421 705.283 137.779 703.767 137.779 701.75C137.779 699.733 137.421 698.217 136.704 697.2C136.004 696.183 135.104 695.675 134.004 695.675C132.904 695.675 131.996 696.183 131.279 697.2C130.579 698.217 130.229 699.733 130.229 701.75C130.229 703.767 130.579 705.283 131.279 706.3C131.996 707.317 132.904 707.825 134.004 707.825ZM144.209 711V708.35L147.409 705.625C148.742 704.508 149.884 703.558 150.834 702.775C151.784 701.992 152.509 701.258 153.009 700.575C153.509 699.892 153.759 699.158 153.759 698.375C153.759 697.775 153.617 697.275 153.334 696.875C153.05 696.458 152.684 696.15 152.234 695.95C151.8 695.733 151.342 695.625 150.859 695.625C150.275 695.625 149.784 695.733 149.384 695.95C149 696.167 148.692 696.45 148.459 696.8C148.242 697.133 148.084 697.483 147.984 697.85C147.884 698.217 147.834 698.533 147.834 698.8H144.134C144.134 698.1 144.267 697.375 144.534 696.625C144.8 695.858 145.209 695.15 145.759 694.5C146.309 693.833 147.017 693.292 147.884 692.875C148.75 692.458 149.784 692.25 150.984 692.25C152.2 692.25 153.309 692.492 154.309 692.975C155.309 693.442 156.109 694.117 156.709 695C157.325 695.883 157.634 696.925 157.634 698.125C157.634 699.258 157.35 700.292 156.784 701.225C156.234 702.142 155.459 703.042 154.459 703.925C153.459 704.792 152.309 705.733 151.009 706.75L149.959 707.625H157.884V711H144.209ZM168.41 711.25C167.127 711.25 166.01 711.025 165.06 710.575C164.11 710.108 163.319 709.483 162.685 708.7C162.069 707.9 161.61 707 161.31 706C161.01 704.983 160.86 703.925 160.86 702.825C160.86 701.608 161.044 700.383 161.41 699.15C161.794 697.9 162.385 696.758 163.185 695.725C164.002 694.675 165.044 693.833 166.31 693.2C167.577 692.567 169.11 692.25 170.91 692.25C171.644 692.25 172.277 692.3 172.81 692.4C173.344 692.483 173.61 692.525 173.61 692.525V695.95C173.61 695.95 173.469 695.933 173.185 695.9C172.919 695.85 172.577 695.8 172.16 695.75C171.744 695.7 171.327 695.675 170.91 695.675C169.627 695.675 168.552 695.933 167.685 696.45C166.819 696.967 166.152 697.625 165.685 698.425C165.235 699.225 164.969 700.067 164.885 700.95C165.052 700.667 165.31 700.358 165.66 700.025C166.01 699.675 166.477 699.375 167.06 699.125C167.66 698.875 168.41 698.75 169.31 698.75C170.644 698.75 171.76 699.042 172.66 699.625C173.56 700.192 174.235 700.933 174.685 701.85C175.135 702.767 175.36 703.725 175.36 704.725C175.36 705.525 175.21 706.317 174.91 707.1C174.627 707.867 174.194 708.567 173.61 709.2C173.044 709.817 172.327 710.317 171.46 710.7C170.594 711.067 169.577 711.25 168.41 711.25ZM168.41 708.075C169.344 708.075 170.11 707.775 170.71 707.175C171.31 706.575 171.61 705.808 171.61 704.875C171.61 703.925 171.31 703.158 170.71 702.575C170.11 701.975 169.344 701.675 168.41 701.675C167.494 701.675 166.727 701.975 166.11 702.575C165.51 703.158 165.21 703.925 165.21 704.875C165.21 705.808 165.51 706.575 166.11 707.175C166.727 707.775 167.494 708.075 168.41 708.075Z" fill="#1A1A2E"/>
<path d="M17.5179 736.774H409.482" stroke="#F0F1F6" stroke-width="0.5"/>
<path d="M37.4744 744.065C40.4978 744.065 42.9487 741.812 42.9487 739.033C42.9487 736.253 40.4978 734 37.4744 734C34.451 734 32 736.253 32 739.033C32 741.812 34.451 744.065 37.4744 744.065Z" fill="#0961F5"/>
<path d="M62.3906 750V734H72.9844V736.789H65.7734V740.602H72.2813V743.391H65.7734V750H62.3906ZM78.5254 734V750H75.1973V734H78.5254ZM84.6133 750.227C83.8477 750.227 83.1654 750.094 82.5664 749.828C81.9674 749.557 81.4935 749.159 81.1445 748.633C80.8008 748.102 80.6289 747.44 80.6289 746.648C80.6289 745.982 80.7513 745.422 80.9961 744.969C81.2409 744.516 81.5742 744.151 81.9961 743.875C82.418 743.599 82.8971 743.391 83.4336 743.25C83.9753 743.109 84.543 743.01 85.1367 742.953C85.8346 742.88 86.3971 742.812 86.8242 742.75C87.2513 742.682 87.5612 742.583 87.7539 742.453C87.9466 742.323 88.043 742.13 88.043 741.875V741.828C88.043 741.333 87.8867 740.951 87.5742 740.68C87.2669 740.409 86.8294 740.273 86.2617 740.273C85.6628 740.273 85.1862 740.406 84.832 740.672C84.4779 740.932 84.2435 741.26 84.1289 741.656L81.0508 741.406C81.207 740.677 81.5143 740.047 81.9727 739.516C82.431 738.979 83.0221 738.568 83.7461 738.281C84.4753 737.99 85.319 737.844 86.2773 737.844C86.944 737.844 87.582 737.922 88.1914 738.078C88.806 738.234 89.3503 738.477 89.8242 738.805C90.3034 739.133 90.681 739.555 90.957 740.07C91.2331 740.581 91.3711 741.193 91.3711 741.906V750H88.2148V748.336H88.1211C87.9284 748.711 87.6706 749.042 87.3477 749.328C87.0247 749.609 86.6367 749.831 86.1836 749.992C85.7305 750.148 85.207 750.227 84.6133 750.227ZM85.5664 747.93C86.056 747.93 86.4883 747.833 86.8633 747.641C87.2383 747.443 87.5326 747.177 87.7461 746.844C87.9596 746.51 88.0664 746.133 88.0664 745.711V744.438C87.9622 744.505 87.819 744.568 87.6367 744.625C87.4596 744.677 87.2591 744.727 87.0352 744.773C86.8112 744.815 86.5872 744.854 86.3633 744.891C86.1393 744.922 85.9362 744.951 85.7539 744.977C85.3633 745.034 85.0221 745.125 84.7305 745.25C84.4388 745.375 84.2122 745.544 84.0508 745.758C83.8893 745.966 83.8086 746.227 83.8086 746.539C83.8086 746.992 83.9727 747.339 84.3008 747.578C84.6341 747.812 85.056 747.93 85.5664 747.93ZM103.938 741.422L100.891 741.609C100.839 741.349 100.727 741.115 100.555 740.906C100.383 740.693 100.156 740.523 99.875 740.398C99.599 740.268 99.2682 740.203 98.8828 740.203C98.3672 740.203 97.9323 740.312 97.5781 740.531C97.224 740.745 97.0469 741.031 97.0469 741.391C97.0469 741.677 97.1615 741.919 97.3906 742.117C97.6198 742.315 98.013 742.474 98.5703 742.594L100.742 743.031C101.909 743.271 102.779 743.656 103.352 744.187C103.924 744.719 104.211 745.417 104.211 746.281C104.211 747.068 103.979 747.758 103.516 748.352C103.057 748.945 102.427 749.409 101.625 749.742C100.828 750.07 99.9089 750.234 98.8672 750.234C97.2786 750.234 96.013 749.904 95.0703 749.242C94.1328 748.576 93.5833 747.669 93.4219 746.523L96.6953 746.352C96.7943 746.836 97.0339 747.206 97.4141 747.461C97.7943 747.711 98.2813 747.836 98.875 747.836C99.4583 747.836 99.9271 747.724 100.281 747.5C100.641 747.271 100.823 746.977 100.828 746.617C100.823 746.315 100.695 746.068 100.445 745.875C100.195 745.677 99.8099 745.526 99.2891 745.422L97.2109 745.008C96.0391 744.773 95.1667 744.367 94.5938 743.789C94.026 743.211 93.7422 742.474 93.7422 741.578C93.7422 740.807 93.9505 740.143 94.3672 739.586C94.7891 739.029 95.3802 738.599 96.1406 738.297C96.9063 737.995 97.8021 737.844 98.8281 737.844C100.344 737.844 101.536 738.164 102.406 738.805C103.281 739.445 103.792 740.318 103.938 741.422ZM109.635 743.063V750H106.307V734H109.541V740.117H109.682C109.952 739.409 110.39 738.854 110.994 738.453C111.598 738.047 112.356 737.844 113.268 737.844C114.101 737.844 114.827 738.026 115.447 738.391C116.072 738.75 116.557 739.268 116.9 739.945C117.249 740.617 117.421 741.422 117.416 742.359V750H114.088V742.953C114.093 742.214 113.906 741.638 113.525 741.227C113.15 740.815 112.624 740.609 111.947 740.609C111.494 740.609 111.093 740.706 110.744 740.898C110.4 741.091 110.13 741.372 109.932 741.742C109.739 742.107 109.64 742.547 109.635 743.063ZM125.457 750.234C124.228 750.234 123.171 749.974 122.285 749.453C121.405 748.927 120.728 748.198 120.254 747.266C119.785 746.333 119.551 745.26 119.551 744.047C119.551 742.818 119.788 741.74 120.262 740.812C120.741 739.88 121.421 739.154 122.301 738.633C123.181 738.107 124.228 737.844 125.441 737.844C126.488 737.844 127.405 738.034 128.191 738.414C128.978 738.794 129.6 739.328 130.059 740.016C130.517 740.703 130.77 741.51 130.816 742.438H127.676C127.587 741.839 127.353 741.357 126.973 740.992C126.598 740.622 126.105 740.437 125.496 740.437C124.98 740.437 124.53 740.578 124.145 740.859C123.764 741.135 123.467 741.539 123.254 742.07C123.04 742.602 122.934 743.245 122.934 744C122.934 744.766 123.038 745.417 123.246 745.953C123.46 746.49 123.759 746.898 124.145 747.18C124.53 747.461 124.98 747.602 125.496 747.602C125.876 747.602 126.217 747.523 126.52 747.367C126.827 747.211 127.079 746.984 127.277 746.687C127.48 746.385 127.613 746.023 127.676 745.602H130.816C130.764 746.518 130.514 747.326 130.066 748.023C129.624 748.716 129.012 749.258 128.23 749.648C127.449 750.039 126.525 750.234 125.457 750.234ZM136.369 750.227C135.604 750.227 134.921 750.094 134.322 749.828C133.723 749.557 133.249 749.159 132.9 748.633C132.557 748.102 132.385 747.44 132.385 746.648C132.385 745.982 132.507 745.422 132.752 744.969C132.997 744.516 133.33 744.151 133.752 743.875C134.174 743.599 134.653 743.391 135.189 743.25C135.731 743.109 136.299 743.01 136.893 742.953C137.59 742.88 138.153 742.812 138.58 742.75C139.007 742.682 139.317 742.583 139.51 742.453C139.702 742.323 139.799 742.13 139.799 741.875V741.828C139.799 741.333 139.643 740.951 139.33 740.68C139.023 740.409 138.585 740.273 138.018 740.273C137.419 740.273 136.942 740.406 136.588 740.672C136.234 740.932 135.999 741.26 135.885 741.656L132.807 741.406C132.963 740.677 133.27 740.047 133.729 739.516C134.187 738.979 134.778 738.568 135.502 738.281C136.231 737.99 137.075 737.844 138.033 737.844C138.7 737.844 139.338 737.922 139.947 738.078C140.562 738.234 141.106 738.477 141.58 738.805C142.059 739.133 142.437 739.555 142.713 740.07C142.989 740.581 143.127 741.193 143.127 741.906V750H139.971V748.336H139.877C139.684 748.711 139.426 749.042 139.104 749.328C138.781 749.609 138.393 749.831 137.939 749.992C137.486 750.148 136.963 750.227 136.369 750.227ZM137.322 747.93C137.812 747.93 138.244 747.833 138.619 747.641C138.994 747.443 139.288 747.177 139.502 746.844C139.715 746.51 139.822 746.133 139.822 745.711V744.438C139.718 744.505 139.575 744.568 139.393 744.625C139.215 744.677 139.015 744.727 138.791 744.773C138.567 744.815 138.343 744.854 138.119 744.891C137.895 744.922 137.692 744.951 137.51 744.977C137.119 745.034 136.778 745.125 136.486 745.25C136.195 745.375 135.968 745.544 135.807 745.758C135.645 745.966 135.564 746.227 135.564 746.539C135.564 746.992 135.729 747.339 136.057 747.578C136.39 747.812 136.812 747.93 137.322 747.93ZM145.709 750V738H148.936V740.094H149.061C149.279 739.349 149.646 738.786 150.162 738.406C150.678 738.021 151.271 737.828 151.943 737.828C152.11 737.828 152.29 737.839 152.482 737.859C152.675 737.88 152.844 737.909 152.99 737.945V740.898C152.834 740.852 152.618 740.81 152.342 740.773C152.066 740.737 151.813 740.719 151.584 740.719C151.094 740.719 150.657 740.826 150.271 741.039C149.891 741.247 149.589 741.539 149.365 741.914C149.146 742.289 149.037 742.721 149.037 743.211V750H145.709ZM158.574 750.195C157.663 750.195 156.837 749.961 156.098 749.492C155.363 749.018 154.78 748.323 154.348 747.406C153.921 746.484 153.707 745.354 153.707 744.016C153.707 742.641 153.928 741.497 154.371 740.586C154.814 739.669 155.402 738.984 156.137 738.531C156.876 738.073 157.686 737.844 158.566 737.844C159.238 737.844 159.798 737.958 160.246 738.188C160.699 738.411 161.064 738.693 161.34 739.031C161.621 739.365 161.835 739.693 161.98 740.016H162.082V734H165.402V750H162.121V748.078H161.98C161.824 748.411 161.603 748.742 161.316 749.07C161.035 749.393 160.668 749.661 160.215 749.875C159.767 750.089 159.22 750.195 158.574 750.195ZM159.629 747.547C160.165 747.547 160.618 747.401 160.988 747.109C161.363 746.812 161.65 746.398 161.848 745.867C162.051 745.336 162.152 744.714 162.152 744C162.152 743.286 162.053 742.667 161.855 742.141C161.658 741.615 161.371 741.208 160.996 740.922C160.621 740.635 160.165 740.492 159.629 740.492C159.082 740.492 158.621 740.641 158.246 740.937C157.871 741.234 157.587 741.646 157.395 742.172C157.202 742.698 157.105 743.307 157.105 744C157.105 744.698 157.202 745.315 157.395 745.852C157.592 746.383 157.876 746.799 158.246 747.102C158.621 747.398 159.082 747.547 159.629 747.547ZM193.902 740.68V743.32H171.902V740.68H193.902ZM200.385 750V734H203.768V741.055H203.979L209.736 734H213.791L207.854 741.164L213.861 750H209.814L205.432 743.422L203.768 745.453V750H200.385ZM218.818 743.063V750H215.49V734H218.725V740.117H218.865C219.136 739.409 219.574 738.854 220.178 738.453C220.782 738.047 221.54 737.844 222.451 737.844C223.285 737.844 224.011 738.026 224.631 738.391C225.256 738.75 225.74 739.268 226.084 739.945C226.433 740.617 226.605 741.422 226.6 742.359V750H223.271V742.953C223.277 742.214 223.089 741.638 222.709 741.227C222.334 740.815 221.808 740.609 221.131 740.609C220.678 740.609 220.277 740.706 219.928 740.898C219.584 741.091 219.313 741.372 219.115 741.742C218.923 742.107 218.824 742.547 218.818 743.063ZM232.641 750.227C231.875 750.227 231.193 750.094 230.594 749.828C229.995 749.557 229.521 749.159 229.172 748.633C228.828 748.102 228.656 747.44 228.656 746.648C228.656 745.982 228.779 745.422 229.023 744.969C229.268 744.516 229.602 744.151 230.023 743.875C230.445 743.599 230.924 743.391 231.461 743.25C232.003 743.109 232.57 743.01 233.164 742.953C233.862 742.88 234.424 742.812 234.852 742.75C235.279 742.682 235.589 742.583 235.781 742.453C235.974 742.323 236.07 742.13 236.07 741.875V741.828C236.07 741.333 235.914 740.951 235.602 740.68C235.294 740.409 234.857 740.273 234.289 740.273C233.69 740.273 233.214 740.406 232.859 740.672C232.505 740.932 232.271 741.26 232.156 741.656L229.078 741.406C229.234 740.677 229.542 740.047 230 739.516C230.458 738.979 231.049 738.568 231.773 738.281C232.503 737.99 233.346 737.844 234.305 737.844C234.971 737.844 235.609 737.922 236.219 738.078C236.833 738.234 237.378 738.477 237.852 738.805C238.331 739.133 238.708 739.555 238.984 740.07C239.26 740.581 239.398 741.193 239.398 741.906V750H236.242V748.336H236.148C235.956 748.711 235.698 749.042 235.375 749.328C235.052 749.609 234.664 749.831 234.211 749.992C233.758 750.148 233.234 750.227 232.641 750.227ZM233.594 747.93C234.083 747.93 234.516 747.833 234.891 747.641C235.266 747.443 235.56 747.177 235.773 746.844C235.987 746.51 236.094 746.133 236.094 745.711V744.438C235.99 744.505 235.846 744.568 235.664 744.625C235.487 744.677 235.286 744.727 235.063 744.773C234.839 744.815 234.615 744.854 234.391 744.891C234.167 744.922 233.964 744.951 233.781 744.977C233.391 745.034 233.049 745.125 232.758 745.25C232.466 745.375 232.24 745.544 232.078 745.758C231.917 745.966 231.836 746.227 231.836 746.539C231.836 746.992 232 747.339 232.328 747.578C232.661 747.812 233.083 747.93 233.594 747.93ZM233.234 736.453L234.891 732.898H237.969L235.586 736.453H233.234ZM241.98 750V738H245.152V740.117H245.293C245.543 739.414 245.96 738.859 246.543 738.453C247.126 738.047 247.824 737.844 248.637 737.844C249.46 737.844 250.16 738.049 250.738 738.461C251.316 738.867 251.702 739.419 251.895 740.117H252.02C252.264 739.43 252.707 738.88 253.348 738.469C253.993 738.052 254.757 737.844 255.637 737.844C256.757 737.844 257.665 738.201 258.363 738.914C259.066 739.622 259.418 740.628 259.418 741.93V750H256.098V742.586C256.098 741.919 255.921 741.419 255.566 741.086C255.212 740.753 254.77 740.586 254.238 740.586C253.634 740.586 253.163 740.779 252.824 741.164C252.486 741.544 252.316 742.047 252.316 742.672V750H249.09V742.516C249.09 741.927 248.921 741.458 248.582 741.109C248.249 740.76 247.809 740.586 247.262 740.586C246.892 740.586 246.559 740.68 246.262 740.867C245.97 741.049 245.738 741.307 245.566 741.641C245.395 741.969 245.309 742.354 245.309 742.797V750H241.98ZM267.201 750V734H270.529V740.016H270.631C270.777 739.693 270.988 739.365 271.264 739.031C271.545 738.693 271.91 738.411 272.357 738.188C272.811 737.958 273.373 737.844 274.045 737.844C274.92 737.844 275.727 738.073 276.467 738.531C277.206 738.984 277.798 739.669 278.24 740.586C278.683 741.497 278.904 742.641 278.904 744.016C278.904 745.354 278.688 746.484 278.256 747.406C277.829 748.323 277.245 749.018 276.506 749.492C275.771 749.961 274.949 750.195 274.037 750.195C273.391 750.195 272.842 750.089 272.389 749.875C271.941 749.661 271.574 749.393 271.287 749.07C271.001 748.742 270.782 748.411 270.631 748.078H270.482V750H267.201ZM270.459 744C270.459 744.714 270.558 745.336 270.756 745.867C270.954 746.398 271.24 746.812 271.615 747.109C271.99 747.401 272.446 747.547 272.982 747.547C273.524 747.547 273.982 747.398 274.357 747.102C274.732 746.799 275.016 746.383 275.209 745.852C275.407 745.315 275.506 744.698 275.506 744C275.506 743.307 275.41 742.698 275.217 742.172C275.024 741.646 274.74 741.234 274.365 740.937C273.99 740.641 273.529 740.492 272.982 740.492C272.441 740.492 271.982 740.635 271.607 740.922C271.238 741.208 270.954 741.615 270.756 742.141C270.558 742.667 270.459 743.286 270.459 744ZM286.594 750.234C285.359 750.234 284.297 749.984 283.406 749.484C282.521 748.979 281.839 748.266 281.359 747.344C280.88 746.417 280.641 745.32 280.641 744.055C280.641 742.82 280.88 741.737 281.359 740.805C281.839 739.872 282.513 739.146 283.383 738.625C284.258 738.104 285.284 737.844 286.461 737.844C287.253 737.844 287.99 737.971 288.672 738.227C289.359 738.477 289.958 738.854 290.469 739.359C290.984 739.865 291.385 740.5 291.672 741.266C291.958 742.026 292.102 742.917 292.102 743.937V744.852H281.969V742.789H288.969C288.969 742.31 288.865 741.885 288.656 741.516C288.448 741.146 288.159 740.857 287.789 740.648C287.424 740.435 287 740.328 286.516 740.328C286.01 740.328 285.563 740.445 285.172 740.68C284.786 740.909 284.484 741.219 284.266 741.609C284.047 741.995 283.935 742.424 283.93 742.898V744.859C283.93 745.453 284.039 745.966 284.258 746.398C284.482 746.831 284.797 747.164 285.203 747.398C285.609 747.633 286.091 747.75 286.648 747.75C287.018 747.75 287.357 747.698 287.664 747.594C287.971 747.49 288.234 747.333 288.453 747.125C288.672 746.917 288.839 746.661 288.953 746.359L292.031 746.562C291.875 747.302 291.555 747.948 291.07 748.5C290.591 749.047 289.971 749.474 289.211 749.781C288.456 750.083 287.583 750.234 286.594 750.234ZM287.953 736.562L286.383 734.656L284.813 736.562H281.977V736.453L285.141 733.016H287.617L290.789 736.453V736.562H287.953ZM286.391 754.492C285.896 754.492 285.471 754.328 285.117 754C284.763 753.672 284.586 753.276 284.586 752.812C284.586 752.349 284.763 751.953 285.117 751.625C285.471 751.297 285.896 751.133 286.391 751.133C286.885 751.133 287.307 751.297 287.656 751.625C288.01 751.953 288.188 752.349 288.188 752.812C288.188 753.276 288.01 753.672 287.656 754C287.307 754.328 286.885 754.492 286.391 754.492ZM297.602 743.063V750H294.273V738H297.445V740.117H297.586C297.852 739.419 298.297 738.867 298.922 738.461C299.547 738.049 300.305 737.844 301.195 737.844C302.029 737.844 302.755 738.026 303.375 738.391C303.995 738.755 304.477 739.276 304.82 739.953C305.164 740.625 305.336 741.427 305.336 742.359V750H302.008V742.953C302.013 742.219 301.826 741.646 301.445 741.234C301.065 740.818 300.542 740.609 299.875 740.609C299.427 740.609 299.031 740.706 298.688 740.898C298.349 741.091 298.083 741.372 297.891 741.742C297.703 742.107 297.607 742.547 297.602 743.063ZM311.287 743.063V750H307.959V734H311.193V740.117H311.334C311.605 739.409 312.042 738.854 312.646 738.453C313.251 738.047 314.008 737.844 314.92 737.844C315.753 737.844 316.48 738.026 317.1 738.391C317.725 738.75 318.209 739.268 318.553 739.945C318.902 740.617 319.074 741.422 319.068 742.359V750H315.74V742.953C315.745 742.214 315.558 741.638 315.178 741.227C314.803 740.815 314.277 740.609 313.6 740.609C313.146 740.609 312.745 740.706 312.396 740.898C312.053 741.091 311.782 741.372 311.584 741.742C311.391 742.107 311.292 742.547 311.287 743.063Z" fill="#1A1A2E"/>
<path d="M17.5179 785.087H409.482" stroke="#F0F1F6" stroke-width="0.5"/>
<path d="M19.45 794V791.35L22.65 788.625C23.9833 787.508 25.125 786.558 26.075 785.775C27.025 784.992 27.75 784.258 28.25 783.575C28.75 782.892 29 782.158 29 781.375C29 780.775 28.8583 780.275 28.575 779.875C28.2917 779.458 27.925 779.15 27.475 778.95C27.0417 778.733 26.5833 778.625 26.1 778.625C25.5167 778.625 25.025 778.733 24.625 778.95C24.2417 779.167 23.9333 779.45 23.7 779.8C23.4833 780.133 23.325 780.483 23.225 780.85C23.125 781.217 23.075 781.533 23.075 781.8H19.375C19.375 781.1 19.5083 780.375 19.775 779.625C20.0417 778.858 20.45 778.15 21 777.5C21.55 776.833 22.2583 776.292 23.125 775.875C23.9917 775.458 25.025 775.25 26.225 775.25C27.4417 775.25 28.55 775.492 29.55 775.975C30.55 776.442 31.35 777.117 31.95 778C32.5667 778.883 32.875 779.925 32.875 781.125C32.875 782.258 32.5917 783.292 32.025 784.225C31.475 785.142 30.7 786.042 29.7 786.925C28.7 787.792 27.55 788.733 26.25 789.75L25.2 790.625H33.125V794H19.45ZM38.5254 794C38.6087 792.083 38.8921 790.317 39.3754 788.7C39.8587 787.067 40.4337 785.608 41.1004 784.325C41.7671 783.025 42.4254 781.917 43.0754 781C43.7254 780.067 44.2671 779.35 44.7004 778.85H35.5504V775.5H49.0004V778.25C49.0004 778.25 48.7837 778.492 48.3504 778.975C47.9337 779.442 47.4087 780.125 46.7754 781.025C46.1421 781.925 45.5004 783.025 44.8504 784.325C44.2171 785.608 43.6671 787.067 43.2004 788.7C42.7337 790.317 42.4587 792.083 42.3754 794H38.5254ZM49.1479 798.525L57.8479 773.275H61.2729L52.5729 798.525H49.1479ZM70.5732 794.25C69.3399 794.25 68.2399 794 67.2732 793.5C66.3232 793 65.5149 792.317 64.8482 791.45C64.1816 790.567 63.6732 789.55 63.3232 788.4C62.9899 787.25 62.8232 786.033 62.8232 784.75C62.8232 783.45 62.9899 782.225 63.3232 781.075C63.6732 779.925 64.1816 778.917 64.8482 778.05C65.5149 777.167 66.3232 776.483 67.2732 776C68.2399 775.5 69.3399 775.25 70.5732 775.25C71.8066 775.25 72.8982 775.5 73.8482 776C74.8149 776.483 75.6316 777.167 76.2982 778.05C76.9649 778.917 77.4649 779.925 77.7982 781.075C78.1482 782.225 78.3232 783.45 78.3232 784.75C78.3232 786.033 78.1482 787.25 77.7982 788.4C77.4649 789.55 76.9649 790.567 76.2982 791.45C75.6316 792.317 74.8149 793 73.8482 793.5C72.8982 794 71.8066 794.25 70.5732 794.25ZM70.5732 790.825C71.6732 790.825 72.5732 790.317 73.2732 789.3C73.9899 788.283 74.3482 786.767 74.3482 784.75C74.3482 782.733 73.9899 781.217 73.2732 780.2C72.5732 779.183 71.6732 778.675 70.5732 778.675C69.4732 778.675 68.5649 779.183 67.8482 780.2C67.1482 781.217 66.7982 782.733 66.7982 784.75C66.7982 786.767 67.1482 788.283 67.8482 789.3C68.5649 790.317 69.4732 790.825 70.5732 790.825ZM87.8531 794.25C86.6531 794.25 85.6365 794.1 84.8031 793.8C83.9865 793.5 83.3198 793.108 82.8031 792.625C82.2865 792.142 81.8781 791.633 81.5781 791.1C81.2948 790.55 81.0948 790.033 80.9781 789.55C80.8781 789.05 80.8281 788.642 80.8281 788.325H84.4781C84.4781 788.675 84.5781 789.067 84.7781 789.5C84.9781 789.917 85.3115 790.283 85.7781 790.6C86.2615 790.917 86.9365 791.075 87.8031 791.075C88.7031 791.075 89.4448 790.842 90.0281 790.375C90.6281 789.908 90.9281 789.283 90.9281 788.5C90.9281 787.8 90.6698 787.225 90.1531 786.775C89.6531 786.308 88.9365 786.075 88.0031 786.075H85.5031V783.1H88.0281C88.8281 783.1 89.4698 782.883 89.9531 782.45C90.4365 782 90.6781 781.45 90.6781 780.8C90.6781 780.117 90.4031 779.55 89.8531 779.1C89.3031 778.633 88.6198 778.4 87.8031 778.4C87.0365 778.4 86.4281 778.567 85.9781 778.9C85.5448 779.233 85.2281 779.625 85.0281 780.075C84.8448 780.525 84.7531 780.917 84.7531 781.25H81.1781C81.1781 780.95 81.2281 780.55 81.3281 780.05C81.4448 779.55 81.6448 779.025 81.9281 778.475C82.2115 777.925 82.6031 777.408 83.1031 776.925C83.6031 776.425 84.2365 776.025 85.0031 775.725C85.7865 775.408 86.7365 775.25 87.8531 775.25C88.9698 775.25 90.0281 775.458 91.0281 775.875C92.0448 776.275 92.8698 776.867 93.5031 777.65C94.1365 778.417 94.4531 779.35 94.4531 780.45C94.4531 781.2 94.3031 781.85 94.0031 782.4C93.7031 782.933 93.3365 783.375 92.9031 783.725C92.4698 784.075 92.0365 784.325 91.6031 784.475V784.625C92.4365 784.925 93.1698 785.408 93.8031 786.075C94.4531 786.725 94.7781 787.608 94.7781 788.725C94.7781 789.892 94.4531 790.892 93.8031 791.725C93.1698 792.542 92.3281 793.167 91.2781 793.6C90.2281 794.033 89.0865 794.25 87.8531 794.25ZM96.4623 798.525L105.162 773.275H108.587L99.8873 798.525H96.4623ZM110.099 794V791.35L113.299 788.625C114.633 787.508 115.774 786.558 116.724 785.775C117.674 784.992 118.399 784.258 118.899 783.575C119.399 782.892 119.649 782.158 119.649 781.375C119.649 780.775 119.508 780.275 119.224 779.875C118.941 779.458 118.574 779.15 118.124 778.95C117.691 778.733 117.233 778.625 116.749 778.625C116.166 778.625 115.674 778.733 115.274 778.95C114.891 779.167 114.583 779.45 114.349 779.8C114.133 780.133 113.974 780.483 113.874 780.85C113.774 781.217 113.724 781.533 113.724 781.8H110.024C110.024 781.1 110.158 780.375 110.424 779.625C110.691 778.858 111.099 778.15 111.649 777.5C112.199 776.833 112.908 776.292 113.774 775.875C114.641 775.458 115.674 775.25 116.874 775.25C118.091 775.25 119.199 775.492 120.199 775.975C121.199 776.442 121.999 777.117 122.599 778C123.216 778.883 123.524 779.925 123.524 781.125C123.524 782.258 123.241 783.292 122.674 784.225C122.124 785.142 121.349 786.042 120.349 786.925C119.349 787.792 118.199 788.733 116.899 789.75L115.849 790.625H123.774V794H110.099ZM134.001 794.25C132.768 794.25 131.668 794 130.701 793.5C129.751 793 128.943 792.317 128.276 791.45C127.609 790.567 127.101 789.55 126.751 788.4C126.418 787.25 126.251 786.033 126.251 784.75C126.251 783.45 126.418 782.225 126.751 781.075C127.101 779.925 127.609 778.917 128.276 778.05C128.943 777.167 129.751 776.483 130.701 776C131.668 775.5 132.768 775.25 134.001 775.25C135.234 775.25 136.326 775.5 137.276 776C138.243 776.483 139.059 777.167 139.726 778.05C140.393 778.917 140.893 779.925 141.226 781.075C141.576 782.225 141.751 783.45 141.751 784.75C141.751 786.033 141.576 787.25 141.226 788.4C140.893 789.55 140.393 790.567 139.726 791.45C139.059 792.317 138.243 793 137.276 793.5C136.326 794 135.234 794.25 134.001 794.25ZM134.001 790.825C135.101 790.825 136.001 790.317 136.701 789.3C137.418 788.283 137.776 786.767 137.776 784.75C137.776 782.733 137.418 781.217 136.701 780.2C136.001 779.183 135.101 778.675 134.001 778.675C132.901 778.675 131.993 779.183 131.276 780.2C130.576 781.217 130.226 782.733 130.226 784.75C130.226 786.767 130.576 788.283 131.276 789.3C131.993 790.317 132.901 790.825 134.001 790.825ZM144.206 794V791.35L147.406 788.625C148.739 787.508 149.881 786.558 150.831 785.775C151.781 784.992 152.506 784.258 153.006 783.575C153.506 782.892 153.756 782.158 153.756 781.375C153.756 780.775 153.614 780.275 153.331 779.875C153.048 779.458 152.681 779.15 152.231 778.95C151.798 778.733 151.339 778.625 150.856 778.625C150.273 778.625 149.781 778.733 149.381 778.95C148.998 779.167 148.689 779.45 148.456 779.8C148.239 780.133 148.081 780.483 147.981 780.85C147.881 781.217 147.831 781.533 147.831 781.8H144.131C144.131 781.1 144.264 780.375 144.531 779.625C144.798 778.858 145.206 778.15 145.756 777.5C146.306 776.833 147.014 776.292 147.881 775.875C148.748 775.458 149.781 775.25 150.981 775.25C152.198 775.25 153.306 775.492 154.306 775.975C155.306 776.442 156.106 777.117 156.706 778C157.323 778.883 157.631 779.925 157.631 781.125C157.631 782.258 157.348 783.292 156.781 784.225C156.231 785.142 155.456 786.042 154.456 786.925C153.456 787.792 152.306 788.733 151.006 789.75L149.956 790.625H157.881V794H144.206ZM168.407 794.25C167.124 794.25 166.007 794.025 165.057 793.575C164.107 793.108 163.316 792.483 162.682 791.7C162.066 790.9 161.607 790 161.307 789C161.007 787.983 160.857 786.925 160.857 785.825C160.857 784.608 161.041 783.383 161.407 782.15C161.791 780.9 162.382 779.758 163.182 778.725C163.999 777.675 165.041 776.833 166.307 776.2C167.574 775.567 169.107 775.25 170.907 775.25C171.641 775.25 172.274 775.3 172.807 775.4C173.341 775.483 173.607 775.525 173.607 775.525V778.95C173.607 778.95 173.466 778.933 173.182 778.9C172.916 778.85 172.574 778.8 172.157 778.75C171.741 778.7 171.324 778.675 170.907 778.675C169.624 778.675 168.549 778.933 167.682 779.45C166.816 779.967 166.149 780.625 165.682 781.425C165.232 782.225 164.966 783.067 164.882 783.95C165.049 783.667 165.307 783.358 165.657 783.025C166.007 782.675 166.474 782.375 167.057 782.125C167.657 781.875 168.407 781.75 169.307 781.75C170.641 781.75 171.757 782.042 172.657 782.625C173.557 783.192 174.232 783.933 174.682 784.85C175.132 785.767 175.357 786.725 175.357 787.725C175.357 788.525 175.207 789.317 174.907 790.1C174.624 790.867 174.191 791.567 173.607 792.2C173.041 792.817 172.324 793.317 171.457 793.7C170.591 794.067 169.574 794.25 168.407 794.25ZM168.407 791.075C169.341 791.075 170.107 790.775 170.707 790.175C171.307 789.575 171.607 788.808 171.607 787.875C171.607 786.925 171.307 786.158 170.707 785.575C170.107 784.975 169.341 784.675 168.407 784.675C167.491 784.675 166.724 784.975 166.107 785.575C165.507 786.158 165.207 786.925 165.207 787.875C165.207 788.808 165.507 789.575 166.107 790.175C166.724 790.775 167.491 791.075 168.407 791.075Z" fill="#1A1A2E"/>
<path d="M17.5179 811.256H409.482" stroke="#F0F1F6" stroke-width="0.5"/>
<path d="M37.4744 825.065C40.4978 825.065 42.9487 822.812 42.9487 820.033C42.9487 817.253 40.4978 815 37.4744 815C34.451 815 32 817.253 32 820.033C32 822.812 34.451 825.065 37.4744 825.065Z" fill="#0961F5"/>
<path d="M65.852 828V814.668H60.858V811.72H74.234V814.668H69.24V828H65.852ZM75.2194 828V816.34H78.5414V818.034H78.6514C78.7834 817.726 78.9667 817.425 79.2014 817.132C79.436 816.839 79.7587 816.597 80.1694 816.406C80.58 816.215 81.108 816.12 81.7534 816.12C82.076 816.12 82.3327 816.142 82.5234 816.186C82.714 816.215 82.8094 816.23 82.8094 816.23V819.53C82.8094 819.53 82.6994 819.508 82.4794 819.464C82.274 819.42 82.0027 819.398 81.6654 819.398C80.624 819.398 79.8467 819.684 79.3334 820.256C78.82 820.813 78.5634 821.73 78.5634 823.006V828H75.2194ZM88.9309 814.712L86.5329 810.752H89.6349L91.3949 814.69L88.9309 814.712ZM90.1189 828.22C88.8135 828.22 87.7062 827.941 86.7969 827.384C85.8875 826.812 85.1909 826.071 84.7069 825.162C84.2375 824.238 84.0029 823.241 84.0029 822.17C84.0029 821.099 84.2375 820.109 84.7069 819.2C85.1909 818.276 85.8875 817.535 86.7969 816.978C87.7062 816.406 88.8135 816.12 90.1189 816.12C91.4242 816.12 92.5315 816.406 93.4409 816.978C94.3502 817.535 95.0395 818.276 95.5089 819.2C95.9929 820.109 96.2349 821.099 96.2349 822.17C96.2349 823.241 95.9929 824.238 95.5089 825.162C95.0395 826.071 94.3502 826.812 93.4409 827.384C92.5315 827.941 91.4242 828.22 90.1189 828.22ZM90.1189 825.492C90.7055 825.492 91.2042 825.338 91.6149 825.03C92.0255 824.722 92.3335 824.319 92.5389 823.82C92.7589 823.307 92.8689 822.757 92.8689 822.17C92.8689 821.569 92.7589 821.019 92.5389 820.52C92.3335 820.021 92.0255 819.618 91.6149 819.31C91.2042 819.002 90.7055 818.848 90.1189 818.848C89.5322 818.848 89.0335 819.002 88.6229 819.31C88.2122 819.618 87.8969 820.021 87.6769 820.52C87.4715 821.019 87.3689 821.569 87.3689 822.17C87.3689 822.757 87.4715 823.307 87.6769 823.82C87.8969 824.319 88.2122 824.722 88.6229 825.03C89.0335 825.338 89.5322 825.492 90.1189 825.492ZM109.626 828.22C108.599 828.22 107.704 828.051 106.942 827.714C106.179 827.362 105.548 826.9 105.05 826.328C104.551 825.756 104.177 825.111 103.928 824.392C103.678 823.659 103.554 822.918 103.554 822.17C103.554 821.422 103.678 820.689 103.928 819.97C104.177 819.251 104.551 818.606 105.05 818.034C105.548 817.447 106.179 816.985 106.942 816.648C107.704 816.296 108.599 816.12 109.626 816.12C110.667 816.12 111.525 816.274 112.2 816.582C112.874 816.875 113.41 817.249 113.806 817.704C114.216 818.144 114.517 818.591 114.708 819.046C114.898 819.486 115.016 819.86 115.06 820.168C115.118 820.461 115.148 820.608 115.148 820.608H112.024C112.024 820.608 111.994 820.52 111.936 820.344C111.892 820.153 111.789 819.941 111.628 819.706C111.481 819.457 111.254 819.244 110.946 819.068C110.638 818.877 110.227 818.782 109.714 818.782C109.083 818.782 108.555 818.943 108.13 819.266C107.719 819.574 107.411 819.985 107.206 820.498C107 821.011 106.898 821.569 106.898 822.17C106.898 822.771 107 823.329 107.206 823.842C107.411 824.355 107.719 824.773 108.13 825.096C108.555 825.404 109.083 825.558 109.714 825.558C110.227 825.558 110.638 825.47 110.946 825.294C111.254 825.103 111.481 824.891 111.628 824.656C111.789 824.407 111.892 824.194 111.936 824.018C111.994 823.827 112.024 823.732 112.024 823.732H115.148C115.148 823.732 115.118 823.886 115.06 824.194C115.016 824.487 114.898 824.861 114.708 825.316C114.517 825.756 114.216 826.203 113.806 826.658C113.41 827.098 112.874 827.472 112.2 827.78C111.525 828.073 110.667 828.22 109.626 828.22ZM117.764 828V811.28H121.108V818.012H121.218C121.35 817.777 121.54 817.513 121.79 817.22C122.054 816.927 122.398 816.67 122.824 816.45C123.264 816.23 123.821 816.12 124.496 816.12C125.405 816.12 126.146 816.333 126.718 816.758C127.29 817.169 127.708 817.704 127.972 818.364C128.236 819.009 128.368 819.691 128.368 820.41V828H125.024V820.982C125.024 820.425 124.87 819.933 124.562 819.508C124.268 819.083 123.792 818.87 123.132 818.87C122.633 818.87 122.237 818.987 121.944 819.222C121.65 819.457 121.438 819.757 121.306 820.124C121.174 820.491 121.108 820.879 121.108 821.29V828H117.764ZM134.558 828.22C133.737 828.22 133.055 828.044 132.512 827.692C131.984 827.34 131.588 826.871 131.324 826.284C131.06 825.683 130.928 825.008 130.928 824.26V816.34H134.25V823.6C134.25 824.157 134.397 824.612 134.69 824.964C134.984 825.301 135.416 825.47 135.988 825.47C136.472 825.47 136.854 825.353 137.132 825.118C137.426 824.883 137.638 824.583 137.77 824.216C137.902 823.849 137.968 823.461 137.968 823.05V816.34H141.312V828H137.968V826.35H137.836C137.587 826.805 137.198 827.23 136.67 827.626C136.157 828.022 135.453 828.22 134.558 828.22ZM144.808 832.29C144.412 832.29 144.097 832.275 143.862 832.246C143.627 832.217 143.51 832.202 143.51 832.202V829.518C143.51 829.518 143.605 829.525 143.796 829.54C144.001 829.555 144.251 829.562 144.544 829.562C145.248 829.562 145.827 829.459 146.282 829.254C146.737 829.063 147.133 828.682 147.47 828.11L143.158 816.34H146.502L149.208 824.238L151.848 816.34H155.214L151.034 827.538C150.653 828.609 150.191 829.496 149.648 830.2C149.12 830.904 148.467 831.425 147.69 831.762C146.913 832.114 145.952 832.29 144.808 832.29ZM157.82 814.888L160.658 810.928H163.32L166.158 814.888H163.54L161.978 812.6L160.438 814.888H157.82ZM162.088 828.22C161.061 828.22 160.174 828.051 159.426 827.714C158.678 827.362 158.062 826.9 157.578 826.328C157.094 825.741 156.727 825.089 156.478 824.37C156.243 823.651 156.126 822.911 156.126 822.148C156.126 821.415 156.243 820.696 156.478 819.992C156.713 819.273 157.065 818.621 157.534 818.034C158.018 817.447 158.627 816.985 159.36 816.648C160.093 816.296 160.966 816.12 161.978 816.12C163.063 816.12 164.017 816.355 164.838 816.824C165.659 817.293 166.305 817.99 166.774 818.914C167.243 819.823 167.478 820.931 167.478 822.236V823.05H159.492C159.536 823.754 159.778 824.363 160.218 824.876C160.673 825.389 161.296 825.646 162.088 825.646C162.543 825.646 162.909 825.58 163.188 825.448C163.481 825.301 163.709 825.14 163.87 824.964C164.031 824.773 164.141 824.605 164.2 824.458C164.273 824.311 164.31 824.238 164.31 824.238H167.39C167.39 824.238 167.353 824.377 167.28 824.656C167.207 824.92 167.067 825.25 166.862 825.646C166.657 826.042 166.356 826.438 165.96 826.834C165.579 827.23 165.073 827.56 164.442 827.824C163.811 828.088 163.027 828.22 162.088 828.22ZM159.492 821.026H164.266C164.237 820.219 163.995 819.618 163.54 819.222C163.1 818.826 162.557 818.628 161.912 818.628C161.267 818.628 160.717 818.841 160.262 819.266C159.822 819.677 159.565 820.263 159.492 821.026ZM161.978 833.412C161.465 833.412 161.039 833.236 160.702 832.884C160.379 832.547 160.218 832.143 160.218 831.674C160.218 831.19 160.379 830.772 160.702 830.42C161.039 830.083 161.465 829.914 161.978 829.914C162.477 829.914 162.887 830.083 163.21 830.42C163.547 830.772 163.716 831.19 163.716 831.674C163.716 832.143 163.547 832.547 163.21 832.884C162.887 833.236 162.477 833.412 161.978 833.412ZM169.751 828V816.34H173.095V818.012H173.205C173.337 817.777 173.527 817.513 173.777 817.22C174.041 816.927 174.385 816.67 174.811 816.45C175.251 816.23 175.808 816.12 176.483 816.12C177.392 816.12 178.133 816.333 178.705 816.758C179.277 817.169 179.695 817.704 179.959 818.364C180.223 819.009 180.355 819.691 180.355 820.41V828H177.011V820.982C177.011 820.425 176.857 819.933 176.549 819.508C176.255 819.083 175.779 818.87 175.119 818.87C174.62 818.87 174.224 818.987 173.931 819.222C173.637 819.457 173.425 819.757 173.293 820.124C173.161 820.491 173.095 820.879 173.095 821.29V828H169.751ZM189.245 822.456V819.816H203.237V822.456H189.245ZM219.949 828.22C218.585 828.22 217.389 827.985 216.363 827.516C215.336 827.047 214.478 826.416 213.789 825.624C213.114 824.817 212.608 823.923 212.271 822.94C211.933 821.943 211.765 820.923 211.765 819.882C211.765 818.841 211.933 817.821 212.271 816.824C212.623 815.827 213.136 814.932 213.811 814.14C214.5 813.333 215.365 812.695 216.407 812.226C217.448 811.742 218.665 811.5 220.059 811.5C221.144 811.5 222.075 811.639 222.853 811.918C223.645 812.182 224.305 812.534 224.833 812.974C225.361 813.399 225.779 813.854 226.087 814.338C226.409 814.822 226.651 815.284 226.813 815.724C226.989 816.149 227.099 816.501 227.143 816.78C227.201 817.044 227.231 817.176 227.231 817.176H223.865C223.865 817.176 223.821 817.044 223.733 816.78C223.645 816.516 223.469 816.208 223.205 815.856C222.941 815.489 222.552 815.174 222.039 814.91C221.54 814.631 220.88 814.492 220.059 814.492C218.988 814.492 218.093 814.756 217.375 815.284C216.671 815.797 216.135 816.465 215.769 817.286C215.417 818.093 215.241 818.936 215.241 819.816C215.241 820.725 215.424 821.598 215.791 822.434C216.157 823.255 216.693 823.93 217.397 824.458C218.115 824.971 219.01 825.228 220.081 825.228C221.254 825.228 222.178 824.927 222.853 824.326C223.542 823.725 223.953 822.911 224.085 821.884H219.861V819.222H227.429V820.476C227.429 822.177 227.099 823.607 226.439 824.766C225.793 825.91 224.906 826.775 223.777 827.362C222.662 827.934 221.386 828.22 219.949 828.22ZM231.522 814.756C230.935 814.756 230.458 814.573 230.092 814.206C229.725 813.825 229.542 813.377 229.542 812.864C229.542 812.321 229.725 811.867 230.092 811.5C230.458 811.119 230.935 810.928 231.522 810.928C232.079 810.928 232.548 811.119 232.93 811.5C233.311 811.867 233.502 812.321 233.502 812.864C233.502 813.377 233.311 813.825 232.93 814.206C232.548 814.573 232.079 814.756 231.522 814.756ZM229.85 828V816.34H233.194V828H229.85ZM241.023 816.12C241.771 816.12 242.387 816.245 242.871 816.494C243.355 816.729 243.722 816.985 243.971 817.264C244.235 817.543 244.397 817.733 244.455 817.836H244.631V816.34H247.975V828H244.631V826.504H244.455C244.397 826.607 244.235 826.797 243.971 827.076C243.722 827.355 243.355 827.619 242.871 827.868C242.387 828.103 241.771 828.22 241.023 828.22C240.158 828.22 239.403 828.051 238.757 827.714C238.127 827.362 237.599 826.9 237.173 826.328C236.748 825.741 236.425 825.089 236.205 824.37C236 823.651 235.897 822.918 235.897 822.17C235.897 821.422 236 820.689 236.205 819.97C236.425 819.251 236.748 818.606 237.173 818.034C237.599 817.447 238.127 816.985 238.757 816.648C239.403 816.296 240.158 816.12 241.023 816.12ZM241.991 818.826C241.39 818.826 240.884 818.995 240.473 819.332C240.077 819.655 239.777 820.073 239.571 820.586C239.381 821.099 239.285 821.627 239.285 822.17C239.285 822.713 239.381 823.241 239.571 823.754C239.777 824.267 240.077 824.693 240.473 825.03C240.884 825.353 241.39 825.514 241.991 825.514C242.593 825.514 243.091 825.353 243.487 825.03C243.898 824.693 244.199 824.267 244.389 823.754C244.595 823.241 244.697 822.713 244.697 822.17C244.697 821.627 244.595 821.099 244.389 820.586C244.199 820.073 243.898 819.655 243.487 819.332C243.091 818.995 242.593 818.826 241.991 818.826ZM260.574 828.22C259.709 828.22 258.954 828.051 258.308 827.714C257.678 827.362 257.15 826.9 256.724 826.328C256.299 825.741 255.976 825.089 255.756 824.37C255.551 823.651 255.448 822.918 255.448 822.17C255.448 821.422 255.551 820.689 255.756 819.97C255.976 819.251 256.299 818.606 256.724 818.034C257.15 817.447 257.678 816.985 258.308 816.648C258.954 816.296 259.709 816.12 260.574 816.12C261.322 816.12 261.938 816.245 262.422 816.494C262.906 816.729 263.273 816.985 263.522 817.264C263.786 817.543 263.948 817.733 264.006 817.836H264.182V815.372H261.322V813.172H264.182V811.28H267.526V813.172H269.33V815.372H267.526V828H264.182V826.504H264.006C263.948 826.607 263.786 826.797 263.522 827.076C263.273 827.355 262.906 827.619 262.422 827.868C261.938 828.103 261.322 828.22 260.574 828.22ZM261.542 825.514C262.144 825.514 262.642 825.353 263.038 825.03C263.449 824.693 263.75 824.267 263.94 823.754C264.146 823.241 264.248 822.713 264.248 822.17C264.248 821.627 264.146 821.099 263.94 820.586C263.75 820.073 263.449 819.655 263.038 819.332C262.642 818.995 262.144 818.826 261.542 818.826C260.941 818.826 260.435 818.995 260.024 819.332C259.628 819.655 259.328 820.073 259.122 820.586C258.932 821.099 258.836 821.627 258.836 822.17C258.836 822.713 258.932 823.241 259.122 823.754C259.328 824.267 259.628 824.693 260.024 825.03C260.435 825.353 260.941 825.514 261.542 825.514ZM271.951 814.734L269.531 810.752H272.633L274.415 814.712L271.951 814.734ZM271.445 828V816.34H274.789V828H271.445ZM277.71 828V816.34H281.054V818.012H281.164C281.296 817.777 281.486 817.513 281.736 817.22C282 816.927 282.344 816.67 282.77 816.45C283.21 816.23 283.767 816.12 284.442 816.12C285.351 816.12 286.092 816.333 286.664 816.758C287.236 817.169 287.654 817.704 287.918 818.364C288.182 819.009 288.314 819.691 288.314 820.41V828H284.97V820.982C284.97 820.425 284.816 819.933 284.508 819.508C284.214 819.083 283.738 818.87 283.078 818.87C282.579 818.87 282.183 818.987 281.89 819.222C281.596 819.457 281.384 819.757 281.252 820.124C281.12 820.491 281.054 820.879 281.054 821.29V828H277.71ZM291.078 828V811.28H294.422V818.012H294.532C294.664 817.777 294.855 817.513 295.104 817.22C295.368 816.927 295.713 816.67 296.138 816.45C296.578 816.23 297.135 816.12 297.81 816.12C298.719 816.12 299.46 816.333 300.032 816.758C300.604 817.169 301.022 817.704 301.286 818.364C301.55 819.009 301.682 819.691 301.682 820.41V828H298.338V820.982C298.338 820.425 298.184 819.933 297.876 819.508C297.583 819.083 297.106 818.87 296.446 818.87C295.947 818.87 295.551 818.987 295.258 819.222C294.965 819.457 294.752 819.757 294.62 820.124C294.488 820.491 294.422 820.879 294.422 821.29V828H291.078Z" fill="#1A1A2E"/>
<path d="M0 859.569H427" stroke="#E0E3EF" stroke-width="0.5"/>
<rect opacity="0.35" x="389.833" y="17.8335" width="21" height="10.3333" rx="2.16667" stroke="black"/>
<path opacity="0.4" d="M412.333 21V25C413.138 24.6612 413.661 23.8731 413.661 23C413.661 22.1269 413.138 21.3388 412.333 21Z" fill="black"/>
<rect x="391.333" y="19.3335" width="18" height="7.33333" rx="1.33333" fill="black"/>
<path fill-rule="evenodd" clip-rule="evenodd" d="M366.88 25.7574C368.342 24.6752 370.483 24.6752 371.944 25.7574C372.018 25.8156 372.06 25.8983 372.063 25.985C372.064 26.0715 372.025 26.1548 371.955 26.2154L369.666 28.2379C369.599 28.2973 369.507 28.3307 369.412 28.3307C369.317 28.3307 369.225 28.2972 369.158 28.2379L366.869 26.2154C366.799 26.1547 366.76 26.0716 366.762 25.985C366.764 25.8982 366.806 25.8156 366.88 25.7574ZM363.826 23.0602C366.975 20.4958 371.852 20.4958 375.001 23.0602C375.072 23.1203 375.112 23.2032 375.113 23.2897C375.114 23.376 375.075 23.4589 375.006 23.5201L373.684 24.691C373.547 24.8105 373.326 24.8123 373.187 24.6959C372.152 23.8763 370.807 23.4224 369.412 23.4225C368.018 23.423 366.674 23.8769 365.641 24.6959C365.501 24.8122 365.28 24.8104 365.144 24.691L363.821 23.5201C363.752 23.4589 363.712 23.3761 363.713 23.2897C363.714 23.2031 363.755 23.1203 363.826 23.0602ZM360.771 20.3697C365.602 16.3175 373.222 16.3175 378.052 20.3697C378.122 20.4299 378.162 20.5124 378.162 20.5983C378.163 20.684 378.124 20.7669 378.055 20.8277L376.73 21.9977C376.594 22.1178 376.372 22.1188 376.233 22.0006C374.393 20.4691 371.951 19.615 369.412 19.6149C366.873 19.6149 364.43 20.469 362.59 22.0006C362.451 22.119 362.229 22.1179 362.093 21.9977L360.769 20.8277C360.7 20.7669 360.661 20.684 360.661 20.5983C360.662 20.5124 360.702 20.4299 360.771 20.3697Z" fill="#A0A4AB"/>
<path fill-rule="evenodd" clip-rule="evenodd" d="M337.835 24.3335C338.465 24.3336 338.976 24.7813 338.976 25.3335V27.3335C338.975 27.8855 338.465 28.3334 337.835 28.3335H336.693C336.063 28.3335 335.552 27.8856 335.552 27.3335V25.3335C335.552 24.7812 336.063 24.3335 336.693 24.3335H337.835ZM343.161 22.3335C343.791 22.3336 344.302 22.7813 344.302 23.3335V27.3335C344.302 27.8856 343.791 28.3334 343.161 28.3335H342.02C341.389 28.3335 340.878 27.8856 340.878 27.3335V23.3335C340.878 22.7812 341.389 22.3335 342.02 22.3335H343.161ZM348.487 19.9995C349.117 19.9996 349.629 20.4474 349.629 20.9995V27.3335C349.629 27.8856 349.117 28.3334 348.487 28.3335H347.346C346.716 28.3335 346.204 27.8856 346.204 27.3335V20.9995C346.204 20.4474 346.716 19.9995 347.346 19.9995H348.487ZM353.813 17.6665C354.444 17.6666 354.955 18.1143 354.955 18.6665V27.3335C354.955 27.8856 354.444 28.3334 353.813 28.3335H352.672C352.042 28.3334 351.53 27.8856 351.53 27.3335V18.6665C351.53 18.1143 352.042 17.6666 352.672 17.6665H353.813Z" fill="#A0A4AB"/>
<g clip-path="url(#clip1_63_345)">
<path d="M39.387 21.115C39.387 20.715 39.302 20.37 39.132 20.08C38.962 19.78 38.727 19.55 38.427 19.39C38.137 19.22 37.807 19.135 37.437 19.135C37.067 19.135 36.732 19.22 36.432 19.39C36.142 19.55 35.912 19.78 35.742 20.08C35.572 20.37 35.487 20.715 35.487 21.115C35.487 21.505 35.572 21.85 35.742 22.15C35.912 22.45 36.142 22.685 36.432 22.855C36.732 23.025 37.067 23.11 37.437 23.11C37.807 23.11 38.137 23.025 38.427 22.855C38.727 22.685 38.962 22.45 39.132 22.15C39.302 21.85 39.387 21.505 39.387 21.115ZM37.257 27.97H34.542L37.917 24.01L38.292 23.875C38.042 24.135 37.787 24.31 37.527 24.4C37.267 24.48 36.952 24.52 36.582 24.52C36.182 24.52 35.792 24.44 35.412 24.28C35.032 24.12 34.687 23.89 34.377 23.59C34.077 23.29 33.837 22.93 33.657 22.51C33.477 22.09 33.387 21.625 33.387 21.115C33.387 20.295 33.567 19.6 33.927 19.03C34.297 18.46 34.787 18.03 35.397 17.74C36.007 17.44 36.687 17.29 37.437 17.29C38.187 17.29 38.867 17.44 39.477 17.74C40.087 18.03 40.572 18.46 40.932 19.03C41.302 19.6 41.487 20.295 41.487 21.115C41.487 21.635 41.387 22.12 41.187 22.57C40.987 23.01 40.742 23.42 40.452 23.8L37.257 27.97ZM43.0717 27.115C43.0717 26.775 43.1867 26.49 43.4167 26.26C43.6567 26.02 43.9517 25.9 44.3017 25.9C44.6617 25.9 44.9567 26.02 45.1867 26.26C45.4167 26.49 45.5317 26.775 45.5317 27.115C45.5317 27.435 45.4167 27.715 45.1867 27.955C44.9567 28.195 44.6617 28.315 44.3017 28.315C43.9517 28.315 43.6567 28.195 43.4167 27.955C43.1867 27.715 43.0717 27.435 43.0717 27.115ZM43.0717 21.475C43.0717 21.145 43.1867 20.86 43.4167 20.62C43.6567 20.38 43.9517 20.26 44.3017 20.26C44.6617 20.26 44.9567 20.38 45.1867 20.62C45.4167 20.86 45.5317 21.145 45.5317 21.475C45.5317 21.805 45.4167 22.09 45.1867 22.33C44.9567 22.57 44.6617 22.69 44.3017 22.69C43.9517 22.69 43.6567 22.57 43.4167 22.33C43.1867 22.09 43.0717 21.805 43.0717 21.475ZM46.6032 26.065L52.6182 17.5H54.0732V28H51.8682V25.36L52.0482 25.195V20.92L49.5732 24.46H53.3232L53.5782 24.235H55.7232V26.065H46.6032ZM57.0598 20.23V18.295L61.6648 17.32V28H59.5798V19.57L57.0598 20.23Z" fill="black"/>
</g>
<path d="M0 106H426" stroke="#F0F1F6" stroke-width="0.5"/>
</g>
<defs>
<clipPath id="clip0_63_345">
<rect width="427" height="926" fill="white"/>
</clipPath>
<clipPath id="clip1_63_345">
<rect width="54" height="22" fill="white" transform="translate(21 12)"/>
</clipPath>
</defs>
</svg>
