<svg width="429" height="927" viewBox="0 0 429 927" fill="none" xmlns="http://www.w3.org/2000/svg">
<g clip-path="url(#clip0_18_427)">
<path d="M392.458 0.5H36.5421C16.6366 0.5 0.5 15.6101 0.5 34.2494V892.751C0.5 911.39 16.6366 926.5 36.5421 926.5H392.458C412.363 926.5 428.5 911.39 428.5 892.751V34.2494C428.5 15.6101 412.363 0.5 392.458 0.5Z" fill="white" stroke="#E0E0E0"/>
<path d="M39.07 16.75C39.84 16.75 40.51 16.89 41.08 17.17C41.65 17.44 42.12 17.815 42.49 18.295C42.86 18.765 43.135 19.305 43.315 19.915C43.505 20.515 43.6 21.145 43.6 21.805C43.6 22.535 43.485 23.275 43.255 24.025C43.025 24.765 42.67 25.45 42.19 26.08C41.71 26.7 41.085 27.2 40.315 27.58C39.555 27.96 38.64 28.15 37.57 28.15C37.13 28.15 36.75 28.12 36.43 28.06C36.11 28.01 35.95 27.985 35.95 27.985V25.93C35.95 25.93 36.03 25.945 36.19 25.975C36.36 25.995 36.57 26.02 36.82 26.05C37.07 26.08 37.32 26.095 37.57 26.095C38.34 26.095 38.985 25.94 39.505 25.63C40.025 25.32 40.42 24.925 40.69 24.445C40.97 23.965 41.135 23.46 41.185 22.93C41.085 23.1 40.93 23.29 40.72 23.5C40.51 23.7 40.225 23.875 39.865 24.025C39.515 24.175 39.065 24.25 38.515 24.25C37.725 24.25 37.06 24.08 36.52 23.74C35.98 23.39 35.575 22.94 35.305 22.39C35.035 21.84 34.9 21.265 34.9 20.665C34.9 20.185 34.985 19.715 35.155 19.255C35.335 18.785 35.595 18.365 35.935 17.995C36.285 17.615 36.72 17.315 37.24 17.095C37.76 16.865 38.37 16.75 39.07 16.75ZM39.07 18.655C38.51 18.655 38.05 18.835 37.69 19.195C37.33 19.555 37.15 20.015 37.15 20.575C37.15 21.145 37.33 21.61 37.69 21.97C38.05 22.32 38.51 22.495 39.07 22.495C39.62 22.495 40.075 22.32 40.435 21.97C40.795 21.61 40.975 21.145 40.975 20.575C40.975 20.015 40.795 19.555 40.435 19.195C40.075 18.835 39.62 18.655 39.07 18.655ZM47.0229 22.465C46.6429 22.465 46.3329 22.34 46.0929 22.09C45.8529 21.83 45.7329 21.525 45.7329 21.175C45.7329 20.825 45.8529 20.525 46.0929 20.275C46.3329 20.025 46.6429 19.9 47.0229 19.9C47.3829 19.9 47.6829 20.025 47.9229 20.275C48.1729 20.525 48.2979 20.825 48.2979 21.175C48.2979 21.525 48.1729 21.83 47.9229 22.09C47.6829 22.34 47.3829 22.465 47.0229 22.465ZM47.0229 28.15C46.6429 28.15 46.3329 28.025 46.0929 27.775C45.8529 27.515 45.7329 27.215 45.7329 26.875C45.7329 26.515 45.8529 26.21 46.0929 25.96C46.3329 25.71 46.6429 25.585 47.0229 25.585C47.3829 25.585 47.6829 25.71 47.9229 25.96C48.1729 26.21 48.2979 26.515 48.2979 26.875C48.2979 27.225 48.1729 27.525 47.9229 27.775C47.6829 28.025 47.3829 28.15 47.0229 28.15ZM55.5273 28V25.735L50.1573 25.72V23.71L54.9873 16.9H57.8523V23.785H59.5623V25.735H57.8523V28H55.5273ZM52.4373 23.785H55.5273V19.39L52.4373 23.785ZM65.4082 16.9V28H63.0982V20.05L60.9532 20.065V18.67L61.2982 18.565C61.9282 18.385 62.4382 18.18 62.8282 17.95C63.2182 17.72 63.5932 17.415 63.9532 17.035L64.0582 16.9H65.4082Z" fill="#1A1A1A"/>
<path opacity="0.35" d="M409.166 18.333H392.5C391.303 18.333 390.333 19.3032 390.333 20.5V26.499C390.333 27.6958 391.303 28.666 392.5 28.666H409.166C410.363 28.666 411.333 27.6958 411.333 26.499V20.5C411.333 19.3032 410.363 18.333 409.166 18.333Z" stroke="black"/>
<path opacity="0.4" d="M412.833 21.5V25.5C413.638 25.161 414.161 24.373 414.161 23.5C414.161 22.627 413.638 21.839 412.833 21.5Z" fill="black"/>
<path d="M408.5 19.833H393.166C392.43 19.833 391.833 20.4298 391.833 21.166V25.833C391.833 26.5692 392.43 27.166 393.166 27.166H408.5C409.236 27.166 409.833 26.5692 409.833 25.833V21.166C409.833 20.4298 409.236 19.833 408.5 19.833Z" fill="black"/>
<path d="M367.38 26.2571C368.842 25.1751 370.983 25.1751 372.444 26.2571C372.518 26.3161 372.56 26.3981 372.563 26.4851C372.564 26.5721 372.525 26.6551 372.455 26.7151L370.166 28.7381C370.099 28.7971 370.007 28.8311 369.912 28.8311C369.817 28.8311 369.725 28.7971 369.658 28.7381L367.369 26.7151C367.299 26.6551 367.26 26.5721 367.262 26.4851C367.264 26.3981 367.306 26.3161 367.38 26.2571ZM364.326 23.5601C367.475 20.9961 372.352 20.9961 375.501 23.5601C375.572 23.6201 375.612 23.7031 375.613 23.7901C375.614 23.8761 375.575 23.9591 375.506 24.0201L374.184 25.1911C374.047 25.3111 373.826 25.3121 373.687 25.1961C371.545 23.4741 368.279 23.4741 366.141 25.1961C366.001 25.3121 365.78 25.3101 365.644 25.1911L364.321 24.0201C364.252 23.9591 364.212 23.8761 364.213 23.7901C364.214 23.7031 364.255 23.6201 364.326 23.5601ZM361.271 20.8701C366.102 16.8181 373.722 16.8181 378.552 20.8701C378.622 20.9301 378.662 21.0121 378.662 21.0981C378.663 21.1841 378.624 21.2671 378.555 21.3281L377.23 22.4981C377.094 22.6181 376.872 22.6191 376.733 22.5011C374.893 20.9691 372.451 20.1151 369.912 20.1151C367.373 20.1151 364.93 20.9691 363.09 22.5011C362.951 22.6191 362.729 22.6181 362.593 22.4981L361.269 21.3281C361.2 21.2671 361.161 21.1841 361.161 21.0981C361.162 21.0121 361.202 20.9301 361.271 20.8701Z" fill="#A0A4AB"/>
<path d="M338.335 24.834C338.965 24.834 339.476 25.282 339.476 25.834V27.834C339.475 28.386 338.965 28.834 338.335 28.834H337.193C336.563 28.834 336.052 28.386 336.052 27.834V25.834C336.052 25.282 336.563 24.834 337.193 24.834H338.335ZM343.661 22.834C344.291 22.834 344.802 23.282 344.802 23.834V27.834C344.802 28.386 344.291 28.834 343.661 28.834H342.52C341.889 28.834 341.378 28.386 341.378 27.834V23.834C341.378 23.282 341.889 22.834 342.52 22.834H343.661ZM348.987 20.5C349.617 20.5 350.129 20.948 350.129 21.5V27.834C350.129 28.386 349.617 28.834 348.987 28.834H347.846C347.216 28.834 346.704 28.386 346.704 27.834V21.5C346.704 20.948 347.216 20.5 347.846 20.5H348.987ZM354.313 18.167C354.944 18.167 355.455 18.615 355.455 19.167V27.834C355.455 28.386 354.944 28.834 354.313 28.834H353.172C352.542 28.834 352.03 28.386 352.03 27.834V19.167C352.03 18.615 352.542 18.167 353.172 18.167H354.313Z" fill="#A0A4AB"/>
<path d="M61 95C70.9411 95 79 86.9411 79 77C79 67.0589 70.9411 59 61 59C51.0589 59 43 67.0589 43 77C43 86.9411 51.0589 95 61 95Z" fill="#F0FAE8"/>
<path d="M66 70L58 77L66 84" stroke="#639922" stroke-width="2" stroke-linecap="round" stroke-linejoin="round"/>
<path d="M83.836 84V78.456H82.342V76.224H83.836V70.68H88.858C89.95 70.68 90.904 70.872 91.72 71.256C92.536 71.628 93.214 72.132 93.754 72.768C94.306 73.404 94.714 74.118 94.978 74.91C95.254 75.702 95.392 76.512 95.392 77.34C95.392 78.168 95.254 78.978 94.978 79.77C94.714 80.562 94.306 81.276 93.754 81.912C93.214 82.548 92.536 83.058 91.72 83.442C90.904 83.814 89.95 84 88.858 84H83.836ZM89.11 78.456H86.608V81.534H88.732C89.608 81.534 90.334 81.33 90.91 80.922C91.486 80.514 91.912 79.986 92.188 79.338C92.464 78.69 92.602 78.018 92.602 77.322C92.602 76.626 92.464 75.96 92.188 75.324C91.912 74.676 91.486 74.148 90.91 73.74C90.334 73.32 89.608 73.11 88.732 73.11H86.608V76.224H89.11V78.456ZM98.7792 73.164C98.2992 73.164 97.9092 73.014 97.6092 72.714C97.3092 72.402 97.1592 72.036 97.1592 71.616C97.1592 71.172 97.3092 70.8 97.6092 70.5C97.9092 70.188 98.2992 70.032 98.7792 70.032C99.2352 70.032 99.6192 70.188 99.9312 70.5C100.243 70.8 100.399 71.172 100.399 71.616C100.399 72.036 100.243 72.402 99.9312 72.714C99.6192 73.014 99.2352 73.164 98.7792 73.164ZM97.4112 84V74.46H100.147V84H97.4112ZM106.814 84V70.32H109.55V78.204L112.7 74.46H115.814L112.07 78.816L115.976 84H112.754L109.55 79.716V84H106.814ZM117.589 84V70.32H120.325V75.828H120.415C120.523 75.636 120.679 75.42 120.883 75.18C121.099 74.94 121.381 74.73 121.729 74.55C122.089 74.37 122.545 74.28 123.097 74.28C123.841 74.28 124.447 74.454 124.915 74.802C125.383 75.138 125.725 75.576 125.941 76.116C126.157 76.644 126.265 77.202 126.265 77.79V84H123.529V78.258C123.529 77.802 123.403 77.4 123.151 77.052C122.911 76.704 122.521 76.53 121.981 76.53C121.573 76.53 121.249 76.626 121.009 76.818C120.769 77.01 120.595 77.256 120.487 77.556C120.379 77.856 120.325 78.174 120.325 78.51V84H117.589ZM134.213 73.146L132.179 73.128L133.637 69.888H136.175L134.213 73.146ZM132.359 74.28C132.971 74.28 133.475 74.382 133.871 74.586C134.267 74.778 134.567 74.988 134.771 75.216C134.987 75.444 135.119 75.6 135.167 75.684H135.311V74.46H138.047V84H135.311V82.776H135.167C135.119 82.86 134.987 83.016 134.771 83.244C134.567 83.472 134.267 83.688 133.871 83.892C133.475 84.084 132.971 84.18 132.359 84.18C131.651 84.18 131.033 84.042 130.505 83.766C129.989 83.478 129.557 83.1 129.209 82.632C128.861 82.152 128.597 81.618 128.417 81.03C128.249 80.442 128.165 79.842 128.165 79.23C128.165 78.618 128.249 78.018 128.417 77.43C128.597 76.842 128.861 76.314 129.209 75.846C129.557 75.366 129.989 74.988 130.505 74.712C131.033 74.424 131.651 74.28 132.359 74.28ZM133.151 76.494C132.659 76.494 132.245 76.632 131.909 76.908C131.585 77.172 131.339 77.514 131.171 77.934C131.015 78.354 130.937 78.786 130.937 79.23C130.937 79.674 131.015 80.106 131.171 80.526C131.339 80.946 131.585 81.294 131.909 81.57C132.245 81.834 132.659 81.966 133.151 81.966C133.643 81.966 134.051 81.834 134.375 81.57C134.711 81.294 134.957 80.946 135.113 80.526C135.281 80.106 135.365 79.674 135.365 79.23C135.365 78.786 135.281 78.354 135.113 77.934C134.957 77.514 134.711 77.172 134.375 76.908C134.051 76.632 133.643 76.494 133.151 76.494ZM140.243 84V74.46H142.979V75.756H143.069C143.273 75.408 143.579 75.078 143.987 74.766C144.395 74.442 144.953 74.28 145.661 74.28C146.381 74.28 146.957 74.448 147.389 74.784C147.833 75.12 148.157 75.534 148.361 76.026H148.397C148.553 75.75 148.757 75.48 149.009 75.216C149.273 74.94 149.597 74.718 149.981 74.55C150.377 74.37 150.839 74.28 151.367 74.28C152.027 74.28 152.573 74.43 153.005 74.73C153.437 75.03 153.755 75.426 153.959 75.918C154.175 76.398 154.283 76.914 154.283 77.466V84H151.547V78.15C151.547 77.682 151.427 77.298 151.187 76.998C150.959 76.686 150.611 76.53 150.143 76.53C149.783 76.53 149.489 76.62 149.261 76.8C149.045 76.98 148.883 77.214 148.775 77.502C148.679 77.778 148.631 78.066 148.631 78.366V84H145.895V78.15C145.895 77.682 145.775 77.298 145.535 76.998C145.307 76.686 144.959 76.53 144.491 76.53C144.131 76.53 143.837 76.62 143.609 76.8C143.393 76.98 143.231 77.214 143.123 77.502C143.027 77.778 142.979 78.066 142.979 78.366V84H140.243ZM166.396 84.18C165.784 84.18 165.28 84.084 164.884 83.892C164.488 83.688 164.182 83.472 163.966 83.244C163.762 83.016 163.63 82.86 163.57 82.776H163.444V84H160.708V70.32H163.444V75.684H163.57C163.63 75.6 163.762 75.444 163.966 75.216C164.182 74.988 164.488 74.778 164.884 74.586C165.28 74.382 165.784 74.28 166.396 74.28C167.104 74.28 167.716 74.424 168.232 74.712C168.76 74.988 169.198 75.366 169.546 75.846C169.894 76.314 170.152 76.842 170.32 77.43C170.5 78.018 170.59 78.618 170.59 79.23C170.59 79.842 170.5 80.442 170.32 81.03C170.152 81.618 169.894 82.152 169.546 82.632C169.198 83.1 168.76 83.478 168.232 83.766C167.716 84.042 167.104 84.18 166.396 84.18ZM165.604 81.966C166.096 81.966 166.504 81.834 166.828 81.57C167.164 81.294 167.41 80.946 167.566 80.526C167.734 80.106 167.818 79.674 167.818 79.23C167.818 78.786 167.734 78.354 167.566 77.934C167.41 77.514 167.164 77.172 166.828 76.908C166.504 76.632 166.096 76.494 165.604 76.494C165.112 76.494 164.698 76.632 164.362 76.908C164.038 77.172 163.792 77.514 163.624 77.934C163.468 78.354 163.39 78.786 163.39 79.23C163.39 79.674 163.468 80.106 163.624 80.526C163.792 80.946 164.038 81.294 164.362 81.57C164.698 81.834 165.112 81.966 165.604 81.966ZM173.724 73.272L176.046 70.032H178.224L180.546 73.272H178.404L177.126 71.4L175.866 73.272H173.724ZM177.216 84.18C176.376 84.18 175.65 84.042 175.038 83.766C174.426 83.478 173.922 83.1 173.526 82.632C173.13 82.152 172.83 81.618 172.626 81.03C172.434 80.442 172.338 79.836 172.338 79.212C172.338 78.612 172.434 78.024 172.626 77.448C172.818 76.86 173.106 76.326 173.49 75.846C173.886 75.366 174.384 74.988 174.984 74.712C175.584 74.424 176.298 74.28 177.126 74.28C178.014 74.28 178.794 74.472 179.466 74.856C180.138 75.24 180.666 75.81 181.05 76.566C181.434 77.31 181.626 78.216 181.626 79.284V79.95H175.092C175.128 80.526 175.326 81.024 175.686 81.444C176.058 81.864 176.568 82.074 177.216 82.074C177.588 82.074 177.888 82.02 178.116 81.912C178.356 81.792 178.542 81.66 178.674 81.516C178.806 81.36 178.896 81.222 178.944 81.102C179.004 80.982 179.034 80.922 179.034 80.922H181.554C181.554 80.922 181.524 81.036 181.464 81.264C181.404 81.48 181.29 81.75 181.122 82.074C180.954 82.398 180.708 82.722 180.384 83.046C180.072 83.37 179.658 83.64 179.142 83.856C178.626 84.072 177.984 84.18 177.216 84.18ZM175.092 78.294H178.998C178.974 77.634 178.776 77.142 178.404 76.818C178.044 76.494 177.6 76.332 177.072 76.332C176.544 76.332 176.094 76.506 175.722 76.854C175.362 77.19 175.152 77.67 175.092 78.294ZM177.126 88.428C176.706 88.428 176.358 88.284 176.082 87.996C175.818 87.72 175.686 87.39 175.686 87.006C175.686 86.61 175.818 86.268 176.082 85.98C176.358 85.704 176.706 85.566 177.126 85.566C177.534 85.566 177.87 85.704 178.134 85.98C178.41 86.268 178.548 86.61 178.548 87.006C178.548 87.39 178.41 87.72 178.134 87.996C177.87 88.284 177.534 88.428 177.126 88.428ZM183.485 84V74.46H186.221V75.828H186.311C186.419 75.636 186.575 75.42 186.779 75.18C186.995 74.94 187.277 74.73 187.625 74.55C187.985 74.37 188.441 74.28 188.993 74.28C189.737 74.28 190.343 74.454 190.811 74.802C191.279 75.138 191.621 75.576 191.837 76.116C192.053 76.644 192.161 77.202 192.161 77.79V84H189.425V78.258C189.425 77.802 189.299 77.4 189.047 77.052C188.807 76.704 188.417 76.53 187.877 76.53C187.469 76.53 187.145 76.626 186.905 76.818C186.665 77.01 186.491 77.256 186.383 77.556C186.275 77.856 186.221 78.174 186.221 78.51V84H183.485ZM194.423 84V70.32H197.159V75.828H197.249C197.357 75.636 197.513 75.42 197.717 75.18C197.933 74.94 198.215 74.73 198.563 74.55C198.923 74.37 199.379 74.28 199.931 74.28C200.675 74.28 201.281 74.454 201.749 74.802C202.217 75.138 202.559 75.576 202.775 76.116C202.991 76.644 203.099 77.202 203.099 77.79V84H200.363V78.258C200.363 77.802 200.237 77.4 199.985 77.052C199.745 76.704 199.355 76.53 198.815 76.53C198.407 76.53 198.083 76.626 197.843 76.818C197.603 77.01 197.429 77.256 197.321 77.556C197.213 77.856 197.159 78.174 197.159 78.51V84H194.423ZM211.251 78.834C210.807 78.834 210.441 78.684 210.153 78.384C209.865 78.084 209.721 77.724 209.721 77.304C209.721 76.872 209.865 76.512 210.153 76.224C210.441 75.924 210.807 75.774 211.251 75.774C211.695 75.774 212.061 75.924 212.349 76.224C212.649 76.512 212.799 76.872 212.799 77.304C212.799 77.724 212.649 78.084 212.349 78.384C212.061 78.684 211.695 78.834 211.251 78.834ZM219.156 84V70.68H221.928V81.588H228.444V84H219.156ZM233.301 84.18C232.629 84.18 232.071 84.036 231.627 83.748C231.195 83.46 230.871 83.076 230.655 82.596C230.439 82.104 230.331 81.552 230.331 80.94V74.46H233.049V80.4C233.049 80.856 233.169 81.228 233.409 81.516C233.649 81.792 234.003 81.93 234.471 81.93C234.867 81.93 235.179 81.834 235.407 81.642C235.647 81.45 235.821 81.204 235.929 80.904C236.037 80.604 236.091 80.286 236.091 79.95V74.46H238.827V84H236.091V82.65H235.983C235.779 83.022 235.461 83.37 235.029 83.694C234.609 84.018 234.033 84.18 233.301 84.18ZM241.687 87.51C241.363 87.51 241.105 87.498 240.913 87.474C240.721 87.45 240.625 87.438 240.625 87.438V85.242C240.625 85.242 240.703 85.248 240.859 85.26C241.027 85.272 241.231 85.278 241.471 85.278C242.047 85.278 242.521 85.194 242.893 85.026C243.265 84.87 243.589 84.558 243.865 84.09L240.337 74.46H243.073L245.287 80.922L247.447 74.46H250.201L246.781 83.622C246.469 84.498 246.091 85.224 245.647 85.8C245.215 86.376 244.681 86.802 244.045 87.078C243.409 87.366 242.623 87.51 241.687 87.51ZM252.333 73.272L254.655 70.032H256.833L259.155 73.272H257.013L255.735 71.4L254.475 73.272H252.333ZM255.825 84.18C254.985 84.18 254.259 84.042 253.647 83.766C253.035 83.478 252.531 83.1 252.135 82.632C251.739 82.152 251.439 81.618 251.235 81.03C251.043 80.442 250.947 79.836 250.947 79.212C250.947 78.612 251.043 78.024 251.235 77.448C251.427 76.86 251.715 76.326 252.099 75.846C252.495 75.366 252.993 74.988 253.593 74.712C254.193 74.424 254.907 74.28 255.735 74.28C256.623 74.28 257.403 74.472 258.075 74.856C258.747 75.24 259.275 75.81 259.659 76.566C260.043 77.31 260.235 78.216 260.235 79.284V79.95H253.701C253.737 80.526 253.935 81.024 254.295 81.444C254.667 81.864 255.177 82.074 255.825 82.074C256.197 82.074 256.497 82.02 256.725 81.912C256.965 81.792 257.151 81.66 257.283 81.516C257.415 81.36 257.505 81.222 257.553 81.102C257.613 80.982 257.643 80.922 257.643 80.922H260.163C260.163 80.922 260.133 81.036 260.073 81.264C260.013 81.48 259.899 81.75 259.731 82.074C259.563 82.398 259.317 82.722 258.993 83.046C258.681 83.37 258.267 83.64 257.751 83.856C257.235 84.072 256.593 84.18 255.825 84.18ZM253.701 78.294H257.607C257.583 77.634 257.385 77.142 257.013 76.818C256.653 76.494 256.209 76.332 255.681 76.332C255.153 76.332 254.703 76.506 254.331 76.854C253.971 77.19 253.761 77.67 253.701 78.294ZM255.735 88.428C255.315 88.428 254.967 88.284 254.691 87.996C254.427 87.72 254.295 87.39 254.295 87.006C254.295 86.61 254.427 86.268 254.691 85.98C254.967 85.704 255.315 85.566 255.735 85.566C256.143 85.566 256.479 85.704 256.743 85.98C257.019 86.268 257.157 86.61 257.157 87.006C257.157 87.39 257.019 87.72 256.743 87.996C256.479 88.284 256.143 88.428 255.735 88.428ZM262.095 84V74.46H264.831V75.828H264.921C265.029 75.636 265.185 75.42 265.389 75.18C265.605 74.94 265.887 74.73 266.235 74.55C266.595 74.37 267.051 74.28 267.603 74.28C268.347 74.28 268.953 74.454 269.421 74.802C269.889 75.138 270.231 75.576 270.447 76.116C270.663 76.644 270.771 77.202 270.771 77.79V84H268.035V78.258C268.035 77.802 267.909 77.4 267.657 77.052C267.417 76.704 267.027 76.53 266.487 76.53C266.079 76.53 265.755 76.626 265.515 76.818C265.275 77.01 265.101 77.256 264.993 77.556C264.885 77.856 264.831 78.174 264.831 78.51V84H262.095ZM277.001 84V74.46H279.737V75.828H279.827C279.935 75.636 280.091 75.42 280.295 75.18C280.511 74.94 280.793 74.73 281.141 74.55C281.501 74.37 281.957 74.28 282.509 74.28C283.253 74.28 283.859 74.454 284.327 74.802C284.795 75.138 285.137 75.576 285.353 76.116C285.569 76.644 285.677 77.202 285.677 77.79V84H282.941V78.258C282.941 77.802 282.815 77.4 282.563 77.052C282.323 76.704 281.933 76.53 281.393 76.53C280.985 76.53 280.661 76.626 280.421 76.818C280.181 77.01 280.007 77.256 279.899 77.556C279.791 77.856 279.737 78.174 279.737 78.51V84H277.001ZM292.549 87.816C291.661 87.816 290.929 87.708 290.353 87.492C289.789 87.276 289.339 87 289.003 86.664C288.667 86.34 288.421 86.016 288.265 85.692C288.109 85.368 288.007 85.092 287.959 84.864C287.923 84.648 287.905 84.54 287.905 84.54H290.569C290.569 84.54 290.587 84.594 290.623 84.702C290.671 84.822 290.761 84.954 290.893 85.098C291.025 85.254 291.217 85.386 291.469 85.494C291.733 85.614 292.081 85.674 292.513 85.674C293.257 85.674 293.803 85.464 294.151 85.044C294.511 84.624 294.691 84.072 294.691 83.388V82.38H294.565C294.445 82.572 294.265 82.782 294.025 83.01C293.785 83.238 293.479 83.43 293.107 83.586C292.735 83.742 292.285 83.82 291.757 83.82C291.049 83.82 290.431 83.688 289.903 83.424C289.375 83.148 288.931 82.782 288.571 82.326C288.223 81.87 287.959 81.36 287.779 80.796C287.611 80.232 287.527 79.65 287.527 79.05C287.527 78.462 287.611 77.886 287.779 77.322C287.959 76.746 288.223 76.23 288.571 75.774C288.931 75.318 289.375 74.958 289.903 74.694C290.431 74.418 291.049 74.28 291.757 74.28C292.285 74.28 292.735 74.364 293.107 74.532C293.479 74.688 293.785 74.88 294.025 75.108C294.277 75.324 294.457 75.534 294.565 75.738H294.691V74.46H297.427V83.388C297.427 84.18 297.253 84.912 296.905 85.584C296.557 86.256 296.023 86.796 295.303 87.204C294.583 87.612 293.665 87.816 292.549 87.816ZM292.513 81.66C293.017 81.66 293.431 81.534 293.755 81.282C294.091 81.03 294.343 80.706 294.511 80.31C294.679 79.902 294.763 79.482 294.763 79.05C294.763 78.606 294.679 78.186 294.511 77.79C294.343 77.394 294.091 77.07 293.755 76.818C293.431 76.566 293.017 76.44 292.513 76.44C292.021 76.44 291.607 76.566 291.271 76.818C290.947 77.07 290.701 77.394 290.533 77.79C290.365 78.186 290.281 78.606 290.281 79.05C290.281 79.482 290.365 79.902 290.533 80.31C290.701 80.706 290.947 81.03 291.271 81.282C291.607 81.534 292.021 81.66 292.513 81.66ZM299.699 84V70.32H302.435V75.828H302.525C302.633 75.636 302.789 75.42 302.993 75.18C303.209 74.94 303.491 74.73 303.839 74.55C304.199 74.37 304.655 74.28 305.207 74.28C305.951 74.28 306.557 74.454 307.025 74.802C307.493 75.138 307.835 75.576 308.051 76.116C308.267 76.644 308.375 77.202 308.375 77.79V84H305.639V78.258C305.639 77.802 305.513 77.4 305.261 77.052C305.021 76.704 304.631 76.53 304.091 76.53C303.683 76.53 303.359 76.626 303.119 76.818C302.879 77.01 302.705 77.256 302.597 77.556C302.489 77.856 302.435 78.174 302.435 78.51V84H299.699ZM315.116 84.18C314.276 84.18 313.55 84.042 312.938 83.766C312.326 83.478 311.822 83.1 311.426 82.632C311.03 82.152 310.73 81.618 310.526 81.03C310.334 80.442 310.238 79.836 310.238 79.212C310.238 78.612 310.328 78.024 310.508 77.448C310.7 76.86 310.988 76.326 311.372 75.846C311.768 75.366 312.266 74.988 312.866 74.712C313.478 74.424 314.198 74.28 315.026 74.28C315.902 74.28 316.676 74.472 317.348 74.856C318.032 75.24 318.566 75.81 318.95 76.566C319.334 77.31 319.526 78.216 319.526 79.284V79.95H312.992C313.028 80.526 313.226 81.024 313.586 81.444C313.958 81.864 314.468 82.074 315.116 82.074C315.488 82.074 315.788 82.02 316.016 81.912C316.256 81.792 316.442 81.66 316.574 81.516C316.706 81.36 316.796 81.222 316.844 81.102C316.892 80.982 316.916 80.922 316.916 80.922H319.436C319.436 80.922 319.406 81.036 319.346 81.264C319.298 81.48 319.19 81.75 319.022 82.074C318.854 82.398 318.608 82.722 318.284 83.046C317.972 83.37 317.558 83.64 317.042 83.856C316.526 84.072 315.884 84.18 315.116 84.18ZM312.992 78.294H316.898C316.862 77.634 316.664 77.142 316.304 76.818C315.944 76.494 315.5 76.332 314.972 76.332C314.444 76.332 313.994 76.506 313.622 76.854C313.25 77.19 313.04 77.67 312.992 78.294Z" fill="#639922"/>
<path d="M352.928 83.18C352.148 83.18 351.404 83.03 350.696 82.73C350 82.43 349.43 81.974 348.986 81.362C348.554 80.738 348.338 79.952 348.338 79.004H350.012C350.012 79.616 350.15 80.12 350.426 80.516C350.714 80.912 351.08 81.206 351.524 81.398C351.98 81.59 352.448 81.686 352.928 81.686C353.444 81.686 353.918 81.59 354.35 81.398C354.782 81.194 355.13 80.9 355.394 80.516C355.658 80.132 355.79 79.67 355.79 79.13C355.79 78.422 355.556 77.864 355.088 77.456C354.62 77.036 353.996 76.826 353.216 76.826H351.416V75.44H353.216C353.864 75.44 354.416 75.248 354.872 74.864C355.34 74.48 355.574 73.958 355.574 73.298C355.574 72.818 355.448 72.41 355.196 72.074C354.956 71.726 354.632 71.456 354.224 71.264C353.828 71.072 353.396 70.976 352.928 70.976C352.484 70.976 352.052 71.078 351.632 71.282C351.224 71.474 350.888 71.768 350.624 72.164C350.36 72.56 350.228 73.064 350.228 73.676H348.59C348.59 72.74 348.8 71.966 349.22 71.354C349.652 70.73 350.198 70.268 350.858 69.968C351.53 69.656 352.232 69.5 352.964 69.5C353.708 69.5 354.404 69.65 355.052 69.95C355.712 70.238 356.246 70.658 356.654 71.21C357.062 71.75 357.266 72.398 357.266 73.154C357.266 73.874 357.086 74.486 356.726 74.99C356.366 75.482 355.91 75.836 355.358 76.052V76.142C355.994 76.358 356.516 76.724 356.924 77.24C357.332 77.756 357.536 78.404 357.536 79.184C357.536 80.012 357.32 80.726 356.888 81.326C356.456 81.926 355.892 82.388 355.196 82.712C354.5 83.024 353.744 83.18 352.928 83.18ZM359.505 85.718L365.751 68.168H367.389L361.143 85.718H359.505ZM373.102 83.18C372.25 83.18 371.506 83.018 370.87 82.694C370.246 82.37 369.73 81.926 369.322 81.362C368.914 80.786 368.608 80.132 368.404 79.4C368.212 78.668 368.116 77.9 368.116 77.096C368.116 76.436 368.188 75.752 368.332 75.044C368.476 74.336 368.698 73.652 368.998 72.992C369.31 72.332 369.718 71.744 370.222 71.228C370.738 70.7 371.356 70.28 372.076 69.968C372.808 69.656 373.66 69.5 374.632 69.5C375.016 69.5 375.364 69.524 375.676 69.572C376 69.608 376.258 69.65 376.45 69.698C376.642 69.746 376.738 69.77 376.738 69.77V71.39C376.738 71.39 376.63 71.366 376.414 71.318C376.198 71.27 375.922 71.228 375.586 71.192C375.262 71.144 374.932 71.12 374.596 71.12C373.864 71.12 373.234 71.234 372.706 71.462C372.19 71.678 371.752 71.972 371.392 72.344C371.044 72.704 370.762 73.1 370.546 73.532C370.342 73.952 370.192 74.372 370.096 74.792C370 75.2 369.946 75.554 369.934 75.854C370.018 75.71 370.186 75.512 370.438 75.26C370.69 75.008 371.044 74.78 371.5 74.576C371.956 74.372 372.538 74.27 373.246 74.27C374.23 74.27 375.046 74.486 375.694 74.918C376.342 75.338 376.828 75.884 377.152 76.556C377.488 77.228 377.656 77.936 377.656 78.68C377.656 79.424 377.488 80.144 377.152 80.84C376.816 81.524 376.312 82.088 375.64 82.532C374.968 82.964 374.122 83.18 373.102 83.18ZM373.066 81.668C373.546 81.668 374.002 81.56 374.434 81.344C374.878 81.128 375.238 80.804 375.514 80.372C375.802 79.928 375.946 79.382 375.946 78.734C375.946 78.074 375.802 77.528 375.514 77.096C375.238 76.652 374.878 76.322 374.434 76.106C374.002 75.89 373.546 75.782 373.066 75.782C372.586 75.782 372.124 75.89 371.68 76.106C371.248 76.322 370.888 76.652 370.6 77.096C370.324 77.528 370.186 78.074 370.186 78.734C370.186 79.382 370.324 79.928 370.6 80.372C370.888 80.804 371.248 81.128 371.68 81.344C372.124 81.56 372.586 81.668 373.066 81.668Z" fill="#639922"/>
<path d="M381 101H47C45.3431 101 44 102.343 44 104C44 105.657 45.3431 107 47 107H381C382.657 107 384 105.657 384 104C384 102.343 382.657 101 381 101Z" fill="#EAF3DE"/>
<path d="M211 101H47C45.3431 101 44 102.343 44 104C44 105.657 45.3431 107 47 107H211C212.657 107 214 105.657 214 104C214 102.343 212.657 101 211 101Z" fill="#639922"/>
<path d="M374 125H54C48.4772 125 44 129.477 44 135V167C44 172.523 48.4772 177 54 177H374C379.523 177 384 172.523 384 167V135C384 129.477 379.523 125 374 125Z" fill="#EAF3DE"/>
<path d="M73 167C81.8366 167 89 159.837 89 151C89 142.163 81.8366 135 73 135C64.1634 135 57 142.163 57 151C57 159.837 64.1634 167 73 167Z" fill="#639922"/>
<path d="M61 145V157H67L74 163V139L67 145H61Z" fill="white"/>
<path d="M78 145C81 149 81 153 78 157" stroke="white" stroke-width="2" stroke-linecap="round"/>
<path d="M100.2 156V144.9H101.52L107.31 153.345V144.9H108.78V156H107.46L101.67 147.57V156H100.2ZM114.861 159.15C114.201 159.15 113.651 159.06 113.211 158.88C112.771 158.71 112.416 158.49 112.146 158.22C111.886 157.96 111.691 157.7 111.561 157.44C111.431 157.18 111.346 156.96 111.306 156.78C111.266 156.61 111.246 156.525 111.246 156.525H112.671C112.671 156.525 112.696 156.595 112.746 156.735C112.796 156.875 112.891 157.035 113.031 157.215C113.181 157.395 113.401 157.555 113.691 157.695C113.981 157.835 114.371 157.905 114.861 157.905C115.441 157.905 115.896 157.79 116.226 157.56C116.556 157.34 116.791 157.05 116.931 156.69C117.081 156.33 117.156 155.95 117.156 155.55V154.635H117.081C116.981 154.805 116.821 155 116.601 155.22C116.391 155.43 116.111 155.615 115.761 155.775C115.411 155.925 114.981 156 114.471 156C113.871 156 113.346 155.885 112.896 155.655C112.446 155.425 112.071 155.115 111.771 154.725C111.481 154.335 111.261 153.9 111.111 153.42C110.961 152.94 110.886 152.45 110.886 151.95C110.886 151.45 110.961 150.96 111.111 150.48C111.261 150 111.481 149.565 111.771 149.175C112.071 148.785 112.446 148.475 112.896 148.245C113.346 148.015 113.871 147.9 114.471 147.9C114.981 147.9 115.411 147.98 115.761 148.14C116.111 148.29 116.391 148.47 116.601 148.68C116.821 148.89 116.981 149.085 117.081 149.265H117.156V148.05H118.581V155.535C118.581 156.645 118.256 157.525 117.606 158.175C116.966 158.825 116.051 159.15 114.861 159.15ZM114.741 154.785C115.271 154.785 115.711 154.65 116.061 154.38C116.421 154.1 116.686 153.745 116.856 153.315C117.036 152.885 117.126 152.43 117.126 151.95C117.126 151.47 117.036 151.015 116.856 150.585C116.686 150.145 116.421 149.79 116.061 149.52C115.711 149.25 115.271 149.115 114.741 149.115C114.211 149.115 113.766 149.25 113.406 149.52C113.046 149.79 112.776 150.145 112.596 150.585C112.426 151.015 112.341 151.47 112.341 151.95C112.341 152.43 112.426 152.885 112.596 153.315C112.776 153.745 113.046 154.1 113.406 154.38C113.766 154.65 114.211 154.785 114.741 154.785ZM120.825 156V144.6H122.25V149.205H122.34C122.41 149.085 122.525 148.92 122.685 148.71C122.855 148.5 123.095 148.315 123.405 148.155C123.715 147.985 124.105 147.9 124.575 147.9C125.155 147.9 125.65 148.035 126.06 148.305C126.47 148.565 126.78 148.92 126.99 149.37C127.21 149.82 127.32 150.325 127.32 150.885V156H125.895V150.975C125.895 150.445 125.745 150.005 125.445 149.655C125.155 149.305 124.73 149.13 124.17 149.13C123.72 149.13 123.355 149.245 123.075 149.475C122.795 149.695 122.585 149.99 122.445 150.36C122.315 150.72 122.25 151.105 122.25 151.515V156H120.825ZM133.035 156.15C132.385 156.15 131.82 156.035 131.34 155.805C130.87 155.565 130.48 155.245 130.17 154.845C129.87 154.445 129.645 154.005 129.495 153.525C129.345 153.035 129.27 152.535 129.27 152.025C129.27 151.525 129.34 151.03 129.48 150.54C129.63 150.05 129.855 149.605 130.155 149.205C130.465 148.805 130.85 148.49 131.31 148.26C131.78 148.02 132.335 147.9 132.975 147.9C133.655 147.9 134.255 148.055 134.775 148.365C135.295 148.675 135.705 149.135 136.005 149.745C136.305 150.355 136.455 151.12 136.455 152.04V152.46H130.71C130.74 152.91 130.845 153.325 131.025 153.705C131.215 154.075 131.48 154.375 131.82 154.605C132.16 154.825 132.565 154.935 133.035 154.935C133.445 154.935 133.775 154.87 134.025 154.74C134.285 154.6 134.49 154.44 134.64 154.26C134.79 154.08 134.89 153.925 134.94 153.795C135 153.655 135.03 153.585 135.03 153.585H136.365C136.365 153.585 136.34 153.675 136.29 153.855C136.24 154.025 136.15 154.235 136.02 154.485C135.89 154.735 135.7 154.99 135.45 155.25C135.2 155.5 134.88 155.715 134.49 155.895C134.1 156.065 133.615 156.15 133.035 156.15ZM130.725 151.35H135.06C135.04 150.83 134.93 150.41 134.73 150.09C134.53 149.76 134.275 149.515 133.965 149.355C133.655 149.195 133.325 149.115 132.975 149.115C132.345 149.115 131.83 149.32 131.43 149.73C131.03 150.13 130.795 150.67 130.725 151.35ZM145.622 156.15C144.972 156.15 144.402 156.035 143.912 155.805C143.422 155.565 143.012 155.25 142.682 154.86C142.362 154.46 142.117 154.015 141.947 153.525C141.787 153.035 141.707 152.535 141.707 152.025C141.707 151.515 141.787 151.02 141.947 150.54C142.107 150.05 142.347 149.605 142.667 149.205C142.997 148.805 143.407 148.49 143.897 148.26C144.387 148.02 144.962 147.9 145.622 147.9C146.262 147.9 146.792 147.995 147.212 148.185C147.632 148.375 147.967 148.615 148.217 148.905C148.477 149.185 148.667 149.47 148.787 149.76C148.917 150.04 149.002 150.275 149.042 150.465C149.082 150.655 149.102 150.75 149.102 150.75H147.722C147.722 150.75 147.697 150.67 147.647 150.51C147.597 150.34 147.502 150.15 147.362 149.94C147.222 149.73 147.012 149.545 146.732 149.385C146.452 149.215 146.082 149.13 145.622 149.13C145.072 149.13 144.607 149.27 144.227 149.55C143.857 149.82 143.577 150.175 143.387 150.615C143.207 151.055 143.117 151.525 143.117 152.025C143.117 152.525 143.207 152.995 143.387 153.435C143.577 153.875 143.857 154.235 144.227 154.515C144.607 154.785 145.072 154.92 145.622 154.92C146.082 154.92 146.452 154.84 146.732 154.68C147.012 154.51 147.222 154.32 147.362 154.11C147.502 153.9 147.597 153.715 147.647 153.555C147.697 153.385 147.722 153.3 147.722 153.3H149.102C149.102 153.3 149.082 153.395 149.042 153.585C149.002 153.775 148.917 154.015 148.787 154.305C148.667 154.585 148.477 154.87 148.217 155.16C147.967 155.44 147.632 155.675 147.212 155.865C146.792 156.055 146.262 156.15 145.622 156.15ZM152.496 146.91L154.311 144.405H155.526L157.341 146.91H156.051L154.911 145.305L153.786 146.91H152.496ZM154.581 147.9C155.081 147.9 155.501 147.98 155.841 148.14C156.181 148.3 156.456 148.49 156.666 148.71C156.876 148.92 157.036 149.12 157.146 149.31H157.236V148.05H158.661V156H157.236V154.74H157.146C157.036 154.93 156.876 155.135 156.666 155.355C156.456 155.575 156.181 155.765 155.841 155.925C155.501 156.075 155.081 156.15 154.581 156.15C153.981 156.15 153.456 156.035 153.006 155.805C152.556 155.565 152.181 155.25 151.881 154.86C151.581 154.46 151.356 154.015 151.206 153.525C151.056 153.035 150.981 152.535 150.981 152.025C150.981 151.515 151.056 151.015 151.206 150.525C151.356 150.035 151.581 149.595 151.881 149.205C152.181 148.805 152.556 148.49 153.006 148.26C153.456 148.02 153.981 147.9 154.581 147.9ZM154.821 149.115C154.291 149.115 153.846 149.26 153.486 149.55C153.126 149.83 152.856 150.19 152.676 150.63C152.506 151.07 152.421 151.535 152.421 152.025C152.421 152.505 152.506 152.97 152.676 153.42C152.856 153.86 153.126 154.225 153.486 154.515C153.846 154.795 154.291 154.935 154.821 154.935C155.351 154.935 155.791 154.795 156.141 154.515C156.501 154.225 156.766 153.86 156.936 153.42C157.116 152.97 157.206 152.505 157.206 152.025C157.206 151.535 157.116 151.07 156.936 150.63C156.766 150.19 156.501 149.83 156.141 149.55C155.791 149.26 155.351 149.115 154.821 149.115ZM163.451 156.15C162.661 156.15 162.031 155.905 161.561 155.415C161.091 154.925 160.856 154.245 160.856 153.375V148.05H162.281V153.3C162.281 153.82 162.421 154.22 162.701 154.5C162.991 154.78 163.371 154.92 163.841 154.92C164.321 154.92 164.706 154.795 164.996 154.545C165.286 154.295 165.496 153.975 165.626 153.585C165.756 153.195 165.821 152.795 165.821 152.385V148.05H167.246V156H165.821V154.86H165.731C165.671 154.98 165.556 155.145 165.386 155.355C165.216 155.555 164.976 155.74 164.666 155.91C164.356 156.07 163.951 156.15 163.451 156.15ZM172.809 156V148.05H174.234V149.04H174.294C174.464 148.74 174.714 148.475 175.044 148.245C175.374 148.015 175.839 147.9 176.439 147.9C176.609 147.9 176.764 147.91 176.904 147.93C177.044 147.94 177.114 147.945 177.114 147.945V149.31C177.114 149.31 177.034 149.305 176.874 149.295C176.724 149.275 176.564 149.265 176.394 149.265C175.704 149.265 175.169 149.465 174.789 149.865C174.419 150.255 174.234 150.895 174.234 151.785V156H172.809ZM183.962 144.975L182.417 142.26H183.887L185.177 144.96L183.962 144.975ZM179.492 146.895L181.307 144.69H182.522L184.337 146.895H183.047L181.907 145.515L180.782 146.895H179.492ZM181.922 156.15C181.072 156.15 180.357 155.955 179.777 155.565C179.197 155.165 178.757 154.65 178.457 154.02C178.157 153.39 178.007 152.725 178.007 152.025C178.007 151.315 178.157 150.65 178.457 150.03C178.757 149.4 179.197 148.89 179.777 148.5C180.357 148.1 181.072 147.9 181.922 147.9C182.772 147.9 183.487 148.1 184.067 148.5C184.647 148.89 185.087 149.4 185.387 150.03C185.687 150.65 185.837 151.315 185.837 152.025C185.837 152.725 185.687 153.39 185.387 154.02C185.087 154.65 184.647 155.165 184.067 155.565C183.487 155.955 182.772 156.15 181.922 156.15ZM181.922 154.905C182.462 154.905 182.912 154.77 183.272 154.5C183.642 154.22 183.917 153.86 184.097 153.42C184.287 152.98 184.382 152.515 184.382 152.025C184.382 151.525 184.287 151.06 184.097 150.63C183.917 150.19 183.642 149.835 183.272 149.565C182.912 149.285 182.462 149.145 181.922 149.145C181.392 149.145 180.942 149.285 180.572 149.565C180.202 149.835 179.922 150.19 179.732 150.63C179.552 151.06 179.462 151.525 179.462 152.025C179.462 152.515 179.552 152.98 179.732 153.42C179.922 153.86 180.202 154.22 180.572 154.5C180.942 154.77 181.392 154.905 181.922 154.905ZM188.797 146.535C188.527 146.535 188.302 146.445 188.122 146.265C187.952 146.085 187.867 145.87 187.867 145.62C187.867 145.36 187.952 145.14 188.122 144.96C188.302 144.78 188.527 144.69 188.797 144.69C189.057 144.69 189.277 144.78 189.457 144.96C189.637 145.14 189.727 145.36 189.727 145.62C189.727 145.87 189.637 146.085 189.457 146.265C189.277 146.445 189.057 146.535 188.797 146.535ZM188.092 156V148.05H189.517V156H188.092ZM199.044 156.15C198.394 156.15 197.824 156.035 197.334 155.805C196.844 155.565 196.434 155.25 196.104 154.86C195.784 154.46 195.539 154.015 195.369 153.525C195.209 153.035 195.129 152.535 195.129 152.025C195.129 151.515 195.209 151.02 195.369 150.54C195.529 150.05 195.769 149.605 196.089 149.205C196.419 148.805 196.829 148.49 197.319 148.26C197.809 148.02 198.384 147.9 199.044 147.9C199.684 147.9 200.214 147.995 200.634 148.185C201.054 148.375 201.389 148.615 201.639 148.905C201.899 149.185 202.089 149.47 202.209 149.76C202.339 150.04 202.424 150.275 202.464 150.465C202.504 150.655 202.524 150.75 202.524 150.75H201.144C201.144 150.75 201.119 150.67 201.069 150.51C201.019 150.34 200.924 150.15 200.784 149.94C200.644 149.73 200.434 149.545 200.154 149.385C199.874 149.215 199.504 149.13 199.044 149.13C198.494 149.13 198.029 149.27 197.649 149.55C197.279 149.82 196.999 150.175 196.809 150.615C196.629 151.055 196.539 151.525 196.539 152.025C196.539 152.525 196.629 152.995 196.809 153.435C196.999 153.875 197.279 154.235 197.649 154.515C198.029 154.785 198.494 154.92 199.044 154.92C199.504 154.92 199.874 154.84 200.154 154.68C200.434 154.51 200.644 154.32 200.784 154.11C200.924 153.9 201.019 153.715 201.069 153.555C201.119 153.385 201.144 153.3 201.144 153.3H202.524C202.524 153.3 202.504 153.395 202.464 153.585C202.424 153.775 202.339 154.015 202.209 154.305C202.089 154.585 201.899 154.87 201.639 155.16C201.389 155.44 201.054 155.675 200.634 155.865C200.214 156.055 199.684 156.15 199.044 156.15ZM204.629 156V144.6H206.054V149.205H206.144C206.214 149.085 206.329 148.92 206.489 148.71C206.659 148.5 206.899 148.315 207.209 148.155C207.519 147.985 207.909 147.9 208.379 147.9C208.959 147.9 209.454 148.035 209.864 148.305C210.274 148.565 210.584 148.92 210.794 149.37C211.014 149.82 211.124 150.325 211.124 150.885V156H209.699V150.975C209.699 150.445 209.549 150.005 209.249 149.655C208.959 149.305 208.534 149.13 207.974 149.13C207.524 149.13 207.159 149.245 206.879 149.475C206.599 149.695 206.389 149.99 206.249 150.36C206.119 150.72 206.054 151.105 206.054 151.515V156H204.629ZM217.064 156.15C216.214 156.15 215.499 155.955 214.919 155.565C214.339 155.165 213.899 154.65 213.599 154.02C213.299 153.39 213.149 152.725 213.149 152.025C213.149 151.315 213.299 150.65 213.599 150.03C213.899 149.4 214.339 148.89 214.919 148.5C215.499 148.1 216.214 147.9 217.064 147.9C217.914 147.9 218.629 148.1 219.209 148.5C219.789 148.89 220.229 149.4 220.529 150.03C220.829 150.65 220.979 151.315 220.979 152.025C220.979 152.725 220.829 153.39 220.529 154.02C220.229 154.65 219.789 155.165 219.209 155.565C218.629 155.955 217.914 156.15 217.064 156.15ZM217.064 154.905C217.604 154.905 218.054 154.77 218.414 154.5C218.784 154.22 219.059 153.86 219.239 153.42C219.429 152.98 219.524 152.515 219.524 152.025C219.524 151.525 219.429 151.06 219.239 150.63C219.059 150.19 218.784 149.835 218.414 149.565C218.054 149.285 217.604 149.145 217.064 149.145C216.534 149.145 216.084 149.285 215.714 149.565C215.344 149.835 215.064 150.19 214.874 150.63C214.694 151.06 214.604 151.525 214.604 152.025C214.604 152.515 214.694 152.98 214.874 153.42C215.064 153.86 215.344 154.22 215.714 154.5C216.084 154.77 216.534 154.905 217.064 154.905ZM217.064 159.405C216.784 159.405 216.549 159.305 216.359 159.105C216.179 158.915 216.089 158.69 216.089 158.43C216.089 158.16 216.179 157.93 216.359 157.74C216.549 157.55 216.784 157.455 217.064 157.455C217.344 157.455 217.574 157.55 217.754 157.74C217.944 157.93 218.039 158.16 218.039 158.43C218.039 158.7 217.944 158.93 217.754 159.12C217.574 159.31 217.344 159.405 217.064 159.405ZM223.009 156V148.05H224.434V149.205H224.524C224.594 149.085 224.709 148.92 224.869 148.71C225.039 148.5 225.279 148.315 225.589 148.155C225.899 147.985 226.289 147.9 226.759 147.9C227.339 147.9 227.834 148.035 228.244 148.305C228.654 148.565 228.964 148.92 229.174 149.37C229.394 149.82 229.504 150.325 229.504 150.885V156H228.079V150.975C228.079 150.445 227.929 150.005 227.629 149.655C227.339 149.305 226.914 149.13 226.354 149.13C225.904 149.13 225.539 149.245 225.259 149.475C224.979 149.695 224.769 149.99 224.629 150.36C224.499 150.72 224.434 151.105 224.434 151.515V156H223.009ZM235.065 156V148.05H236.49V149.205H236.58C236.65 149.085 236.765 148.92 236.925 148.71C237.095 148.5 237.335 148.315 237.645 148.155C237.955 147.985 238.345 147.9 238.815 147.9C239.395 147.9 239.89 148.035 240.3 148.305C240.71 148.565 241.02 148.92 241.23 149.37C241.45 149.82 241.56 150.325 241.56 150.885V156H240.135V150.975C240.135 150.445 239.985 150.005 239.685 149.655C239.395 149.305 238.97 149.13 238.41 149.13C237.96 149.13 237.595 149.245 237.315 149.475C237.035 149.695 236.825 149.99 236.685 150.36C236.555 150.72 236.49 151.105 236.49 151.515V156H235.065ZM247.488 159.15C246.828 159.15 246.278 159.06 245.838 158.88C245.398 158.71 245.043 158.49 244.773 158.22C244.513 157.96 244.318 157.7 244.188 157.44C244.058 157.18 243.973 156.96 243.933 156.78C243.893 156.61 243.873 156.525 243.873 156.525H245.298C245.298 156.525 245.323 156.595 245.373 156.735C245.423 156.875 245.518 157.035 245.658 157.215C245.808 157.395 246.028 157.555 246.318 157.695C246.608 157.835 246.998 157.905 247.488 157.905C248.068 157.905 248.523 157.79 248.853 157.56C249.183 157.34 249.418 157.05 249.558 156.69C249.708 156.33 249.783 155.95 249.783 155.55V154.635H249.708C249.608 154.805 249.448 155 249.228 155.22C249.018 155.43 248.738 155.615 248.388 155.775C248.038 155.925 247.608 156 247.098 156C246.498 156 245.973 155.885 245.523 155.655C245.073 155.425 244.698 155.115 244.398 154.725C244.108 154.335 243.888 153.9 243.738 153.42C243.588 152.94 243.513 152.45 243.513 151.95C243.513 151.45 243.588 150.96 243.738 150.48C243.888 150 244.108 149.565 244.398 149.175C244.698 148.785 245.073 148.475 245.523 148.245C245.973 148.015 246.498 147.9 247.098 147.9C247.608 147.9 248.038 147.98 248.388 148.14C248.738 148.29 249.018 148.47 249.228 148.68C249.448 148.89 249.608 149.085 249.708 149.265H249.783V148.05H251.208V155.535C251.208 156.645 250.883 157.525 250.233 158.175C249.593 158.825 248.678 159.15 247.488 159.15ZM247.368 154.785C247.898 154.785 248.338 154.65 248.688 154.38C249.048 154.1 249.313 153.745 249.483 153.315C249.663 152.885 249.753 152.43 249.753 151.95C249.753 151.47 249.663 151.015 249.483 150.585C249.313 150.145 249.048 149.79 248.688 149.52C248.338 149.25 247.898 149.115 247.368 149.115C246.838 149.115 246.393 149.25 246.033 149.52C245.673 149.79 245.403 150.145 245.223 150.585C245.053 151.015 244.968 151.47 244.968 151.95C244.968 152.43 245.053 152.885 245.223 153.315C245.403 153.745 245.673 154.1 246.033 154.38C246.393 154.65 246.838 154.785 247.368 154.785ZM253.452 156V144.6H254.877V149.205H254.967C255.037 149.085 255.152 148.92 255.312 148.71C255.482 148.5 255.722 148.315 256.032 148.155C256.342 147.985 256.732 147.9 257.202 147.9C257.782 147.9 258.277 148.035 258.687 148.305C259.097 148.565 259.407 148.92 259.617 149.37C259.837 149.82 259.947 150.325 259.947 150.885V156H258.522V150.975C258.522 150.445 258.372 150.005 258.072 149.655C257.782 149.305 257.357 149.13 256.797 149.13C256.347 149.13 255.982 149.245 255.702 149.475C255.422 149.695 255.212 149.99 255.072 150.36C254.942 150.72 254.877 151.105 254.877 151.515V156H253.452ZM264.087 146.745C263.817 146.745 263.587 146.695 263.397 146.595C263.217 146.495 263.057 146.38 262.917 146.25C262.787 146.12 262.662 146.005 262.542 145.905C262.422 145.805 262.292 145.755 262.152 145.755C261.982 145.755 261.857 145.84 261.777 146.01C261.707 146.17 261.672 146.385 261.672 146.655H260.712C260.712 146.345 260.752 146.045 260.832 145.755C260.902 145.455 261.037 145.21 261.237 145.02C261.437 144.82 261.712 144.72 262.062 144.72C262.332 144.72 262.562 144.77 262.752 144.87C262.942 144.97 263.102 145.085 263.232 145.215C263.372 145.335 263.502 145.445 263.622 145.545C263.742 145.645 263.867 145.695 263.997 145.695C264.157 145.695 264.272 145.615 264.342 145.455C264.422 145.295 264.462 145.075 264.462 144.795H265.422C265.422 145.105 265.382 145.41 265.302 145.71C265.232 146.01 265.097 146.26 264.897 146.46C264.707 146.65 264.437 146.745 264.087 146.745ZM262.362 156V148.05H263.787V156H262.362ZM269.643 147.9C270.143 147.9 270.563 147.98 270.903 148.14C271.243 148.3 271.518 148.49 271.728 148.71C271.938 148.92 272.098 149.12 272.208 149.31H272.298V148.05H273.723V156H272.298V154.74H272.208C272.098 154.93 271.938 155.135 271.728 155.355C271.518 155.575 271.243 155.765 270.903 155.925C270.563 156.075 270.143 156.15 269.643 156.15C269.043 156.15 268.518 156.035 268.068 155.805C267.618 155.565 267.243 155.25 266.943 154.86C266.643 154.46 266.418 154.015 266.268 153.525C266.118 153.035 266.043 152.535 266.043 152.025C266.043 151.515 266.118 151.015 266.268 150.525C266.418 150.035 266.643 149.595 266.943 149.205C267.243 148.805 267.618 148.49 268.068 148.26C268.518 148.02 269.043 147.9 269.643 147.9ZM269.883 149.115C269.353 149.115 268.908 149.26 268.548 149.55C268.188 149.83 267.918 150.19 267.738 150.63C267.568 151.07 267.483 151.535 267.483 152.025C267.483 152.505 267.568 152.97 267.738 153.42C267.918 153.86 268.188 154.225 268.548 154.515C268.908 154.795 269.353 154.935 269.883 154.935C270.413 154.935 270.853 154.795 271.203 154.515C271.563 154.225 271.828 153.86 271.998 153.42C272.178 152.97 272.268 152.505 272.268 152.025C272.268 151.535 272.178 151.07 271.998 150.63C271.828 150.19 271.563 149.83 271.203 149.55C270.853 149.26 270.413 149.115 269.883 149.115ZM282.724 156.15C282.124 156.15 281.599 156.035 281.149 155.805C280.699 155.565 280.324 155.25 280.024 154.86C279.724 154.46 279.499 154.015 279.349 153.525C279.199 153.035 279.124 152.535 279.124 152.025C279.124 151.515 279.199 151.015 279.349 150.525C279.499 150.035 279.724 149.595 280.024 149.205C280.324 148.805 280.699 148.49 281.149 148.26C281.599 148.02 282.124 147.9 282.724 147.9C283.224 147.9 283.644 147.98 283.984 148.14C284.324 148.3 284.599 148.49 284.809 148.71C285.019 148.92 285.179 149.12 285.289 149.31H285.379V147.18H283.294V146.04H285.379V144.6H286.804V146.04H288.169V147.18H286.804V156H285.379V154.74H285.289C285.179 154.93 285.019 155.135 284.809 155.355C284.599 155.575 284.324 155.765 283.984 155.925C283.644 156.075 283.224 156.15 282.724 156.15ZM282.964 154.935C283.494 154.935 283.934 154.795 284.284 154.515C284.644 154.225 284.909 153.86 285.079 153.42C285.259 152.97 285.349 152.505 285.349 152.025C285.349 151.535 285.259 151.07 285.079 150.63C284.909 150.19 284.644 149.83 284.284 149.55C283.934 149.26 283.494 149.115 282.964 149.115C282.434 149.115 281.989 149.26 281.629 149.55C281.269 149.83 280.999 150.19 280.819 150.63C280.649 151.07 280.564 151.535 280.564 152.025C280.564 152.505 280.649 152.97 280.819 153.42C280.999 153.86 281.269 154.225 281.629 154.515C281.989 154.795 282.434 154.935 282.964 154.935ZM293.195 146.85L291.98 146.835L293.27 144.135H294.74L293.195 146.85ZM292.025 156.15C291.235 156.15 290.605 155.905 290.135 155.415C289.665 154.925 289.43 154.245 289.43 153.375V148.05H290.855V153.3C290.855 153.82 290.995 154.22 291.275 154.5C291.565 154.78 291.945 154.92 292.415 154.92C292.895 154.92 293.28 154.795 293.57 154.545C293.86 154.295 294.07 153.975 294.2 153.585C294.33 153.195 294.395 152.795 294.395 152.385V148.05H295.82V156H294.395V154.86H294.305C294.245 154.98 294.13 155.145 293.96 155.355C293.79 155.555 293.55 155.74 293.24 155.91C292.93 156.07 292.525 156.15 292.025 156.15ZM298.068 156V148.05H299.493V149.205H299.583C299.653 149.085 299.768 148.92 299.928 148.71C300.098 148.5 300.338 148.315 300.648 148.155C300.958 147.985 301.348 147.9 301.818 147.9C302.398 147.9 302.893 148.035 303.303 148.305C303.713 148.565 304.023 148.92 304.233 149.37C304.453 149.82 304.563 150.325 304.563 150.885V156H303.138V150.975C303.138 150.445 302.988 150.005 302.688 149.655C302.398 149.305 301.973 149.13 301.413 149.13C300.963 149.13 300.598 149.245 300.318 149.475C300.038 149.695 299.828 149.99 299.688 150.36C299.558 150.72 299.493 151.105 299.493 151.515V156H298.068ZM310.491 159.15C309.831 159.15 309.281 159.06 308.841 158.88C308.401 158.71 308.046 158.49 307.776 158.22C307.516 157.96 307.321 157.7 307.191 157.44C307.061 157.18 306.976 156.96 306.936 156.78C306.896 156.61 306.876 156.525 306.876 156.525H308.301C308.301 156.525 308.326 156.595 308.376 156.735C308.426 156.875 308.521 157.035 308.661 157.215C308.811 157.395 309.031 157.555 309.321 157.695C309.611 157.835 310.001 157.905 310.491 157.905C311.071 157.905 311.526 157.79 311.856 157.56C312.186 157.34 312.421 157.05 312.561 156.69C312.711 156.33 312.786 155.95 312.786 155.55V154.635H312.711C312.611 154.805 312.451 155 312.231 155.22C312.021 155.43 311.741 155.615 311.391 155.775C311.041 155.925 310.611 156 310.101 156C309.501 156 308.976 155.885 308.526 155.655C308.076 155.425 307.701 155.115 307.401 154.725C307.111 154.335 306.891 153.9 306.741 153.42C306.591 152.94 306.516 152.45 306.516 151.95C306.516 151.45 306.591 150.96 306.741 150.48C306.891 150 307.111 149.565 307.401 149.175C307.701 148.785 308.076 148.475 308.526 148.245C308.976 148.015 309.501 147.9 310.101 147.9C310.611 147.9 311.041 147.98 311.391 148.14C311.741 148.29 312.021 148.47 312.231 148.68C312.451 148.89 312.611 149.085 312.711 149.265H312.786V148.05H314.211V155.535C314.211 156.645 313.886 157.525 313.236 158.175C312.596 158.825 311.681 159.15 310.491 159.15ZM310.371 154.785C310.901 154.785 311.341 154.65 311.691 154.38C312.051 154.1 312.316 153.745 312.486 153.315C312.666 152.885 312.756 152.43 312.756 151.95C312.756 151.47 312.666 151.015 312.486 150.585C312.316 150.145 312.051 149.79 311.691 149.52C311.341 149.25 310.901 149.115 310.371 149.115C309.841 149.115 309.396 149.25 309.036 149.52C308.676 149.79 308.406 150.145 308.226 150.585C308.056 151.015 307.971 151.47 307.971 151.95C307.971 152.43 308.056 152.885 308.226 153.315C308.406 153.745 308.676 154.1 309.036 154.38C309.396 154.65 309.841 154.785 310.371 154.785Z" fill="#3B6D11"/>
<path d="M370 193H58C50.268 193 44 201.034 44 210.945V316.055C44 325.966 50.268 334 58 334H370C377.732 334 384 325.966 384 316.055V210.945C384 201.034 377.732 193 370 193Z" fill="#F5F5F0" stroke="#E0E0E0" stroke-width="0.5"/>
<path d="M82 279C99.1208 279 113 265.121 113 248C113 230.879 99.1208 217 82 217C64.8792 217 51 230.879 51 248C51 265.121 64.8792 279 82 279Z" fill="#639922"/>
<path d="M77 238L97 248L77 258V238Z" fill="white"/>
<path d="M129 244H128C126.895 244 126 244.895 126 246V252C126 253.105 126.895 254 128 254H129C130.105 254 131 253.105 131 252V246C131 244.895 130.105 244 129 244Z" fill="#C0DD97"/>
<path d="M138 238H137C135.895 238 135 238.895 135 240V258C135 259.105 135.895 260 137 260H138C139.105 260 140 259.105 140 258V240C140 238.895 139.105 238 138 238Z" fill="#C0DD97"/>
<path d="M147 241H146C144.895 241 144 241.895 144 243V255C144 256.105 144.895 257 146 257H147C148.105 257 149 256.105 149 255V243C149 241.895 148.105 241 147 241Z" fill="#639922"/>
<path d="M156 235H155C153.895 235 153 235.895 153 237V261C153 262.105 153.895 263 155 263H156C157.105 263 158 262.105 158 261V237C158 235.895 157.105 235 156 235Z" fill="#639922"/>
<path d="M165 239H164C162.895 239 162 239.895 162 241V257C162 258.105 162.895 259 164 259H165C166.105 259 167 258.105 167 257V241C167 239.895 166.105 239 165 239Z" fill="#639922"/>
<path d="M174 242H173C171.895 242 171 242.895 171 244V254C171 255.105 171.895 256 173 256H174C175.105 256 176 255.105 176 254V244C176 242.895 175.105 242 174 242Z" fill="#C0DD97"/>
<path d="M183 237H182C180.895 237 180 237.895 180 239V259C180 260.105 180.895 261 182 261H183C184.105 261 185 260.105 185 259V239C185 237.895 184.105 237 183 237Z" fill="#C0DD97"/>
<path d="M192 241H191C189.895 241 189 241.895 189 243V255C189 256.105 189.895 257 191 257H192C193.105 257 194 256.105 194 255V243C194 241.895 193.105 241 192 241Z" fill="#C0DD97"/>
<path d="M201 244H200C198.895 244 198 244.895 198 246V252C198 253.105 198.895 254 200 254H201C202.105 254 203 253.105 203 252V246C203 244.895 202.105 244 201 244Z" fill="#C0DD97"/>
<path d="M210 239H209C207.895 239 207 239.895 207 241V257C207 258.105 207.895 259 209 259H210C211.105 259 212 258.105 212 257V241C212 239.895 211.105 239 210 239Z" fill="#C0DD97"/>
<path d="M219 243H218C216.895 243 216 243.895 216 245V253C216 254.105 216.895 255 218 255H219C220.105 255 221 254.105 221 253V245C221 243.895 220.105 243 219 243Z" fill="#C0DD97"/>
<path d="M228 237H227C225.895 237 225 237.895 225 239V259C225 260.105 225.895 261 227 261H228C229.105 261 230 260.105 230 259V239C230 237.895 229.105 237 228 237Z" fill="#C0DD97"/>
<path d="M237 241H236C234.895 241 234 241.895 234 243V255C234 256.105 234.895 257 236 257H237C238.105 257 239 256.105 239 255V243C239 241.895 238.105 241 237 241Z" fill="#C0DD97"/>
<path d="M246 244H245C243.895 244 243 244.895 243 246V252C243 253.105 243.895 254 245 254H246C247.105 254 248 253.105 248 252V246C248 244.895 247.105 244 246 244Z" fill="#C0DD97"/>
<path d="M255 240H254C252.895 240 252 240.895 252 242V256C252 257.105 252.895 258 254 258H255C256.105 258 257 257.105 257 256V242C257 240.895 256.105 240 255 240Z" fill="#C0DD97"/>
<path d="M264 243H263C261.895 243 261 243.895 261 245V253C261 254.105 261.895 255 263 255H264C265.105 255 266 254.105 266 253V245C266 243.895 265.105 243 264 243Z" fill="#C0DD97"/>
<path d="M273 238H272C270.895 238 270 238.895 270 240V258C270 259.105 270.895 260 272 260H273C274.105 260 275 259.105 275 258V240C275 238.895 274.105 238 273 238Z" fill="#C0DD97"/>
<path d="M282 242H281C279.895 242 279 242.895 279 244V254C279 255.105 279.895 256 281 256H282C283.105 256 284 255.105 284 254V244C284 242.895 283.105 242 282 242Z" fill="#C0DD97"/>
<path d="M291 244H290C288.895 244 288 244.895 288 246V252C288 253.105 288.895 254 290 254H291C292.105 254 293 253.105 293 252V246C293 244.895 292.105 244 291 244Z" fill="#C0DD97"/>
<path d="M300 240H299C297.895 240 297 240.895 297 242V256C297 257.105 297.895 258 299 258H300C301.105 258 302 257.105 302 256V242C302 240.895 301.105 240 300 240Z" fill="#C0DD97"/>
<path d="M309 237H308C306.895 237 306 237.895 306 239V259C306 260.105 306.895 261 308 261H309C310.105 261 311 260.105 311 259V239C311 237.895 310.105 237 309 237Z" fill="#C0DD97"/>
<path d="M318 242H317C315.895 242 315 242.895 315 244V254C315 255.105 315.895 256 317 256H318C319.105 256 320 255.105 320 254V244C320 242.895 319.105 242 318 242Z" fill="#C0DD97"/>
<path d="M327 244H326C324.895 244 324 244.895 324 246V252C324 253.105 324.895 254 326 254H327C328.105 254 329 253.105 329 252V246C329 244.895 328.105 244 327 244Z" fill="#C0DD97"/>
<path d="M336 240H335C333.895 240 333 240.895 333 242V256C333 257.105 333.895 258 335 258H336C337.105 258 338 257.105 338 256V242C338 240.895 337.105 240 336 240Z" fill="#C0DD97"/>
<path d="M345 243H344C342.895 243 342 243.895 342 245V253C342 254.105 342.895 255 344 255H345C346.105 255 347 254.105 347 253V245C347 243.895 346.105 243 345 243Z" fill="#C0DD97"/>
<path d="M354 238H353C351.895 238 351 238.895 351 240V258C351 259.105 351.895 260 353 260H354C355.105 260 356 259.105 356 258V240C356 238.895 355.105 238 354 238Z" fill="#C0DD97"/>
<path d="M272.3 297H146.7C138.029 297 131 304.163 131 313C131 321.837 138.029 329 146.7 329H272.3C280.971 329 288 321.837 288 313C288 304.163 280.971 297 272.3 297Z" stroke="#C0DD97"/>
<path d="M144.284 321V306.2H146.044L153.764 317.46V306.2H155.724V321H153.964L146.244 309.76V321H144.284ZM163.832 325.2C162.952 325.2 162.219 325.08 161.632 324.84C161.045 324.613 160.572 324.32 160.212 323.96C159.865 323.613 159.605 323.267 159.432 322.92C159.259 322.573 159.145 322.28 159.092 322.04C159.039 321.813 159.012 321.7 159.012 321.7H160.912C160.912 321.7 160.945 321.793 161.012 321.98C161.079 322.167 161.205 322.38 161.392 322.62C161.592 322.86 161.885 323.073 162.272 323.26C162.659 323.447 163.179 323.54 163.832 323.54C164.605 323.54 165.212 323.387 165.652 323.08C166.092 322.787 166.405 322.4 166.592 321.92C166.792 321.44 166.892 320.933 166.892 320.4V319.18H166.792C166.659 319.407 166.445 319.667 166.152 319.96C165.872 320.24 165.499 320.487 165.032 320.7C164.565 320.9 163.992 321 163.312 321C162.512 321 161.812 320.847 161.212 320.54C160.612 320.233 160.112 319.82 159.712 319.3C159.325 318.78 159.032 318.2 158.832 317.56C158.632 316.92 158.532 316.267 158.532 315.6C158.532 314.933 158.632 314.28 158.832 313.64C159.032 313 159.325 312.42 159.712 311.9C160.112 311.38 160.612 310.967 161.212 310.66C161.812 310.353 162.512 310.2 163.312 310.2C163.992 310.2 164.565 310.307 165.032 310.52C165.499 310.72 165.872 310.96 166.152 311.24C166.445 311.52 166.659 311.78 166.792 312.02H166.892V310.4H168.792V320.38C168.792 321.86 168.359 323.033 167.492 323.9C166.639 324.767 165.419 325.2 163.832 325.2ZM163.672 319.38C164.379 319.38 164.965 319.2 165.432 318.84C165.912 318.467 166.265 317.993 166.492 317.42C166.732 316.847 166.852 316.24 166.852 315.6C166.852 314.96 166.732 314.353 166.492 313.78C166.265 313.193 165.912 312.72 165.432 312.36C164.965 312 164.379 311.82 163.672 311.82C162.965 311.82 162.372 312 161.892 312.36C161.412 312.72 161.052 313.193 160.812 313.78C160.585 314.353 160.472 314.96 160.472 315.6C160.472 316.24 160.585 316.847 160.812 317.42C161.052 317.993 161.412 318.467 161.892 318.84C162.372 319.2 162.965 319.38 163.672 319.38ZM171.784 321V305.8H173.684V311.94H173.804C173.897 311.78 174.05 311.56 174.264 311.28C174.49 311 174.81 310.753 175.224 310.54C175.637 310.313 176.157 310.2 176.784 310.2C177.557 310.2 178.217 310.38 178.764 310.74C179.31 311.087 179.724 311.56 180.004 312.16C180.297 312.76 180.444 313.433 180.444 314.18V321H178.544V314.3C178.544 313.593 178.344 313.007 177.944 312.54C177.557 312.073 176.99 311.84 176.244 311.84C175.644 311.84 175.157 311.993 174.784 312.3C174.41 312.593 174.13 312.987 173.944 313.48C173.77 313.96 173.684 314.473 173.684 315.02V321H171.784ZM188.064 321.2C187.197 321.2 186.444 321.047 185.804 320.74C185.177 320.42 184.657 319.993 184.244 319.46C183.844 318.927 183.544 318.34 183.344 317.7C183.144 317.047 183.044 316.38 183.044 315.7C183.044 315.033 183.137 314.373 183.324 313.72C183.524 313.067 183.824 312.473 184.224 311.94C184.637 311.407 185.15 310.987 185.764 310.68C186.39 310.36 187.13 310.2 187.984 310.2C188.89 310.2 189.69 310.407 190.384 310.82C191.077 311.233 191.624 311.847 192.024 312.66C192.424 313.473 192.624 314.493 192.624 315.72V316.28H184.964C185.004 316.88 185.144 317.433 185.384 317.94C185.637 318.433 185.99 318.833 186.444 319.14C186.897 319.433 187.437 319.58 188.064 319.58C188.61 319.58 189.05 319.493 189.384 319.32C189.73 319.133 190.004 318.92 190.204 318.68C190.404 318.44 190.537 318.233 190.604 318.06C190.684 317.873 190.724 317.78 190.724 317.78H192.504C192.504 317.78 192.47 317.9 192.404 318.14C192.337 318.367 192.217 318.647 192.044 318.98C191.87 319.313 191.617 319.653 191.284 320C190.95 320.333 190.524 320.62 190.004 320.86C189.484 321.087 188.837 321.2 188.064 321.2ZM184.984 314.8H190.764C190.737 314.107 190.59 313.547 190.324 313.12C190.057 312.68 189.717 312.353 189.304 312.14C188.89 311.927 188.45 311.82 187.984 311.82C187.144 311.82 186.457 312.093 185.924 312.64C185.39 313.173 185.077 313.893 184.984 314.8ZM204.846 321.2C203.979 321.2 203.219 321.047 202.566 320.74C201.912 320.42 201.366 320 200.926 319.48C200.499 318.947 200.172 318.353 199.946 317.7C199.732 317.047 199.626 316.38 199.626 315.7C199.626 315.02 199.732 314.36 199.946 313.72C200.159 313.067 200.479 312.473 200.906 311.94C201.346 311.407 201.892 310.987 202.546 310.68C203.199 310.36 203.966 310.2 204.846 310.2C205.699 310.2 206.406 310.327 206.966 310.58C207.526 310.833 207.972 311.153 208.306 311.54C208.652 311.913 208.906 312.293 209.066 312.68C209.239 313.053 209.352 313.367 209.406 313.62C209.459 313.873 209.486 314 209.486 314H207.646C207.646 314 207.612 313.893 207.546 313.68C207.479 313.453 207.352 313.2 207.166 312.92C206.979 312.64 206.699 312.393 206.326 312.18C205.952 311.953 205.459 311.84 204.846 311.84C204.112 311.84 203.492 312.027 202.986 312.4C202.492 312.76 202.119 313.233 201.866 313.82C201.626 314.407 201.506 315.033 201.506 315.7C201.506 316.367 201.626 316.993 201.866 317.58C202.119 318.167 202.492 318.647 202.986 319.02C203.492 319.38 204.112 319.56 204.846 319.56C205.459 319.56 205.952 319.453 206.326 319.24C206.699 319.013 206.979 318.76 207.166 318.48C207.352 318.2 207.479 317.953 207.546 317.74C207.612 317.513 207.646 317.4 207.646 317.4H209.486C209.486 317.4 209.459 317.527 209.406 317.78C209.352 318.033 209.239 318.353 209.066 318.74C208.906 319.113 208.652 319.493 208.306 319.88C207.972 320.253 207.526 320.567 206.966 320.82C206.406 321.073 205.699 321.2 204.846 321.2ZM212.291 321V305.8H214.191V311.94H214.311C214.405 311.78 214.558 311.56 214.771 311.28C214.998 311 215.318 310.753 215.731 310.54C216.145 310.313 216.665 310.2 217.291 310.2C218.065 310.2 218.725 310.38 219.271 310.74C219.818 311.087 220.231 311.56 220.511 312.16C220.805 312.76 220.951 313.433 220.951 314.18V321H219.051V314.3C219.051 313.593 218.851 313.007 218.451 312.54C218.065 312.073 217.498 311.84 216.751 311.84C216.151 311.84 215.665 311.993 215.291 312.3C214.918 312.593 214.638 312.987 214.451 313.48C214.278 313.96 214.191 314.473 214.191 315.02V321H212.291ZM225.672 308.88L228.092 305.54H229.712L232.132 308.88H230.412L228.892 306.74L227.392 308.88H225.672ZM228.452 310.2C229.118 310.2 229.678 310.307 230.132 310.52C230.585 310.733 230.952 310.987 231.232 311.28C231.512 311.56 231.725 311.827 231.872 312.08H231.992V310.4H233.892V321H231.992V319.32H231.872C231.725 319.573 231.512 319.847 231.232 320.14C230.952 320.433 230.585 320.687 230.132 320.9C229.678 321.1 229.118 321.2 228.452 321.2C227.652 321.2 226.952 321.047 226.352 320.74C225.752 320.42 225.252 320 224.852 319.48C224.452 318.947 224.152 318.353 223.952 317.7C223.752 317.047 223.652 316.38 223.652 315.7C223.652 315.02 223.752 314.353 223.952 313.7C224.152 313.047 224.452 312.46 224.852 311.94C225.252 311.407 225.752 310.987 226.352 310.68C226.952 310.36 227.652 310.2 228.452 310.2ZM228.772 311.82C228.065 311.82 227.472 312.013 226.992 312.4C226.512 312.773 226.152 313.253 225.912 313.84C225.685 314.427 225.572 315.047 225.572 315.7C225.572 316.34 225.685 316.96 225.912 317.56C226.152 318.147 226.512 318.633 226.992 319.02C227.472 319.393 228.065 319.58 228.772 319.58C229.478 319.58 230.065 319.393 230.532 319.02C231.012 318.633 231.365 318.147 231.592 317.56C231.832 316.96 231.952 316.34 231.952 315.7C231.952 315.047 231.832 314.427 231.592 313.84C231.365 313.253 231.012 312.773 230.532 312.4C230.065 312.013 229.478 311.82 228.772 311.82ZM228.892 325.54C228.518 325.54 228.205 325.407 227.952 325.14C227.712 324.887 227.592 324.587 227.592 324.24C227.592 323.88 227.712 323.573 227.952 323.32C228.205 323.067 228.518 322.94 228.892 322.94C229.265 322.94 229.572 323.067 229.812 323.32C230.065 323.573 230.192 323.88 230.192 324.24C230.192 324.6 230.065 324.907 229.812 325.16C229.572 325.413 229.265 325.54 228.892 325.54ZM236.818 321V310.4H238.718V311.94H238.798C238.905 311.74 239.071 311.507 239.298 311.24C239.525 310.96 239.831 310.72 240.218 310.52C240.618 310.307 241.118 310.2 241.718 310.2C242.505 310.2 243.165 310.393 243.698 310.78C244.245 311.153 244.651 311.66 244.918 312.3H244.938C245.231 311.713 245.645 311.22 246.178 310.82C246.725 310.407 247.431 310.2 248.298 310.2C249.445 310.2 250.325 310.593 250.938 311.38C251.565 312.153 251.878 313.153 251.878 314.38V321H249.978V314.48C249.978 313.693 249.791 313.06 249.418 312.58C249.045 312.087 248.505 311.84 247.798 311.84C247.185 311.84 246.691 312.007 246.318 312.34C245.958 312.673 245.698 313.087 245.538 313.58C245.378 314.073 245.298 314.567 245.298 315.06V321H243.398V314.48C243.398 313.693 243.211 313.06 242.838 312.58C242.478 312.087 241.938 311.84 241.218 311.84C240.605 311.84 240.111 312.007 239.738 312.34C239.378 312.673 239.118 313.093 238.958 313.6C238.798 314.093 238.718 314.58 238.718 315.06V321H236.818ZM259.479 321L259.499 305.8H261.379V321H259.479ZM269.077 310.2C269.743 310.2 270.303 310.307 270.757 310.52C271.21 310.733 271.577 310.987 271.857 311.28C272.137 311.56 272.35 311.827 272.497 312.08H272.617V310.4H274.517V321H272.617V319.32H272.497C272.35 319.573 272.137 319.847 271.857 320.14C271.577 320.433 271.21 320.687 270.757 320.9C270.303 321.1 269.743 321.2 269.077 321.2C268.277 321.2 267.577 321.047 266.977 320.74C266.377 320.42 265.877 320 265.477 319.48C265.077 318.947 264.777 318.353 264.577 317.7C264.377 317.047 264.277 316.38 264.277 315.7C264.277 315.02 264.377 314.353 264.577 313.7C264.777 313.047 265.077 312.46 265.477 311.94C265.877 311.407 266.377 310.987 266.977 310.68C267.577 310.36 268.277 310.2 269.077 310.2ZM269.397 311.82C268.69 311.82 268.097 312.013 267.617 312.4C267.137 312.773 266.777 313.253 266.537 313.84C266.31 314.427 266.197 315.047 266.197 315.7C266.197 316.34 266.31 316.96 266.537 317.56C266.777 318.147 267.137 318.633 267.617 319.02C268.097 319.393 268.69 319.58 269.397 319.58C270.103 319.58 270.69 319.393 271.157 319.02C271.637 318.633 271.99 318.147 272.217 317.56C272.457 316.96 272.577 316.34 272.577 315.7C272.577 315.047 272.457 314.427 272.217 313.84C271.99 313.253 271.637 312.773 271.157 312.4C270.69 312.013 270.103 311.82 269.397 311.82ZM269.517 325.54C269.143 325.54 268.83 325.407 268.577 325.14C268.337 324.887 268.217 324.587 268.217 324.24C268.217 323.88 268.337 323.573 268.577 323.32C268.83 323.067 269.143 322.94 269.517 322.94C269.89 322.94 270.197 323.067 270.437 323.32C270.69 323.573 270.817 323.88 270.817 324.24C270.817 324.6 270.69 324.907 270.437 325.16C270.197 325.413 269.89 325.54 269.517 325.54ZM278.683 308.38C278.323 308.38 278.023 308.26 277.783 308.02C277.556 307.78 277.443 307.493 277.443 307.16C277.443 306.813 277.556 306.52 277.783 306.28C278.023 306.04 278.323 305.92 278.683 305.92C279.03 305.92 279.323 306.04 279.563 306.28C279.803 306.52 279.923 306.813 279.923 307.16C279.923 307.493 279.803 307.78 279.563 308.02C279.323 308.26 279.03 308.38 278.683 308.38ZM277.743 321V310.4H279.643V321H277.743Z" fill="#639922"/>
<path d="M67.919 363.17C66.8763 363.17 65.964 362.989 65.182 362.626C64.4113 362.252 63.7653 361.759 63.244 361.147C62.7227 360.524 62.3317 359.827 62.071 359.056C61.8103 358.285 61.68 357.498 61.68 356.693C61.68 355.9 61.8103 355.118 62.071 354.347C62.3317 353.576 62.7227 352.885 63.244 352.273C63.7653 351.65 64.4113 351.157 65.182 350.794C65.964 350.431 66.8763 350.25 67.919 350.25C68.7917 350.25 69.534 350.363 70.146 350.59C70.7693 350.805 71.285 351.089 71.693 351.44C72.1123 351.78 72.4467 352.148 72.696 352.545C72.9567 352.93 73.1493 353.299 73.274 353.65C73.3987 353.99 73.478 354.273 73.512 354.5C73.5573 354.715 73.58 354.823 73.58 354.823H70.979C70.979 354.823 70.9563 354.749 70.911 354.602C70.877 354.443 70.8033 354.256 70.69 354.041C70.5767 353.814 70.4067 353.593 70.18 353.378C69.9647 353.163 69.67 352.981 69.296 352.834C68.9333 352.675 68.48 352.596 67.936 352.596C67.154 352.596 66.4967 352.8 65.964 353.208C65.4427 353.605 65.046 354.115 64.774 354.738C64.5133 355.361 64.383 356.013 64.383 356.693C64.383 357.373 64.5133 358.03 64.774 358.665C65.046 359.288 65.4427 359.804 65.964 360.212C66.4967 360.609 67.154 360.807 67.936 360.807C68.48 360.807 68.9333 360.733 69.296 360.586C69.67 360.439 69.9647 360.257 70.18 360.042C70.4067 359.815 70.5767 359.594 70.69 359.379C70.8033 359.152 70.877 358.965 70.911 358.818C70.9563 358.671 70.979 358.597 70.979 358.597H73.58C73.58 358.597 73.5573 358.71 73.512 358.937C73.478 359.152 73.3987 359.436 73.274 359.787C73.1493 360.127 72.9567 360.495 72.696 360.892C72.4467 361.277 72.1123 361.646 71.693 361.997C71.285 362.337 70.7693 362.62 70.146 362.847C69.534 363.062 68.7917 363.17 67.919 363.17ZM76.6956 352.868L78.8886 349.808H80.9456L83.1386 352.868H81.1156L79.9086 351.1L78.7186 352.868H76.6956ZM79.1266 353.82C79.7046 353.82 80.1806 353.916 80.5546 354.109C80.9286 354.29 81.212 354.489 81.4046 354.704C81.6086 354.919 81.7333 355.067 81.7786 355.146H81.9146V353.99H84.4986V363H81.9146V361.844H81.7786C81.7333 361.923 81.6086 362.071 81.4046 362.286C81.212 362.501 80.9286 362.705 80.5546 362.898C80.1806 363.079 79.7046 363.17 79.1266 363.17C78.458 363.17 77.8743 363.04 77.3756 362.779C76.8883 362.507 76.4803 362.15 76.1516 361.708C75.823 361.255 75.5736 360.75 75.4036 360.195C75.245 359.64 75.1656 359.073 75.1656 358.495C75.1656 357.917 75.245 357.35 75.4036 356.795C75.5736 356.24 75.823 355.741 76.1516 355.299C76.4803 354.846 76.8883 354.489 77.3756 354.228C77.8743 353.956 78.458 353.82 79.1266 353.82ZM79.8746 355.911C79.41 355.911 79.019 356.041 78.7016 356.302C78.3956 356.551 78.1633 356.874 78.0046 357.271C77.8573 357.668 77.7836 358.076 77.7836 358.495C77.7836 358.914 77.8573 359.322 78.0046 359.719C78.1633 360.116 78.3956 360.444 78.7016 360.705C79.019 360.954 79.41 361.079 79.8746 361.079C80.3393 361.079 80.7246 360.954 81.0306 360.705C81.348 360.444 81.5803 360.116 81.7276 359.719C81.8863 359.322 81.9656 358.914 81.9656 358.495C81.9656 358.076 81.8863 357.668 81.7276 357.271C81.5803 356.874 81.348 356.551 81.0306 356.302C80.7246 356.041 80.3393 355.911 79.8746 355.911ZM89.4277 363.17C88.7931 363.17 88.2661 363.034 87.8467 362.762C87.4387 362.49 87.1327 362.127 86.9287 361.674C86.7247 361.209 86.6227 360.688 86.6227 360.11V353.99H89.1897V359.6C89.1897 360.031 89.3031 360.382 89.5297 360.654C89.7564 360.915 90.0907 361.045 90.5327 361.045C90.9067 361.045 91.2014 360.954 91.4167 360.773C91.6434 360.592 91.8077 360.359 91.9097 360.076C92.0117 359.793 92.0627 359.492 92.0627 359.175V353.99H94.6467V363H92.0627V361.725H91.9607C91.7681 362.076 91.4677 362.405 91.0597 362.711C90.6631 363.017 90.1191 363.17 89.4277 363.17ZM103.238 363L99.9398 353.99H102.524L104.632 360.093L106.655 353.99H109.256L105.941 363H103.238ZM113.791 352.749L111.921 349.672H114.318L115.695 352.732L113.791 352.749ZM113.587 363.17C112.952 363.17 112.425 363.034 112.006 362.762C111.598 362.49 111.292 362.127 111.088 361.674C110.884 361.209 110.782 360.688 110.782 360.11V353.99H113.349V359.6C113.349 360.031 113.462 360.382 113.689 360.654C113.927 360.915 114.261 361.045 114.692 361.045C115.066 361.045 115.36 360.954 115.576 360.773C115.802 360.592 115.967 360.359 116.069 360.076C116.171 359.793 116.222 359.492 116.222 359.175V353.99H118.007C118.46 353.99 118.687 353.763 118.687 353.31V352.103H120.761V353.395C120.761 353.996 120.602 354.466 120.285 354.806C119.967 355.135 119.497 355.299 118.874 355.299H118.806V363H116.222V361.725H116.12C115.927 362.076 115.627 362.405 115.219 362.711C114.822 363.017 114.278 363.17 113.587 363.17ZM125.046 353.82C125.624 353.82 126.1 353.916 126.474 354.109C126.848 354.29 127.131 354.489 127.324 354.704C127.528 354.919 127.652 355.067 127.698 355.146H127.834V353.99H130.418V363H127.834V361.844H127.698C127.652 361.923 127.528 362.071 127.324 362.286C127.131 362.501 126.848 362.705 126.474 362.898C126.1 363.079 125.624 363.17 125.046 363.17C124.377 363.17 123.793 363.04 123.295 362.779C122.807 362.507 122.399 362.15 122.071 361.708C121.742 361.255 121.493 360.75 121.323 360.195C121.164 359.64 121.085 359.073 121.085 358.495C121.085 357.917 121.164 357.35 121.323 356.795C121.493 356.24 121.742 355.741 122.071 355.299C122.399 354.846 122.807 354.489 123.295 354.228C123.793 353.956 124.377 353.82 125.046 353.82ZM125.794 355.911C125.329 355.911 124.938 356.041 124.621 356.302C124.315 356.551 124.082 356.874 123.924 357.271C123.776 357.668 123.703 358.076 123.703 358.495C123.703 358.914 123.776 359.322 123.924 359.719C124.082 360.116 124.315 360.444 124.621 360.705C124.938 360.954 125.329 361.079 125.794 361.079C126.258 361.079 126.644 360.954 126.95 360.705C127.267 360.444 127.499 360.116 127.647 359.719C127.805 359.322 127.885 358.914 127.885 358.495C127.885 358.076 127.805 357.668 127.647 357.271C127.499 356.874 127.267 356.551 126.95 356.302C126.644 356.041 126.258 355.911 125.794 355.911ZM136.311 363V353.99H138.895V355.282H138.98C139.082 355.101 139.23 354.897 139.422 354.67C139.626 354.443 139.893 354.245 140.221 354.075C140.561 353.905 140.992 353.82 141.513 353.82C142.216 353.82 142.788 353.984 143.23 354.313C143.672 354.63 143.995 355.044 144.199 355.554C144.403 356.053 144.505 356.58 144.505 357.135V363H141.921V357.577C141.921 357.146 141.802 356.767 141.564 356.438C141.338 356.109 140.969 355.945 140.459 355.945C140.074 355.945 139.768 356.036 139.541 356.217C139.315 356.398 139.15 356.631 139.048 356.914C138.946 357.197 138.895 357.498 138.895 357.815V363H136.311ZM150.996 366.604C150.157 366.604 149.466 366.502 148.922 366.298C148.389 366.094 147.964 365.833 147.647 365.516C147.329 365.21 147.097 364.904 146.95 364.598C146.802 364.292 146.706 364.031 146.661 363.816C146.627 363.612 146.61 363.51 146.61 363.51H149.126C149.126 363.51 149.143 363.561 149.177 363.663C149.222 363.776 149.307 363.901 149.432 364.037C149.556 364.184 149.738 364.309 149.976 364.411C150.225 364.524 150.554 364.581 150.962 364.581C151.664 364.581 152.18 364.383 152.509 363.986C152.849 363.589 153.019 363.068 153.019 362.422V361.47H152.9C152.786 361.651 152.616 361.85 152.39 362.065C152.163 362.28 151.874 362.462 151.523 362.609C151.171 362.756 150.746 362.83 150.248 362.83C149.579 362.83 148.995 362.705 148.497 362.456C147.998 362.195 147.579 361.85 147.239 361.419C146.91 360.988 146.661 360.507 146.491 359.974C146.332 359.441 146.253 358.892 146.253 358.325C146.253 357.77 146.332 357.226 146.491 356.693C146.661 356.149 146.91 355.662 147.239 355.231C147.579 354.8 147.998 354.46 148.497 354.211C148.995 353.95 149.579 353.82 150.248 353.82C150.746 353.82 151.171 353.899 151.523 354.058C151.874 354.205 152.163 354.387 152.39 354.602C152.628 354.806 152.798 355.004 152.9 355.197H153.019V353.99H155.603V362.422C155.603 363.17 155.438 363.861 155.11 364.496C154.781 365.131 154.277 365.641 153.597 366.026C152.917 366.411 152.05 366.604 150.996 366.604ZM150.962 360.79C151.438 360.79 151.829 360.671 152.135 360.433C152.452 360.195 152.69 359.889 152.849 359.515C153.007 359.13 153.087 358.733 153.087 358.325C153.087 357.906 153.007 357.509 152.849 357.135C152.69 356.761 152.452 356.455 152.135 356.217C151.829 355.979 151.438 355.86 150.962 355.86C150.497 355.86 150.106 355.979 149.789 356.217C149.483 356.455 149.25 356.761 149.092 357.135C148.933 357.509 148.854 357.906 148.854 358.325C148.854 358.733 148.933 359.13 149.092 359.515C149.25 359.889 149.483 360.195 149.789 360.433C150.106 360.671 150.497 360.79 150.962 360.79ZM157.748 363V350.08H160.332V355.282H160.417C160.519 355.101 160.666 354.897 160.859 354.67C161.063 354.443 161.329 354.245 161.658 354.075C161.998 353.905 162.428 353.82 162.95 353.82C163.652 353.82 164.225 353.984 164.667 354.313C165.109 354.63 165.432 355.044 165.636 355.554C165.84 356.053 165.942 356.58 165.942 357.135V363H163.358V357.577C163.358 357.146 163.239 356.767 163.001 356.438C162.774 356.109 162.406 355.945 161.896 355.945C161.51 355.945 161.204 356.036 160.978 356.217C160.751 356.398 160.587 356.631 160.485 356.914C160.383 357.197 160.332 357.498 160.332 357.815V363H157.748ZM172.309 363.17C171.516 363.17 170.83 363.04 170.252 362.779C169.674 362.507 169.198 362.15 168.824 361.708C168.45 361.255 168.167 360.75 167.974 360.195C167.793 359.64 167.702 359.067 167.702 358.478C167.702 357.911 167.787 357.356 167.957 356.812C168.138 356.257 168.41 355.752 168.773 355.299C169.147 354.846 169.617 354.489 170.184 354.228C170.762 353.956 171.442 353.82 172.224 353.82C173.051 353.82 173.782 354.001 174.417 354.364C175.063 354.727 175.567 355.265 175.93 355.979C176.293 356.682 176.474 357.537 176.474 358.546V359.175H170.303C170.337 359.719 170.524 360.189 170.864 360.586C171.215 360.983 171.697 361.181 172.309 361.181C172.66 361.181 172.944 361.13 173.159 361.028C173.386 360.915 173.561 360.79 173.686 360.654C173.811 360.507 173.896 360.376 173.941 360.263C173.986 360.15 174.009 360.093 174.009 360.093H176.389C176.389 360.093 176.361 360.201 176.304 360.416C176.259 360.62 176.157 360.875 175.998 361.181C175.839 361.487 175.607 361.793 175.301 362.099C175.006 362.405 174.615 362.66 174.128 362.864C173.641 363.068 173.034 363.17 172.309 363.17ZM170.303 357.611H173.992C173.958 356.988 173.771 356.523 173.431 356.217C173.091 355.911 172.672 355.758 172.173 355.758C171.674 355.758 171.249 355.922 170.898 356.251C170.547 356.568 170.348 357.022 170.303 357.611ZM186.821 363.17C186.027 363.17 185.336 363.04 184.747 362.779C184.157 362.507 183.67 362.15 183.285 361.708C182.899 361.266 182.61 360.767 182.418 360.212C182.225 359.645 182.129 359.073 182.129 358.495C182.129 357.917 182.225 357.35 182.418 356.795C182.61 356.24 182.899 355.741 183.285 355.299C183.67 354.846 184.157 354.489 184.747 354.228C185.336 353.956 186.027 353.82 186.821 353.82C187.625 353.82 188.288 353.939 188.81 354.177C189.331 354.404 189.745 354.693 190.051 355.044C190.368 355.384 190.6 355.73 190.748 356.081C190.895 356.421 190.986 356.71 191.02 356.948C191.065 357.175 191.088 357.288 191.088 357.288H188.674C188.674 357.288 188.651 357.22 188.606 357.084C188.572 356.937 188.492 356.772 188.368 356.591C188.254 356.398 188.079 356.234 187.841 356.098C187.603 355.951 187.285 355.877 186.889 355.877C186.401 355.877 185.993 356.002 185.665 356.251C185.347 356.489 185.109 356.806 184.951 357.203C184.792 357.6 184.713 358.03 184.713 358.495C184.713 358.96 184.792 359.39 184.951 359.787C185.109 360.184 185.347 360.507 185.665 360.756C185.993 360.994 186.401 361.113 186.889 361.113C187.285 361.113 187.603 361.045 187.841 360.909C188.079 360.762 188.254 360.597 188.368 360.416C188.492 360.223 188.572 360.059 188.606 359.923C188.651 359.776 188.674 359.702 188.674 359.702H191.088C191.088 359.702 191.065 359.821 191.02 360.059C190.986 360.286 190.895 360.575 190.748 360.926C190.6 361.266 190.368 361.612 190.051 361.963C189.745 362.303 189.331 362.592 188.81 362.83C188.288 363.057 187.625 363.17 186.821 363.17ZM198.399 352.732L196.495 352.715L197.872 349.672H200.269L198.399 352.732ZM197.447 363.17C196.438 363.17 195.582 362.955 194.88 362.524C194.177 362.082 193.639 361.51 193.265 360.807C192.902 360.093 192.721 359.322 192.721 358.495C192.721 357.668 192.902 356.903 193.265 356.2C193.639 355.486 194.177 354.914 194.88 354.483C195.582 354.041 196.438 353.82 197.447 353.82C198.455 353.82 199.311 354.041 200.014 354.483C200.716 354.914 201.249 355.486 201.612 356.2C201.986 356.903 202.173 357.668 202.173 358.495C202.173 359.322 201.986 360.093 201.612 360.807C201.249 361.51 200.716 362.082 200.014 362.524C199.311 362.955 198.455 363.17 197.447 363.17ZM197.447 361.062C197.9 361.062 198.285 360.943 198.603 360.705C198.92 360.467 199.158 360.155 199.317 359.77C199.487 359.373 199.572 358.948 199.572 358.495C199.572 358.03 199.487 357.605 199.317 357.22C199.158 356.835 198.92 356.523 198.603 356.285C198.285 356.047 197.9 355.928 197.447 355.928C196.993 355.928 196.608 356.047 196.291 356.285C195.973 356.523 195.73 356.835 195.56 357.22C195.401 357.605 195.322 358.03 195.322 358.495C195.322 358.948 195.401 359.373 195.56 359.77C195.73 360.155 195.973 360.467 196.291 360.705C196.608 360.943 196.993 361.062 197.447 361.062ZM207.947 363V353.99H210.531V355.282H210.616C210.718 355.101 210.865 354.897 211.058 354.67C211.262 354.443 211.528 354.245 211.857 354.075C212.197 353.905 212.628 353.82 213.149 353.82C213.852 353.82 214.424 353.984 214.866 354.313C215.308 354.63 215.631 355.044 215.835 355.554C216.039 356.053 216.141 356.58 216.141 357.135V363H213.557V357.577C213.557 357.146 213.438 356.767 213.2 356.438C212.973 356.109 212.605 355.945 212.095 355.945C211.71 355.945 211.404 356.036 211.177 356.217C210.95 356.398 210.786 356.631 210.684 356.914C210.582 357.197 210.531 357.498 210.531 357.815V363H207.947ZM222.631 366.604C221.793 366.604 221.101 366.502 220.557 366.298C220.025 366.094 219.6 365.833 219.282 365.516C218.965 365.21 218.733 364.904 218.585 364.598C218.438 364.292 218.342 364.031 218.296 363.816C218.262 363.612 218.245 363.51 218.245 363.51H220.761C220.761 363.51 220.778 363.561 220.812 363.663C220.858 363.776 220.943 363.901 221.067 364.037C221.192 364.184 221.373 364.309 221.611 364.411C221.861 364.524 222.189 364.581 222.597 364.581C223.3 364.581 223.816 364.383 224.144 363.986C224.484 363.589 224.654 363.068 224.654 362.422V361.47H224.535C224.422 361.651 224.252 361.85 224.025 362.065C223.799 362.28 223.51 362.462 223.158 362.609C222.807 362.756 222.382 362.83 221.883 362.83C221.215 362.83 220.631 362.705 220.132 362.456C219.634 362.195 219.214 361.85 218.874 361.419C218.546 360.988 218.296 360.507 218.126 359.974C217.968 359.441 217.888 358.892 217.888 358.325C217.888 357.77 217.968 357.226 218.126 356.693C218.296 356.149 218.546 355.662 218.874 355.231C219.214 354.8 219.634 354.46 220.132 354.211C220.631 353.95 221.215 353.82 221.883 353.82C222.382 353.82 222.807 353.899 223.158 354.058C223.51 354.205 223.799 354.387 224.025 354.602C224.263 354.806 224.433 355.004 224.535 355.197H224.654V353.99H227.238V362.422C227.238 363.17 227.074 363.861 226.745 364.496C226.417 365.131 225.912 365.641 225.232 366.026C224.552 366.411 223.685 366.604 222.631 366.604ZM222.597 360.79C223.073 360.79 223.464 360.671 223.77 360.433C224.088 360.195 224.326 359.889 224.484 359.515C224.643 359.13 224.722 358.733 224.722 358.325C224.722 357.906 224.643 357.509 224.484 357.135C224.326 356.761 224.088 356.455 223.77 356.217C223.464 355.979 223.073 355.86 222.597 355.86C222.133 355.86 221.742 355.979 221.424 356.217C221.118 356.455 220.886 356.761 220.727 357.135C220.569 357.509 220.489 357.906 220.489 358.325C220.489 358.733 220.569 359.13 220.727 359.515C220.886 359.889 221.118 360.195 221.424 360.433C221.742 360.671 222.133 360.79 222.597 360.79ZM229.384 363V350.08H231.968V355.282H232.053C232.155 355.101 232.302 354.897 232.495 354.67C232.699 354.443 232.965 354.245 233.294 354.075C233.634 353.905 234.064 353.82 234.586 353.82C235.288 353.82 235.861 353.984 236.303 354.313C236.745 354.63 237.068 355.044 237.272 355.554C237.476 356.053 237.578 356.58 237.578 357.135V363H234.994V357.577C234.994 357.146 234.875 356.767 234.637 356.438C234.41 356.109 234.042 355.945 233.532 355.945C233.146 355.945 232.84 356.036 232.614 356.217C232.387 356.398 232.223 356.631 232.121 356.914C232.019 357.197 231.968 357.498 231.968 357.815V363H229.384ZM242.395 352.562C242.089 352.562 241.823 352.511 241.596 352.409C241.381 352.296 241.188 352.171 241.018 352.035C240.86 351.899 240.707 351.78 240.559 351.678C240.412 351.565 240.265 351.508 240.117 351.508C239.936 351.508 239.806 351.593 239.726 351.763C239.658 351.933 239.624 352.165 239.624 352.46H238.247C238.247 352.086 238.293 351.706 238.383 351.321C238.474 350.936 238.638 350.613 238.876 350.352C239.126 350.091 239.488 349.961 239.964 349.961C240.27 349.961 240.537 350.018 240.763 350.131C240.99 350.233 241.188 350.352 241.358 350.488C241.528 350.624 241.681 350.743 241.817 350.845C241.965 350.947 242.112 350.998 242.259 350.998C242.565 350.998 242.718 350.686 242.718 350.063H244.112C244.112 350.437 244.067 350.817 243.976 351.202C243.886 351.587 243.716 351.91 243.466 352.171C243.228 352.432 242.871 352.562 242.395 352.562ZM239.845 363V353.99H242.429V363H239.845ZM248.528 353.82C249.106 353.82 249.582 353.916 249.956 354.109C250.33 354.29 250.614 354.489 250.806 354.704C251.01 354.919 251.135 355.067 251.18 355.146H251.316V353.99H253.9V363H251.316V361.844H251.18C251.135 361.923 251.01 362.071 250.806 362.286C250.614 362.501 250.33 362.705 249.956 362.898C249.582 363.079 249.106 363.17 248.528 363.17C247.86 363.17 247.276 363.04 246.777 362.779C246.29 362.507 245.882 362.15 245.553 361.708C245.225 361.255 244.975 360.75 244.805 360.195C244.647 359.64 244.567 359.073 244.567 358.495C244.567 357.917 244.647 357.35 244.805 356.795C244.975 356.24 245.225 355.741 245.553 355.299C245.882 354.846 246.29 354.489 246.777 354.228C247.276 353.956 247.86 353.82 248.528 353.82ZM249.276 355.911C248.812 355.911 248.421 356.041 248.103 356.302C247.797 356.551 247.565 356.874 247.406 357.271C247.259 357.668 247.185 358.076 247.185 358.495C247.185 358.914 247.259 359.322 247.406 359.719C247.565 360.116 247.797 360.444 248.103 360.705C248.421 360.954 248.812 361.079 249.276 361.079C249.741 361.079 250.126 360.954 250.432 360.705C250.75 360.444 250.982 360.116 251.129 359.719C251.288 359.322 251.367 358.914 251.367 358.495C251.367 358.076 251.288 357.668 251.129 357.271C250.982 356.874 250.75 356.551 250.432 356.302C250.126 356.041 249.741 355.911 249.276 355.911ZM259.964 363V350.08H262.548V363H259.964ZM268.331 352.749L266.478 349.672H268.875L270.252 352.732L268.331 352.749ZM268.467 353.82C269.045 353.82 269.521 353.916 269.895 354.109C270.269 354.29 270.553 354.489 270.745 354.704C270.949 354.919 271.074 355.067 271.119 355.146H271.255V353.99H273.839V363H271.255V361.844H271.119C271.074 361.923 270.949 362.071 270.745 362.286C270.553 362.501 270.269 362.705 269.895 362.898C269.521 363.079 269.045 363.17 268.467 363.17C267.799 363.17 267.215 363.04 266.716 362.779C266.229 362.507 265.821 362.15 265.492 361.708C265.164 361.255 264.914 360.75 264.744 360.195C264.586 359.64 264.506 359.073 264.506 358.495C264.506 357.917 264.586 357.35 264.744 356.795C264.914 356.24 265.164 355.741 265.492 355.299C265.821 354.846 266.229 354.489 266.716 354.228C267.215 353.956 267.799 353.82 268.467 353.82ZM269.215 355.911C268.751 355.911 268.36 356.041 268.042 356.302C267.736 356.551 267.504 356.874 267.345 357.271C267.198 357.668 267.124 358.076 267.124 358.495C267.124 358.914 267.198 359.322 267.345 359.719C267.504 360.116 267.736 360.444 268.042 360.705C268.36 360.954 268.751 361.079 269.215 361.079C269.68 361.079 270.065 360.954 270.371 360.705C270.689 360.444 270.921 360.116 271.068 359.719C271.227 359.322 271.306 358.914 271.306 358.495C271.306 358.076 271.227 357.668 271.068 357.271C270.921 356.874 270.689 356.551 270.371 356.302C270.065 356.041 269.68 355.911 269.215 355.911ZM284.406 366.604C283.567 366.604 282.876 366.502 282.332 366.298C281.799 366.094 281.374 365.833 281.057 365.516C280.74 365.21 280.507 364.904 280.36 364.598C280.213 364.292 280.116 364.031 280.071 363.816C280.037 363.612 280.02 363.51 280.02 363.51H282.536C282.536 363.51 282.553 363.561 282.587 363.663C282.632 363.776 282.717 363.901 282.842 364.037C282.967 364.184 283.148 364.309 283.386 364.411C283.635 364.524 283.964 364.581 284.372 364.581C285.075 364.581 285.59 364.383 285.919 363.986C286.259 363.589 286.429 363.068 286.429 362.422V361.47H286.31C286.197 361.651 286.027 361.85 285.8 362.065C285.573 362.28 285.284 362.462 284.933 362.609C284.582 362.756 284.157 362.83 283.658 362.83C282.989 362.83 282.406 362.705 281.907 362.456C281.408 362.195 280.989 361.85 280.649 361.419C280.32 360.988 280.071 360.507 279.901 359.974C279.742 359.441 279.663 358.892 279.663 358.325C279.663 357.77 279.742 357.226 279.901 356.693C280.071 356.149 280.32 355.662 280.649 355.231C280.989 354.8 281.408 354.46 281.907 354.211C282.406 353.95 282.989 353.82 283.658 353.82C284.157 353.82 284.582 353.899 284.933 354.058C285.284 354.205 285.573 354.387 285.8 354.602C286.038 354.806 286.208 355.004 286.31 355.197H286.429V353.99H289.013V362.422C289.013 363.17 288.849 363.861 288.52 364.496C288.191 365.131 287.687 365.641 287.007 366.026C286.327 366.411 285.46 366.604 284.406 366.604ZM284.372 360.79C284.848 360.79 285.239 360.671 285.545 360.433C285.862 360.195 286.1 359.889 286.259 359.515C286.418 359.13 286.497 358.733 286.497 358.325C286.497 357.906 286.418 357.509 286.259 357.135C286.1 356.761 285.862 356.455 285.545 356.217C285.239 355.979 284.848 355.86 284.372 355.86C283.907 355.86 283.516 355.979 283.199 356.217C282.893 356.455 282.661 356.761 282.502 357.135C282.343 357.509 282.264 357.906 282.264 358.325C282.264 358.733 282.343 359.13 282.502 359.515C282.661 359.889 282.893 360.195 283.199 360.433C283.516 360.671 283.907 360.79 284.372 360.79ZM291.668 352.749L289.798 349.672H292.195L293.572 352.732L291.668 352.749ZM291.277 363V353.99H293.861V363H291.277ZM299.059 359.345V358.784C299.059 358.274 299.161 357.838 299.365 357.475C299.58 357.112 299.841 356.795 300.147 356.523C300.453 356.251 300.759 355.996 301.065 355.758C301.371 355.509 301.626 355.254 301.83 354.993C302.045 354.721 302.153 354.409 302.153 354.058C302.153 353.593 301.977 353.219 301.626 352.936C301.286 352.653 300.867 352.511 300.368 352.511C299.881 352.511 299.45 352.675 299.076 353.004C298.702 353.321 298.515 353.82 298.515 354.5H296.016C296.016 353.537 296.226 352.743 296.645 352.12C297.076 351.485 297.631 351.015 298.311 350.709C298.991 350.403 299.711 350.25 300.47 350.25C301.241 350.25 301.955 350.403 302.612 350.709C303.269 351.015 303.791 351.451 304.176 352.018C304.573 352.573 304.771 353.231 304.771 353.99C304.771 354.557 304.663 355.044 304.448 355.452C304.244 355.849 303.983 356.194 303.666 356.489C303.36 356.772 303.048 357.033 302.731 357.271C302.425 357.509 302.164 357.747 301.949 357.985C301.734 358.223 301.626 358.489 301.626 358.784V359.345H299.059ZM300.351 363.17C299.943 363.17 299.609 363.034 299.348 362.762C299.099 362.49 298.974 362.167 298.974 361.793C298.974 361.408 299.099 361.085 299.348 360.824C299.609 360.552 299.943 360.416 300.351 360.416C300.748 360.416 301.076 360.552 301.337 360.824C301.598 361.085 301.728 361.408 301.728 361.793C301.728 362.167 301.598 362.49 301.337 362.762C301.076 363.034 300.748 363.17 300.351 363.17Z" fill="#1A1A1A"/>
<path d="M372 379H56C49.3726 379 44 384.373 44 391V427C44 433.627 49.3726 439 56 439H372C378.627 439 384 433.627 384 427V391C384 384.373 378.627 379 372 379Z" fill="#FCEBEB" stroke="#E24B4A" stroke-width="2"/>
<path d="M73 423C80.732 423 87 416.732 87 409C87 401.268 80.732 395 73 395C65.268 395 59 401.268 59 409C59 416.732 65.268 423 73 423Z" fill="#E24B4A"/>
<path d="M67 403L79 415M79 403L67 415" stroke="white" stroke-width="2" stroke-linecap="round"/>
<path d="M102.52 418V404.92H97.9V403.2H109.1V404.92H104.48V418H102.52ZM111.491 405.86L113.911 402.52H115.531L117.951 405.86H116.231L114.711 403.72L113.211 405.86H111.491ZM114.731 418.2C113.598 418.2 112.644 417.94 111.871 417.42C111.098 416.887 110.511 416.2 110.111 415.36C109.711 414.52 109.511 413.633 109.511 412.7C109.511 411.753 109.711 410.867 110.111 410.04C110.511 409.2 111.098 408.52 111.871 408C112.644 407.467 113.598 407.2 114.731 407.2C115.864 407.2 116.818 407.467 117.591 408C118.364 408.52 118.951 409.2 119.351 410.04C119.751 410.867 119.951 411.753 119.951 412.7C119.951 413.633 119.751 414.52 119.351 415.36C118.951 416.2 118.364 416.887 117.591 417.42C116.818 417.94 115.864 418.2 114.731 418.2ZM114.731 416.54C115.451 416.54 116.051 416.36 116.531 416C117.024 415.627 117.391 415.147 117.631 414.56C117.884 413.973 118.011 413.353 118.011 412.7C118.011 412.033 117.884 411.413 117.631 410.84C117.391 410.253 117.024 409.78 116.531 409.42C116.051 409.047 115.451 408.86 114.731 408.86C114.024 408.86 113.424 409.047 112.931 409.42C112.438 409.78 112.064 410.253 111.811 410.84C111.571 411.413 111.451 412.033 111.451 412.7C111.451 413.353 111.571 413.973 111.811 414.56C112.064 415.147 112.438 415.627 112.931 416C113.424 416.36 114.024 416.54 114.731 416.54ZM123.898 405.38C123.538 405.38 123.238 405.26 122.998 405.02C122.771 404.78 122.658 404.493 122.658 404.16C122.658 403.813 122.771 403.52 122.998 403.28C123.238 403.04 123.538 402.92 123.898 402.92C124.244 402.92 124.538 403.04 124.778 403.28C125.018 403.52 125.138 403.813 125.138 404.16C125.138 404.493 125.018 404.78 124.778 405.02C124.538 405.26 124.244 405.38 123.898 405.38ZM122.958 418V407.4H124.858V418H122.958ZM138.181 418.2C137.514 418.2 136.954 418.093 136.501 417.88C136.047 417.667 135.681 417.413 135.401 417.12C135.134 416.827 134.921 416.56 134.761 416.32H134.641V418H132.741V402.8H134.641V409.08H134.761C134.921 408.827 135.134 408.553 135.401 408.26C135.681 407.967 136.047 407.72 136.501 407.52C136.954 407.307 137.514 407.2 138.181 407.2C138.981 407.2 139.681 407.36 140.281 407.68C140.881 407.987 141.381 408.407 141.781 408.94C142.181 409.46 142.481 410.047 142.681 410.7C142.881 411.353 142.981 412.02 142.981 412.7C142.981 413.38 142.881 414.047 142.681 414.7C142.481 415.353 142.181 415.947 141.781 416.48C141.381 417 140.881 417.42 140.281 417.74C139.681 418.047 138.981 418.2 138.181 418.2ZM137.861 416.58C138.581 416.58 139.174 416.393 139.641 416.02C140.121 415.633 140.474 415.147 140.701 414.56C140.941 413.96 141.061 413.34 141.061 412.7C141.061 412.047 140.941 411.427 140.701 410.84C140.474 410.253 140.121 409.773 139.641 409.4C139.174 409.013 138.581 408.82 137.861 408.82C137.154 408.82 136.561 409.013 136.081 409.4C135.614 409.773 135.261 410.253 135.021 410.84C134.794 411.427 134.681 412.047 134.681 412.7C134.681 413.34 134.794 413.96 135.021 414.56C135.261 415.147 135.614 415.633 136.081 416.02C136.561 416.393 137.154 416.58 137.861 416.58ZM146.948 405.38C146.588 405.38 146.288 405.26 146.048 405.02C145.821 404.78 145.708 404.493 145.708 404.16C145.708 403.813 145.821 403.52 146.048 403.28C146.288 403.04 146.588 402.92 146.948 402.92C147.294 402.92 147.588 403.04 147.828 403.28C148.068 403.52 148.188 403.813 148.188 404.16C148.188 404.493 148.068 404.78 147.828 405.02C147.588 405.26 147.294 405.38 146.948 405.38ZM146.008 418V407.4H147.908V418H146.008ZM146.948 422.54C146.574 422.54 146.261 422.407 146.008 422.14C145.768 421.887 145.648 421.587 145.648 421.24C145.648 420.88 145.768 420.573 146.008 420.32C146.261 420.067 146.574 419.94 146.948 419.94C147.321 419.94 147.628 420.067 147.868 420.32C148.121 420.573 148.248 420.88 148.248 421.24C148.248 421.6 148.121 421.907 147.868 422.16C147.628 422.413 147.321 422.54 146.948 422.54ZM160.324 418.2C159.524 418.2 158.824 418.047 158.224 417.74C157.624 417.42 157.124 417 156.724 416.48C156.324 415.947 156.024 415.353 155.824 414.7C155.624 414.047 155.524 413.38 155.524 412.7C155.524 412.02 155.624 411.353 155.824 410.7C156.024 410.047 156.324 409.46 156.724 408.94C157.124 408.407 157.624 407.987 158.224 407.68C158.824 407.36 159.524 407.2 160.324 407.2C160.991 407.2 161.551 407.307 162.004 407.52C162.458 407.733 162.824 407.987 163.104 408.28C163.384 408.56 163.598 408.827 163.744 409.08H163.864V406.24H161.084V404.72H163.864V402.8H165.764V404.72H167.584V406.24H165.764V418H163.864V416.32H163.744C163.598 416.573 163.384 416.847 163.104 417.14C162.824 417.433 162.458 417.687 162.004 417.9C161.551 418.1 160.991 418.2 160.324 418.2ZM160.644 416.58C161.351 416.58 161.938 416.393 162.404 416.02C162.884 415.633 163.238 415.147 163.464 414.56C163.704 413.96 163.824 413.34 163.824 412.7C163.824 412.047 163.704 411.427 163.464 410.84C163.238 410.253 162.884 409.773 162.404 409.4C161.938 409.013 161.351 408.82 160.644 408.82C159.938 408.82 159.344 409.013 158.864 409.4C158.384 409.773 158.024 410.253 157.784 410.84C157.558 411.427 157.444 412.047 157.444 412.7C157.444 413.34 157.558 413.96 157.784 414.56C158.024 415.147 158.384 415.633 158.864 416.02C159.344 416.393 159.938 416.58 160.644 416.58ZM173.957 407.2C174.624 407.2 175.184 407.307 175.637 407.52C176.09 407.733 176.457 407.987 176.737 408.28C177.017 408.56 177.23 408.827 177.377 409.08H177.497V407.4H179.397V418H177.497V416.32H177.377C177.23 416.573 177.017 416.847 176.737 417.14C176.457 417.433 176.09 417.687 175.637 417.9C175.184 418.1 174.624 418.2 173.957 418.2C173.157 418.2 172.457 418.047 171.857 417.74C171.257 417.42 170.757 417 170.357 416.48C169.957 415.947 169.657 415.353 169.457 414.7C169.257 414.047 169.157 413.38 169.157 412.7C169.157 412.02 169.257 411.353 169.457 410.7C169.657 410.047 169.957 409.46 170.357 408.94C170.757 408.407 171.257 407.987 171.857 407.68C172.457 407.36 173.157 407.2 173.957 407.2ZM174.277 408.82C173.57 408.82 172.977 409.013 172.497 409.4C172.017 409.773 171.657 410.253 171.417 410.84C171.19 411.427 171.077 412.047 171.077 412.7C171.077 413.34 171.19 413.96 171.417 414.56C171.657 415.147 172.017 415.633 172.497 416.02C172.977 416.393 173.57 416.58 174.277 416.58C174.984 416.58 175.57 416.393 176.037 416.02C176.517 415.633 176.87 415.147 177.097 414.56C177.337 413.96 177.457 413.34 177.457 412.7C177.457 412.047 177.337 411.427 177.097 410.84C176.87 410.253 176.517 409.773 176.037 409.4C175.57 409.013 174.984 408.82 174.277 408.82ZM185.649 418.2C184.596 418.2 183.756 417.873 183.129 417.22C182.502 416.567 182.189 415.66 182.189 414.5V407.4H184.089V414.4C184.089 415.093 184.276 415.627 184.649 416C185.036 416.373 185.542 416.56 186.169 416.56C186.809 416.56 187.322 416.393 187.709 416.06C188.096 415.727 188.376 415.3 188.549 414.78C188.722 414.26 188.809 413.727 188.809 413.18V407.4H190.709V418H188.809V416.48H188.689C188.609 416.64 188.456 416.86 188.229 417.14C188.002 417.407 187.682 417.653 187.269 417.88C186.856 418.093 186.316 418.2 185.649 418.2ZM202.727 418.2C201.927 418.2 201.227 418.047 200.627 417.74C200.027 417.42 199.527 417 199.127 416.48C198.727 415.947 198.427 415.353 198.227 414.7C198.027 414.047 197.927 413.38 197.927 412.7C197.927 412.02 198.027 411.353 198.227 410.7C198.427 410.047 198.727 409.46 199.127 408.94C199.527 408.407 200.027 407.987 200.627 407.68C201.227 407.36 201.927 407.2 202.727 407.2C203.393 407.2 203.953 407.307 204.407 407.52C204.86 407.733 205.227 407.987 205.507 408.28C205.787 408.56 206 408.827 206.147 409.08H206.267V406.24H203.487V404.72H206.267V402.8H208.167V404.72H209.987V406.24H208.167V418H206.267V416.32H206.147C206 416.573 205.787 416.847 205.507 417.14C205.227 417.433 204.86 417.687 204.407 417.9C203.953 418.1 203.393 418.2 202.727 418.2ZM203.047 416.58C203.753 416.58 204.34 416.393 204.807 416.02C205.287 415.633 205.64 415.147 205.867 414.56C206.107 413.96 206.227 413.34 206.227 412.7C206.227 412.047 206.107 411.427 205.867 410.84C205.64 410.253 205.287 409.773 204.807 409.4C204.34 409.013 203.753 408.82 203.047 408.82C202.34 408.82 201.747 409.013 201.267 409.4C200.787 409.773 200.427 410.253 200.187 410.84C199.96 411.427 199.847 412.047 199.847 412.7C199.847 413.34 199.96 413.96 200.187 414.56C200.427 415.147 200.787 415.633 201.267 416.02C201.747 416.393 202.34 416.58 203.047 416.58ZM219.639 403.32L217.579 399.7H219.539L221.259 403.3L219.639 403.32ZM213.679 405.88L216.099 402.94H217.719L220.139 405.88H218.419L216.899 404.04L215.399 405.88H213.679ZM216.459 407.2C217.126 407.2 217.686 407.307 218.139 407.52C218.593 407.733 218.959 407.987 219.239 408.28C219.519 408.56 219.733 408.827 219.879 409.08H219.999V407.4H221.899V418H219.999V416.32H219.879C219.733 416.573 219.519 416.847 219.239 417.14C218.959 417.433 218.593 417.687 218.139 417.9C217.686 418.1 217.126 418.2 216.459 418.2C215.659 418.2 214.959 418.047 214.359 417.74C213.759 417.42 213.259 417 212.859 416.48C212.459 415.947 212.159 415.353 211.959 414.7C211.759 414.047 211.659 413.38 211.659 412.7C211.659 412.02 211.759 411.353 211.959 410.7C212.159 410.047 212.459 409.46 212.859 408.94C213.259 408.407 213.759 407.987 214.359 407.68C214.959 407.36 215.659 407.2 216.459 407.2ZM216.779 408.82C216.073 408.82 215.479 409.013 214.999 409.4C214.519 409.773 214.159 410.253 213.919 410.84C213.693 411.427 213.579 412.047 213.579 412.7C213.579 413.34 213.693 413.96 213.919 414.56C214.159 415.147 214.519 415.633 214.999 416.02C215.479 416.393 216.073 416.58 216.779 416.58C217.486 416.58 218.073 416.393 218.539 416.02C219.019 415.633 219.373 415.147 219.599 414.56C219.839 413.96 219.959 413.34 219.959 412.7C219.959 412.047 219.839 411.427 219.599 410.84C219.373 410.253 219.019 409.773 218.539 409.4C218.073 409.013 217.486 408.82 216.779 408.82ZM228.286 418.2C227.232 418.2 226.392 417.873 225.766 417.22C225.139 416.567 224.826 415.66 224.826 414.5V407.4H226.726V414.4C226.726 415.093 226.912 415.627 227.286 416C227.672 416.373 228.179 416.56 228.806 416.56C229.446 416.56 229.959 416.393 230.346 416.06C230.732 415.727 231.012 415.3 231.186 414.78C231.359 414.26 231.446 413.727 231.446 413.18V407.4H233.346V418H231.446V416.48H231.326C231.246 416.64 231.092 416.86 230.866 417.14C230.639 417.407 230.319 417.653 229.906 417.88C229.492 418.093 228.952 418.2 228.286 418.2ZM237.614 418.2C237.241 418.2 236.927 418.073 236.674 417.82C236.434 417.553 236.314 417.247 236.314 416.9C236.314 416.54 236.434 416.233 236.674 415.98C236.927 415.727 237.241 415.6 237.614 415.6C237.987 415.6 238.294 415.727 238.534 415.98C238.787 416.233 238.914 416.54 238.914 416.9C238.914 417.26 238.787 417.567 238.534 417.82C238.294 418.073 237.987 418.2 237.614 418.2Z" fill="#501313"/>
<path d="M372 453H56C49.3726 453 44 458.373 44 465V501C44 507.627 49.3726 513 56 513H372C378.627 513 384 507.627 384 501V465C384 458.373 378.627 453 372 453Z" fill="#EAF3DE" stroke="#639922" stroke-width="2"/>
<path d="M73 497C80.732 497 87 490.732 87 483C87 475.268 80.732 469 73 469C65.268 469 59 475.268 59 483C59 490.732 65.268 497 73 497Z" fill="#639922"/>
<path d="M66 483L71 488L80 478" stroke="white" stroke-width="2.5" stroke-linecap="round" stroke-linejoin="round"/>
<path d="M102.52 492V478.92H97.9V477.2H109.1V478.92H104.48V492H102.52ZM111.491 479.86L113.911 476.52H115.531L117.951 479.86H116.231L114.711 477.72L113.211 479.86H111.491ZM114.731 492.2C113.598 492.2 112.644 491.94 111.871 491.42C111.098 490.887 110.511 490.2 110.111 489.36C109.711 488.52 109.511 487.633 109.511 486.7C109.511 485.753 109.711 484.867 110.111 484.04C110.511 483.2 111.098 482.52 111.871 482C112.644 481.467 113.598 481.2 114.731 481.2C115.864 481.2 116.818 481.467 117.591 482C118.364 482.52 118.951 483.2 119.351 484.04C119.751 484.867 119.951 485.753 119.951 486.7C119.951 487.633 119.751 488.52 119.351 489.36C118.951 490.2 118.364 490.887 117.591 491.42C116.818 491.94 115.864 492.2 114.731 492.2ZM114.731 490.54C115.451 490.54 116.051 490.36 116.531 490C117.024 489.627 117.391 489.147 117.631 488.56C117.884 487.973 118.011 487.353 118.011 486.7C118.011 486.033 117.884 485.413 117.631 484.84C117.391 484.253 117.024 483.78 116.531 483.42C116.051 483.047 115.451 482.86 114.731 482.86C114.024 482.86 113.424 483.047 112.931 483.42C112.438 483.78 112.064 484.253 111.811 484.84C111.571 485.413 111.451 486.033 111.451 486.7C111.451 487.353 111.571 487.973 111.811 488.56C112.064 489.147 112.438 489.627 112.931 490C113.424 490.36 114.024 490.54 114.731 490.54ZM123.898 479.38C123.538 479.38 123.238 479.26 122.998 479.02C122.771 478.78 122.658 478.493 122.658 478.16C122.658 477.813 122.771 477.52 122.998 477.28C123.238 477.04 123.538 476.92 123.898 476.92C124.244 476.92 124.538 477.04 124.778 477.28C125.018 477.52 125.138 477.813 125.138 478.16C125.138 478.493 125.018 478.78 124.778 479.02C124.538 479.26 124.244 479.38 123.898 479.38ZM122.958 492V481.4H124.858V492H122.958ZM138.181 492.2C137.514 492.2 136.954 492.093 136.501 491.88C136.047 491.667 135.681 491.413 135.401 491.12C135.134 490.827 134.921 490.56 134.761 490.32H134.641V492H132.741V476.8H134.641V483.08H134.761C134.921 482.827 135.134 482.553 135.401 482.26C135.681 481.967 136.047 481.72 136.501 481.52C136.954 481.307 137.514 481.2 138.181 481.2C138.981 481.2 139.681 481.36 140.281 481.68C140.881 481.987 141.381 482.407 141.781 482.94C142.181 483.46 142.481 484.047 142.681 484.7C142.881 485.353 142.981 486.02 142.981 486.7C142.981 487.38 142.881 488.047 142.681 488.7C142.481 489.353 142.181 489.947 141.781 490.48C141.381 491 140.881 491.42 140.281 491.74C139.681 492.047 138.981 492.2 138.181 492.2ZM137.861 490.58C138.581 490.58 139.174 490.393 139.641 490.02C140.121 489.633 140.474 489.147 140.701 488.56C140.941 487.96 141.061 487.34 141.061 486.7C141.061 486.047 140.941 485.427 140.701 484.84C140.474 484.253 140.121 483.773 139.641 483.4C139.174 483.013 138.581 482.82 137.861 482.82C137.154 482.82 136.561 483.013 136.081 483.4C135.614 483.773 135.261 484.253 135.021 484.84C134.794 485.427 134.681 486.047 134.681 486.7C134.681 487.34 134.794 487.96 135.021 488.56C135.261 489.147 135.614 489.633 136.081 490.02C136.561 490.393 137.154 490.58 137.861 490.58ZM146.948 479.38C146.588 479.38 146.288 479.26 146.048 479.02C145.821 478.78 145.708 478.493 145.708 478.16C145.708 477.813 145.821 477.52 146.048 477.28C146.288 477.04 146.588 476.92 146.948 476.92C147.294 476.92 147.588 477.04 147.828 477.28C148.068 477.52 148.188 477.813 148.188 478.16C148.188 478.493 148.068 478.78 147.828 479.02C147.588 479.26 147.294 479.38 146.948 479.38ZM146.008 492V481.4H147.908V492H146.008ZM146.948 496.54C146.574 496.54 146.261 496.407 146.008 496.14C145.768 495.887 145.648 495.587 145.648 495.24C145.648 494.88 145.768 494.573 146.008 494.32C146.261 494.067 146.574 493.94 146.948 493.94C147.321 493.94 147.628 494.067 147.868 494.32C148.121 494.573 148.248 494.88 148.248 495.24C148.248 495.6 148.121 495.907 147.868 496.16C147.628 496.413 147.321 496.54 146.948 496.54ZM160.324 492.2C159.524 492.2 158.824 492.047 158.224 491.74C157.624 491.42 157.124 491 156.724 490.48C156.324 489.947 156.024 489.353 155.824 488.7C155.624 488.047 155.524 487.38 155.524 486.7C155.524 486.02 155.624 485.353 155.824 484.7C156.024 484.047 156.324 483.46 156.724 482.94C157.124 482.407 157.624 481.987 158.224 481.68C158.824 481.36 159.524 481.2 160.324 481.2C160.991 481.2 161.551 481.307 162.004 481.52C162.458 481.733 162.824 481.987 163.104 482.28C163.384 482.56 163.598 482.827 163.744 483.08H163.864V480.24H161.084V478.72H163.864V476.8H165.764V478.72H167.584V480.24H165.764V492H163.864V490.32H163.744C163.598 490.573 163.384 490.847 163.104 491.14C162.824 491.433 162.458 491.687 162.004 491.9C161.551 492.1 160.991 492.2 160.324 492.2ZM160.644 490.58C161.351 490.58 161.938 490.393 162.404 490.02C162.884 489.633 163.238 489.147 163.464 488.56C163.704 487.96 163.824 487.34 163.824 486.7C163.824 486.047 163.704 485.427 163.464 484.84C163.238 484.253 162.884 483.773 162.404 483.4C161.938 483.013 161.351 482.82 160.644 482.82C159.938 482.82 159.344 483.013 158.864 483.4C158.384 483.773 158.024 484.253 157.784 484.84C157.558 485.427 157.444 486.047 157.444 486.7C157.444 487.34 157.558 487.96 157.784 488.56C158.024 489.147 158.384 489.633 158.864 490.02C159.344 490.393 159.938 490.58 160.644 490.58ZM173.957 481.2C174.624 481.2 175.184 481.307 175.637 481.52C176.09 481.733 176.457 481.987 176.737 482.28C177.017 482.56 177.23 482.827 177.377 483.08H177.497V481.4H179.397V492H177.497V490.32H177.377C177.23 490.573 177.017 490.847 176.737 491.14C176.457 491.433 176.09 491.687 175.637 491.9C175.184 492.1 174.624 492.2 173.957 492.2C173.157 492.2 172.457 492.047 171.857 491.74C171.257 491.42 170.757 491 170.357 490.48C169.957 489.947 169.657 489.353 169.457 488.7C169.257 488.047 169.157 487.38 169.157 486.7C169.157 486.02 169.257 485.353 169.457 484.7C169.657 484.047 169.957 483.46 170.357 482.94C170.757 482.407 171.257 481.987 171.857 481.68C172.457 481.36 173.157 481.2 173.957 481.2ZM174.277 482.82C173.57 482.82 172.977 483.013 172.497 483.4C172.017 483.773 171.657 484.253 171.417 484.84C171.19 485.427 171.077 486.047 171.077 486.7C171.077 487.34 171.19 487.96 171.417 488.56C171.657 489.147 172.017 489.633 172.497 490.02C172.977 490.393 173.57 490.58 174.277 490.58C174.984 490.58 175.57 490.393 176.037 490.02C176.517 489.633 176.87 489.147 177.097 488.56C177.337 487.96 177.457 487.34 177.457 486.7C177.457 486.047 177.337 485.427 177.097 484.84C176.87 484.253 176.517 483.773 176.037 483.4C175.57 483.013 174.984 482.82 174.277 482.82ZM185.649 492.2C184.596 492.2 183.756 491.873 183.129 491.22C182.502 490.567 182.189 489.66 182.189 488.5V481.4H184.089V488.4C184.089 489.093 184.276 489.627 184.649 490C185.036 490.373 185.542 490.56 186.169 490.56C186.809 490.56 187.322 490.393 187.709 490.06C188.096 489.727 188.376 489.3 188.549 488.78C188.722 488.26 188.809 487.727 188.809 487.18V481.4H190.709V492H188.809V490.48H188.689C188.609 490.64 188.456 490.86 188.229 491.14C188.002 491.407 187.682 491.653 187.269 491.88C186.856 492.093 186.316 492.2 185.649 492.2ZM203.767 492.2C203.1 492.2 202.54 492.093 202.087 491.88C201.633 491.667 201.267 491.413 200.987 491.12C200.72 490.827 200.507 490.56 200.347 490.32H200.227V492H198.327V476.8H200.227V483.08H200.347C200.507 482.827 200.72 482.553 200.987 482.26C201.267 481.967 201.633 481.72 202.087 481.52C202.54 481.307 203.1 481.2 203.767 481.2C204.567 481.2 205.267 481.36 205.867 481.68C206.467 481.987 206.967 482.407 207.367 482.94C207.767 483.46 208.067 484.047 208.267 484.7C208.467 485.353 208.567 486.02 208.567 486.7C208.567 487.38 208.467 488.047 208.267 488.7C208.067 489.353 207.767 489.947 207.367 490.48C206.967 491 206.467 491.42 205.867 491.74C205.267 492.047 204.567 492.2 203.767 492.2ZM203.447 490.58C204.167 490.58 204.76 490.393 205.227 490.02C205.707 489.633 206.06 489.147 206.287 488.56C206.527 487.96 206.647 487.34 206.647 486.7C206.647 486.047 206.527 485.427 206.287 484.84C206.06 484.253 205.707 483.773 205.227 483.4C204.76 483.013 204.167 482.82 203.447 482.82C202.74 482.82 202.147 483.013 201.667 483.4C201.2 483.773 200.847 484.253 200.607 484.84C200.38 485.427 200.267 486.047 200.267 486.7C200.267 487.34 200.38 487.96 200.607 488.56C200.847 489.147 201.2 489.633 201.667 490.02C202.147 490.393 202.74 490.58 203.447 490.58ZM214.933 492.2C213.88 492.2 213.04 491.873 212.413 491.22C211.787 490.567 211.473 489.66 211.473 488.5V481.4H213.373V488.4C213.373 489.093 213.56 489.627 213.933 490C214.32 490.373 214.827 490.56 215.453 490.56C216.093 490.56 216.607 490.393 216.993 490.06C217.38 489.727 217.66 489.3 217.833 488.78C218.007 488.26 218.093 487.727 218.093 487.18V481.4H219.993V492H218.093V490.48H217.973C217.893 490.64 217.74 490.86 217.513 491.14C217.287 491.407 216.967 491.653 216.553 491.88C216.14 492.093 215.6 492.2 214.933 492.2ZM215.693 496.54C215.32 496.54 215.007 496.407 214.753 496.14C214.513 495.887 214.393 495.587 214.393 495.24C214.393 494.88 214.513 494.573 214.753 494.32C215.007 494.067 215.32 493.94 215.693 493.94C216.067 493.94 216.373 494.067 216.613 494.32C216.867 494.573 216.993 494.88 216.993 495.24C216.993 495.6 216.867 495.907 216.613 496.16C216.373 496.413 216.067 496.54 215.693 496.54ZM222.99 492V481.4H224.89V482.94H225.01C225.103 482.78 225.257 482.56 225.47 482.28C225.697 482 226.017 481.753 226.43 481.54C226.843 481.313 227.363 481.2 227.99 481.2C228.763 481.2 229.423 481.38 229.97 481.74C230.517 482.087 230.93 482.56 231.21 483.16C231.503 483.76 231.65 484.433 231.65 485.18V492H229.75V485.3C229.75 484.593 229.55 484.007 229.15 483.54C228.763 483.073 228.197 482.84 227.45 482.84C226.85 482.84 226.363 482.993 225.99 483.3C225.617 483.593 225.337 483.987 225.15 484.48C224.977 484.96 224.89 485.473 224.89 486.02V492H222.99ZM239.555 496.2C238.675 496.2 237.941 496.08 237.355 495.84C236.768 495.613 236.295 495.32 235.935 494.96C235.588 494.613 235.328 494.267 235.155 493.92C234.981 493.573 234.868 493.28 234.815 493.04C234.761 492.813 234.735 492.7 234.735 492.7H236.635C236.635 492.7 236.668 492.793 236.735 492.98C236.801 493.167 236.928 493.38 237.115 493.62C237.315 493.86 237.608 494.073 237.995 494.26C238.381 494.447 238.901 494.54 239.555 494.54C240.328 494.54 240.935 494.387 241.375 494.08C241.815 493.787 242.128 493.4 242.315 492.92C242.515 492.44 242.615 491.933 242.615 491.4V490.18H242.515C242.381 490.407 242.168 490.667 241.875 490.96C241.595 491.24 241.221 491.487 240.755 491.7C240.288 491.9 239.715 492 239.035 492C238.235 492 237.535 491.847 236.935 491.54C236.335 491.233 235.835 490.82 235.435 490.3C235.048 489.78 234.755 489.2 234.555 488.56C234.355 487.92 234.255 487.267 234.255 486.6C234.255 485.933 234.355 485.28 234.555 484.64C234.755 484 235.048 483.42 235.435 482.9C235.835 482.38 236.335 481.967 236.935 481.66C237.535 481.353 238.235 481.2 239.035 481.2C239.715 481.2 240.288 481.307 240.755 481.52C241.221 481.72 241.595 481.96 241.875 482.24C242.168 482.52 242.381 482.78 242.515 483.02H242.615V481.4H244.515V491.38C244.515 492.86 244.081 494.033 243.215 494.9C242.361 495.767 241.141 496.2 239.555 496.2ZM239.395 490.38C240.101 490.38 240.688 490.2 241.155 489.84C241.635 489.467 241.988 488.993 242.215 488.42C242.455 487.847 242.575 487.24 242.575 486.6C242.575 485.96 242.455 485.353 242.215 484.78C241.988 484.193 241.635 483.72 241.155 483.36C240.688 483 240.101 482.82 239.395 482.82C238.688 482.82 238.095 483 237.615 483.36C237.135 483.72 236.775 484.193 236.535 484.78C236.308 485.353 236.195 485.96 236.195 486.6C236.195 487.24 236.308 487.847 236.535 488.42C236.775 488.993 237.135 489.467 237.615 489.84C238.095 490.2 238.688 490.38 239.395 490.38ZM248.766 492.2C248.393 492.2 248.08 492.073 247.826 491.82C247.586 491.553 247.466 491.247 247.466 490.9C247.466 490.54 247.586 490.233 247.826 489.98C248.08 489.727 248.393 489.6 248.766 489.6C249.14 489.6 249.446 489.727 249.686 489.98C249.94 490.233 250.066 490.54 250.066 490.9C250.066 491.26 249.94 491.567 249.686 491.82C249.446 492.073 249.14 492.2 248.766 492.2Z" fill="#173404"/>
<path d="M372 527H56C49.3726 527 44 532.373 44 539V575C44 581.627 49.3726 587 56 587H372C378.627 587 384 581.627 384 575V539C384 532.373 378.627 527 372 527Z" fill="#F5F5F0" stroke="#E0E0E0" stroke-width="0.5"/>
<path d="M73 571C80.732 571 87 564.732 87 557C87 549.268 80.732 543 73 543C65.268 543 59 549.268 59 557C59 564.732 65.268 571 73 571Z" fill="white" stroke="#E0E0E0" stroke-width="0.5"/>
<path d="M73.225 562.13C72.471 562.13 71.808 561.991 71.236 561.714C70.664 561.428 70.1873 561.051 69.806 560.583C69.4333 560.106 69.1516 559.578 68.961 558.997C68.7703 558.408 68.675 557.805 68.675 557.19C68.675 556.575 68.7703 555.972 68.961 555.383C69.1516 554.794 69.4333 554.265 69.806 553.797C70.1873 553.32 70.664 552.943 71.236 552.666C71.808 552.389 72.471 552.25 73.225 552.25C73.849 552.25 74.382 552.332 74.824 552.497C75.2746 552.653 75.6473 552.857 75.942 553.108C76.2453 553.359 76.488 553.628 76.67 553.914C76.8606 554.2 76.9993 554.469 77.086 554.72C77.1813 554.971 77.242 555.179 77.268 555.344C77.3026 555.5 77.32 555.578 77.32 555.578H76.046C76.046 555.578 76.0286 555.509 75.994 555.37C75.9593 555.223 75.89 555.045 75.786 554.837C75.682 554.62 75.526 554.404 75.318 554.187C75.11 553.97 74.837 553.793 74.499 553.654C74.161 553.507 73.7406 553.433 73.238 553.433C72.692 553.433 72.2153 553.541 71.808 553.758C71.4006 553.966 71.0583 554.252 70.781 554.616C70.5123 554.971 70.3086 555.374 70.17 555.825C70.04 556.267 69.975 556.722 69.975 557.19C69.975 557.658 70.04 558.117 70.17 558.568C70.3086 559.01 70.5123 559.413 70.781 559.777C71.0583 560.132 71.4006 560.418 71.808 560.635C72.2153 560.843 72.692 560.947 73.238 560.947C73.7406 560.947 74.161 560.873 74.499 560.726C74.837 560.579 75.11 560.401 75.318 560.193C75.526 559.976 75.682 559.764 75.786 559.556C75.89 559.339 75.9593 559.157 75.994 559.01C76.0286 558.863 76.046 558.789 76.046 558.789H77.32C77.32 558.789 77.3026 558.871 77.268 559.036C77.242 559.192 77.1813 559.4 77.086 559.66C76.9993 559.911 76.8606 560.18 76.67 560.466C76.488 560.743 76.2453 561.012 75.942 561.272C75.6473 561.523 75.2746 561.731 74.824 561.896C74.382 562.052 73.849 562.13 73.225 562.13Z" fill="#888780"/>
<path d="M102.52 566V552.92H97.9V551.2H109.1V552.92H104.48V566H102.52ZM111.491 553.86L113.911 550.52H115.531L117.951 553.86H116.231L114.711 551.72L113.211 553.86H111.491ZM114.731 566.2C113.598 566.2 112.644 565.94 111.871 565.42C111.098 564.887 110.511 564.2 110.111 563.36C109.711 562.52 109.511 561.633 109.511 560.7C109.511 559.753 109.711 558.867 110.111 558.04C110.511 557.2 111.098 556.52 111.871 556C112.644 555.467 113.598 555.2 114.731 555.2C115.864 555.2 116.818 555.467 117.591 556C118.364 556.52 118.951 557.2 119.351 558.04C119.751 558.867 119.951 559.753 119.951 560.7C119.951 561.633 119.751 562.52 119.351 563.36C118.951 564.2 118.364 564.887 117.591 565.42C116.818 565.94 115.864 566.2 114.731 566.2ZM114.731 564.54C115.451 564.54 116.051 564.36 116.531 564C117.024 563.627 117.391 563.147 117.631 562.56C117.884 561.973 118.011 561.353 118.011 560.7C118.011 560.033 117.884 559.413 117.631 558.84C117.391 558.253 117.024 557.78 116.531 557.42C116.051 557.047 115.451 556.86 114.731 556.86C114.024 556.86 113.424 557.047 112.931 557.42C112.438 557.78 112.064 558.253 111.811 558.84C111.571 559.413 111.451 560.033 111.451 560.7C111.451 561.353 111.571 561.973 111.811 562.56C112.064 563.147 112.438 563.627 112.931 564C113.424 564.36 114.024 564.54 114.731 564.54ZM123.898 553.38C123.538 553.38 123.238 553.26 122.998 553.02C122.771 552.78 122.658 552.493 122.658 552.16C122.658 551.813 122.771 551.52 122.998 551.28C123.238 551.04 123.538 550.92 123.898 550.92C124.244 550.92 124.538 551.04 124.778 551.28C125.018 551.52 125.138 551.813 125.138 552.16C125.138 552.493 125.018 552.78 124.778 553.02C124.538 553.26 124.244 553.38 123.898 553.38ZM122.958 566V555.4H124.858V566H122.958ZM138.181 566.2C137.514 566.2 136.954 566.093 136.501 565.88C136.047 565.667 135.681 565.413 135.401 565.12C135.134 564.827 134.921 564.56 134.761 564.32H134.641V566H132.741V550.8H134.641V557.08H134.761C134.921 556.827 135.134 556.553 135.401 556.26C135.681 555.967 136.047 555.72 136.501 555.52C136.954 555.307 137.514 555.2 138.181 555.2C138.981 555.2 139.681 555.36 140.281 555.68C140.881 555.987 141.381 556.407 141.781 556.94C142.181 557.46 142.481 558.047 142.681 558.7C142.881 559.353 142.981 560.02 142.981 560.7C142.981 561.38 142.881 562.047 142.681 562.7C142.481 563.353 142.181 563.947 141.781 564.48C141.381 565 140.881 565.42 140.281 565.74C139.681 566.047 138.981 566.2 138.181 566.2ZM137.861 564.58C138.581 564.58 139.174 564.393 139.641 564.02C140.121 563.633 140.474 563.147 140.701 562.56C140.941 561.96 141.061 561.34 141.061 560.7C141.061 560.047 140.941 559.427 140.701 558.84C140.474 558.253 140.121 557.773 139.641 557.4C139.174 557.013 138.581 556.82 137.861 556.82C137.154 556.82 136.561 557.013 136.081 557.4C135.614 557.773 135.261 558.253 135.021 558.84C134.794 559.427 134.681 560.047 134.681 560.7C134.681 561.34 134.794 561.96 135.021 562.56C135.261 563.147 135.614 563.633 136.081 564.02C136.561 564.393 137.154 564.58 137.861 564.58ZM146.948 553.38C146.588 553.38 146.288 553.26 146.048 553.02C145.821 552.78 145.708 552.493 145.708 552.16C145.708 551.813 145.821 551.52 146.048 551.28C146.288 551.04 146.588 550.92 146.948 550.92C147.294 550.92 147.588 551.04 147.828 551.28C148.068 551.52 148.188 551.813 148.188 552.16C148.188 552.493 148.068 552.78 147.828 553.02C147.588 553.26 147.294 553.38 146.948 553.38ZM146.008 566V555.4H147.908V566H146.008ZM146.948 570.54C146.574 570.54 146.261 570.407 146.008 570.14C145.768 569.887 145.648 569.587 145.648 569.24C145.648 568.88 145.768 568.573 146.008 568.32C146.261 568.067 146.574 567.94 146.948 567.94C147.321 567.94 147.628 568.067 147.868 568.32C148.121 568.573 148.248 568.88 148.248 569.24C148.248 569.6 148.121 569.907 147.868 570.16C147.628 570.413 147.321 570.54 146.948 570.54ZM159.604 566.2C158.791 566.2 158.118 566.087 157.584 565.86C157.064 565.633 156.651 565.353 156.344 565.02C156.038 564.673 155.811 564.333 155.664 564C155.518 563.653 155.424 563.367 155.384 563.14C155.344 562.913 155.324 562.8 155.324 562.8H157.244C157.244 562.8 157.264 562.893 157.304 563.08C157.358 563.253 157.458 563.46 157.604 563.7C157.764 563.927 158.004 564.133 158.324 564.32C158.658 564.493 159.098 564.58 159.644 564.58C160.271 564.58 160.758 564.433 161.104 564.14C161.451 563.833 161.624 563.46 161.624 563.02C161.624 562.633 161.484 562.327 161.204 562.1C160.938 561.873 160.551 561.7 160.044 561.58L158.604 561.24C158.071 561.107 157.571 560.927 157.104 560.7C156.638 560.473 156.258 560.167 155.964 559.78C155.684 559.38 155.544 558.887 155.544 558.3C155.544 557.393 155.884 556.653 156.564 556.08C157.244 555.493 158.131 555.2 159.224 555.2C159.958 555.2 160.564 555.307 161.044 555.52C161.524 555.72 161.904 555.973 162.184 556.28C162.478 556.587 162.691 556.893 162.824 557.2C162.971 557.507 163.064 557.767 163.104 557.98C163.144 558.18 163.164 558.28 163.164 558.28H161.324C161.324 558.28 161.304 558.207 161.264 558.06C161.224 557.9 161.131 557.727 160.984 557.54C160.851 557.34 160.644 557.167 160.364 557.02C160.084 556.86 159.711 556.78 159.244 556.78C158.604 556.78 158.138 556.927 157.844 557.22C157.551 557.513 157.404 557.833 157.404 558.18C157.404 558.513 157.538 558.787 157.804 559C158.084 559.2 158.444 559.353 158.884 559.46L160.344 559.8C161.251 560.013 161.998 560.367 162.584 560.86C163.184 561.34 163.484 562.033 163.484 562.94C163.484 563.527 163.331 564.073 163.024 564.58C162.718 565.073 162.278 565.467 161.704 565.76C161.131 566.053 160.431 566.2 159.604 566.2ZM174.645 551.3L173.025 551.28L174.745 547.68H176.705L174.645 551.3ZM167.565 553.86L169.985 550.92H171.605L174.025 553.86H172.305L170.785 552.02L169.285 553.86H167.565ZM170.805 566.2C169.672 566.2 168.718 565.94 167.945 565.42C167.172 564.887 166.585 564.2 166.185 563.36C165.785 562.52 165.585 561.633 165.585 560.7C165.585 559.753 165.785 558.867 166.185 558.04C166.585 557.2 167.172 556.52 167.945 556C168.718 555.467 169.672 555.2 170.805 555.2C171.938 555.2 172.892 555.467 173.665 556C174.438 556.52 175.025 557.2 175.425 558.04C175.825 558.867 176.025 559.753 176.025 560.7C176.025 561.633 175.825 562.52 175.425 563.36C175.025 564.2 174.438 564.887 173.665 565.42C172.892 565.94 171.938 566.2 170.805 566.2ZM170.805 564.54C171.525 564.54 172.125 564.36 172.605 564C173.098 563.627 173.465 563.147 173.705 562.56C173.958 561.973 174.085 561.353 174.085 560.7C174.085 560.033 173.958 559.413 173.705 558.84C173.465 558.253 173.098 557.78 172.605 557.42C172.125 557.047 171.525 556.86 170.805 556.86C170.098 556.86 169.498 557.047 169.005 557.42C168.512 557.78 168.138 558.253 167.885 558.84C167.645 559.413 167.525 560.033 167.525 560.7C167.525 561.353 167.645 561.973 167.885 562.56C168.138 563.147 168.512 563.627 169.005 564C169.498 564.36 170.098 564.54 170.805 564.54ZM183.037 566.2C181.943 566.2 181.117 565.92 180.557 565.36C180.01 564.8 179.737 564.013 179.737 563V556.96H177.837V555.4H179.737V552.74H181.637V555.4H184.217V556.96H181.637V563C181.637 563.533 181.783 563.927 182.077 564.18C182.37 564.42 182.797 564.54 183.357 564.54C183.65 564.54 183.93 564.52 184.197 564.48C184.463 564.44 184.597 564.42 184.597 564.42V566.04C184.597 566.04 184.443 566.067 184.137 566.12C183.83 566.173 183.463 566.2 183.037 566.2ZM188.551 566.2C188.178 566.2 187.865 566.073 187.611 565.82C187.371 565.553 187.251 565.247 187.251 564.9C187.251 564.54 187.371 564.233 187.611 563.98C187.865 563.727 188.178 563.6 188.551 563.6C188.925 563.6 189.231 563.727 189.471 563.98C189.725 564.233 189.851 564.54 189.851 564.9C189.851 565.26 189.725 565.567 189.471 565.82C189.231 566.073 188.925 566.2 188.551 566.2Z" fill="#888780"/>
<path d="M372 601H56C49.3726 601 44 606.373 44 613V649C44 655.627 49.3726 661 56 661H372C378.627 661 384 655.627 384 649V613C384 606.373 378.627 601 372 601Z" fill="#F5F5F0" stroke="#E0E0E0" stroke-width="0.5"/>
<path d="M73 645C80.732 645 87 638.732 87 631C87 623.268 80.732 617 73 617C65.268 617 59 623.268 59 631C59 638.732 65.268 645 73 645Z" fill="white" stroke="#E0E0E0" stroke-width="0.5"/>
<path d="M69.311 636V626.38H72.431C73.2023 626.38 73.874 626.519 74.446 626.796C75.018 627.065 75.4947 627.429 75.876 627.888C76.2573 628.347 76.5433 628.863 76.734 629.435C76.9247 630.007 77.02 630.592 77.02 631.19C77.02 631.788 76.9247 632.373 76.734 632.945C76.5433 633.517 76.2573 634.033 75.876 634.492C75.4947 634.951 75.018 635.32 74.446 635.597C73.874 635.866 73.2023 636 72.431 636H69.311ZM72.379 627.498H70.585V634.882H72.379C72.9423 634.882 73.432 634.778 73.848 634.57C74.2727 634.362 74.6237 634.085 74.901 633.738C75.187 633.383 75.3993 632.984 75.538 632.542C75.6767 632.1 75.746 631.649 75.746 631.19C75.746 630.731 75.6767 630.28 75.538 629.838C75.3993 629.396 75.187 629.002 74.901 628.655C74.6237 628.3 74.2727 628.018 73.848 627.81C73.432 627.602 72.9423 627.498 72.379 627.498Z" fill="#888780"/>
<path d="M102.52 640V626.92H97.9V625.2H109.1V626.92H104.48V640H102.52ZM111.491 627.86L113.911 624.52H115.531L117.951 627.86H116.231L114.711 625.72L113.211 627.86H111.491ZM114.731 640.2C113.598 640.2 112.644 639.94 111.871 639.42C111.098 638.887 110.511 638.2 110.111 637.36C109.711 636.52 109.511 635.633 109.511 634.7C109.511 633.753 109.711 632.867 110.111 632.04C110.511 631.2 111.098 630.52 111.871 630C112.644 629.467 113.598 629.2 114.731 629.2C115.864 629.2 116.818 629.467 117.591 630C118.364 630.52 118.951 631.2 119.351 632.04C119.751 632.867 119.951 633.753 119.951 634.7C119.951 635.633 119.751 636.52 119.351 637.36C118.951 638.2 118.364 638.887 117.591 639.42C116.818 639.94 115.864 640.2 114.731 640.2ZM114.731 638.54C115.451 638.54 116.051 638.36 116.531 638C117.024 637.627 117.391 637.147 117.631 636.56C117.884 635.973 118.011 635.353 118.011 634.7C118.011 634.033 117.884 633.413 117.631 632.84C117.391 632.253 117.024 631.78 116.531 631.42C116.051 631.047 115.451 630.86 114.731 630.86C114.024 630.86 113.424 631.047 112.931 631.42C112.438 631.78 112.064 632.253 111.811 632.84C111.571 633.413 111.451 634.033 111.451 634.7C111.451 635.353 111.571 635.973 111.811 636.56C112.064 637.147 112.438 637.627 112.931 638C113.424 638.36 114.024 638.54 114.731 638.54ZM123.898 627.38C123.538 627.38 123.238 627.26 122.998 627.02C122.771 626.78 122.658 626.493 122.658 626.16C122.658 625.813 122.771 625.52 122.998 625.28C123.238 625.04 123.538 624.92 123.898 624.92C124.244 624.92 124.538 625.04 124.778 625.28C125.018 625.52 125.138 625.813 125.138 626.16C125.138 626.493 125.018 626.78 124.778 627.02C124.538 627.26 124.244 627.38 123.898 627.38ZM122.958 640V629.4H124.858V640H122.958ZM138.181 640.2C137.514 640.2 136.954 640.093 136.501 639.88C136.047 639.667 135.681 639.413 135.401 639.12C135.134 638.827 134.921 638.56 134.761 638.32H134.641V640H132.741V624.8H134.641V631.08H134.761C134.921 630.827 135.134 630.553 135.401 630.26C135.681 629.967 136.047 629.72 136.501 629.52C136.954 629.307 137.514 629.2 138.181 629.2C138.981 629.2 139.681 629.36 140.281 629.68C140.881 629.987 141.381 630.407 141.781 630.94C142.181 631.46 142.481 632.047 142.681 632.7C142.881 633.353 142.981 634.02 142.981 634.7C142.981 635.38 142.881 636.047 142.681 636.7C142.481 637.353 142.181 637.947 141.781 638.48C141.381 639 140.881 639.42 140.281 639.74C139.681 640.047 138.981 640.2 138.181 640.2ZM137.861 638.58C138.581 638.58 139.174 638.393 139.641 638.02C140.121 637.633 140.474 637.147 140.701 636.56C140.941 635.96 141.061 635.34 141.061 634.7C141.061 634.047 140.941 633.427 140.701 632.84C140.474 632.253 140.121 631.773 139.641 631.4C139.174 631.013 138.581 630.82 137.861 630.82C137.154 630.82 136.561 631.013 136.081 631.4C135.614 631.773 135.261 632.253 135.021 632.84C134.794 633.427 134.681 634.047 134.681 634.7C134.681 635.34 134.794 635.96 135.021 636.56C135.261 637.147 135.614 637.633 136.081 638.02C136.561 638.393 137.154 638.58 137.861 638.58ZM146.948 627.38C146.588 627.38 146.288 627.26 146.048 627.02C145.821 626.78 145.708 626.493 145.708 626.16C145.708 625.813 145.821 625.52 146.048 625.28C146.288 625.04 146.588 624.92 146.948 624.92C147.294 624.92 147.588 625.04 147.828 625.28C148.068 625.52 148.188 625.813 148.188 626.16C148.188 626.493 148.068 626.78 147.828 627.02C147.588 627.26 147.294 627.38 146.948 627.38ZM146.008 640V629.4H147.908V640H146.008ZM146.948 644.54C146.574 644.54 146.261 644.407 146.008 644.14C145.768 643.887 145.648 643.587 145.648 643.24C145.648 642.88 145.768 642.573 146.008 642.32C146.261 642.067 146.574 641.94 146.948 641.94C147.321 641.94 147.628 642.067 147.868 642.32C148.121 642.573 148.248 642.88 148.248 643.24C148.248 643.6 148.121 643.907 147.868 644.16C147.628 644.413 147.321 644.54 146.948 644.54ZM155.924 640V624.8H157.824V630.94H157.944C158.038 630.78 158.191 630.56 158.404 630.28C158.631 630 158.951 629.753 159.364 629.54C159.778 629.313 160.298 629.2 160.924 629.2C161.698 629.2 162.358 629.38 162.904 629.74C163.451 630.087 163.864 630.56 164.144 631.16C164.438 631.76 164.584 632.433 164.584 633.18V640H162.684V633.3C162.684 632.593 162.484 632.007 162.084 631.54C161.698 631.073 161.131 630.84 160.384 630.84C159.784 630.84 159.298 630.993 158.924 631.3C158.551 631.593 158.271 631.987 158.084 632.48C157.911 632.96 157.824 633.473 157.824 634.02V640H155.924ZM172.404 640.2C171.271 640.2 170.318 639.94 169.544 639.42C168.771 638.887 168.184 638.2 167.784 637.36C167.384 636.52 167.184 635.633 167.184 634.7C167.184 633.753 167.384 632.867 167.784 632.04C168.184 631.2 168.771 630.52 169.544 630C170.318 629.467 171.271 629.2 172.404 629.2C173.538 629.2 174.491 629.467 175.264 630C176.038 630.52 176.624 631.2 177.024 632.04C177.424 632.867 177.624 633.753 177.624 634.7C177.624 635.633 177.424 636.52 177.024 637.36C176.624 638.2 176.038 638.887 175.264 639.42C174.491 639.94 173.538 640.2 172.404 640.2ZM172.404 638.54C173.124 638.54 173.724 638.36 174.204 638C174.698 637.627 175.064 637.147 175.304 636.56C175.558 635.973 175.684 635.353 175.684 634.7C175.684 634.033 175.558 633.413 175.304 632.84C175.064 632.253 174.698 631.78 174.204 631.42C173.724 631.047 173.124 630.86 172.404 630.86C171.698 630.86 171.098 631.047 170.604 631.42C170.111 631.78 169.738 632.253 169.484 632.84C169.244 633.413 169.124 634.033 169.124 634.7C169.124 635.353 169.244 635.973 169.484 636.56C169.738 637.147 170.111 637.627 170.604 638C171.098 638.36 171.698 638.54 172.404 638.54ZM181.676 640.2C181.303 640.2 180.99 640.073 180.736 639.82C180.496 639.553 180.376 639.247 180.376 638.9C180.376 638.54 180.496 638.233 180.736 637.98C180.99 637.727 181.303 637.6 181.676 637.6C182.05 637.6 182.356 637.727 182.596 637.98C182.85 638.233 182.976 638.54 182.976 638.9C182.976 639.26 182.85 639.567 182.596 639.82C182.356 640.073 182.05 640.2 181.676 640.2Z" fill="#888780"/>
<path d="M371 682H55C48.3726 682 43 689.291 43 698.286V760.714C43 769.709 48.3726 777 55 777H371C377.627 777 383 769.709 383 760.714V698.286C383 689.291 377.627 682 371 682Z" fill="#FCEBEB" stroke="#F09595" stroke-width="0.5"/>
<path d="M70.29 713.18C69.246 713.18 68.328 712.988 67.536 712.604C66.744 712.208 66.084 711.686 65.556 711.038C65.04 710.378 64.65 709.646 64.386 708.842C64.122 708.026 63.99 707.192 63.99 706.34C63.99 705.488 64.122 704.654 64.386 703.838C64.65 703.022 65.04 702.29 65.556 701.642C66.084 700.982 66.744 700.46 67.536 700.076C68.328 699.692 69.246 699.5 70.29 699.5C71.154 699.5 71.892 699.614 72.504 699.842C73.128 700.058 73.644 700.34 74.052 700.688C74.472 701.036 74.808 701.408 75.06 701.804C75.324 702.2 75.516 702.572 75.636 702.92C75.768 703.268 75.852 703.556 75.888 703.784C75.936 704 75.96 704.108 75.96 704.108H74.196C74.196 704.108 74.172 704.012 74.124 703.82C74.076 703.616 73.98 703.37 73.836 703.082C73.692 702.782 73.476 702.482 73.188 702.182C72.9 701.882 72.522 701.636 72.054 701.444C71.586 701.24 71.004 701.138 70.308 701.138C69.552 701.138 68.892 701.288 68.328 701.588C67.764 701.876 67.29 702.272 66.906 702.776C66.534 703.268 66.252 703.826 66.06 704.45C65.88 705.062 65.79 705.692 65.79 706.34C65.79 706.988 65.88 707.624 66.06 708.248C66.252 708.86 66.534 709.418 66.906 709.922C67.29 710.414 67.764 710.81 68.328 711.11C68.892 711.398 69.552 711.542 70.308 711.542C71.004 711.542 71.586 711.44 72.054 711.236C72.522 711.032 72.9 710.786 73.188 710.498C73.476 710.198 73.692 709.904 73.836 709.616C73.98 709.316 74.076 709.064 74.124 708.86C74.172 708.656 74.196 708.554 74.196 708.554H75.96C75.96 708.554 75.936 708.668 75.888 708.896C75.852 709.112 75.768 709.4 75.636 709.76C75.516 710.108 75.324 710.48 75.06 710.876C74.808 711.26 74.472 711.632 74.052 711.992C73.644 712.34 73.128 712.628 72.504 712.856C71.892 713.072 71.154 713.18 70.29 713.18ZM78.397 713V699.32H80.107V704.846H80.215C80.299 704.702 80.437 704.504 80.629 704.252C80.833 704 81.121 703.778 81.493 703.586C81.865 703.382 82.333 703.28 82.897 703.28C83.593 703.28 84.187 703.442 84.679 703.766C85.171 704.078 85.543 704.504 85.795 705.044C86.059 705.584 86.191 706.19 86.191 706.862V713H84.481V706.97C84.481 706.334 84.301 705.806 83.941 705.386C83.593 704.966 83.083 704.756 82.411 704.756C81.871 704.756 81.433 704.894 81.097 705.17C80.761 705.434 80.509 705.788 80.341 706.232C80.185 706.664 80.107 707.126 80.107 707.618V713H78.397ZM91.8252 713.18C90.8772 713.18 90.1212 712.886 89.5572 712.298C88.9932 711.71 88.7112 710.894 88.7112 709.85V703.46H90.4212V709.76C90.4212 710.384 90.5892 710.864 90.9252 711.2C91.2732 711.536 91.7292 711.704 92.2932 711.704C92.8692 711.704 93.3312 711.554 93.6792 711.254C94.0272 710.954 94.2792 710.57 94.4352 710.102C94.5912 709.634 94.6692 709.154 94.6692 708.662V703.46H96.1272C96.5952 703.46 96.8292 703.214 96.8292 702.722V701.642H98.3412V702.722C98.3412 703.274 98.1972 703.718 97.9092 704.054C97.6212 704.39 97.1832 704.558 96.5952 704.558H96.3792V713H94.6692V711.632H94.5612C94.4892 711.776 94.3512 711.974 94.1472 712.226C93.9432 712.466 93.6552 712.688 93.2832 712.892C92.9112 713.084 92.4252 713.18 91.8252 713.18ZM103.486 703.28C104.086 703.28 104.59 703.376 104.998 703.568C105.406 703.76 105.736 703.988 105.988 704.252C106.24 704.504 106.432 704.744 106.564 704.972H106.672V703.46H108.382V713H106.672V711.488H106.564C106.432 711.716 106.24 711.962 105.988 712.226C105.736 712.49 105.406 712.718 104.998 712.91C104.59 713.09 104.086 713.18 103.486 713.18C102.766 713.18 102.136 713.042 101.596 712.766C101.056 712.478 100.606 712.1 100.246 711.632C99.8859 711.152 99.6159 710.618 99.4359 710.03C99.2559 709.442 99.1659 708.842 99.1659 708.23C99.1659 707.618 99.2559 707.018 99.4359 706.43C99.6159 705.842 99.8859 705.314 100.246 704.846C100.606 704.366 101.056 703.988 101.596 703.712C102.136 703.424 102.766 703.28 103.486 703.28ZM103.774 704.738C103.138 704.738 102.604 704.912 102.172 705.26C101.74 705.596 101.416 706.028 101.2 706.556C100.996 707.084 100.894 707.642 100.894 708.23C100.894 708.806 100.996 709.364 101.2 709.904C101.416 710.432 101.74 710.87 102.172 711.218C102.604 711.554 103.138 711.722 103.774 711.722C104.41 711.722 104.938 711.554 105.358 711.218C105.79 710.87 106.108 710.432 106.312 709.904C106.528 709.364 106.636 708.806 106.636 708.23C106.636 707.642 106.528 707.084 106.312 706.556C106.108 706.028 105.79 705.596 105.358 705.26C104.938 704.912 104.41 704.738 103.774 704.738ZM119.183 713.18C118.463 713.18 117.833 713.042 117.293 712.766C116.753 712.478 116.303 712.1 115.943 711.632C115.583 711.152 115.313 710.618 115.133 710.03C114.953 709.442 114.863 708.842 114.863 708.23C114.863 707.618 114.953 707.018 115.133 706.43C115.313 705.842 115.583 705.314 115.943 704.846C116.303 704.366 116.753 703.988 117.293 703.712C117.833 703.424 118.463 703.28 119.183 703.28C119.783 703.28 120.287 703.376 120.695 703.568C121.103 703.76 121.433 703.988 121.685 704.252C121.937 704.504 122.129 704.744 122.261 704.972H122.369V702.416H119.867V701.048H122.369V699.32H124.079V701.048H125.717V702.416H124.079V713H122.369V711.488H122.261C122.129 711.716 121.937 711.962 121.685 712.226C121.433 712.49 121.103 712.718 120.695 712.91C120.287 713.09 119.783 713.18 119.183 713.18ZM119.471 711.722C120.107 711.722 120.635 711.554 121.055 711.218C121.487 710.87 121.805 710.432 122.009 709.904C122.225 709.364 122.333 708.806 122.333 708.23C122.333 707.642 122.225 707.084 122.009 706.556C121.805 706.028 121.487 705.596 121.055 705.26C120.635 704.912 120.107 704.738 119.471 704.738C118.835 704.738 118.301 704.912 117.869 705.26C117.437 705.596 117.113 706.028 116.897 706.556C116.693 707.084 116.591 707.642 116.591 708.23C116.591 708.806 116.693 709.364 116.897 709.904C117.113 710.432 117.437 710.87 117.869 711.218C118.301 711.554 118.835 711.722 119.471 711.722ZM131.749 702.02L130.291 702.002L131.839 698.762H133.603L131.749 702.02ZM130.345 713.18C129.397 713.18 128.641 712.886 128.077 712.298C127.513 711.71 127.231 710.894 127.231 709.85V703.46H128.941V709.76C128.941 710.384 129.109 710.864 129.445 711.2C129.793 711.536 130.249 711.704 130.813 711.704C131.389 711.704 131.851 711.554 132.199 711.254C132.547 710.954 132.799 710.57 132.955 710.102C133.111 709.634 133.189 709.154 133.189 708.662V703.46H134.899V713H133.189V711.632H133.081C133.009 711.776 132.871 711.974 132.667 712.226C132.463 712.466 132.175 712.688 131.803 712.892C131.431 713.084 130.945 713.18 130.345 713.18ZM137.596 713V703.46H139.306V704.846H139.414C139.498 704.702 139.636 704.504 139.828 704.252C140.032 704 140.32 703.778 140.692 703.586C141.064 703.382 141.532 703.28 142.096 703.28C142.792 703.28 143.386 703.442 143.878 703.766C144.37 704.078 144.742 704.504 144.994 705.044C145.258 705.584 145.39 706.19 145.39 706.862V713H143.68V706.97C143.68 706.334 143.5 705.806 143.14 705.386C142.792 704.966 142.282 704.756 141.61 704.756C141.07 704.756 140.632 704.894 140.296 705.17C139.96 705.434 139.708 705.788 139.54 706.232C139.384 706.664 139.306 707.126 139.306 707.618V713H137.596ZM152.504 716.78C151.712 716.78 151.052 716.672 150.524 716.456C149.996 716.252 149.57 715.988 149.246 715.664C148.934 715.352 148.7 715.04 148.544 714.728C148.388 714.416 148.286 714.152 148.238 713.936C148.19 713.732 148.166 713.63 148.166 713.63H149.876C149.876 713.63 149.906 713.714 149.966 713.882C150.026 714.05 150.14 714.242 150.308 714.458C150.488 714.674 150.752 714.866 151.1 715.034C151.448 715.202 151.916 715.286 152.504 715.286C153.2 715.286 153.746 715.148 154.142 714.872C154.538 714.608 154.82 714.26 154.988 713.828C155.168 713.396 155.258 712.94 155.258 712.46V711.362H155.168C155.048 711.566 154.856 711.8 154.592 712.064C154.34 712.316 154.004 712.538 153.584 712.73C153.164 712.91 152.648 713 152.036 713C151.316 713 150.686 712.862 150.146 712.586C149.606 712.31 149.156 711.938 148.796 711.47C148.448 711.002 148.184 710.48 148.004 709.904C147.824 709.328 147.734 708.74 147.734 708.14C147.734 707.54 147.824 706.952 148.004 706.376C148.184 705.8 148.448 705.278 148.796 704.81C149.156 704.342 149.606 703.97 150.146 703.694C150.686 703.418 151.316 703.28 152.036 703.28C152.648 703.28 153.164 703.376 153.584 703.568C154.004 703.748 154.34 703.964 154.592 704.216C154.856 704.468 155.048 704.702 155.168 704.918H155.258V703.46H156.968V712.442C156.968 713.774 156.578 714.83 155.798 715.61C155.03 716.39 153.932 716.78 152.504 716.78ZM152.36 711.542C152.996 711.542 153.524 711.38 153.944 711.056C154.376 710.72 154.694 710.294 154.898 709.778C155.114 709.262 155.222 708.716 155.222 708.14C155.222 707.564 155.114 707.018 154.898 706.502C154.694 705.974 154.376 705.548 153.944 705.224C153.524 704.9 152.996 704.738 152.36 704.738C151.724 704.738 151.19 704.9 150.758 705.224C150.326 705.548 150.002 705.974 149.786 706.502C149.582 707.018 149.48 707.564 149.48 708.14C149.48 708.716 149.582 709.262 149.786 709.778C150.002 710.294 150.326 710.72 150.758 711.056C151.19 711.38 151.724 711.542 152.36 711.542ZM160.795 713.18C160.459 713.18 160.177 713.066 159.949 712.838C159.733 712.598 159.625 712.322 159.625 712.01C159.625 711.686 159.733 711.41 159.949 711.182C160.177 710.954 160.459 710.84 160.795 710.84C161.131 710.84 161.407 710.954 161.623 711.182C161.851 711.41 161.965 711.686 161.965 712.01C161.965 712.334 161.851 712.61 161.623 712.838C161.407 713.066 161.131 713.18 160.795 713.18ZM170.04 713V707.132H168.24V705.548H170.04V699.68H174.36C175.428 699.68 176.358 699.872 177.15 700.256C177.942 700.628 178.602 701.132 179.13 701.768C179.658 702.404 180.054 703.118 180.318 703.91C180.582 704.702 180.714 705.512 180.714 706.34C180.714 707.168 180.582 707.978 180.318 708.77C180.054 709.562 179.658 710.276 179.13 710.912C178.602 711.548 177.942 712.058 177.15 712.442C176.358 712.814 175.428 713 174.36 713H170.04ZM174.612 707.132H171.804V711.452H174.288C175.068 711.452 175.746 711.308 176.322 711.02C176.91 710.732 177.396 710.348 177.78 709.868C178.176 709.376 178.47 708.824 178.662 708.212C178.854 707.6 178.95 706.976 178.95 706.34C178.95 705.704 178.854 705.08 178.662 704.468C178.47 703.856 178.176 703.31 177.78 702.83C177.396 702.338 176.91 701.948 176.322 701.66C175.746 701.372 175.068 701.228 174.288 701.228H171.804V705.548H174.612V707.132ZM188.311 702.02L186.853 702.002L188.401 698.762H190.165L188.311 702.02ZM187.195 703.28C187.795 703.28 188.299 703.376 188.707 703.568C189.115 703.76 189.445 703.988 189.697 704.252C189.949 704.504 190.141 704.744 190.273 704.972H190.381V703.46H192.091V713H190.381V711.488H190.273C190.141 711.716 189.949 711.962 189.697 712.226C189.445 712.49 189.115 712.718 188.707 712.91C188.299 713.09 187.795 713.18 187.195 713.18C186.475 713.18 185.845 713.042 185.305 712.766C184.765 712.478 184.315 712.1 183.955 711.632C183.595 711.152 183.325 710.618 183.145 710.03C182.965 709.442 182.875 708.842 182.875 708.23C182.875 707.618 182.965 707.018 183.145 706.43C183.325 705.842 183.595 705.314 183.955 704.846C184.315 704.366 184.765 703.988 185.305 703.712C185.845 703.424 186.475 703.28 187.195 703.28ZM187.483 704.738C186.847 704.738 186.313 704.912 185.881 705.26C185.449 705.596 185.125 706.028 184.909 706.556C184.705 707.084 184.603 707.642 184.603 708.23C184.603 708.806 184.705 709.364 184.909 709.904C185.125 710.432 185.449 710.87 185.881 711.218C186.313 711.554 186.847 711.722 187.483 711.722C188.119 711.722 188.647 711.554 189.067 711.218C189.499 710.87 189.817 710.432 190.021 709.904C190.237 709.364 190.345 708.806 190.345 708.23C190.345 707.642 190.237 707.084 190.021 706.556C189.817 706.028 189.499 705.596 189.067 705.26C188.647 704.912 188.119 704.738 187.483 704.738ZM194.905 716.528V703.46H196.615V704.972H196.723C196.867 704.744 197.059 704.498 197.299 704.234C197.551 703.97 197.881 703.748 198.289 703.568C198.697 703.376 199.201 703.28 199.801 703.28C200.521 703.28 201.151 703.424 201.691 703.712C202.231 703.988 202.681 704.366 203.041 704.846C203.401 705.314 203.671 705.842 203.851 706.43C204.031 707.018 204.121 707.618 204.121 708.23C204.121 708.842 204.031 709.442 203.851 710.03C203.671 710.618 203.401 711.152 203.041 711.632C202.681 712.1 202.231 712.478 201.691 712.766C201.151 713.042 200.521 713.18 199.801 713.18C199.201 713.18 198.697 713.084 198.289 712.892C197.881 712.7 197.551 712.472 197.299 712.208C197.059 711.944 196.867 711.704 196.723 711.488H196.615V716.528H194.905ZM196.651 708.23C196.651 708.806 196.753 709.364 196.957 709.904C197.173 710.432 197.491 710.87 197.911 711.218C198.343 711.554 198.877 711.722 199.513 711.722C200.161 711.722 200.695 711.554 201.115 711.218C201.547 710.87 201.865 710.432 202.069 709.904C202.285 709.364 202.393 708.806 202.393 708.23C202.393 707.642 202.285 707.084 202.069 706.556C201.865 706.028 201.547 705.596 201.115 705.26C200.695 704.912 200.161 704.738 199.513 704.738C198.877 704.738 198.343 704.912 197.911 705.26C197.491 705.596 197.173 706.028 196.957 706.556C196.753 707.084 196.651 707.642 196.651 708.23ZM215.961 702.02L214.503 702.002L216.051 698.762H217.815L215.961 702.02ZM214.845 703.28C215.445 703.28 215.949 703.376 216.357 703.568C216.765 703.76 217.095 703.988 217.347 704.252C217.599 704.504 217.791 704.744 217.923 704.972H218.031V703.46H219.741V713H218.031V711.488H217.923C217.791 711.716 217.599 711.962 217.347 712.226C217.095 712.49 216.765 712.718 216.357 712.91C215.949 713.09 215.445 713.18 214.845 713.18C214.125 713.18 213.495 713.042 212.955 712.766C212.415 712.478 211.965 712.1 211.605 711.632C211.245 711.152 210.975 710.618 210.795 710.03C210.615 709.442 210.525 708.842 210.525 708.23C210.525 707.618 210.615 707.018 210.795 706.43C210.975 705.842 211.245 705.314 211.605 704.846C211.965 704.366 212.415 703.988 212.955 703.712C213.495 703.424 214.125 703.28 214.845 703.28ZM215.133 704.738C214.497 704.738 213.963 704.912 213.531 705.26C213.099 705.596 212.775 706.028 212.559 706.556C212.355 707.084 212.253 707.642 212.253 708.23C212.253 708.806 212.355 709.364 212.559 709.904C212.775 710.432 213.099 710.87 213.531 711.218C213.963 711.554 214.497 711.722 215.133 711.722C215.769 711.722 216.297 711.554 216.717 711.218C217.149 710.87 217.467 710.432 217.671 709.904C217.887 709.364 217.995 708.806 217.995 708.23C217.995 707.642 217.887 707.084 217.671 706.556C217.467 706.028 217.149 705.596 216.717 705.26C216.297 704.912 215.769 704.738 215.133 704.738ZM222.375 713V703.46H224.085V704.846H224.193C224.277 704.702 224.415 704.504 224.607 704.252C224.811 704 225.099 703.778 225.471 703.586C225.843 703.382 226.311 703.28 226.875 703.28C227.571 703.28 228.165 703.442 228.657 703.766C229.149 704.078 229.521 704.504 229.773 705.044C230.037 705.584 230.169 706.19 230.169 706.862V713H228.459V706.97C228.459 706.334 228.279 705.806 227.919 705.386C227.571 704.966 227.061 704.756 226.389 704.756C225.849 704.756 225.411 704.894 225.075 705.17C224.739 705.434 224.487 705.788 224.319 706.232C224.163 706.664 224.085 707.126 224.085 707.618V713H222.375ZM240.982 713.18C240.262 713.18 239.632 713.042 239.092 712.766C238.552 712.478 238.102 712.1 237.742 711.632C237.382 711.152 237.112 710.618 236.932 710.03C236.752 709.442 236.662 708.842 236.662 708.23C236.662 707.618 236.752 707.018 236.932 706.43C237.112 705.842 237.382 705.314 237.742 704.846C238.102 704.366 238.552 703.988 239.092 703.712C239.632 703.424 240.262 703.28 240.982 703.28C241.582 703.28 242.086 703.376 242.494 703.568C242.902 703.76 243.232 703.988 243.484 704.252C243.736 704.504 243.928 704.744 244.06 704.972H244.168V702.416H241.666V701.048H244.168V699.32H245.878V701.048H247.516V702.416H245.878V713H244.168V711.488H244.06C243.928 711.716 243.736 711.962 243.484 712.226C243.232 712.49 242.902 712.718 242.494 712.91C242.086 713.09 241.582 713.18 240.982 713.18ZM241.27 711.722C241.906 711.722 242.434 711.554 242.854 711.218C243.286 710.87 243.604 710.432 243.808 709.904C244.024 709.364 244.132 708.806 244.132 708.23C244.132 707.642 244.024 707.084 243.808 706.556C243.604 706.028 243.286 705.596 242.854 705.26C242.434 704.912 241.906 704.738 241.27 704.738C240.634 704.738 240.1 704.912 239.668 705.26C239.236 705.596 238.912 706.028 238.696 706.556C238.492 707.084 238.39 707.642 238.39 708.23C238.39 708.806 238.492 709.364 238.696 709.904C238.912 710.432 239.236 710.87 239.668 711.218C240.1 711.554 240.634 711.722 241.27 711.722ZM253.548 702.02L252.09 702.002L253.638 698.762H255.402L253.548 702.02ZM252.144 713.18C251.196 713.18 250.44 712.886 249.876 712.298C249.312 711.71 249.03 710.894 249.03 709.85V703.46H250.74V709.76C250.74 710.384 250.908 710.864 251.244 711.2C251.592 711.536 252.048 711.704 252.612 711.704C253.188 711.704 253.65 711.554 253.998 711.254C254.346 710.954 254.598 710.57 254.754 710.102C254.91 709.634 254.988 709.154 254.988 708.662V703.46H256.698V713H254.988V711.632H254.88C254.808 711.776 254.67 711.974 254.466 712.226C254.262 712.466 253.974 712.688 253.602 712.892C253.23 713.084 252.744 713.18 252.144 713.18ZM259.395 713V703.46H261.105V704.846H261.213C261.297 704.702 261.435 704.504 261.627 704.252C261.831 704 262.119 703.778 262.491 703.586C262.863 703.382 263.331 703.28 263.895 703.28C264.591 703.28 265.185 703.442 265.677 703.766C266.169 704.078 266.541 704.504 266.793 705.044C267.057 705.584 267.189 706.19 267.189 706.862V713H265.479V706.97C265.479 706.334 265.299 705.806 264.939 705.386C264.591 704.966 264.081 704.756 263.409 704.756C262.869 704.756 262.431 704.894 262.095 705.17C261.759 705.434 261.507 705.788 261.339 706.232C261.183 706.664 261.105 707.126 261.105 707.618V713H259.395ZM274.303 716.78C273.511 716.78 272.851 716.672 272.323 716.456C271.795 716.252 271.369 715.988 271.045 715.664C270.733 715.352 270.499 715.04 270.343 714.728C270.187 714.416 270.085 714.152 270.037 713.936C269.989 713.732 269.965 713.63 269.965 713.63H271.675C271.675 713.63 271.705 713.714 271.765 713.882C271.825 714.05 271.939 714.242 272.107 714.458C272.287 714.674 272.551 714.866 272.899 715.034C273.247 715.202 273.715 715.286 274.303 715.286C274.999 715.286 275.545 715.148 275.941 714.872C276.337 714.608 276.619 714.26 276.787 713.828C276.967 713.396 277.057 712.94 277.057 712.46V711.362H276.967C276.847 711.566 276.655 711.8 276.391 712.064C276.139 712.316 275.803 712.538 275.383 712.73C274.963 712.91 274.447 713 273.835 713C273.115 713 272.485 712.862 271.945 712.586C271.405 712.31 270.955 711.938 270.595 711.47C270.247 711.002 269.983 710.48 269.803 709.904C269.623 709.328 269.533 708.74 269.533 708.14C269.533 707.54 269.623 706.952 269.803 706.376C269.983 705.8 270.247 705.278 270.595 704.81C270.955 704.342 271.405 703.97 271.945 703.694C272.485 703.418 273.115 703.28 273.835 703.28C274.447 703.28 274.963 703.376 275.383 703.568C275.803 703.748 276.139 703.964 276.391 704.216C276.655 704.468 276.847 704.702 276.967 704.918H277.057V703.46H278.767V712.442C278.767 713.774 278.377 714.83 277.597 715.61C276.829 716.39 275.731 716.78 274.303 716.78ZM274.159 711.542C274.795 711.542 275.323 711.38 275.743 711.056C276.175 710.72 276.493 710.294 276.697 709.778C276.913 709.262 277.021 708.716 277.021 708.14C277.021 707.564 276.913 707.018 276.697 706.502C276.493 705.974 276.175 705.548 275.743 705.224C275.323 704.9 274.795 704.738 274.159 704.738C273.523 704.738 272.989 704.9 272.557 705.224C272.125 705.548 271.801 705.974 271.585 706.502C271.381 707.018 271.279 707.564 271.279 708.14C271.279 708.716 271.381 709.262 271.585 709.778C271.801 710.294 272.125 710.72 272.557 711.056C272.989 711.38 273.523 711.542 274.159 711.542ZM285.608 713L285.626 699.32H287.318V713H285.608ZM293.994 702.02L292.14 698.762H293.904L295.452 702.002L293.994 702.02ZM294.246 703.28C294.846 703.28 295.35 703.376 295.758 703.568C296.166 703.76 296.496 703.988 296.748 704.252C297 704.504 297.192 704.744 297.324 704.972H297.432V703.46H299.142V713H297.432V711.488H297.324C297.192 711.716 297 711.962 296.748 712.226C296.496 712.49 296.166 712.718 295.758 712.91C295.35 713.09 294.846 713.18 294.246 713.18C293.526 713.18 292.896 713.042 292.356 712.766C291.816 712.478 291.366 712.1 291.006 711.632C290.646 711.152 290.376 710.618 290.196 710.03C290.016 709.442 289.926 708.842 289.926 708.23C289.926 707.618 290.016 707.018 290.196 706.43C290.376 705.842 290.646 705.314 291.006 704.846C291.366 704.366 291.816 703.988 292.356 703.712C292.896 703.424 293.526 703.28 294.246 703.28ZM294.534 704.738C293.898 704.738 293.364 704.912 292.932 705.26C292.5 705.596 292.176 706.028 291.96 706.556C291.756 707.084 291.654 707.642 291.654 708.23C291.654 708.806 291.756 709.364 291.96 709.904C292.176 710.432 292.5 710.87 292.932 711.218C293.364 711.554 293.898 711.722 294.534 711.722C295.17 711.722 295.698 711.554 296.118 711.218C296.55 710.87 296.868 710.432 297.072 709.904C297.288 709.364 297.396 708.806 297.396 708.23C297.396 707.642 297.288 707.084 297.072 706.556C296.868 706.028 296.55 705.596 296.118 705.26C295.698 704.912 295.17 704.738 294.534 704.738Z" fill="#791F1F"/>
<path d="M67.58 726.7L67.78 722.2H70.3L69.28 726.7H67.58ZM64.2 726.7L64.4 722.2H66.92L65.9 726.7H64.2ZM76.1325 737V724.88H71.5925V722.2H83.7525V724.88H79.2125V737H76.1325ZM85.2722 725.08L87.8722 721.48H90.2722L92.8722 725.08H90.4922L89.0722 723L87.6522 725.08H85.2722ZM89.0722 737.2C87.8855 737.2 86.8789 736.947 86.0522 736.44C85.2255 735.92 84.5922 735.247 84.1522 734.42C83.7255 733.58 83.5122 732.673 83.5122 731.7C83.5122 730.727 83.7255 729.827 84.1522 729C84.5922 728.16 85.2255 727.487 86.0522 726.98C86.8789 726.46 87.8855 726.2 89.0722 726.2C90.2589 726.2 91.2655 726.46 92.0922 726.98C92.9189 727.487 93.5455 728.16 93.9722 729C94.4122 729.827 94.6322 730.727 94.6322 731.7C94.6322 732.673 94.4122 733.58 93.9722 734.42C93.5455 735.247 92.9189 735.92 92.0922 736.44C91.2655 736.947 90.2589 737.2 89.0722 737.2ZM89.0722 734.72C89.6055 734.72 90.0589 734.58 90.4322 734.3C90.8055 734.02 91.0855 733.653 91.2722 733.2C91.4722 732.733 91.5722 732.233 91.5722 731.7C91.5722 731.153 91.4722 730.653 91.2722 730.2C91.0855 729.747 90.8055 729.38 90.4322 729.1C90.0589 728.82 89.6055 728.68 89.0722 728.68C88.5389 728.68 88.0855 728.82 87.7122 729.1C87.3389 729.38 87.0522 729.747 86.8522 730.2C86.6655 730.653 86.5722 731.153 86.5722 731.7C86.5722 732.233 86.6655 732.733 86.8522 733.2C87.0522 733.653 87.3389 734.02 87.7122 734.3C88.0855 734.58 88.5389 734.72 89.0722 734.72ZM98.6163 724.96C98.0829 724.96 97.6496 724.793 97.3163 724.46C96.9829 724.113 96.8163 723.707 96.8163 723.24C96.8163 722.747 96.9829 722.333 97.3163 722C97.6496 721.653 98.0829 721.48 98.6163 721.48C99.1229 721.48 99.5496 721.653 99.8963 722C100.243 722.333 100.416 722.747 100.416 723.24C100.416 723.707 100.243 724.113 99.8963 724.46C99.5496 724.793 99.1229 724.96 98.6163 724.96ZM97.0963 737V726.4H100.136V737H97.0963ZM113.864 737.2C113.184 737.2 112.624 737.093 112.184 736.88C111.744 736.653 111.404 736.413 111.164 736.16C110.937 735.907 110.79 735.733 110.724 735.64H110.584V737H107.544V721.8H110.584V727.76H110.724C110.79 727.667 110.937 727.493 111.164 727.24C111.404 726.987 111.744 726.753 112.184 726.54C112.624 726.313 113.184 726.2 113.864 726.2C114.65 726.2 115.33 726.36 115.904 726.68C116.49 726.987 116.977 727.407 117.364 727.94C117.75 728.46 118.037 729.047 118.224 729.7C118.424 730.353 118.524 731.02 118.524 731.7C118.524 732.38 118.424 733.047 118.224 733.7C118.037 734.353 117.75 734.947 117.364 735.48C116.977 736 116.49 736.42 115.904 736.74C115.33 737.047 114.65 737.2 113.864 737.2ZM112.984 734.74C113.53 734.74 113.984 734.593 114.344 734.3C114.717 733.993 114.99 733.607 115.164 733.14C115.35 732.673 115.444 732.193 115.444 731.7C115.444 731.207 115.35 730.727 115.164 730.26C114.99 729.793 114.717 729.413 114.344 729.12C113.984 728.813 113.53 728.66 112.984 728.66C112.437 728.66 111.977 728.813 111.604 729.12C111.244 729.413 110.97 729.793 110.784 730.26C110.61 730.727 110.524 731.207 110.524 731.7C110.524 732.193 110.61 732.673 110.784 733.14C110.97 733.607 111.244 733.993 111.604 734.3C111.977 734.593 112.437 734.74 112.984 734.74ZM122.563 724.96C122.043 724.96 121.616 724.793 121.283 724.46C120.95 724.113 120.783 723.707 120.783 723.24C120.783 722.747 120.95 722.333 121.283 722C121.616 721.653 122.043 721.48 122.563 721.48C123.083 721.48 123.51 721.653 123.843 722C124.19 722.333 124.363 722.747 124.363 723.24C124.363 723.707 124.19 724.113 123.843 724.46C123.51 724.793 123.083 724.96 122.563 724.96ZM121.043 737V726.4H124.083V737H121.043ZM122.563 741.94C122.096 741.94 121.716 741.78 121.423 741.46C121.13 741.153 120.983 740.78 120.983 740.34C120.983 739.9 121.13 739.527 121.423 739.22C121.716 738.913 122.096 738.76 122.563 738.76C123.016 738.76 123.39 738.913 123.683 739.22C123.99 739.527 124.143 739.9 124.143 740.34C124.143 740.78 123.99 741.153 123.683 741.46C123.39 741.78 123.016 741.94 122.563 741.94ZM135.868 737.2C135.081 737.2 134.394 737.047 133.808 736.74C133.234 736.42 132.754 736 132.368 735.48C131.981 734.947 131.688 734.353 131.488 733.7C131.301 733.047 131.208 732.38 131.208 731.7C131.208 731.02 131.301 730.353 131.488 729.7C131.688 729.047 131.981 728.46 132.368 727.94C132.754 727.407 133.234 726.987 133.808 726.68C134.394 726.36 135.081 726.2 135.868 726.2C136.548 726.2 137.108 726.313 137.548 726.54C137.988 726.753 138.321 726.987 138.548 727.24C138.788 727.493 138.934 727.667 138.988 727.76H139.148V725.52H136.548V723.52H139.148V721.8H142.188V723.52H143.828V725.52H142.188V737H139.148V735.64H138.988C138.934 735.733 138.788 735.907 138.548 736.16C138.321 736.413 137.988 736.653 137.548 736.88C137.108 737.093 136.548 737.2 135.868 737.2ZM136.748 734.74C137.294 734.74 137.748 734.593 138.108 734.3C138.481 733.993 138.754 733.607 138.928 733.14C139.114 732.673 139.208 732.193 139.208 731.7C139.208 731.207 139.114 730.727 138.928 730.26C138.754 729.793 138.481 729.413 138.108 729.12C137.748 728.813 137.294 728.66 136.748 728.66C136.201 728.66 135.741 728.813 135.368 729.12C135.008 729.413 134.734 729.793 134.548 730.26C134.374 730.727 134.288 731.207 134.288 731.7C134.288 732.193 134.374 732.673 134.548 733.14C134.734 733.607 135.008 733.993 135.368 734.3C135.741 734.593 136.201 734.74 136.748 734.74ZM149.696 726.2C150.376 726.2 150.936 726.313 151.376 726.54C151.816 726.753 152.149 726.987 152.376 727.24C152.616 727.493 152.762 727.667 152.816 727.76H152.976V726.4H156.016V737H152.976V735.64H152.816C152.762 735.733 152.616 735.907 152.376 736.16C152.149 736.413 151.816 736.653 151.376 736.88C150.936 737.093 150.376 737.2 149.696 737.2C148.909 737.2 148.222 737.047 147.636 736.74C147.062 736.42 146.582 736 146.196 735.48C145.809 734.947 145.516 734.353 145.316 733.7C145.129 733.047 145.036 732.38 145.036 731.7C145.036 731.02 145.129 730.353 145.316 729.7C145.516 729.047 145.809 728.46 146.196 727.94C146.582 727.407 147.062 726.987 147.636 726.68C148.222 726.36 148.909 726.2 149.696 726.2ZM150.576 728.66C150.029 728.66 149.569 728.813 149.196 729.12C148.836 729.413 148.562 729.793 148.376 730.26C148.202 730.727 148.116 731.207 148.116 731.7C148.116 732.193 148.202 732.673 148.376 733.14C148.562 733.607 148.836 733.993 149.196 734.3C149.569 734.593 150.029 734.74 150.576 734.74C151.122 734.74 151.576 734.593 151.936 734.3C152.309 733.993 152.582 733.607 152.756 733.14C152.942 732.673 153.036 732.193 153.036 731.7C153.036 731.207 152.942 730.727 152.756 730.26C152.582 729.793 152.309 729.413 151.936 729.12C151.576 728.813 151.122 728.66 150.576 728.66ZM161.757 737.2C161.01 737.2 160.39 737.04 159.897 736.72C159.417 736.4 159.057 735.973 158.817 735.44C158.577 734.893 158.457 734.28 158.457 733.6V726.4H161.477V733C161.477 733.507 161.61 733.92 161.877 734.24C162.144 734.547 162.537 734.7 163.057 734.7C163.497 734.7 163.844 734.593 164.097 734.38C164.364 734.167 164.557 733.893 164.677 733.56C164.797 733.227 164.857 732.873 164.857 732.5V726.4H167.897V737H164.857V735.5H164.737C164.51 735.913 164.157 736.3 163.677 736.66C163.21 737.02 162.57 737.2 161.757 737.2ZM181.344 737.2C180.664 737.2 180.104 737.093 179.664 736.88C179.224 736.653 178.884 736.413 178.644 736.16C178.417 735.907 178.271 735.733 178.204 735.64H178.064V737H175.024V721.8H178.064V727.76H178.204C178.271 727.667 178.417 727.493 178.644 727.24C178.884 726.987 179.224 726.753 179.664 726.54C180.104 726.313 180.664 726.2 181.344 726.2C182.131 726.2 182.811 726.36 183.384 726.68C183.971 726.987 184.457 727.407 184.844 727.94C185.231 728.46 185.517 729.047 185.704 729.7C185.904 730.353 186.004 731.02 186.004 731.7C186.004 732.38 185.904 733.047 185.704 733.7C185.517 734.353 185.231 734.947 184.844 735.48C184.457 736 183.971 736.42 183.384 736.74C182.811 737.047 182.131 737.2 181.344 737.2ZM180.464 734.74C181.011 734.74 181.464 734.593 181.824 734.3C182.197 733.993 182.471 733.607 182.644 733.14C182.831 732.673 182.924 732.193 182.924 731.7C182.924 731.207 182.831 730.727 182.644 730.26C182.471 729.793 182.197 729.413 181.824 729.12C181.464 728.813 181.011 728.66 180.464 728.66C179.917 728.66 179.457 728.813 179.084 729.12C178.724 729.413 178.451 729.793 178.264 730.26C178.091 730.727 178.004 731.207 178.004 731.7C178.004 732.193 178.091 732.673 178.264 733.14C178.451 733.607 178.724 733.993 179.084 734.3C179.457 734.593 179.917 734.74 180.464 734.74ZM191.663 737.2C190.917 737.2 190.297 737.04 189.803 736.72C189.323 736.4 188.963 735.973 188.723 735.44C188.483 734.893 188.363 734.28 188.363 733.6V726.4H191.383V733C191.383 733.507 191.517 733.92 191.783 734.24C192.063 734.547 192.457 734.7 192.963 734.7C193.403 734.7 193.75 734.593 194.003 734.38C194.27 734.167 194.463 733.893 194.583 733.56C194.703 733.227 194.763 732.873 194.763 732.5V726.4H197.803V737H194.763V735.5H194.643C194.417 735.913 194.063 736.3 193.583 736.66C193.117 737.02 192.477 737.2 191.663 737.2ZM193.063 741.94C192.597 741.94 192.21 741.78 191.903 741.46C191.61 741.153 191.463 740.78 191.463 740.34C191.463 739.9 191.61 739.527 191.903 739.22C192.21 738.913 192.597 738.76 193.063 738.76C193.517 738.76 193.89 738.913 194.183 739.22C194.49 739.527 194.643 739.9 194.643 740.34C194.643 740.78 194.49 741.153 194.183 741.46C193.89 741.78 193.517 741.94 193.063 741.94ZM200.195 737V726.4H203.235V727.92H203.335C203.455 727.707 203.628 727.467 203.855 727.2C204.095 726.933 204.408 726.7 204.795 726.5C205.195 726.3 205.702 726.2 206.315 726.2C207.142 726.2 207.815 726.393 208.335 726.78C208.855 727.153 209.235 727.64 209.475 728.24C209.715 728.827 209.835 729.447 209.835 730.1V737H206.795V730.62C206.795 730.113 206.655 729.667 206.375 729.28C206.108 728.893 205.675 728.7 205.075 728.7C204.622 728.7 204.262 728.807 203.995 729.02C203.728 729.233 203.535 729.507 203.415 729.84C203.295 730.173 203.235 730.527 203.235 730.9V737H200.195ZM217.471 741.24C216.484 741.24 215.671 741.12 215.031 740.88C214.404 740.64 213.904 740.333 213.531 739.96C213.158 739.6 212.884 739.24 212.711 738.88C212.538 738.52 212.424 738.213 212.371 737.96C212.331 737.72 212.311 737.6 212.311 737.6H215.271C215.271 737.6 215.291 737.66 215.331 737.78C215.384 737.913 215.484 738.06 215.631 738.22C215.778 738.393 215.991 738.54 216.271 738.66C216.564 738.793 216.951 738.86 217.431 738.86C218.258 738.86 218.864 738.627 219.251 738.16C219.651 737.693 219.851 737.08 219.851 736.32V735.2H219.711C219.578 735.413 219.378 735.647 219.111 735.9C218.844 736.153 218.504 736.367 218.091 736.54C217.678 736.713 217.178 736.8 216.591 736.8C215.804 736.8 215.118 736.653 214.531 736.36C213.944 736.053 213.451 735.647 213.051 735.14C212.664 734.633 212.371 734.067 212.171 733.44C211.984 732.813 211.891 732.167 211.891 731.5C211.891 730.847 211.984 730.207 212.171 729.58C212.371 728.94 212.664 728.367 213.051 727.86C213.451 727.353 213.944 726.953 214.531 726.66C215.118 726.353 215.804 726.2 216.591 726.2C217.178 726.2 217.678 726.293 218.091 726.48C218.504 726.653 218.844 726.867 219.111 727.12C219.391 727.36 219.591 727.593 219.711 727.82H219.851V726.4H222.891V736.32C222.891 737.2 222.698 738.013 222.311 738.76C221.924 739.507 221.331 740.107 220.531 740.56C219.731 741.013 218.711 741.24 217.471 741.24ZM217.431 734.4C217.991 734.4 218.451 734.26 218.811 733.98C219.184 733.7 219.464 733.34 219.651 732.9C219.838 732.447 219.931 731.98 219.931 731.5C219.931 731.007 219.838 730.54 219.651 730.1C219.464 729.66 219.184 729.3 218.811 729.02C218.451 728.74 217.991 728.6 217.431 728.6C216.884 728.6 216.424 728.74 216.051 729.02C215.691 729.3 215.418 729.66 215.231 730.1C215.044 730.54 214.951 731.007 214.951 731.5C214.951 731.98 215.044 732.447 215.231 732.9C215.418 733.34 215.691 733.7 216.051 733.98C216.424 734.26 216.884 734.4 217.431 734.4ZM228.635 726.7L228.835 722.2H231.355L230.335 726.7H228.635ZM225.255 726.7L225.455 722.2H227.975L226.955 726.7H225.255ZM238.797 731.96V729.56H251.517V731.96H238.797ZM68.62 762.2C67.74 762.2 67.0133 762.08 66.44 761.84C65.8667 761.6 65.4067 761.307 65.06 760.96C64.7267 760.6 64.4733 760.247 64.3 759.9C64.14 759.54 64.0333 759.24 63.98 759C63.94 758.76 63.92 758.64 63.92 758.64H66.74C66.74 758.64 66.76 758.707 66.8 758.84C66.84 758.973 66.9267 759.127 67.06 759.3C67.2067 759.473 67.4133 759.627 67.68 759.76C67.9467 759.893 68.3067 759.96 68.76 759.96C69.32 759.96 69.7 759.847 69.9 759.62C70.1133 759.393 70.22 759.167 70.22 758.94C70.22 758.46 69.8267 758.14 69.04 757.98L67.6 757.7C66.9867 757.58 66.4067 757.407 65.86 757.18C65.3267 756.94 64.8933 756.613 64.56 756.2C64.24 755.773 64.08 755.227 64.08 754.56C64.08 753.92 64.2467 753.347 64.58 752.84C64.9133 752.333 65.3867 751.933 66 751.64C66.6267 751.347 67.3733 751.2 68.24 751.2C69.0533 751.2 69.7267 751.313 70.26 751.54C70.8067 751.753 71.24 752.027 71.56 752.36C71.88 752.68 72.12 753.007 72.28 753.34C72.44 753.66 72.54 753.933 72.58 754.16C72.6333 754.373 72.66 754.48 72.66 754.48H69.94C69.94 754.48 69.9 754.393 69.82 754.22C69.74 754.033 69.5733 753.853 69.32 753.68C69.08 753.493 68.7067 753.4 68.2 753.4C67.68 753.4 67.32 753.507 67.12 753.72C66.92 753.92 66.82 754.133 66.82 754.36C66.82 754.627 66.9333 754.827 67.16 754.96C67.4 755.093 67.7067 755.2 68.08 755.28L69.46 755.56C70.4733 755.76 71.3067 756.113 71.96 756.62C72.6133 757.113 72.94 757.833 72.94 758.78C72.94 759.42 72.7733 760 72.44 760.52C72.1067 761.04 71.62 761.453 70.98 761.76C70.34 762.053 69.5533 762.2 68.62 762.2ZM79.6469 762.2C78.8202 762.2 78.1602 762.08 77.6669 761.84C77.1735 761.587 76.8002 761.273 76.5469 760.9C76.2935 760.513 76.1269 760.107 76.0469 759.68C75.9669 759.253 75.9269 758.86 75.9269 758.5V753.82H74.1269V751.4H75.9269V748.78H78.9669V751.4H81.2269V753.82H78.9669V758.42C78.9669 758.86 79.0802 759.2 79.3069 759.44C79.5469 759.68 79.9402 759.8 80.4869 759.8C80.7269 759.8 80.9469 759.78 81.1469 759.74C81.3469 759.7 81.4469 759.68 81.4469 759.68V762.02C81.4469 762.02 81.2669 762.047 80.9069 762.1C80.5469 762.167 80.1269 762.2 79.6469 762.2ZM88.7402 762.2C87.5535 762.2 86.5468 761.947 85.7202 761.44C84.8935 760.92 84.2602 760.247 83.8202 759.42C83.3935 758.58 83.1802 757.673 83.1802 756.7C83.1802 755.727 83.3935 754.827 83.8202 754C84.2602 753.16 84.8935 752.487 85.7202 751.98C86.5468 751.46 87.5535 751.2 88.7402 751.2C89.9268 751.2 90.9335 751.46 91.7602 751.98C92.5868 752.487 93.2135 753.16 93.6402 754C94.0802 754.827 94.3002 755.727 94.3002 756.7C94.3002 757.673 94.0802 758.58 93.6402 759.42C93.2135 760.247 92.5868 760.92 91.7602 761.44C90.9335 761.947 89.9268 762.2 88.7402 762.2ZM88.7402 759.72C89.2735 759.72 89.7202 759.58 90.0802 759.3C90.4535 759.02 90.7402 758.653 90.9402 758.2C91.1402 757.733 91.2402 757.233 91.2402 756.7C91.2402 756.153 91.1402 755.653 90.9402 755.2C90.7402 754.747 90.4535 754.38 90.0802 754.1C89.7202 753.82 89.2735 753.68 88.7402 753.68C88.2068 753.68 87.7535 753.82 87.3802 754.1C87.0068 754.38 86.7202 754.747 86.5202 755.2C86.3335 755.653 86.2402 756.153 86.2402 756.7C86.2402 757.233 86.3335 757.733 86.5202 758.2C86.7202 758.653 87.0068 759.02 87.3802 759.3C87.7535 759.58 88.2068 759.72 88.7402 759.72ZM96.367 762V751.4H99.407V752.84H99.507C99.7337 752.453 100.074 752.087 100.527 751.74C100.98 751.38 101.6 751.2 102.387 751.2C103.187 751.2 103.827 751.387 104.307 751.76C104.8 752.133 105.16 752.593 105.387 753.14H105.427C105.6 752.833 105.827 752.533 106.107 752.24C106.4 751.933 106.76 751.687 107.187 751.5C107.627 751.3 108.14 751.2 108.727 751.2C109.46 751.2 110.067 751.367 110.547 751.7C111.027 752.033 111.38 752.473 111.607 753.02C111.847 753.553 111.967 754.127 111.967 754.74V762H108.927V755.5C108.927 754.98 108.794 754.553 108.527 754.22C108.274 753.873 107.887 753.7 107.367 753.7C106.967 753.7 106.64 753.8 106.387 754C106.147 754.2 105.967 754.46 105.847 754.78C105.74 755.087 105.687 755.407 105.687 755.74V762H102.647V755.5C102.647 754.98 102.514 754.553 102.247 754.22C101.994 753.873 101.607 753.7 101.087 753.7C100.687 753.7 100.36 753.8 100.107 754C99.867 754.2 99.687 754.46 99.567 754.78C99.4604 755.087 99.407 755.407 99.407 755.74V762H96.367ZM118.7 751.2C119.38 751.2 119.94 751.313 120.38 751.54C120.82 751.753 121.153 751.987 121.38 752.24C121.62 752.493 121.766 752.667 121.82 752.76H121.98V751.4H125.02V762H121.98V760.64H121.82C121.766 760.733 121.62 760.907 121.38 761.16C121.153 761.413 120.82 761.653 120.38 761.88C119.94 762.093 119.38 762.2 118.7 762.2C117.913 762.2 117.226 762.047 116.64 761.74C116.066 761.42 115.586 761 115.2 760.48C114.813 759.947 114.52 759.353 114.32 758.7C114.133 758.047 114.04 757.38 114.04 756.7C114.04 756.02 114.133 755.353 114.32 754.7C114.52 754.047 114.813 753.46 115.2 752.94C115.586 752.407 116.066 751.987 116.64 751.68C117.226 751.36 117.913 751.2 118.7 751.2ZM119.58 753.66C119.033 753.66 118.573 753.813 118.2 754.12C117.84 754.413 117.566 754.793 117.38 755.26C117.206 755.727 117.12 756.207 117.12 756.7C117.12 757.193 117.206 757.673 117.38 758.14C117.566 758.607 117.84 758.993 118.2 759.3C118.573 759.593 119.033 759.74 119.58 759.74C120.126 759.74 120.58 759.593 120.94 759.3C121.313 758.993 121.586 758.607 121.76 758.14C121.946 757.673 122.04 757.193 122.04 756.7C122.04 756.207 121.946 755.727 121.76 755.26C121.586 754.793 121.313 754.413 120.94 754.12C120.58 753.813 120.126 753.66 119.58 753.66ZM132.841 762.2C131.907 762.2 131.094 762.047 130.401 761.74C129.707 761.42 129.134 761 128.681 760.48C128.227 759.96 127.887 759.373 127.661 758.72C127.434 758.053 127.321 757.38 127.321 756.7C127.321 756.02 127.434 755.353 127.661 754.7C127.887 754.047 128.227 753.46 128.681 752.94C129.134 752.407 129.707 751.987 130.401 751.68C131.094 751.36 131.907 751.2 132.841 751.2C133.787 751.2 134.567 751.34 135.181 751.62C135.794 751.887 136.281 752.227 136.641 752.64C137.014 753.04 137.287 753.447 137.461 753.86C137.634 754.26 137.741 754.6 137.781 754.88C137.834 755.147 137.861 755.28 137.861 755.28H135.021C135.021 755.28 134.994 755.2 134.941 755.04C134.901 754.867 134.807 754.673 134.661 754.46C134.527 754.233 134.321 754.04 134.041 753.88C133.761 753.707 133.387 753.62 132.921 753.62C132.347 753.62 131.867 753.767 131.481 754.06C131.107 754.34 130.827 754.713 130.641 755.18C130.454 755.647 130.361 756.153 130.361 756.7C130.361 757.247 130.454 757.753 130.641 758.22C130.827 758.687 131.107 759.067 131.481 759.36C131.867 759.64 132.347 759.78 132.921 759.78C133.387 759.78 133.761 759.7 134.041 759.54C134.321 759.367 134.527 759.173 134.661 758.96C134.807 758.733 134.901 758.54 134.941 758.38C134.994 758.207 135.021 758.12 135.021 758.12H137.861C137.861 758.12 137.834 758.26 137.781 758.54C137.741 758.807 137.634 759.147 137.461 759.56C137.287 759.96 137.014 760.367 136.641 760.78C136.281 761.18 135.794 761.52 135.181 761.8C134.567 762.067 133.787 762.2 132.841 762.2ZM140.239 762V746.8H143.279V752.92H143.379C143.499 752.707 143.672 752.467 143.899 752.2C144.139 751.933 144.452 751.7 144.839 751.5C145.239 751.3 145.746 751.2 146.359 751.2C147.186 751.2 147.859 751.393 148.379 751.78C148.899 752.153 149.279 752.64 149.519 753.24C149.759 753.827 149.879 754.447 149.879 755.1V762H146.839V755.62C146.839 755.113 146.699 754.667 146.419 754.28C146.152 753.893 145.719 753.7 145.119 753.7C144.666 753.7 144.306 753.807 144.039 754.02C143.772 754.233 143.579 754.507 143.459 754.84C143.339 755.173 143.279 755.527 143.279 755.9V762H140.239ZM156.61 751.2C157.29 751.2 157.85 751.313 158.29 751.54C158.73 751.753 159.063 751.987 159.29 752.24C159.53 752.493 159.676 752.667 159.73 752.76H159.89V751.4H162.93V762H159.89V760.64H159.73C159.676 760.733 159.53 760.907 159.29 761.16C159.063 761.413 158.73 761.653 158.29 761.88C157.85 762.093 157.29 762.2 156.61 762.2C155.823 762.2 155.136 762.047 154.55 761.74C153.976 761.42 153.496 761 153.11 760.48C152.723 759.947 152.43 759.353 152.23 758.7C152.043 758.047 151.95 757.38 151.95 756.7C151.95 756.02 152.043 755.353 152.23 754.7C152.43 754.047 152.723 753.46 153.11 752.94C153.496 752.407 153.976 751.987 154.55 751.68C155.136 751.36 155.823 751.2 156.61 751.2ZM157.49 753.66C156.943 753.66 156.483 753.813 156.11 754.12C155.75 754.413 155.476 754.793 155.29 755.26C155.116 755.727 155.03 756.207 155.03 756.7C155.03 757.193 155.116 757.673 155.29 758.14C155.476 758.607 155.75 758.993 156.11 759.3C156.483 759.593 156.943 759.74 157.49 759.74C158.036 759.74 158.49 759.593 158.85 759.3C159.223 758.993 159.496 758.607 159.67 758.14C159.856 757.673 159.95 757.193 159.95 756.7C159.95 756.207 159.856 755.727 159.67 755.26C159.496 754.793 159.223 754.413 158.85 754.12C158.49 753.813 158.036 753.66 157.49 753.66ZM170.751 762.2C169.818 762.2 169.004 762.047 168.311 761.74C167.618 761.42 167.044 761 166.591 760.48C166.138 759.96 165.798 759.373 165.571 758.72C165.344 758.053 165.231 757.38 165.231 756.7C165.231 756.02 165.344 755.353 165.571 754.7C165.798 754.047 166.138 753.46 166.591 752.94C167.044 752.407 167.618 751.987 168.311 751.68C169.004 751.36 169.818 751.2 170.751 751.2C171.698 751.2 172.478 751.34 173.091 751.62C173.704 751.887 174.191 752.227 174.551 752.64C174.924 753.04 175.198 753.447 175.371 753.86C175.544 754.26 175.651 754.6 175.691 754.88C175.744 755.147 175.771 755.28 175.771 755.28H172.931C172.931 755.28 172.904 755.2 172.851 755.04C172.811 754.867 172.718 754.673 172.571 754.46C172.438 754.233 172.231 754.04 171.951 753.88C171.671 753.707 171.298 753.62 170.831 753.62C170.258 753.62 169.778 753.767 169.391 754.06C169.018 754.34 168.738 754.713 168.551 755.18C168.364 755.647 168.271 756.153 168.271 756.7C168.271 757.247 168.364 757.753 168.551 758.22C168.738 758.687 169.018 759.067 169.391 759.36C169.778 759.64 170.258 759.78 170.831 759.78C171.298 759.78 171.671 759.7 171.951 759.54C172.231 759.367 172.438 759.173 172.571 758.96C172.718 758.733 172.811 758.54 172.851 758.38C172.904 758.207 172.931 758.12 172.931 758.12H175.771C175.771 758.12 175.744 758.26 175.691 758.54C175.651 758.807 175.544 759.147 175.371 759.56C175.198 759.96 174.924 760.367 174.551 760.78C174.191 761.18 173.704 761.52 173.091 761.8C172.478 762.067 171.698 762.2 170.751 762.2ZM178.149 762V746.8H181.189V752.92H181.289C181.409 752.707 181.582 752.467 181.809 752.2C182.049 751.933 182.362 751.7 182.749 751.5C183.149 751.3 183.656 751.2 184.269 751.2C185.096 751.2 185.769 751.393 186.289 751.78C186.809 752.153 187.189 752.64 187.429 753.24C187.669 753.827 187.789 754.447 187.789 755.1V762H184.749V755.62C184.749 755.113 184.609 754.667 184.329 754.28C184.062 753.893 183.629 753.7 183.029 753.7C182.576 753.7 182.216 753.807 181.949 754.02C181.682 754.233 181.489 754.507 181.369 754.84C181.249 755.173 181.189 755.527 181.189 755.9V762H178.149ZM195.28 762.2C194.347 762.2 193.54 762.047 192.86 761.74C192.18 761.42 191.62 761 191.18 760.48C190.74 759.947 190.407 759.353 190.18 758.7C189.967 758.047 189.86 757.373 189.86 756.68C189.86 756.013 189.96 755.36 190.16 754.72C190.373 754.067 190.693 753.473 191.12 752.94C191.56 752.407 192.113 751.987 192.78 751.68C193.46 751.36 194.26 751.2 195.18 751.2C196.153 751.2 197.013 751.413 197.76 751.84C198.52 752.267 199.113 752.9 199.54 753.74C199.967 754.567 200.18 755.573 200.18 756.76V757.5H192.92C192.96 758.14 193.18 758.693 193.58 759.16C193.993 759.627 194.56 759.86 195.28 759.86C195.693 759.86 196.027 759.8 196.28 759.68C196.547 759.547 196.753 759.4 196.9 759.24C197.047 759.067 197.147 758.913 197.2 758.78C197.253 758.647 197.28 758.58 197.28 758.58H200.08C200.08 758.58 200.047 758.707 199.98 758.96C199.927 759.2 199.807 759.5 199.62 759.86C199.433 760.22 199.16 760.58 198.8 760.94C198.453 761.3 197.993 761.6 197.42 761.84C196.847 762.08 196.133 762.2 195.28 762.2ZM192.92 755.66H197.26C197.22 754.927 197 754.38 196.6 754.02C196.2 753.66 195.707 753.48 195.12 753.48C194.533 753.48 194.033 753.673 193.62 754.06C193.207 754.433 192.973 754.967 192.92 755.66ZM208.133 754.88V752.4H218.533V754.88H208.133ZM208.133 759.42V756.94H218.533V759.42H208.133ZM231.141 762.2C230.354 762.2 229.668 762.047 229.081 761.74C228.508 761.42 228.028 761 227.641 760.48C227.254 759.947 226.961 759.353 226.761 758.7C226.574 758.047 226.481 757.38 226.481 756.7C226.481 756.02 226.574 755.353 226.761 754.7C226.961 754.047 227.254 753.46 227.641 752.94C228.028 752.407 228.508 751.987 229.081 751.68C229.668 751.36 230.354 751.2 231.141 751.2C231.821 751.2 232.381 751.313 232.821 751.54C233.261 751.753 233.594 751.987 233.821 752.24C234.061 752.493 234.208 752.667 234.261 752.76H234.421V750.52H231.821V748.52H234.421V746.8H237.461V748.52H239.101V750.52H237.461V762H234.421V760.64H234.261C234.208 760.733 234.061 760.907 233.821 761.16C233.594 761.413 233.261 761.653 232.821 761.88C232.381 762.093 231.821 762.2 231.141 762.2ZM232.021 759.74C232.568 759.74 233.021 759.593 233.381 759.3C233.754 758.993 234.028 758.607 234.201 758.14C234.388 757.673 234.481 757.193 234.481 756.7C234.481 756.207 234.388 755.727 234.201 755.26C234.028 754.793 233.754 754.413 233.381 754.12C233.021 753.813 232.568 753.66 232.021 753.66C231.474 753.66 231.014 753.813 230.641 754.12C230.281 754.413 230.008 754.793 229.821 755.26C229.648 755.727 229.561 756.207 229.561 756.7C229.561 757.193 229.648 757.673 229.821 758.14C230.008 758.607 230.281 758.993 230.641 759.3C231.014 759.593 231.474 759.74 232.021 759.74ZM244.969 751.2C245.649 751.2 246.209 751.313 246.649 751.54C247.089 751.753 247.422 751.987 247.649 752.24C247.889 752.493 248.036 752.667 248.089 752.76H248.249V751.4H251.289V762H248.249V760.64H248.089C248.036 760.733 247.889 760.907 247.649 761.16C247.422 761.413 247.089 761.653 246.649 761.88C246.209 762.093 245.649 762.2 244.969 762.2C244.182 762.2 243.496 762.047 242.909 761.74C242.336 761.42 241.856 761 241.469 760.48C241.082 759.947 240.789 759.353 240.589 758.7C240.402 758.047 240.309 757.38 240.309 756.7C240.309 756.02 240.402 755.353 240.589 754.7C240.789 754.047 241.082 753.46 241.469 752.94C241.856 752.407 242.336 751.987 242.909 751.68C243.496 751.36 244.182 751.2 244.969 751.2ZM245.849 753.66C245.302 753.66 244.842 753.813 244.469 754.12C244.109 754.413 243.836 754.793 243.649 755.26C243.476 755.727 243.389 756.207 243.389 756.7C243.389 757.193 243.476 757.673 243.649 758.14C243.836 758.607 244.109 758.993 244.469 759.3C244.842 759.593 245.302 759.74 245.849 759.74C246.396 759.74 246.849 759.593 247.209 759.3C247.582 758.993 247.856 758.607 248.029 758.14C248.216 757.673 248.309 757.193 248.309 756.7C248.309 756.207 248.216 755.727 248.029 755.26C247.856 754.793 247.582 754.413 247.209 754.12C246.849 753.813 246.396 753.66 245.849 753.66ZM257.03 762.2C256.284 762.2 255.664 762.04 255.17 761.72C254.69 761.4 254.33 760.973 254.09 760.44C253.85 759.893 253.73 759.28 253.73 758.6V751.4H256.75V758C256.75 758.507 256.884 758.92 257.15 759.24C257.417 759.547 257.81 759.7 258.33 759.7C258.77 759.7 259.117 759.593 259.37 759.38C259.637 759.167 259.83 758.893 259.95 758.56C260.07 758.227 260.13 757.873 260.13 757.5V751.4H263.17V762H260.13V760.5H260.01C259.784 760.913 259.43 761.3 258.95 761.66C258.484 762.02 257.844 762.2 257.03 762.2ZM276.618 762.2C275.938 762.2 275.378 762.093 274.938 761.88C274.498 761.653 274.158 761.413 273.918 761.16C273.691 760.907 273.544 760.733 273.478 760.64H273.338V762H270.298V746.8H273.338V752.76H273.478C273.544 752.667 273.691 752.493 273.918 752.24C274.158 751.987 274.498 751.753 274.938 751.54C275.378 751.313 275.938 751.2 276.618 751.2C277.404 751.2 278.084 751.36 278.658 751.68C279.244 751.987 279.731 752.407 280.118 752.94C280.504 753.46 280.791 754.047 280.978 754.7C281.178 755.353 281.278 756.02 281.278 756.7C281.278 757.38 281.178 758.047 280.978 758.7C280.791 759.353 280.504 759.947 280.118 760.48C279.731 761 279.244 761.42 278.658 761.74C278.084 762.047 277.404 762.2 276.618 762.2ZM275.738 759.74C276.284 759.74 276.738 759.593 277.098 759.3C277.471 758.993 277.744 758.607 277.918 758.14C278.104 757.673 278.198 757.193 278.198 756.7C278.198 756.207 278.104 755.727 277.918 755.26C277.744 754.793 277.471 754.413 277.098 754.12C276.738 753.813 276.284 753.66 275.738 753.66C275.191 753.66 274.731 753.813 274.358 754.12C273.998 754.413 273.724 754.793 273.538 755.26C273.364 755.727 273.278 756.207 273.278 756.7C273.278 757.193 273.364 757.673 273.538 758.14C273.724 758.607 273.998 758.993 274.358 759.3C274.731 759.593 275.191 759.74 275.738 759.74ZM286.937 762.2C286.19 762.2 285.57 762.04 285.077 761.72C284.597 761.4 284.237 760.973 283.997 760.44C283.757 759.893 283.637 759.28 283.637 758.6V751.4H286.657V758C286.657 758.507 286.79 758.92 287.057 759.24C287.337 759.547 287.73 759.7 288.237 759.7C288.677 759.7 289.024 759.593 289.277 759.38C289.544 759.167 289.737 758.893 289.857 758.56C289.977 758.227 290.037 757.873 290.037 757.5V751.4H293.077V762H290.037V760.5H289.917C289.69 760.913 289.337 761.3 288.857 761.66C288.39 762.02 287.75 762.2 286.937 762.2ZM288.337 766.94C287.87 766.94 287.484 766.78 287.177 766.46C286.884 766.153 286.737 765.78 286.737 765.34C286.737 764.9 286.884 764.527 287.177 764.22C287.484 763.913 287.87 763.76 288.337 763.76C288.79 763.76 289.164 763.913 289.457 764.22C289.764 764.527 289.917 764.9 289.917 765.34C289.917 765.78 289.764 766.153 289.457 766.46C289.164 766.78 288.79 766.94 288.337 766.94ZM295.469 762V751.4H298.509V752.92H298.609C298.729 752.707 298.902 752.467 299.129 752.2C299.369 751.933 299.682 751.7 300.069 751.5C300.469 751.3 300.975 751.2 301.589 751.2C302.415 751.2 303.089 751.393 303.609 751.78C304.129 752.153 304.509 752.64 304.749 753.24C304.989 753.827 305.109 754.447 305.109 755.1V762H302.069V755.62C302.069 755.113 301.929 754.667 301.649 754.28C301.382 753.893 300.949 753.7 300.349 753.7C299.895 753.7 299.535 753.807 299.269 754.02C299.002 754.233 298.809 754.507 298.689 754.84C298.569 755.173 298.509 755.527 298.509 755.9V762H295.469ZM312.745 766.24C311.758 766.24 310.945 766.12 310.305 765.88C309.678 765.64 309.178 765.333 308.805 764.96C308.431 764.6 308.158 764.24 307.985 763.88C307.811 763.52 307.698 763.213 307.645 762.96C307.605 762.72 307.585 762.6 307.585 762.6H310.545C310.545 762.6 310.565 762.66 310.605 762.78C310.658 762.913 310.758 763.06 310.905 763.22C311.051 763.393 311.265 763.54 311.545 763.66C311.838 763.793 312.225 763.86 312.705 763.86C313.531 763.86 314.138 763.627 314.525 763.16C314.925 762.693 315.125 762.08 315.125 761.32V760.2H314.985C314.851 760.413 314.651 760.647 314.385 760.9C314.118 761.153 313.778 761.367 313.365 761.54C312.951 761.713 312.451 761.8 311.865 761.8C311.078 761.8 310.391 761.653 309.805 761.36C309.218 761.053 308.725 760.647 308.325 760.14C307.938 759.633 307.645 759.067 307.445 758.44C307.258 757.813 307.165 757.167 307.165 756.5C307.165 755.847 307.258 755.207 307.445 754.58C307.645 753.94 307.938 753.367 308.325 752.86C308.725 752.353 309.218 751.953 309.805 751.66C310.391 751.353 311.078 751.2 311.865 751.2C312.451 751.2 312.951 751.293 313.365 751.48C313.778 751.653 314.118 751.867 314.385 752.12C314.665 752.36 314.865 752.593 314.985 752.82H315.125V751.4H318.165V761.32C318.165 762.2 317.971 763.013 317.585 763.76C317.198 764.507 316.605 765.107 315.805 765.56C315.005 766.013 313.985 766.24 312.745 766.24ZM312.705 759.4C313.265 759.4 313.725 759.26 314.085 758.98C314.458 758.7 314.738 758.34 314.925 757.9C315.111 757.447 315.205 756.98 315.205 756.5C315.205 756.007 315.111 755.54 314.925 755.1C314.738 754.66 314.458 754.3 314.085 754.02C313.725 753.74 313.265 753.6 312.705 753.6C312.158 753.6 311.698 753.74 311.325 754.02C310.965 754.3 310.691 754.66 310.505 755.1C310.318 755.54 310.225 756.007 310.225 756.5C310.225 756.98 310.318 757.447 310.505 757.9C310.691 758.34 310.965 758.7 311.325 758.98C311.698 759.26 312.158 759.4 312.705 759.4ZM322.688 762.2C322.181 762.2 321.768 762.033 321.448 761.7C321.128 761.353 320.968 760.953 320.968 760.5C320.968 760.02 321.128 759.613 321.448 759.28C321.768 758.947 322.181 758.78 322.688 758.78C323.168 758.78 323.568 758.947 323.888 759.28C324.221 759.613 324.388 760.02 324.388 760.5C324.388 760.967 324.221 761.367 323.888 761.7C323.568 762.033 323.168 762.2 322.688 762.2Z" fill="#791F1F"/>
<path d="M44 791H384" stroke="#E8E8E8"/>
<path d="M192 807H56C49.3726 807 44 812.373 44 819V847C44 853.627 49.3726 859 56 859H192C198.627 859 204 853.627 204 847V819C204 812.373 198.627 807 192 807Z" fill="white" stroke="#639922" stroke-width="1.5"/>
<path d="M75.0127 842V823.5H77.2127L86.8627 837.575V823.5H89.3127V842H87.1127L77.4627 827.95V842H75.0127ZM99.4482 847.25C98.3482 847.25 97.4316 847.1 96.6982 846.8C95.9649 846.517 95.3732 846.15 94.9232 845.7C94.4899 845.267 94.1649 844.833 93.9482 844.4C93.7316 843.967 93.5899 843.6 93.5232 843.3C93.4566 843.017 93.4232 842.875 93.4232 842.875H95.7982C95.7982 842.875 95.8399 842.992 95.9232 843.225C96.0066 843.458 96.1649 843.725 96.3982 844.025C96.6482 844.325 97.0149 844.592 97.4982 844.825C97.9816 845.058 98.6316 845.175 99.4482 845.175C100.415 845.175 101.173 844.983 101.723 844.6C102.273 844.233 102.665 843.75 102.898 843.15C103.148 842.55 103.273 841.917 103.273 841.25V839.725H103.148C102.982 840.008 102.715 840.333 102.348 840.7C101.998 841.05 101.532 841.358 100.948 841.625C100.365 841.875 99.6482 842 98.7982 842C97.7982 842 96.9232 841.808 96.1732 841.425C95.4232 841.042 94.7982 840.525 94.2982 839.875C93.8149 839.225 93.4482 838.5 93.1982 837.7C92.9482 836.9 92.8232 836.083 92.8232 835.25C92.8232 834.417 92.9482 833.6 93.1982 832.8C93.4482 832 93.8149 831.275 94.2982 830.625C94.7982 829.975 95.4232 829.458 96.1732 829.075C96.9232 828.692 97.7982 828.5 98.7982 828.5C99.6482 828.5 100.365 828.633 100.948 828.9C101.532 829.15 101.998 829.45 102.348 829.8C102.715 830.15 102.982 830.475 103.148 830.775H103.273V828.75H105.648V841.225C105.648 843.075 105.107 844.542 104.023 845.625C102.957 846.708 101.432 847.25 99.4482 847.25ZM99.2482 839.975C100.132 839.975 100.865 839.75 101.448 839.3C102.048 838.833 102.49 838.242 102.773 837.525C103.073 836.808 103.223 836.05 103.223 835.25C103.223 834.45 103.073 833.692 102.773 832.975C102.49 832.242 102.048 831.65 101.448 831.2C100.865 830.75 100.132 830.525 99.2482 830.525C98.3649 830.525 97.6232 830.75 97.0232 831.2C96.4232 831.65 95.9732 832.242 95.6732 832.975C95.3899 833.692 95.2482 834.45 95.2482 835.25C95.2482 836.05 95.3899 836.808 95.6732 837.525C95.9732 838.242 96.4232 838.833 97.0232 839.3C97.6232 839.75 98.3649 839.975 99.2482 839.975ZM109.388 842V823H111.763V830.675H111.913C112.029 830.475 112.221 830.2 112.488 829.85C112.771 829.5 113.171 829.192 113.688 828.925C114.204 828.642 114.854 828.5 115.638 828.5C116.604 828.5 117.429 828.725 118.113 829.175C118.796 829.608 119.313 830.2 119.663 830.95C120.029 831.7 120.213 832.542 120.213 833.475V842H117.838V833.625C117.838 832.742 117.588 832.008 117.088 831.425C116.604 830.842 115.896 830.55 114.963 830.55C114.213 830.55 113.604 830.742 113.138 831.125C112.671 831.492 112.321 831.983 112.088 832.6C111.871 833.2 111.763 833.842 111.763 834.525V842H109.388ZM129.738 842.25C128.655 842.25 127.713 842.058 126.913 841.675C126.13 841.275 125.48 840.742 124.963 840.075C124.463 839.408 124.088 838.675 123.838 837.875C123.588 837.058 123.463 836.225 123.463 835.375C123.463 834.542 123.58 833.717 123.813 832.9C124.063 832.083 124.438 831.342 124.938 830.675C125.455 830.008 126.096 829.483 126.863 829.1C127.646 828.7 128.571 828.5 129.638 828.5C130.771 828.5 131.771 828.758 132.638 829.275C133.505 829.792 134.188 830.558 134.688 831.575C135.188 832.592 135.438 833.867 135.438 835.4V836.1H125.863C125.913 836.85 126.088 837.542 126.388 838.175C126.705 838.792 127.146 839.292 127.713 839.675C128.28 840.042 128.955 840.225 129.738 840.225C130.421 840.225 130.971 840.117 131.388 839.9C131.821 839.667 132.163 839.4 132.413 839.1C132.663 838.8 132.83 838.542 132.913 838.325C133.013 838.092 133.063 837.975 133.063 837.975H135.288C135.288 837.975 135.246 838.125 135.163 838.425C135.08 838.708 134.93 839.058 134.713 839.475C134.496 839.892 134.18 840.317 133.763 840.75C133.346 841.167 132.813 841.525 132.163 841.825C131.513 842.108 130.705 842.25 129.738 842.25ZM125.888 834.25H133.113C133.08 833.383 132.896 832.683 132.563 832.15C132.23 831.6 131.805 831.192 131.288 830.925C130.771 830.658 130.221 830.525 129.638 830.525C128.588 830.525 127.73 830.867 127.063 831.55C126.396 832.217 126.005 833.117 125.888 834.25ZM144.69 842L144.715 823H147.065V842H144.69ZM156.688 828.5C157.521 828.5 158.221 828.633 158.788 828.9C159.354 829.167 159.813 829.483 160.163 829.85C160.513 830.2 160.779 830.533 160.963 830.85H161.113V828.75H163.488V842H161.113V839.9H160.963C160.779 840.217 160.513 840.558 160.163 840.925C159.813 841.292 159.354 841.608 158.788 841.875C158.221 842.125 157.521 842.25 156.688 842.25C155.688 842.25 154.813 842.058 154.063 841.675C153.313 841.275 152.688 840.75 152.188 840.1C151.688 839.433 151.313 838.692 151.063 837.875C150.813 837.058 150.688 836.225 150.688 835.375C150.688 834.525 150.813 833.692 151.063 832.875C151.313 832.058 151.688 831.325 152.188 830.675C152.688 830.008 153.313 829.483 154.063 829.1C154.813 828.7 155.688 828.5 156.688 828.5ZM157.088 830.525C156.204 830.525 155.463 830.767 154.863 831.25C154.263 831.717 153.813 832.317 153.513 833.05C153.229 833.783 153.088 834.558 153.088 835.375C153.088 836.175 153.229 836.95 153.513 837.7C153.813 838.433 154.263 839.042 154.863 839.525C155.463 839.992 156.204 840.225 157.088 840.225C157.971 840.225 158.704 839.992 159.288 839.525C159.888 839.042 160.329 838.433 160.613 837.7C160.913 836.95 161.063 836.175 161.063 835.375C161.063 834.558 160.913 833.783 160.613 833.05C160.329 832.317 159.888 831.717 159.288 831.25C158.704 830.767 157.971 830.525 157.088 830.525ZM157.238 847.675C156.771 847.675 156.379 847.508 156.063 847.175C155.763 846.858 155.613 846.483 155.613 846.05C155.613 845.6 155.763 845.217 156.063 844.9C156.379 844.583 156.771 844.425 157.238 844.425C157.704 844.425 158.088 844.583 158.388 844.9C158.704 845.217 158.863 845.6 158.863 846.05C158.863 846.5 158.704 846.883 158.388 847.2C158.088 847.517 157.704 847.675 157.238 847.675ZM168.696 826.225C168.246 826.225 167.871 826.075 167.571 825.775C167.287 825.475 167.146 825.117 167.146 824.7C167.146 824.267 167.287 823.9 167.571 823.6C167.871 823.3 168.246 823.15 168.696 823.15C169.129 823.15 169.496 823.3 169.796 823.6C170.096 823.9 170.246 824.267 170.246 824.7C170.246 825.117 170.096 825.475 169.796 825.775C169.496 826.075 169.129 826.225 168.696 826.225ZM167.521 842V828.75H169.896V842H167.521Z" fill="#639922"/>
<path d="M372 807H232C225.373 807 220 812.373 220 819V847C220 853.627 225.373 859 232 859H372C378.627 859 384 853.627 384 847V819C384 812.373 378.627 807 372 807Z" fill="#639922"/>
<path d="M236.711 843V827.85H231.036V824.5H246.236V827.85H240.561V843H236.711ZM250.899 827.95C250.233 827.95 249.691 827.742 249.274 827.325C248.858 826.892 248.649 826.383 248.649 825.8C248.649 825.183 248.858 824.667 249.274 824.25C249.691 823.817 250.233 823.6 250.899 823.6C251.533 823.6 252.066 823.817 252.499 824.25C252.933 824.667 253.149 825.183 253.149 825.8C253.149 826.383 252.933 826.892 252.499 827.325C252.066 827.742 251.533 827.95 250.899 827.95ZM248.999 843V829.75H252.799V843H248.999ZM268.522 824.875L265.697 824.85L267.722 820.35H271.247L268.522 824.875ZM257.772 828.1L260.997 824.25H264.022L267.247 828.1H264.272L262.522 825.975L260.747 828.1H257.772ZM262.647 843.25C261.48 843.25 260.472 843.058 259.622 842.675C258.772 842.275 258.072 841.75 257.522 841.1C256.972 840.433 256.555 839.692 256.272 838.875C256.005 838.058 255.872 837.217 255.872 836.35C255.872 835.517 256.005 834.7 256.272 833.9C256.538 833.083 256.938 832.342 257.472 831.675C258.022 831.008 258.713 830.483 259.547 830.1C260.38 829.7 261.372 829.5 262.522 829.5C263.755 829.5 264.838 829.767 265.772 830.3C266.705 830.833 267.438 831.625 267.972 832.675C268.505 833.708 268.772 834.967 268.772 836.45V837.375H259.697C259.747 838.175 260.022 838.867 260.522 839.45C261.038 840.033 261.747 840.325 262.647 840.325C263.163 840.325 263.58 840.25 263.897 840.1C264.23 839.933 264.488 839.75 264.672 839.55C264.855 839.333 264.98 839.142 265.047 838.975C265.13 838.808 265.172 838.725 265.172 838.725H268.672C268.672 838.725 268.63 838.883 268.547 839.2C268.463 839.5 268.305 839.875 268.072 840.325C267.838 840.775 267.497 841.225 267.047 841.675C266.613 842.125 266.038 842.5 265.322 842.8C264.605 843.1 263.713 843.25 262.647 843.25ZM259.697 835.075H265.122C265.088 834.158 264.813 833.475 264.297 833.025C263.797 832.575 263.18 832.35 262.447 832.35C261.713 832.35 261.088 832.592 260.572 833.075C260.072 833.542 259.78 834.208 259.697 835.075ZM271.604 847.875V829.75H275.404V831.45H275.579C275.663 831.333 275.846 831.117 276.129 830.8C276.429 830.483 276.854 830.192 277.404 829.925C277.954 829.642 278.654 829.5 279.504 829.5C280.488 829.5 281.338 829.7 282.054 830.1C282.788 830.483 283.396 831.008 283.879 831.675C284.363 832.325 284.721 833.058 284.954 833.875C285.204 834.692 285.329 835.525 285.329 836.375C285.329 837.225 285.204 838.058 284.954 838.875C284.721 839.692 284.363 840.433 283.879 841.1C283.396 841.75 282.788 842.275 282.054 842.675C281.338 843.058 280.488 843.25 279.504 843.25C278.654 843.25 277.954 843.117 277.404 842.85C276.854 842.567 276.429 842.267 276.129 841.95C275.846 841.633 275.663 841.417 275.579 841.3H275.404V847.875H271.604ZM275.329 836.375C275.329 836.992 275.438 837.592 275.654 838.175C275.888 838.758 276.229 839.242 276.679 839.625C277.146 839.992 277.721 840.175 278.404 840.175C279.088 840.175 279.654 839.992 280.104 839.625C280.571 839.242 280.913 838.758 281.129 838.175C281.363 837.592 281.479 836.992 281.479 836.375C281.479 835.758 281.363 835.158 281.129 834.575C280.913 833.992 280.571 833.517 280.104 833.15C279.654 832.767 279.088 832.575 278.404 832.575C277.721 832.575 277.146 832.767 276.679 833.15C276.229 833.517 275.888 833.992 275.654 834.575C275.438 835.158 275.329 835.758 275.329 836.375ZM299.99 843.25C298.957 843.25 298.132 843.1 297.515 842.8C296.899 842.483 296.432 842.092 296.115 841.625C295.799 841.142 295.59 840.633 295.49 840.1C295.39 839.567 295.34 839.075 295.34 838.625V832.775H293.09V829.75H295.34V826.475H299.14V829.75H301.965V832.775H299.14V838.525C299.14 839.075 299.282 839.5 299.565 839.8C299.865 840.1 300.357 840.25 301.04 840.25C301.34 840.25 301.615 840.225 301.865 840.175C302.115 840.125 302.24 840.1 302.24 840.1V843.025C302.24 843.025 302.015 843.058 301.565 843.125C301.115 843.208 300.59 843.25 299.99 843.25ZM305.027 843V824H308.827V831.65H308.952C309.102 831.383 309.319 831.083 309.602 830.75C309.902 830.417 310.294 830.125 310.777 829.875C311.277 829.625 311.91 829.5 312.677 829.5C313.71 829.5 314.552 829.742 315.202 830.225C315.852 830.692 316.327 831.3 316.627 832.05C316.927 832.783 317.077 833.558 317.077 834.375V843H313.277V835.025C313.277 834.392 313.102 833.833 312.752 833.35C312.419 832.867 311.877 832.625 311.127 832.625C310.56 832.625 310.11 832.758 309.777 833.025C309.444 833.292 309.202 833.633 309.052 834.05C308.902 834.467 308.827 834.908 308.827 835.375V843H305.027ZM326.441 843.25C325.274 843.25 324.266 843.058 323.416 842.675C322.566 842.275 321.866 841.75 321.316 841.1C320.766 840.433 320.349 839.692 320.066 838.875C319.799 838.058 319.666 837.217 319.666 836.35C319.666 835.517 319.791 834.7 320.041 833.9C320.307 833.083 320.707 832.342 321.241 831.675C321.791 831.008 322.482 830.483 323.316 830.1C324.166 829.7 325.166 829.5 326.316 829.5C327.532 829.5 328.607 829.767 329.541 830.3C330.491 830.833 331.232 831.625 331.766 832.675C332.299 833.708 332.566 834.967 332.566 836.45V837.375H323.491C323.541 838.175 323.816 838.867 324.316 839.45C324.832 840.033 325.541 840.325 326.441 840.325C326.957 840.325 327.374 840.25 327.691 840.1C328.024 839.933 328.282 839.75 328.466 839.55C328.649 839.333 328.774 839.142 328.841 838.975C328.907 838.808 328.941 838.725 328.941 838.725H332.441C332.441 838.725 332.399 838.883 332.316 839.2C332.249 839.5 332.099 839.875 331.866 840.325C331.632 840.775 331.291 841.225 330.841 841.675C330.407 842.125 329.832 842.5 329.116 842.8C328.399 843.1 327.507 843.25 326.441 843.25ZM323.491 835.075H328.916C328.866 834.158 328.591 833.475 328.091 833.025C327.591 832.575 326.974 832.35 326.241 832.35C325.507 832.35 324.882 832.592 324.366 833.075C323.849 833.542 323.557 834.208 323.491 835.075ZM341.948 843.25C340.464 843.25 339.206 842.933 338.173 842.3C337.139 841.65 336.348 840.808 335.798 839.775C335.264 838.725 334.998 837.592 334.998 836.375C334.998 835.158 335.264 834.033 335.798 833C336.348 831.95 337.139 831.108 338.173 830.475C339.206 829.825 340.464 829.5 341.948 829.5C343.431 829.5 344.689 829.825 345.723 830.475C346.756 831.108 347.539 831.95 348.073 833C348.623 834.033 348.898 835.158 348.898 836.375C348.898 837.592 348.623 838.725 348.073 839.775C347.539 840.808 346.756 841.65 345.723 842.3C344.689 842.933 343.431 843.25 341.948 843.25ZM341.948 840.15C342.614 840.15 343.173 839.975 343.623 839.625C344.089 839.275 344.448 838.817 344.698 838.25C344.948 837.667 345.073 837.042 345.073 836.375C345.073 835.692 344.948 835.067 344.698 834.5C344.448 833.933 344.089 833.475 343.623 833.125C343.173 832.775 342.614 832.6 341.948 832.6C341.281 832.6 340.714 832.775 340.248 833.125C339.781 833.475 339.423 833.933 339.173 834.5C338.939 835.067 338.823 835.692 338.823 836.375C338.823 837.042 338.939 837.667 339.173 838.25C339.423 838.817 339.781 839.275 340.248 839.625C340.714 839.975 341.281 840.15 341.948 840.15ZM371.864 837.75C372.031 837.317 372.214 836.917 372.414 836.55C372.614 836.167 372.839 835.808 373.089 835.475H359.689V833.425H373.089C372.856 833.092 372.639 832.742 372.439 832.375C372.239 831.992 372.056 831.583 371.889 831.15H373.789C374.823 832.367 375.956 833.292 377.189 833.925V835C375.956 835.6 374.823 836.517 373.789 837.75H371.864Z" fill="white"/>
<path d="M256.5 900H171.5C170.119 900 169 901.119 169 902.5C169 903.881 170.119 905 171.5 905H256.5C257.881 905 259 903.881 259 902.5C259 901.119 257.881 900 256.5 900Z" fill="#C8C8C8"/>
</g>
<defs>
<clipPath id="clip0_18_427">
<rect width="429" height="927" fill="white"/>
</clipPath>
</defs>
</svg>
