<svg width="428" height="926" viewBox="0 0 428 926" fill="none" xmlns="http://www.w3.org/2000/svg">
<g clip-path="url(#clip0_45_311)">
<rect width="428" height="926" rx="25" fill="white"/>
<path d="M0 15C0 6.71576 6.71573 0 15 0H413C421.284 0 428 6.71573 428 15V1126H0V15Z" fill="#F5F9FF"/>
<path d="M428 822H0V926H428V822Z" fill="white"/>
<path d="M44 855L64 840L84 855V875C84 876.833 82.5 878.333 80.6667 878.333H47.3333C45.5 878.333 44 876.833 44 875V855Z" stroke="#0961F5" stroke-width="2" stroke-linecap="round" stroke-linejoin="round"/>
<path d="M59 878.333V865H69V878.333" stroke="#0961F5" stroke-width="2" stroke-linecap="round"/>
<path d="M27.1034 906V895.092H23.0174V892.68H33.9614V895.092H29.8754V906H27.1034ZM34.7676 906V896.46H37.4856V897.846H37.5756C37.6836 897.594 37.8336 897.348 38.0256 897.108C38.2176 896.868 38.4816 896.67 38.8176 896.514C39.1536 896.358 39.5856 896.28 40.1136 896.28C40.3776 896.28 40.5876 896.298 40.7436 896.334C40.8996 896.358 40.9776 896.37 40.9776 896.37V899.07C40.9776 899.07 40.8876 899.052 40.7076 899.016C40.5396 898.98 40.3176 898.962 40.0416 898.962C39.1896 898.962 38.5536 899.196 38.1336 899.664C37.7136 900.12 37.5036 900.87 37.5036 901.914V906H34.7676ZM46.1481 896.28C46.7601 896.28 47.2641 896.382 47.6601 896.586C48.0561 896.778 48.3561 896.988 48.5601 897.216C48.7761 897.444 48.9081 897.6 48.9561 897.684H49.1001V896.46H51.8361V906H49.1001V904.776H48.9561C48.9081 904.86 48.7761 905.016 48.5601 905.244C48.3561 905.472 48.0561 905.688 47.6601 905.892C47.2641 906.084 46.7601 906.18 46.1481 906.18C45.4401 906.18 44.8221 906.042 44.2941 905.766C43.7781 905.478 43.3461 905.1 42.9981 904.632C42.6501 904.152 42.3861 903.618 42.2061 903.03C42.0381 902.442 41.9541 901.842 41.9541 901.23C41.9541 900.618 42.0381 900.018 42.2061 899.43C42.3861 898.842 42.6501 898.314 42.9981 897.846C43.3461 897.366 43.7781 896.988 44.2941 896.712C44.8221 896.424 45.4401 896.28 46.1481 896.28ZM46.9401 898.494C46.4481 898.494 46.0341 898.632 45.6981 898.908C45.3741 899.172 45.1281 899.514 44.9601 899.934C44.8041 900.354 44.7261 900.786 44.7261 901.23C44.7261 901.674 44.8041 902.106 44.9601 902.526C45.1281 902.946 45.3741 903.294 45.6981 903.57C46.0341 903.834 46.4481 903.966 46.9401 903.966C47.4321 903.966 47.8401 903.834 48.1641 903.57C48.5001 903.294 48.7461 902.946 48.9021 902.526C49.0701 902.106 49.1541 901.674 49.1541 901.23C49.1541 900.786 49.0701 900.354 48.9021 899.934C48.7461 899.514 48.5001 899.172 48.1641 898.908C47.8401 898.632 47.4321 898.494 46.9401 898.494ZM53.9805 906V896.46H56.7165V897.828H56.8065C56.9145 897.636 57.0705 897.42 57.2745 897.18C57.4905 896.94 57.7725 896.73 58.1205 896.55C58.4805 896.37 58.9365 896.28 59.4885 896.28C60.2325 896.28 60.8385 896.454 61.3065 896.802C61.7745 897.138 62.1165 897.576 62.3325 898.116C62.5485 898.644 62.6565 899.202 62.6565 899.79V906H59.9205V900.258C59.9205 899.802 59.7945 899.4 59.5425 899.052C59.3025 898.704 58.9125 898.53 58.3725 898.53C57.9645 898.53 57.6405 898.626 57.4005 898.818C57.1605 899.01 56.9865 899.256 56.8785 899.556C56.7705 899.856 56.7165 900.174 56.7165 900.51V906H53.9805ZM69.5289 909.816C68.6409 909.816 67.9089 909.708 67.3329 909.492C66.7689 909.276 66.3189 909 65.9829 908.664C65.6469 908.34 65.4009 908.016 65.2449 907.692C65.0889 907.368 64.9869 907.092 64.9389 906.864C64.9029 906.648 64.8849 906.54 64.8849 906.54H67.5489C67.5489 906.54 67.5669 906.594 67.6029 906.702C67.6509 906.822 67.7409 906.954 67.8729 907.098C68.0049 907.254 68.1969 907.386 68.4489 907.494C68.7129 907.614 69.0609 907.674 69.4929 907.674C70.2369 907.674 70.7829 907.464 71.1309 907.044C71.4909 906.624 71.6709 906.072 71.6709 905.388V904.38H71.5449C71.4249 904.572 71.2449 904.782 71.0049 905.01C70.7649 905.238 70.4589 905.43 70.0869 905.586C69.7149 905.742 69.2649 905.82 68.7369 905.82C68.0289 905.82 67.4109 905.688 66.8829 905.424C66.3549 905.148 65.9109 904.782 65.5509 904.326C65.2029 903.87 64.9389 903.36 64.7589 902.796C64.5909 902.232 64.5069 901.65 64.5069 901.05C64.5069 900.462 64.5909 899.886 64.7589 899.322C64.9389 898.746 65.2029 898.23 65.5509 897.774C65.9109 897.318 66.3549 896.958 66.8829 896.694C67.4109 896.418 68.0289 896.28 68.7369 896.28C69.2649 896.28 69.7149 896.364 70.0869 896.532C70.4589 896.688 70.7649 896.88 71.0049 897.108C71.2569 897.324 71.4369 897.534 71.5449 897.738H71.6709V896.46H74.4069V905.388C74.4069 906.18 74.2329 906.912 73.8849 907.584C73.5369 908.256 73.0029 908.796 72.2829 909.204C71.5629 909.612 70.6449 909.816 69.5289 909.816ZM69.4929 903.66C69.9969 903.66 70.4109 903.534 70.7349 903.282C71.0709 903.03 71.3229 902.706 71.4909 902.31C71.6589 901.902 71.7429 901.482 71.7429 901.05C71.7429 900.606 71.6589 900.186 71.4909 899.79C71.3229 899.394 71.0709 899.07 70.7349 898.818C70.4109 898.566 69.9969 898.44 69.4929 898.44C69.0009 898.44 68.5869 898.566 68.2509 898.818C67.9269 899.07 67.6809 899.394 67.5129 899.79C67.3449 900.186 67.2609 900.606 67.2609 901.05C67.2609 901.482 67.3449 901.902 67.5129 902.31C67.6809 902.706 67.9269 903.03 68.2509 903.282C68.5869 903.534 69.0009 903.66 69.4929 903.66ZM85.4885 906.18C84.6485 906.18 83.9165 906.042 83.2925 905.766C82.6685 905.478 82.1525 905.1 81.7445 904.632C81.3365 904.164 81.0305 903.636 80.8265 903.048C80.6225 902.448 80.5205 901.842 80.5205 901.23C80.5205 900.618 80.6225 900.018 80.8265 899.43C81.0305 898.842 81.3365 898.314 81.7445 897.846C82.1525 897.366 82.6685 896.988 83.2925 896.712C83.9165 896.424 84.6485 896.28 85.4885 896.28C86.3405 896.28 87.0425 896.406 87.5945 896.658C88.1465 896.898 88.5845 897.204 88.9085 897.576C89.2445 897.936 89.4905 898.302 89.6465 898.674C89.8025 899.034 89.8985 899.34 89.9345 899.592C89.9825 899.832 90.0065 899.952 90.0065 899.952H87.4505C87.4505 899.952 87.4265 899.88 87.3785 899.736C87.3425 899.58 87.2585 899.406 87.1265 899.214C87.0065 899.01 86.8205 898.836 86.5685 898.692C86.3165 898.536 85.9805 898.458 85.5605 898.458C85.0445 898.458 84.6125 898.59 84.2645 898.854C83.9285 899.106 83.6765 899.442 83.5085 899.862C83.3405 900.282 83.2565 900.738 83.2565 901.23C83.2565 901.722 83.3405 902.178 83.5085 902.598C83.6765 903.018 83.9285 903.36 84.2645 903.624C84.6125 903.876 85.0445 904.002 85.5605 904.002C85.9805 904.002 86.3165 903.93 86.5685 903.786C86.8205 903.63 87.0065 903.456 87.1265 903.264C87.2585 903.06 87.3425 902.886 87.3785 902.742C87.4265 902.586 87.4505 902.508 87.4505 902.508H90.0065C90.0065 902.508 89.9825 902.634 89.9345 902.886C89.8985 903.126 89.8025 903.432 89.6465 903.804C89.4905 904.164 89.2445 904.53 88.9085 904.902C88.5845 905.262 88.1465 905.568 87.5945 905.82C87.0425 906.06 86.3405 906.18 85.4885 906.18ZM92.1469 906V892.32H94.8829V897.828H94.9729C95.0809 897.636 95.2369 897.42 95.4409 897.18C95.6569 896.94 95.9389 896.73 96.2869 896.55C96.6469 896.37 97.1029 896.28 97.6549 896.28C98.3989 896.28 99.0049 896.454 99.4729 896.802C99.9409 897.138 100.283 897.576 100.499 898.116C100.715 898.644 100.823 899.202 100.823 899.79V906H98.0869V900.258C98.0869 899.802 97.9609 899.4 97.7089 899.052C97.4689 898.704 97.0789 898.53 96.5389 898.53C96.1309 898.53 95.8069 898.626 95.5669 898.818C95.3269 899.01 95.1529 899.256 95.0449 899.556C94.9369 899.856 94.8829 900.174 94.8829 900.51V906H92.1469ZM106.536 895.344V894.75C106.536 894.594 106.566 894.45 106.626 894.318C106.698 894.174 106.818 894.066 106.986 893.994L107.256 893.85C107.508 893.718 107.7 893.592 107.832 893.472C107.964 893.34 108.03 893.184 108.03 893.004C108.03 892.848 107.97 892.71 107.85 892.59C107.742 892.47 107.58 892.41 107.364 892.41C107.148 892.41 106.986 892.464 106.878 892.572C106.782 892.68 106.722 892.794 106.698 892.914C106.674 893.034 106.662 893.106 106.662 893.13H105.096C105.096 892.806 105.168 892.488 105.312 892.176C105.468 891.852 105.708 891.582 106.032 891.366C106.368 891.15 106.806 891.042 107.346 891.042C108.066 891.042 108.636 891.234 109.056 891.618C109.488 891.99 109.704 892.428 109.704 892.932C109.704 893.364 109.56 893.73 109.272 894.03C108.996 894.318 108.636 894.57 108.192 894.786L108.102 894.84V895.344H106.536ZM106.05 906.18C105.378 906.18 104.82 906.036 104.376 905.748C103.944 905.46 103.62 905.076 103.404 904.596C103.188 904.104 103.08 903.552 103.08 902.94V896.46H105.798V902.4C105.798 902.856 105.918 903.228 106.158 903.516C106.41 903.792 106.764 903.93 107.22 903.93C107.616 903.93 107.928 903.834 108.156 903.642C108.396 903.45 108.57 903.204 108.678 902.904C108.786 902.604 108.84 902.286 108.84 901.95V896.46H111.576V906H108.84V904.65H108.732C108.528 905.022 108.21 905.37 107.778 905.694C107.358 906.018 106.782 906.18 106.05 906.18Z" fill="#0961F5"/>
<path d="M207.333 851H197.333C195.492 851 194 852.492 194 854.333V871C194 872.841 195.492 874.333 197.333 874.333H207.333C209.174 874.333 210.667 872.841 210.667 871V854.333C210.667 852.492 209.174 851 207.333 851Z" stroke="#A0A4AB" stroke-width="2"/>
<path d="M230.667 851H220.667C218.826 851 217.333 852.492 217.333 854.333V871C217.333 872.841 218.826 874.333 220.667 874.333H230.667C232.508 874.333 234 872.841 234 871V854.333C234 852.492 232.508 851 230.667 851Z" stroke="#A0A4AB" stroke-width="2"/>
<path d="M166.671 901V887.68H169.443V892.99H174.627V887.68H177.399V901H174.627V895.402H169.443V901H166.671ZM184.447 901.18C183.379 901.18 182.473 900.952 181.729 900.496C180.985 900.028 180.415 899.422 180.019 898.678C179.635 897.922 179.443 897.106 179.443 896.23C179.443 895.354 179.635 894.544 180.019 893.8C180.415 893.044 180.985 892.438 181.729 891.982C182.473 891.514 183.379 891.28 184.447 891.28C185.515 891.28 186.421 891.514 187.165 891.982C187.909 892.438 188.473 893.044 188.857 893.8C189.253 894.544 189.451 895.354 189.451 896.23C189.451 897.106 189.253 897.922 188.857 898.678C188.473 899.422 187.909 900.028 187.165 900.496C186.421 900.952 185.515 901.18 184.447 901.18ZM184.447 898.948C184.927 898.948 185.335 898.822 185.671 898.57C186.007 898.318 186.259 897.988 186.427 897.58C186.607 897.16 186.697 896.71 186.697 896.23C186.697 895.738 186.607 895.288 186.427 894.88C186.259 894.472 186.007 894.142 185.671 893.89C185.335 893.638 184.927 893.512 184.447 893.512C183.967 893.512 183.559 893.638 183.223 893.89C182.887 894.142 182.629 894.472 182.449 894.88C182.281 895.288 182.197 895.738 182.197 896.23C182.197 896.71 182.281 897.16 182.449 897.58C182.629 897.988 182.887 898.318 183.223 898.57C183.559 898.822 183.967 898.948 184.447 898.948ZM184.447 905.446C184.027 905.446 183.679 905.302 183.403 905.014C183.139 904.738 183.007 904.402 183.007 904.006C183.007 903.61 183.139 903.274 183.403 902.998C183.679 902.722 184.027 902.584 184.447 902.584C184.855 902.584 185.191 902.722 185.455 902.998C185.731 903.274 185.869 903.61 185.869 904.006C185.869 904.402 185.731 904.738 185.455 905.014C185.191 905.302 184.855 905.446 184.447 905.446ZM196.171 901.18C195.331 901.18 194.599 901.042 193.975 900.766C193.351 900.478 192.835 900.1 192.427 899.632C192.019 899.164 191.713 898.636 191.509 898.048C191.305 897.448 191.203 896.842 191.203 896.23C191.203 895.618 191.305 895.018 191.509 894.43C191.713 893.842 192.019 893.314 192.427 892.846C192.835 892.366 193.351 891.988 193.975 891.712C194.599 891.424 195.331 891.28 196.171 891.28C197.023 891.28 197.725 891.406 198.277 891.658C198.829 891.898 199.267 892.204 199.591 892.576C199.927 892.936 200.173 893.302 200.329 893.674C200.485 894.034 200.581 894.34 200.617 894.592C200.665 894.832 200.689 894.952 200.689 894.952H198.133C198.133 894.952 198.109 894.88 198.061 894.736C198.025 894.58 197.941 894.406 197.809 894.214C197.689 894.01 197.503 893.836 197.251 893.692C196.999 893.536 196.663 893.458 196.243 893.458C195.727 893.458 195.295 893.59 194.947 893.854C194.611 894.106 194.359 894.442 194.191 894.862C194.023 895.282 193.939 895.738 193.939 896.23C193.939 896.722 194.023 897.178 194.191 897.598C194.359 898.018 194.611 898.36 194.947 898.624C195.295 898.876 195.727 899.002 196.243 899.002C196.663 899.002 196.999 898.93 197.251 898.786C197.503 898.63 197.689 898.456 197.809 898.264C197.941 898.06 198.025 897.886 198.061 897.742C198.109 897.586 198.133 897.508 198.133 897.508H200.689C200.689 897.508 200.665 897.634 200.617 897.886C200.581 898.126 200.485 898.432 200.329 898.804C200.173 899.164 199.927 899.53 199.591 899.902C199.267 900.262 198.829 900.568 198.277 900.82C197.725 901.06 197.023 901.18 196.171 901.18ZM211.244 901.18C210.5 901.18 209.906 901.072 209.462 900.856C209.018 900.628 208.682 900.346 208.454 900.01C208.226 899.662 208.076 899.296 208.004 898.912C207.932 898.528 207.896 898.174 207.896 897.85V893.638H206.276V891.46H207.896V889.102H210.632V891.46H212.666V893.638H210.632V897.778C210.632 898.174 210.734 898.48 210.938 898.696C211.154 898.912 211.508 899.02 212 899.02C212.216 899.02 212.414 899.002 212.594 898.966C212.774 898.93 212.864 898.912 212.864 898.912V901.018C212.864 901.018 212.702 901.042 212.378 901.09C212.054 901.15 211.676 901.18 211.244 901.18ZM218.038 890.146L216.058 886.888H218.596L220.054 890.128L218.038 890.146ZM217.822 901.18C217.15 901.18 216.592 901.036 216.148 900.748C215.716 900.46 215.392 900.076 215.176 899.596C214.96 899.104 214.852 898.552 214.852 897.94V891.46H217.57V897.4C217.57 897.856 217.69 898.228 217.93 898.516C218.182 898.792 218.536 898.93 218.992 898.93C219.388 898.93 219.7 898.834 219.928 898.642C220.168 898.45 220.342 898.204 220.45 897.904C220.558 897.604 220.612 897.286 220.612 896.95V891.46H222.502C222.982 891.46 223.222 891.22 223.222 890.74V889.462H225.418V890.83C225.418 891.466 225.25 891.964 224.914 892.324C224.578 892.672 224.08 892.846 223.42 892.846H223.348V901H220.612V899.65H220.504C220.3 900.022 219.982 900.37 219.55 900.694C219.13 901.018 218.554 901.18 217.822 901.18ZM232.511 901L229.019 891.46H231.755L233.987 897.922L236.129 891.46H238.883L235.373 901H232.511ZM243.469 901.18C242.797 901.18 242.239 901.036 241.795 900.748C241.363 900.46 241.039 900.076 240.823 899.596C240.607 899.104 240.499 898.552 240.499 897.94V891.46H243.217V897.4C243.217 897.856 243.337 898.228 243.577 898.516C243.829 898.792 244.183 898.93 244.639 898.93C245.035 898.93 245.347 898.834 245.575 898.642C245.815 898.45 245.989 898.204 246.097 897.904C246.205 897.604 246.259 897.286 246.259 896.95V891.46H248.149C248.629 891.46 248.869 891.22 248.869 890.74V889.462H251.065V890.83C251.065 891.466 250.897 891.964 250.561 892.324C250.225 892.672 249.727 892.846 249.067 892.846H248.995V901H246.259V899.65H246.151C245.947 900.022 245.629 900.37 245.197 900.694C244.777 901.018 244.201 901.18 243.469 901.18ZM244.639 905.446C244.219 905.446 243.871 905.302 243.595 905.014C243.331 904.738 243.199 904.402 243.199 904.006C243.199 903.61 243.331 903.274 243.595 902.998C243.871 902.722 244.219 902.584 244.639 902.584C245.047 902.584 245.383 902.722 245.647 902.998C245.923 903.274 246.061 903.61 246.061 904.006C246.061 904.402 245.923 904.738 245.647 905.014C245.383 905.302 245.047 905.446 244.639 905.446ZM252.079 901V891.46H254.815V892.828H254.905C255.013 892.636 255.169 892.42 255.373 892.18C255.589 891.94 255.871 891.73 256.219 891.55C256.579 891.37 257.035 891.28 257.587 891.28C258.331 891.28 258.937 891.454 259.405 891.802C259.873 892.138 260.215 892.576 260.431 893.116C260.647 893.644 260.755 894.202 260.755 894.79V901H258.019V895.258C258.019 894.802 257.893 894.4 257.641 894.052C257.401 893.704 257.011 893.53 256.471 893.53C256.063 893.53 255.739 893.626 255.499 893.818C255.259 894.01 255.085 894.256 254.977 894.556C254.869 894.856 254.815 895.174 254.815 895.51V901H252.079ZM267.628 904.816C266.74 904.816 266.008 904.708 265.432 904.492C264.868 904.276 264.418 904 264.082 903.664C263.746 903.34 263.5 903.016 263.344 902.692C263.188 902.368 263.086 902.092 263.038 901.864C263.002 901.648 262.984 901.54 262.984 901.54H265.648C265.648 901.54 265.666 901.594 265.702 901.702C265.75 901.822 265.84 901.954 265.972 902.098C266.104 902.254 266.296 902.386 266.548 902.494C266.812 902.614 267.16 902.674 267.592 902.674C268.336 902.674 268.882 902.464 269.23 902.044C269.59 901.624 269.77 901.072 269.77 900.388V899.38H269.644C269.524 899.572 269.344 899.782 269.104 900.01C268.864 900.238 268.558 900.43 268.186 900.586C267.814 900.742 267.364 900.82 266.836 900.82C266.128 900.82 265.51 900.688 264.982 900.424C264.454 900.148 264.01 899.782 263.65 899.326C263.302 898.87 263.038 898.36 262.858 897.796C262.69 897.232 262.606 896.65 262.606 896.05C262.606 895.462 262.69 894.886 262.858 894.322C263.038 893.746 263.302 893.23 263.65 892.774C264.01 892.318 264.454 891.958 264.982 891.694C265.51 891.418 266.128 891.28 266.836 891.28C267.364 891.28 267.814 891.364 268.186 891.532C268.558 891.688 268.864 891.88 269.104 892.108C269.356 892.324 269.536 892.534 269.644 892.738H269.77V891.46H272.506V900.388C272.506 901.18 272.332 901.912 271.984 902.584C271.636 903.256 271.102 903.796 270.382 904.204C269.662 904.612 268.744 904.816 267.628 904.816ZM267.592 898.66C268.096 898.66 268.51 898.534 268.834 898.282C269.17 898.03 269.422 897.706 269.59 897.31C269.758 896.902 269.842 896.482 269.842 896.05C269.842 895.606 269.758 895.186 269.59 894.79C269.422 894.394 269.17 894.07 268.834 893.818C268.51 893.566 268.096 893.44 267.592 893.44C267.1 893.44 266.686 893.566 266.35 893.818C266.026 894.07 265.78 894.394 265.612 894.79C265.444 895.186 265.36 895.606 265.36 896.05C265.36 896.482 265.444 896.902 265.612 897.31C265.78 897.706 266.026 898.03 266.35 898.282C266.686 898.534 267.1 898.66 267.592 898.66Z" fill="#A0A4AB"/>
<path d="M314.003 906V895.092H309.917V892.68H320.861V895.092H316.775V906H314.003ZM322.779 906V892.32H325.515V897.828H325.605C325.713 897.636 325.869 897.42 326.073 897.18C326.289 896.94 326.571 896.73 326.919 896.55C327.279 896.37 327.735 896.28 328.287 896.28C329.031 896.28 329.637 896.454 330.105 896.802C330.573 897.138 330.915 897.576 331.131 898.116C331.347 898.644 331.455 899.202 331.455 899.79V906H328.719V900.258C328.719 899.802 328.593 899.4 328.341 899.052C328.101 898.704 327.711 898.53 327.171 898.53C326.763 898.53 326.439 898.626 326.199 898.818C325.959 899.01 325.785 899.256 325.677 899.556C325.569 899.856 325.515 900.174 325.515 900.51V906H322.779ZM334.902 895.272L337.242 892.032H339.402L341.742 895.272H339.6L338.322 893.4L337.044 895.272H334.902ZM338.322 906.18C337.254 906.18 336.348 905.952 335.604 905.496C334.86 905.028 334.29 904.422 333.894 903.678C333.51 902.922 333.318 902.106 333.318 901.23C333.318 900.354 333.51 899.544 333.894 898.8C334.29 898.044 334.86 897.438 335.604 896.982C336.348 896.514 337.254 896.28 338.322 896.28C339.39 896.28 340.296 896.514 341.04 896.982C341.784 897.438 342.348 898.044 342.732 898.8C343.128 899.544 343.326 900.354 343.326 901.23C343.326 902.106 343.128 902.922 342.732 903.678C342.348 904.422 341.784 905.028 341.04 905.496C340.296 905.952 339.39 906.18 338.322 906.18ZM338.322 903.948C338.802 903.948 339.21 903.822 339.546 903.57C339.882 903.318 340.134 902.988 340.302 902.58C340.482 902.16 340.572 901.71 340.572 901.23C340.572 900.738 340.482 900.288 340.302 899.88C340.134 899.472 339.882 899.142 339.546 898.89C339.21 898.638 338.802 898.512 338.322 898.512C337.842 898.512 337.434 898.638 337.098 898.89C336.762 899.142 336.504 899.472 336.324 899.88C336.156 900.288 336.072 900.738 336.072 901.23C336.072 901.71 336.156 902.16 336.324 902.58C336.504 902.988 336.762 903.318 337.098 903.57C337.434 903.822 337.842 903.948 338.322 903.948ZM345.187 906V896.46H347.923V897.828H348.013C348.121 897.636 348.277 897.42 348.481 897.18C348.697 896.94 348.979 896.73 349.327 896.55C349.687 896.37 350.143 896.28 350.695 896.28C351.439 896.28 352.045 896.454 352.513 896.802C352.981 897.138 353.323 897.576 353.539 898.116C353.755 898.644 353.863 899.202 353.863 899.79V906H351.127V900.258C351.127 899.802 351.001 899.4 350.749 899.052C350.509 898.704 350.119 898.53 349.579 898.53C349.171 898.53 348.847 898.626 348.607 898.818C348.367 899.01 348.193 899.256 348.085 899.556C347.977 899.856 347.923 900.174 347.923 900.51V906H345.187ZM360.735 909.816C359.847 909.816 359.115 909.708 358.539 909.492C357.975 909.276 357.525 909 357.189 908.664C356.853 908.34 356.607 908.016 356.451 907.692C356.295 907.368 356.193 907.092 356.145 906.864C356.109 906.648 356.091 906.54 356.091 906.54H358.755C358.755 906.54 358.773 906.594 358.809 906.702C358.857 906.822 358.947 906.954 359.079 907.098C359.211 907.254 359.403 907.386 359.655 907.494C359.919 907.614 360.267 907.674 360.699 907.674C361.443 907.674 361.989 907.464 362.337 907.044C362.697 906.624 362.877 906.072 362.877 905.388V904.38H362.751C362.631 904.572 362.451 904.782 362.211 905.01C361.971 905.238 361.665 905.43 361.293 905.586C360.921 905.742 360.471 905.82 359.943 905.82C359.235 905.82 358.617 905.688 358.089 905.424C357.561 905.148 357.117 904.782 356.757 904.326C356.409 903.87 356.145 903.36 355.965 902.796C355.797 902.232 355.713 901.65 355.713 901.05C355.713 900.462 355.797 899.886 355.965 899.322C356.145 898.746 356.409 898.23 356.757 897.774C357.117 897.318 357.561 896.958 358.089 896.694C358.617 896.418 359.235 896.28 359.943 896.28C360.471 896.28 360.921 896.364 361.293 896.532C361.665 896.688 361.971 896.88 362.211 897.108C362.463 897.324 362.643 897.534 362.751 897.738H362.877V896.46H365.613V905.388C365.613 906.18 365.439 906.912 365.091 907.584C364.743 908.256 364.209 908.796 363.489 909.204C362.769 909.612 361.851 909.816 360.735 909.816ZM360.699 903.66C361.203 903.66 361.617 903.534 361.941 903.282C362.277 903.03 362.529 902.706 362.697 902.31C362.865 901.902 362.949 901.482 362.949 901.05C362.949 900.606 362.865 900.186 362.697 899.79C362.529 899.394 362.277 899.07 361.941 898.818C361.617 898.566 361.203 898.44 360.699 898.44C360.207 898.44 359.793 898.566 359.457 898.818C359.133 899.07 358.887 899.394 358.719 899.79C358.551 900.186 358.467 900.606 358.467 901.05C358.467 901.482 358.551 901.902 358.719 902.31C358.887 902.706 359.133 903.03 359.457 903.282C359.793 903.534 360.207 903.66 360.699 903.66ZM376.299 906.18C375.555 906.18 374.961 906.072 374.517 905.856C374.073 905.628 373.737 905.346 373.509 905.01C373.281 904.662 373.131 904.296 373.059 903.912C372.987 903.528 372.951 903.174 372.951 902.85V898.638H371.331V896.46H372.951V894.102H375.687V896.46H377.721V898.638H375.687V902.778C375.687 903.174 375.789 903.48 375.993 903.696C376.209 903.912 376.563 904.02 377.055 904.02C377.271 904.02 377.469 904.002 377.649 903.966C377.829 903.93 377.919 903.912 377.919 903.912V906.018C377.919 906.018 377.757 906.042 377.433 906.09C377.109 906.15 376.731 906.18 376.299 906.18ZM381.365 895.164C380.885 895.164 380.495 895.014 380.195 894.714C379.895 894.402 379.745 894.036 379.745 893.616C379.745 893.172 379.895 892.8 380.195 892.5C380.495 892.188 380.885 892.032 381.365 892.032C381.821 892.032 382.205 892.188 382.517 892.5C382.829 892.8 382.985 893.172 382.985 893.616C382.985 894.036 382.829 894.402 382.517 894.714C382.205 895.014 381.821 895.164 381.365 895.164ZM379.997 906V896.46H382.733V906H379.997ZM385.071 906V896.46H387.807V897.828H387.897C388.005 897.636 388.161 897.42 388.365 897.18C388.581 896.94 388.863 896.73 389.211 896.55C389.571 896.37 390.027 896.28 390.579 896.28C391.323 896.28 391.929 896.454 392.397 896.802C392.865 897.138 393.207 897.576 393.423 898.116C393.639 898.644 393.747 899.202 393.747 899.79V906H391.011V900.258C391.011 899.802 390.885 899.4 390.633 899.052C390.393 898.704 390.003 898.53 389.463 898.53C389.055 898.53 388.731 898.626 388.491 898.818C388.251 899.01 388.077 899.256 387.969 899.556C387.861 899.856 387.807 900.174 387.807 900.51V906H385.071Z" fill="#A0A4AB"/>
<path d="M27.7102 567.99V565.455H39.6562V567.99H35.2031V580H32.1634V567.99H27.7102ZM42.3533 580H39.0579L44.0792 565.455H48.0423L53.0565 580H49.761L46.1175 568.778H46.0039L42.3533 580ZM42.1474 574.283H49.9315V576.683H42.1474V574.283ZM45.0096 564.048L42.8434 560.817H45.6346L47.1474 564.048H45.0096ZM57.8825 565.455V580H54.8072V565.455H57.8825ZM65.0415 580V565.455H68.1168V571.868H68.3086L73.543 565.455H77.229L71.8313 571.967L77.293 580H73.614L69.6296 574.02L68.1168 575.866V580H65.0415ZM78.8306 580V565.455H81.9059V571.456H88.1488V565.455H91.217V580H88.1488V573.991H81.9059V580H78.8306ZM107.119 572.727C107.119 574.313 106.818 575.663 106.217 576.776C105.62 577.888 104.806 578.738 103.774 579.325C102.746 579.908 101.591 580.199 100.308 580.199C99.0153 580.199 97.8552 579.905 96.8278 579.318C95.8003 578.731 94.9883 577.881 94.3917 576.768C93.7951 575.656 93.4968 574.309 93.4968 572.727C93.4968 571.141 93.7951 569.792 94.3917 568.679C94.9883 567.566 95.8003 566.719 96.8278 566.136C97.8552 565.549 99.0153 565.256 100.308 565.256C101.591 565.256 102.746 565.549 103.774 566.136C104.806 566.719 105.62 567.566 106.217 568.679C106.818 569.792 107.119 571.141 107.119 572.727ZM104.001 572.727C104.001 571.7 103.847 570.833 103.539 570.128C103.236 569.422 102.808 568.887 102.254 568.523C101.7 568.158 101.051 567.976 100.308 567.976C99.5645 567.976 98.9158 568.158 98.3619 568.523C97.8079 568.887 97.377 569.422 97.0692 570.128C96.7662 570.833 96.6147 571.7 96.6147 572.727C96.6147 573.755 96.7662 574.621 97.0692 575.327C97.377 576.032 97.8079 576.567 98.3619 576.932C98.9158 577.296 99.5645 577.479 100.308 577.479C101.051 577.479 101.7 577.296 102.254 576.932C102.808 576.567 103.236 576.032 103.539 575.327C103.847 574.621 104.001 573.755 104.001 572.727ZM111.084 580H107.788L112.81 565.455H116.773L121.787 580H118.491L114.848 568.778H114.734L111.084 580ZM110.878 574.283H118.662V576.683H110.878V574.283ZM115.906 563.892H113.662L113.506 562.614C114.008 562.59 114.365 562.524 114.578 562.415C114.791 562.301 114.895 562.152 114.891 561.967C114.895 561.712 114.76 561.539 114.486 561.449C114.216 561.359 113.877 561.314 113.47 561.314L113.548 559.943C114.813 559.943 115.774 560.114 116.432 560.455C117.095 560.795 117.424 561.269 117.419 561.875C117.424 562.306 117.268 562.633 116.95 562.855C116.638 563.073 116.29 563.21 115.906 563.267V563.892ZM135.704 565.455V580H133.048L126.719 570.845H126.613V580H123.538V565.455H126.237L132.515 574.602H132.643V565.455H135.704Z" fill="#9AA0B8"/>
<g clip-path="url(#clip1_45_311)">
<rect width="428" height="926" rx="25" fill="white"/>
<path d="M0 15C0 6.71576 6.71573 0 15 0H413C421.284 0 428 6.71573 428 15V1126H0V15Z" fill="#F5F9FF"/>
<path d="M92.06 786V776.76H89.57V773.04H92.06V763.8H100.43C102.25 763.8 103.84 764.12 105.2 764.76C106.56 765.38 107.69 766.22 108.59 767.28C109.51 768.34 110.19 769.53 110.63 770.85C111.09 772.17 111.32 773.52 111.32 774.9C111.32 776.28 111.09 777.63 110.63 778.95C110.19 780.27 109.51 781.46 108.59 782.52C107.69 783.58 106.56 784.43 105.2 785.07C103.84 785.69 102.25 786 100.43 786H92.06ZM100.85 776.76H96.68V781.89H100.22C101.68 781.89 102.89 781.55 103.85 780.87C104.81 780.19 105.52 779.31 105.98 778.23C106.44 777.15 106.67 776.03 106.67 774.87C106.67 773.71 106.44 772.6 105.98 771.54C105.52 770.46 104.81 769.58 103.85 768.9C102.89 768.2 101.68 767.85 100.22 767.85H96.68V773.04H100.85V776.76ZM122.485 768.09C121.365 768.09 120.455 767.92 119.755 767.58C119.075 767.22 118.545 766.79 118.165 766.29C117.805 765.77 117.545 765.25 117.385 764.73C117.225 764.21 117.125 763.78 117.085 763.44C117.065 763.08 117.055 762.9 117.055 762.9H120.055C120.055 762.9 120.065 763.03 120.085 763.29C120.125 763.55 120.215 763.85 120.355 764.19C120.515 764.51 120.755 764.8 121.075 765.06C121.415 765.3 121.885 765.42 122.485 765.42C123.085 765.42 123.545 765.3 123.865 765.06C124.205 764.8 124.445 764.51 124.585 764.19C124.725 763.85 124.805 763.55 124.825 763.29C124.865 763.03 124.885 762.9 124.885 762.9H127.885C127.885 762.9 127.875 763.08 127.855 763.44C127.835 763.78 127.745 764.21 127.585 764.73C127.425 765.25 127.155 765.77 126.775 766.29C126.395 766.79 125.855 767.22 125.155 767.58C124.475 767.92 123.585 768.09 122.485 768.09ZM121.105 769.8C122.125 769.8 122.965 769.97 123.625 770.31C124.285 770.63 124.785 770.98 125.125 771.36C125.485 771.74 125.705 772 125.785 772.14H126.025V770.1H130.585V786H126.025V783.96H125.785C125.705 784.1 125.485 784.36 125.125 784.74C124.785 785.12 124.285 785.48 123.625 785.82C122.965 786.14 122.125 786.3 121.105 786.3C119.925 786.3 118.895 786.07 118.015 785.61C117.155 785.13 116.435 784.5 115.855 783.72C115.275 782.92 114.835 782.03 114.535 781.05C114.255 780.07 114.115 779.07 114.115 778.05C114.115 777.03 114.255 776.03 114.535 775.05C114.835 774.07 115.275 773.19 115.855 772.41C116.435 771.61 117.155 770.98 118.015 770.52C118.895 770.04 119.925 769.8 121.105 769.8ZM122.425 773.49C121.605 773.49 120.915 773.72 120.355 774.18C119.815 774.62 119.405 775.19 119.125 775.89C118.865 776.59 118.735 777.31 118.735 778.05C118.735 778.79 118.865 779.51 119.125 780.21C119.405 780.91 119.815 781.49 120.355 781.95C120.915 782.39 121.605 782.61 122.425 782.61C123.245 782.61 123.925 782.39 124.465 781.95C125.025 781.49 125.435 780.91 125.695 780.21C125.975 779.51 126.115 778.79 126.115 778.05C126.115 777.31 125.975 776.59 125.695 775.89C125.435 775.19 125.025 774.62 124.465 774.18C123.925 773.72 123.245 773.49 122.425 773.49ZM134.246 786V770.1H138.806V772.38H138.956C139.136 772.06 139.396 771.7 139.736 771.3C140.096 770.9 140.566 770.55 141.146 770.25C141.746 769.95 142.506 769.8 143.426 769.8C144.666 769.8 145.676 770.09 146.456 770.67C147.236 771.23 147.806 771.96 148.166 772.86C148.526 773.74 148.706 774.67 148.706 775.65V786H144.146V776.43C144.146 775.67 143.936 775 143.516 774.42C143.116 773.84 142.466 773.55 141.566 773.55C140.886 773.55 140.346 773.71 139.946 774.03C139.546 774.35 139.256 774.76 139.076 775.26C138.896 775.76 138.806 776.29 138.806 776.85V786H134.246ZM160.16 792.36C158.68 792.36 157.46 792.18 156.5 791.82C155.56 791.46 154.81 791 154.25 790.44C153.69 789.9 153.28 789.36 153.02 788.82C152.76 788.28 152.59 787.82 152.51 787.44C152.45 787.08 152.42 786.9 152.42 786.9H156.86C156.86 786.9 156.89 786.99 156.95 787.17C157.03 787.37 157.18 787.59 157.4 787.83C157.62 788.09 157.94 788.31 158.36 788.49C158.8 788.69 159.38 788.79 160.1 788.79C161.34 788.79 162.25 788.44 162.83 787.74C163.43 787.04 163.73 786.12 163.73 784.98V783.3H163.52C163.32 783.62 163.02 783.97 162.62 784.35C162.22 784.73 161.71 785.05 161.09 785.31C160.47 785.57 159.72 785.7 158.84 785.7C157.66 785.7 156.63 785.48 155.75 785.04C154.87 784.58 154.13 783.97 153.53 783.21C152.95 782.45 152.51 781.6 152.21 780.66C151.93 779.72 151.79 778.75 151.79 777.75C151.79 776.77 151.93 775.81 152.21 774.87C152.51 773.91 152.95 773.05 153.53 772.29C154.13 771.53 154.87 770.93 155.75 770.49C156.63 770.03 157.66 769.8 158.84 769.8C159.72 769.8 160.47 769.94 161.09 770.22C161.71 770.48 162.22 770.8 162.62 771.18C163.04 771.54 163.34 771.89 163.52 772.23H163.73V770.1H168.29V784.98C168.29 786.3 168 787.52 167.42 788.64C166.84 789.76 165.95 790.66 164.75 791.34C163.55 792.02 162.02 792.36 160.16 792.36ZM160.1 782.1C160.94 782.1 161.63 781.89 162.17 781.47C162.73 781.05 163.15 780.51 163.43 779.85C163.71 779.17 163.85 778.47 163.85 777.75C163.85 777.01 163.71 776.31 163.43 775.65C163.15 774.99 162.73 774.45 162.17 774.03C161.63 773.61 160.94 773.4 160.1 773.4C159.28 773.4 158.59 773.61 158.03 774.03C157.49 774.45 157.08 774.99 156.8 775.65C156.52 776.31 156.38 777.01 156.38 777.75C156.38 778.47 156.52 779.17 156.8 779.85C157.08 780.51 157.49 781.05 158.03 781.47C158.59 781.89 159.28 782.1 160.1 782.1ZM178.149 786L182.979 778.08L178.149 770.1H182.889L186.039 775.35L189.249 770.1H193.989L188.979 778.08L193.959 786H189.249L186.039 780.75L182.919 786H178.149ZM201.891 786.3C200.771 786.3 199.841 786.06 199.101 785.58C198.381 785.1 197.841 784.46 197.481 783.66C197.121 782.84 196.941 781.92 196.941 780.9V770.1H201.471V780C201.471 780.76 201.671 781.38 202.071 781.86C202.471 782.32 203.061 782.55 203.841 782.55C204.501 782.55 205.021 782.39 205.401 782.07C205.801 781.75 206.091 781.34 206.271 780.84C206.451 780.34 206.541 779.81 206.541 779.25V770.1H211.101V786H206.541V783.75H206.361C206.021 784.37 205.491 784.95 204.771 785.49C204.071 786.03 203.111 786.3 201.891 786.3ZM229.998 764.25L226.608 764.22L229.038 758.85H233.268L229.998 764.25ZM217.098 768.12L220.968 763.5H224.598L228.468 768.12H224.898L222.798 765.57L220.668 768.12H217.098ZM221.418 769.8C222.438 769.8 223.278 769.97 223.938 770.31C224.598 770.63 225.098 770.98 225.438 771.36C225.798 771.74 226.018 772 226.098 772.14H226.338V770.1H230.898V786H226.338V783.96H226.098C226.018 784.1 225.798 784.36 225.438 784.74C225.098 785.12 224.598 785.48 223.938 785.82C223.278 786.14 222.438 786.3 221.418 786.3C220.238 786.3 219.208 786.07 218.328 785.61C217.468 785.13 216.748 784.5 216.168 783.72C215.588 782.92 215.148 782.03 214.848 781.05C214.568 780.07 214.428 779.07 214.428 778.05C214.428 777.03 214.568 776.03 214.848 775.05C215.148 774.07 215.588 773.19 216.168 772.41C216.748 771.61 217.468 770.98 218.328 770.52C219.208 770.04 220.238 769.8 221.418 769.8ZM222.738 773.49C221.918 773.49 221.228 773.72 220.668 774.18C220.128 774.62 219.718 775.19 219.438 775.89C219.178 776.59 219.048 777.31 219.048 778.05C219.048 778.79 219.178 779.51 219.438 780.21C219.718 780.91 220.128 781.49 220.668 781.95C221.228 782.39 221.918 782.61 222.738 782.61C223.558 782.61 224.238 782.39 224.778 781.95C225.338 781.49 225.748 780.91 226.008 780.21C226.288 779.51 226.428 778.79 226.428 778.05C226.428 777.31 226.288 776.59 226.008 775.89C225.748 775.19 225.338 774.62 224.778 774.18C224.238 773.72 223.558 773.49 222.738 773.49ZM241.646 786.3C240.406 786.3 239.416 786.12 238.676 785.76C237.936 785.38 237.376 784.91 236.996 784.35C236.616 783.77 236.366 783.16 236.246 782.52C236.126 781.88 236.066 781.29 236.066 780.75V773.73H233.366V770.1H236.066V766.17H240.626V770.1H244.016V773.73H240.626V780.63C240.626 781.29 240.796 781.8 241.136 782.16C241.496 782.52 242.086 782.7 242.906 782.7C243.266 782.7 243.596 782.67 243.896 782.61C244.196 782.55 244.346 782.52 244.346 782.52V786.03C244.346 786.03 244.076 786.07 243.536 786.15C242.996 786.25 242.366 786.3 241.646 786.3Z" fill="#1A1A2E"/>
<path d="M91.4806 715.911V693.711H96.1006V702.561H104.741V693.711H109.361V715.911H104.741V706.581H96.1006V715.911H91.4806ZM123.237 692.331C122.697 692.331 122.227 692.241 121.827 692.061C121.447 691.861 121.107 691.641 120.807 691.401C120.527 691.141 120.257 690.921 119.997 690.741C119.737 690.561 119.477 690.471 119.217 690.471C118.897 690.471 118.667 690.621 118.527 690.921C118.407 691.201 118.347 691.611 118.347 692.151H115.917C115.917 691.471 115.997 690.801 116.157 690.141C116.317 689.461 116.607 688.891 117.027 688.431C117.467 687.971 118.107 687.741 118.947 687.741C119.487 687.741 119.957 687.831 120.357 688.011C120.757 688.191 121.107 688.401 121.407 688.641C121.707 688.881 121.977 689.101 122.217 689.301C122.477 689.481 122.737 689.571 122.997 689.571C123.537 689.571 123.807 689.011 123.807 687.891H126.267C126.267 688.551 126.187 689.221 126.027 689.901C125.867 690.581 125.567 691.161 125.127 691.641C124.707 692.101 124.077 692.331 123.237 692.331ZM115.377 698.031L119.277 693.411H122.877L126.777 698.031H123.207L121.077 695.451L118.947 698.031H115.377ZM121.107 716.211C119.327 716.211 117.817 715.831 116.577 715.071C115.337 714.291 114.387 713.281 113.727 712.041C113.087 710.781 112.767 709.421 112.767 707.961C112.767 706.501 113.087 705.151 113.727 703.911C114.387 702.651 115.337 701.641 116.577 700.881C117.817 700.101 119.327 699.711 121.107 699.711C122.887 699.711 124.397 700.101 125.637 700.881C126.877 701.641 127.817 702.651 128.457 703.911C129.117 705.151 129.447 706.501 129.447 707.961C129.447 709.421 129.117 710.781 128.457 712.041C127.817 713.281 126.877 714.291 125.637 715.071C124.397 715.831 122.887 716.211 121.107 716.211ZM121.107 712.491C121.907 712.491 122.587 712.281 123.147 711.861C123.707 711.441 124.127 710.891 124.407 710.211C124.707 709.511 124.857 708.761 124.857 707.961C124.857 707.141 124.707 706.391 124.407 705.711C124.127 705.031 123.707 704.481 123.147 704.061C122.587 703.641 121.907 703.431 121.107 703.431C120.307 703.431 119.627 703.641 119.067 704.061C118.507 704.481 118.077 705.031 117.777 705.711C117.497 706.391 117.357 707.141 117.357 707.961C117.357 708.761 117.497 709.511 117.777 710.211C118.077 710.891 118.507 711.441 119.067 711.861C119.627 712.281 120.307 712.491 121.107 712.491ZM147.048 716.211C145.808 716.211 144.818 716.031 144.078 715.671C143.338 715.291 142.778 714.821 142.398 714.261C142.018 713.681 141.768 713.071 141.648 712.431C141.528 711.791 141.468 711.201 141.468 710.661V703.641H138.768V700.011H141.468V696.081H146.028V700.011H149.418V703.641H146.028V710.541C146.028 711.201 146.198 711.711 146.538 712.071C146.898 712.431 147.488 712.611 148.308 712.611C148.668 712.611 148.998 712.581 149.298 712.521C149.598 712.461 149.748 712.431 149.748 712.431V715.941C149.748 715.941 149.478 715.981 148.938 716.061C148.398 716.161 147.768 716.211 147.048 716.211ZM152.792 715.911V700.011H157.322V702.321H157.472C157.652 701.901 157.902 701.491 158.222 701.091C158.542 700.691 158.982 700.361 159.542 700.101C160.102 699.841 160.822 699.711 161.702 699.711C162.142 699.711 162.492 699.741 162.752 699.801C163.012 699.841 163.142 699.861 163.142 699.861V704.361C163.142 704.361 162.992 704.331 162.692 704.271C162.412 704.211 162.042 704.181 161.582 704.181C160.162 704.181 159.102 704.571 158.402 705.351C157.702 706.111 157.352 707.361 157.352 709.101V715.911H152.792ZM173.109 716.211C171.329 716.211 169.819 715.831 168.579 715.071C167.339 714.291 166.389 713.281 165.729 712.041C165.089 710.781 164.769 709.421 164.769 707.961C164.769 706.501 165.089 705.151 165.729 703.911C166.389 702.651 167.339 701.641 168.579 700.881C169.819 700.101 171.329 699.711 173.109 699.711H176.919C177.719 699.711 178.119 699.311 178.119 698.511V696.381H181.749V698.661C181.749 699.621 181.519 700.391 181.059 700.971C180.619 701.551 179.959 701.891 179.079 701.991C179.839 702.751 180.419 703.651 180.819 704.691C181.239 705.731 181.449 706.821 181.449 707.961C181.449 709.421 181.119 710.781 180.459 712.041C179.819 713.281 178.879 714.291 177.639 715.071C176.399 715.831 174.889 716.211 173.109 716.211ZM173.109 712.491C173.909 712.491 174.589 712.281 175.149 711.861C175.709 711.441 176.129 710.891 176.409 710.211C176.709 709.511 176.859 708.761 176.859 707.961C176.859 707.141 176.709 706.391 176.409 705.711C176.129 705.031 175.709 704.481 175.149 704.061C174.589 703.641 173.909 703.431 173.109 703.431C172.309 703.431 171.629 703.641 171.069 704.061C170.509 704.481 170.079 705.031 169.779 705.711C169.499 706.391 169.359 707.141 169.359 707.961C169.359 708.761 169.499 709.511 169.779 710.211C170.079 710.891 170.509 711.441 171.069 711.861C171.629 712.281 172.309 712.491 173.109 712.491ZM174.129 723.321C173.429 723.321 172.859 723.081 172.419 722.601C171.979 722.141 171.759 721.581 171.759 720.921C171.759 720.261 171.979 719.701 172.419 719.241C172.859 718.781 173.429 718.551 174.129 718.551C174.809 718.551 175.369 718.781 175.809 719.241C176.269 719.701 176.499 720.261 176.499 720.921C176.499 721.581 176.269 722.141 175.809 722.601C175.369 723.081 174.809 723.321 174.129 723.321ZM190.92 721.341L201.36 691.041H205.47L195.03 721.341H190.92ZM215.084 715.911V693.711H224.234C226.054 693.711 227.564 694.071 228.764 694.791C229.984 695.511 230.894 696.441 231.494 697.581C232.114 698.701 232.424 699.871 232.424 701.091C232.424 702.351 232.114 703.551 231.494 704.691C230.894 705.811 229.984 706.731 228.764 707.451C227.564 708.171 226.054 708.531 224.234 708.531H219.704V715.911H215.084ZM224.234 697.761H219.704V704.511H224.234C225.014 704.511 225.664 704.351 226.184 704.031C226.704 703.691 227.094 703.271 227.354 702.771C227.634 702.251 227.774 701.701 227.774 701.121C227.774 700.561 227.634 700.021 227.354 699.501C227.094 698.981 226.704 698.561 226.184 698.241C225.664 697.921 225.014 697.761 224.234 697.761ZM235.445 715.911V693.111H240.005V702.291H240.155C240.335 701.971 240.595 701.611 240.935 701.211C241.295 700.811 241.765 700.461 242.345 700.161C242.945 699.861 243.705 699.711 244.625 699.711C245.865 699.711 246.875 700.001 247.655 700.581C248.435 701.141 249.005 701.871 249.365 702.771C249.725 703.651 249.905 704.581 249.905 705.561V715.911H245.345V706.341C245.345 705.581 245.135 704.911 244.715 704.331C244.315 703.751 243.665 703.461 242.765 703.461C242.085 703.461 241.545 703.621 241.145 703.941C240.745 704.261 240.455 704.671 240.275 705.171C240.095 705.671 240.005 706.201 240.005 706.761V715.911H235.445ZM260.152 698.151V697.161C260.152 696.901 260.202 696.661 260.302 696.441C260.422 696.201 260.622 696.021 260.902 695.901L261.352 695.661C261.772 695.441 262.092 695.231 262.312 695.031C262.532 694.811 262.642 694.551 262.642 694.251C262.642 693.991 262.542 693.761 262.342 693.561C262.162 693.361 261.892 693.261 261.532 693.261C261.172 693.261 260.902 693.351 260.722 693.531C260.562 693.711 260.462 693.901 260.422 694.101C260.382 694.301 260.362 694.421 260.362 694.461H257.752C257.732 693.921 257.842 693.391 258.082 692.871C258.342 692.331 258.752 691.881 259.312 691.521C259.872 691.161 260.602 690.981 261.502 690.981C262.702 690.981 263.652 691.301 264.352 691.941C265.052 692.561 265.402 693.291 265.402 694.131C265.402 694.851 265.162 695.461 264.682 695.961C264.222 696.441 263.632 696.861 262.912 697.221L262.762 697.311V698.151H260.152ZM260.062 699.711C261.082 699.711 261.922 699.881 262.582 700.221C263.242 700.541 263.742 700.891 264.082 701.271C264.442 701.651 264.662 701.911 264.742 702.051H264.982V700.011H269.542V715.911H264.982V713.871H264.742C264.662 714.011 264.442 714.271 264.082 714.651C263.742 715.031 263.242 715.391 262.582 715.731C261.922 716.051 261.082 716.211 260.062 716.211C258.882 716.211 257.852 715.981 256.972 715.521C256.112 715.041 255.392 714.411 254.812 713.631C254.232 712.831 253.792 711.941 253.492 710.961C253.212 709.981 253.072 708.981 253.072 707.961C253.072 706.941 253.212 705.941 253.492 704.961C253.792 703.981 254.232 703.101 254.812 702.321C255.392 701.521 256.112 700.891 256.972 700.431C257.852 699.951 258.882 699.711 260.062 699.711ZM261.382 703.401C260.562 703.401 259.872 703.631 259.312 704.091C258.772 704.531 258.362 705.101 258.082 705.801C257.822 706.501 257.692 707.221 257.692 707.961C257.692 708.701 257.822 709.421 258.082 710.121C258.362 710.821 258.772 711.401 259.312 711.861C259.872 712.301 260.562 712.521 261.382 712.521C262.202 712.521 262.882 712.301 263.422 711.861C263.982 711.401 264.392 710.821 264.652 710.121C264.932 709.421 265.072 708.701 265.072 707.961C265.072 707.221 264.932 706.501 264.652 705.801C264.392 705.101 263.982 704.531 263.422 704.091C262.882 703.631 262.202 703.401 261.382 703.401ZM273.202 715.911V700.011H277.762V702.291H277.912C278.092 701.971 278.352 701.611 278.692 701.211C279.052 700.811 279.522 700.461 280.102 700.161C280.702 699.861 281.462 699.711 282.382 699.711C283.622 699.711 284.632 700.001 285.412 700.581C286.192 701.141 286.762 701.871 287.122 702.771C287.482 703.651 287.662 704.581 287.662 705.561V715.911H283.102V706.341C283.102 705.581 282.892 704.911 282.472 704.331C282.072 703.751 281.422 703.461 280.522 703.461C279.842 703.461 279.302 703.621 278.902 703.941C278.502 704.261 278.212 704.671 278.032 705.171C277.852 705.671 277.762 706.201 277.762 706.761V715.911H273.202ZM298.346 715.911V693.111H302.906V702.291H303.056C303.236 701.971 303.496 701.611 303.836 701.211C304.196 700.811 304.666 700.461 305.246 700.161C305.846 699.861 306.606 699.711 307.526 699.711C308.766 699.711 309.776 700.001 310.556 700.581C311.336 701.141 311.906 701.871 312.266 702.771C312.626 703.651 312.806 704.581 312.806 705.561V715.911H308.246V706.341C308.246 705.581 308.036 704.911 307.616 704.331C307.216 703.751 306.566 703.461 305.666 703.461C304.986 703.461 304.446 703.621 304.046 703.941C303.646 704.261 303.356 704.671 303.176 705.171C302.996 705.671 302.906 706.201 302.906 706.761V715.911H298.346ZM328.752 694.161L325.452 688.731H329.682L332.112 694.131L328.752 694.161ZM318.552 698.031L322.452 693.411H326.052L329.952 698.031H326.382L324.252 695.451L322.122 698.031H318.552ZM324.252 716.211C322.472 716.211 320.962 715.831 319.722 715.071C318.482 714.291 317.532 713.281 316.872 712.041C316.232 710.781 315.912 709.421 315.912 707.961C315.912 706.501 316.232 705.151 316.872 703.911C317.532 702.651 318.482 701.641 319.722 700.881C320.962 700.101 322.472 699.711 324.252 699.711C326.032 699.711 327.542 700.101 328.782 700.881C330.022 701.641 330.962 702.651 331.602 703.911C332.262 705.151 332.592 706.501 332.592 707.961C332.592 709.421 332.262 710.781 331.602 712.041C330.962 713.281 330.022 714.291 328.782 715.071C327.542 715.831 326.032 716.211 324.252 716.211ZM324.252 712.491C325.052 712.491 325.732 712.281 326.292 711.861C326.852 711.441 327.272 710.891 327.552 710.211C327.852 709.511 328.002 708.761 328.002 707.961C328.002 707.141 327.852 706.391 327.552 705.711C327.272 705.031 326.852 704.481 326.292 704.061C325.732 703.641 325.052 703.431 324.252 703.431C323.452 703.431 322.772 703.641 322.212 704.061C321.652 704.481 321.222 705.031 320.922 705.711C320.642 706.391 320.502 707.141 320.502 707.961C320.502 708.761 320.642 709.511 320.922 710.211C321.222 710.891 321.652 711.441 322.212 711.861C322.772 712.281 323.452 712.491 324.252 712.491ZM338.568 697.851C337.768 697.851 337.118 697.601 336.618 697.101C336.118 696.581 335.868 695.971 335.868 695.271C335.868 694.531 336.118 693.911 336.618 693.411C337.118 692.891 337.768 692.631 338.568 692.631C339.328 692.631 339.968 692.891 340.488 693.411C341.008 693.911 341.268 694.531 341.268 695.271C341.268 695.971 341.008 696.581 340.488 697.101C339.968 697.601 339.328 697.851 338.568 697.851ZM336.288 715.911V700.011H340.848V715.911H336.288Z" fill="#1A1A2E"/>
<path d="M428 822H0V926H428V822Z" fill="white"/>
<path d="M44 855L64 840L84 855V875C84 876.833 82.5 878.333 80.6667 878.333H47.3333C45.5 878.333 44 876.833 44 875V855Z" stroke="#A0A4AB" stroke-width="2" stroke-linecap="round" stroke-linejoin="round"/>
<path d="M59 878.333V865H69V878.333" stroke="#A0A4AB" stroke-width="2" stroke-linecap="round"/>
<path d="M27.1034 906V895.092H23.0174V892.68H33.9614V895.092H29.8754V906H27.1034ZM34.7676 906V896.46H37.4856V897.846H37.5756C37.6836 897.594 37.8336 897.348 38.0256 897.108C38.2176 896.868 38.4816 896.67 38.8176 896.514C39.1536 896.358 39.5856 896.28 40.1136 896.28C40.3776 896.28 40.5876 896.298 40.7436 896.334C40.8996 896.358 40.9776 896.37 40.9776 896.37V899.07C40.9776 899.07 40.8876 899.052 40.7076 899.016C40.5396 898.98 40.3176 898.962 40.0416 898.962C39.1896 898.962 38.5536 899.196 38.1336 899.664C37.7136 900.12 37.5036 900.87 37.5036 901.914V906H34.7676ZM46.1481 896.28C46.7601 896.28 47.2641 896.382 47.6601 896.586C48.0561 896.778 48.3561 896.988 48.5601 897.216C48.7761 897.444 48.9081 897.6 48.9561 897.684H49.1001V896.46H51.8361V906H49.1001V904.776H48.9561C48.9081 904.86 48.7761 905.016 48.5601 905.244C48.3561 905.472 48.0561 905.688 47.6601 905.892C47.2641 906.084 46.7601 906.18 46.1481 906.18C45.4401 906.18 44.8221 906.042 44.2941 905.766C43.7781 905.478 43.3461 905.1 42.9981 904.632C42.6501 904.152 42.3861 903.618 42.2061 903.03C42.0381 902.442 41.9541 901.842 41.9541 901.23C41.9541 900.618 42.0381 900.018 42.2061 899.43C42.3861 898.842 42.6501 898.314 42.9981 897.846C43.3461 897.366 43.7781 896.988 44.2941 896.712C44.8221 896.424 45.4401 896.28 46.1481 896.28ZM46.9401 898.494C46.4481 898.494 46.0341 898.632 45.6981 898.908C45.3741 899.172 45.1281 899.514 44.9601 899.934C44.8041 900.354 44.7261 900.786 44.7261 901.23C44.7261 901.674 44.8041 902.106 44.9601 902.526C45.1281 902.946 45.3741 903.294 45.6981 903.57C46.0341 903.834 46.4481 903.966 46.9401 903.966C47.4321 903.966 47.8401 903.834 48.1641 903.57C48.5001 903.294 48.7461 902.946 48.9021 902.526C49.0701 902.106 49.1541 901.674 49.1541 901.23C49.1541 900.786 49.0701 900.354 48.9021 899.934C48.7461 899.514 48.5001 899.172 48.1641 898.908C47.8401 898.632 47.4321 898.494 46.9401 898.494ZM53.9805 906V896.46H56.7165V897.828H56.8065C56.9145 897.636 57.0705 897.42 57.2745 897.18C57.4905 896.94 57.7725 896.73 58.1205 896.55C58.4805 896.37 58.9365 896.28 59.4885 896.28C60.2325 896.28 60.8385 896.454 61.3065 896.802C61.7745 897.138 62.1165 897.576 62.3325 898.116C62.5485 898.644 62.6565 899.202 62.6565 899.79V906H59.9205V900.258C59.9205 899.802 59.7945 899.4 59.5425 899.052C59.3025 898.704 58.9125 898.53 58.3725 898.53C57.9645 898.53 57.6405 898.626 57.4005 898.818C57.1605 899.01 56.9865 899.256 56.8785 899.556C56.7705 899.856 56.7165 900.174 56.7165 900.51V906H53.9805ZM69.5289 909.816C68.6409 909.816 67.9089 909.708 67.3329 909.492C66.7689 909.276 66.3189 909 65.9829 908.664C65.6469 908.34 65.4009 908.016 65.2449 907.692C65.0889 907.368 64.9869 907.092 64.9389 906.864C64.9029 906.648 64.8849 906.54 64.8849 906.54H67.5489C67.5489 906.54 67.5669 906.594 67.6029 906.702C67.6509 906.822 67.7409 906.954 67.8729 907.098C68.0049 907.254 68.1969 907.386 68.4489 907.494C68.7129 907.614 69.0609 907.674 69.4929 907.674C70.2369 907.674 70.7829 907.464 71.1309 907.044C71.4909 906.624 71.6709 906.072 71.6709 905.388V904.38H71.5449C71.4249 904.572 71.2449 904.782 71.0049 905.01C70.7649 905.238 70.4589 905.43 70.0869 905.586C69.7149 905.742 69.2649 905.82 68.7369 905.82C68.0289 905.82 67.4109 905.688 66.8829 905.424C66.3549 905.148 65.9109 904.782 65.5509 904.326C65.2029 903.87 64.9389 903.36 64.7589 902.796C64.5909 902.232 64.5069 901.65 64.5069 901.05C64.5069 900.462 64.5909 899.886 64.7589 899.322C64.9389 898.746 65.2029 898.23 65.5509 897.774C65.9109 897.318 66.3549 896.958 66.8829 896.694C67.4109 896.418 68.0289 896.28 68.7369 896.28C69.2649 896.28 69.7149 896.364 70.0869 896.532C70.4589 896.688 70.7649 896.88 71.0049 897.108C71.2569 897.324 71.4369 897.534 71.5449 897.738H71.6709V896.46H74.4069V905.388C74.4069 906.18 74.2329 906.912 73.8849 907.584C73.5369 908.256 73.0029 908.796 72.2829 909.204C71.5629 909.612 70.6449 909.816 69.5289 909.816ZM69.4929 903.66C69.9969 903.66 70.4109 903.534 70.7349 903.282C71.0709 903.03 71.3229 902.706 71.4909 902.31C71.6589 901.902 71.7429 901.482 71.7429 901.05C71.7429 900.606 71.6589 900.186 71.4909 899.79C71.3229 899.394 71.0709 899.07 70.7349 898.818C70.4109 898.566 69.9969 898.44 69.4929 898.44C69.0009 898.44 68.5869 898.566 68.2509 898.818C67.9269 899.07 67.6809 899.394 67.5129 899.79C67.3449 900.186 67.2609 900.606 67.2609 901.05C67.2609 901.482 67.3449 901.902 67.5129 902.31C67.6809 902.706 67.9269 903.03 68.2509 903.282C68.5869 903.534 69.0009 903.66 69.4929 903.66ZM85.4885 906.18C84.6485 906.18 83.9165 906.042 83.2925 905.766C82.6685 905.478 82.1525 905.1 81.7445 904.632C81.3365 904.164 81.0305 903.636 80.8265 903.048C80.6225 902.448 80.5205 901.842 80.5205 901.23C80.5205 900.618 80.6225 900.018 80.8265 899.43C81.0305 898.842 81.3365 898.314 81.7445 897.846C82.1525 897.366 82.6685 896.988 83.2925 896.712C83.9165 896.424 84.6485 896.28 85.4885 896.28C86.3405 896.28 87.0425 896.406 87.5945 896.658C88.1465 896.898 88.5845 897.204 88.9085 897.576C89.2445 897.936 89.4905 898.302 89.6465 898.674C89.8025 899.034 89.8985 899.34 89.9345 899.592C89.9825 899.832 90.0065 899.952 90.0065 899.952H87.4505C87.4505 899.952 87.4265 899.88 87.3785 899.736C87.3425 899.58 87.2585 899.406 87.1265 899.214C87.0065 899.01 86.8205 898.836 86.5685 898.692C86.3165 898.536 85.9805 898.458 85.5605 898.458C85.0445 898.458 84.6125 898.59 84.2645 898.854C83.9285 899.106 83.6765 899.442 83.5085 899.862C83.3405 900.282 83.2565 900.738 83.2565 901.23C83.2565 901.722 83.3405 902.178 83.5085 902.598C83.6765 903.018 83.9285 903.36 84.2645 903.624C84.6125 903.876 85.0445 904.002 85.5605 904.002C85.9805 904.002 86.3165 903.93 86.5685 903.786C86.8205 903.63 87.0065 903.456 87.1265 903.264C87.2585 903.06 87.3425 902.886 87.3785 902.742C87.4265 902.586 87.4505 902.508 87.4505 902.508H90.0065C90.0065 902.508 89.9825 902.634 89.9345 902.886C89.8985 903.126 89.8025 903.432 89.6465 903.804C89.4905 904.164 89.2445 904.53 88.9085 904.902C88.5845 905.262 88.1465 905.568 87.5945 905.82C87.0425 906.06 86.3405 906.18 85.4885 906.18ZM92.1469 906V892.32H94.8829V897.828H94.9729C95.0809 897.636 95.2369 897.42 95.4409 897.18C95.6569 896.94 95.9389 896.73 96.2869 896.55C96.6469 896.37 97.1029 896.28 97.6549 896.28C98.3989 896.28 99.0049 896.454 99.4729 896.802C99.9409 897.138 100.283 897.576 100.499 898.116C100.715 898.644 100.823 899.202 100.823 899.79V906H98.0869V900.258C98.0869 899.802 97.9609 899.4 97.7089 899.052C97.4689 898.704 97.0789 898.53 96.5389 898.53C96.1309 898.53 95.8069 898.626 95.5669 898.818C95.3269 899.01 95.1529 899.256 95.0449 899.556C94.9369 899.856 94.8829 900.174 94.8829 900.51V906H92.1469ZM106.536 895.344V894.75C106.536 894.594 106.566 894.45 106.626 894.318C106.698 894.174 106.818 894.066 106.986 893.994L107.256 893.85C107.508 893.718 107.7 893.592 107.832 893.472C107.964 893.34 108.03 893.184 108.03 893.004C108.03 892.848 107.97 892.71 107.85 892.59C107.742 892.47 107.58 892.41 107.364 892.41C107.148 892.41 106.986 892.464 106.878 892.572C106.782 892.68 106.722 892.794 106.698 892.914C106.674 893.034 106.662 893.106 106.662 893.13H105.096C105.096 892.806 105.168 892.488 105.312 892.176C105.468 891.852 105.708 891.582 106.032 891.366C106.368 891.15 106.806 891.042 107.346 891.042C108.066 891.042 108.636 891.234 109.056 891.618C109.488 891.99 109.704 892.428 109.704 892.932C109.704 893.364 109.56 893.73 109.272 894.03C108.996 894.318 108.636 894.57 108.192 894.786L108.102 894.84V895.344H106.536ZM106.05 906.18C105.378 906.18 104.82 906.036 104.376 905.748C103.944 905.46 103.62 905.076 103.404 904.596C103.188 904.104 103.08 903.552 103.08 902.94V896.46H105.798V902.4C105.798 902.856 105.918 903.228 106.158 903.516C106.41 903.792 106.764 903.93 107.22 903.93C107.616 903.93 107.928 903.834 108.156 903.642C108.396 903.45 108.57 903.204 108.678 902.904C108.786 902.604 108.84 902.286 108.84 901.95V896.46H111.576V906H108.84V904.65H108.732C108.528 905.022 108.21 905.37 107.778 905.694C107.358 906.018 106.782 906.18 106.05 906.18Z" fill="#A0A4AB"/>
<path d="M207.333 851H197.333C195.492 851 194 852.492 194 854.333V871C194 872.841 195.492 874.333 197.333 874.333H207.333C209.174 874.333 210.667 872.841 210.667 871V854.333C210.667 852.492 209.174 851 207.333 851Z" stroke="#A0A4AB" stroke-width="2"/>
<path d="M230.667 851H220.667C218.826 851 217.333 852.492 217.333 854.333V871C217.333 872.841 218.826 874.333 220.667 874.333H230.667C232.508 874.333 234 872.841 234 871V854.333C234 852.492 232.508 851 230.667 851Z" stroke="#A0A4AB" stroke-width="2"/>
<path d="M166.671 901V887.68H169.443V892.99H174.627V887.68H177.399V901H174.627V895.402H169.443V901H166.671ZM184.447 901.18C183.379 901.18 182.473 900.952 181.729 900.496C180.985 900.028 180.415 899.422 180.019 898.678C179.635 897.922 179.443 897.106 179.443 896.23C179.443 895.354 179.635 894.544 180.019 893.8C180.415 893.044 180.985 892.438 181.729 891.982C182.473 891.514 183.379 891.28 184.447 891.28C185.515 891.28 186.421 891.514 187.165 891.982C187.909 892.438 188.473 893.044 188.857 893.8C189.253 894.544 189.451 895.354 189.451 896.23C189.451 897.106 189.253 897.922 188.857 898.678C188.473 899.422 187.909 900.028 187.165 900.496C186.421 900.952 185.515 901.18 184.447 901.18ZM184.447 898.948C184.927 898.948 185.335 898.822 185.671 898.57C186.007 898.318 186.259 897.988 186.427 897.58C186.607 897.16 186.697 896.71 186.697 896.23C186.697 895.738 186.607 895.288 186.427 894.88C186.259 894.472 186.007 894.142 185.671 893.89C185.335 893.638 184.927 893.512 184.447 893.512C183.967 893.512 183.559 893.638 183.223 893.89C182.887 894.142 182.629 894.472 182.449 894.88C182.281 895.288 182.197 895.738 182.197 896.23C182.197 896.71 182.281 897.16 182.449 897.58C182.629 897.988 182.887 898.318 183.223 898.57C183.559 898.822 183.967 898.948 184.447 898.948ZM184.447 905.446C184.027 905.446 183.679 905.302 183.403 905.014C183.139 904.738 183.007 904.402 183.007 904.006C183.007 903.61 183.139 903.274 183.403 902.998C183.679 902.722 184.027 902.584 184.447 902.584C184.855 902.584 185.191 902.722 185.455 902.998C185.731 903.274 185.869 903.61 185.869 904.006C185.869 904.402 185.731 904.738 185.455 905.014C185.191 905.302 184.855 905.446 184.447 905.446ZM196.171 901.18C195.331 901.18 194.599 901.042 193.975 900.766C193.351 900.478 192.835 900.1 192.427 899.632C192.019 899.164 191.713 898.636 191.509 898.048C191.305 897.448 191.203 896.842 191.203 896.23C191.203 895.618 191.305 895.018 191.509 894.43C191.713 893.842 192.019 893.314 192.427 892.846C192.835 892.366 193.351 891.988 193.975 891.712C194.599 891.424 195.331 891.28 196.171 891.28C197.023 891.28 197.725 891.406 198.277 891.658C198.829 891.898 199.267 892.204 199.591 892.576C199.927 892.936 200.173 893.302 200.329 893.674C200.485 894.034 200.581 894.34 200.617 894.592C200.665 894.832 200.689 894.952 200.689 894.952H198.133C198.133 894.952 198.109 894.88 198.061 894.736C198.025 894.58 197.941 894.406 197.809 894.214C197.689 894.01 197.503 893.836 197.251 893.692C196.999 893.536 196.663 893.458 196.243 893.458C195.727 893.458 195.295 893.59 194.947 893.854C194.611 894.106 194.359 894.442 194.191 894.862C194.023 895.282 193.939 895.738 193.939 896.23C193.939 896.722 194.023 897.178 194.191 897.598C194.359 898.018 194.611 898.36 194.947 898.624C195.295 898.876 195.727 899.002 196.243 899.002C196.663 899.002 196.999 898.93 197.251 898.786C197.503 898.63 197.689 898.456 197.809 898.264C197.941 898.06 198.025 897.886 198.061 897.742C198.109 897.586 198.133 897.508 198.133 897.508H200.689C200.689 897.508 200.665 897.634 200.617 897.886C200.581 898.126 200.485 898.432 200.329 898.804C200.173 899.164 199.927 899.53 199.591 899.902C199.267 900.262 198.829 900.568 198.277 900.82C197.725 901.06 197.023 901.18 196.171 901.18ZM211.244 901.18C210.5 901.18 209.906 901.072 209.462 900.856C209.018 900.628 208.682 900.346 208.454 900.01C208.226 899.662 208.076 899.296 208.004 898.912C207.932 898.528 207.896 898.174 207.896 897.85V893.638H206.276V891.46H207.896V889.102H210.632V891.46H212.666V893.638H210.632V897.778C210.632 898.174 210.734 898.48 210.938 898.696C211.154 898.912 211.508 899.02 212 899.02C212.216 899.02 212.414 899.002 212.594 898.966C212.774 898.93 212.864 898.912 212.864 898.912V901.018C212.864 901.018 212.702 901.042 212.378 901.09C212.054 901.15 211.676 901.18 211.244 901.18ZM218.038 890.146L216.058 886.888H218.596L220.054 890.128L218.038 890.146ZM217.822 901.18C217.15 901.18 216.592 901.036 216.148 900.748C215.716 900.46 215.392 900.076 215.176 899.596C214.96 899.104 214.852 898.552 214.852 897.94V891.46H217.57V897.4C217.57 897.856 217.69 898.228 217.93 898.516C218.182 898.792 218.536 898.93 218.992 898.93C219.388 898.93 219.7 898.834 219.928 898.642C220.168 898.45 220.342 898.204 220.45 897.904C220.558 897.604 220.612 897.286 220.612 896.95V891.46H222.502C222.982 891.46 223.222 891.22 223.222 890.74V889.462H225.418V890.83C225.418 891.466 225.25 891.964 224.914 892.324C224.578 892.672 224.08 892.846 223.42 892.846H223.348V901H220.612V899.65H220.504C220.3 900.022 219.982 900.37 219.55 900.694C219.13 901.018 218.554 901.18 217.822 901.18ZM232.511 901L229.019 891.46H231.755L233.987 897.922L236.129 891.46H238.883L235.373 901H232.511ZM243.469 901.18C242.797 901.18 242.239 901.036 241.795 900.748C241.363 900.46 241.039 900.076 240.823 899.596C240.607 899.104 240.499 898.552 240.499 897.94V891.46H243.217V897.4C243.217 897.856 243.337 898.228 243.577 898.516C243.829 898.792 244.183 898.93 244.639 898.93C245.035 898.93 245.347 898.834 245.575 898.642C245.815 898.45 245.989 898.204 246.097 897.904C246.205 897.604 246.259 897.286 246.259 896.95V891.46H248.149C248.629 891.46 248.869 891.22 248.869 890.74V889.462H251.065V890.83C251.065 891.466 250.897 891.964 250.561 892.324C250.225 892.672 249.727 892.846 249.067 892.846H248.995V901H246.259V899.65H246.151C245.947 900.022 245.629 900.37 245.197 900.694C244.777 901.018 244.201 901.18 243.469 901.18ZM244.639 905.446C244.219 905.446 243.871 905.302 243.595 905.014C243.331 904.738 243.199 904.402 243.199 904.006C243.199 903.61 243.331 903.274 243.595 902.998C243.871 902.722 244.219 902.584 244.639 902.584C245.047 902.584 245.383 902.722 245.647 902.998C245.923 903.274 246.061 903.61 246.061 904.006C246.061 904.402 245.923 904.738 245.647 905.014C245.383 905.302 245.047 905.446 244.639 905.446ZM252.079 901V891.46H254.815V892.828H254.905C255.013 892.636 255.169 892.42 255.373 892.18C255.589 891.94 255.871 891.73 256.219 891.55C256.579 891.37 257.035 891.28 257.587 891.28C258.331 891.28 258.937 891.454 259.405 891.802C259.873 892.138 260.215 892.576 260.431 893.116C260.647 893.644 260.755 894.202 260.755 894.79V901H258.019V895.258C258.019 894.802 257.893 894.4 257.641 894.052C257.401 893.704 257.011 893.53 256.471 893.53C256.063 893.53 255.739 893.626 255.499 893.818C255.259 894.01 255.085 894.256 254.977 894.556C254.869 894.856 254.815 895.174 254.815 895.51V901H252.079ZM267.628 904.816C266.74 904.816 266.008 904.708 265.432 904.492C264.868 904.276 264.418 904 264.082 903.664C263.746 903.34 263.5 903.016 263.344 902.692C263.188 902.368 263.086 902.092 263.038 901.864C263.002 901.648 262.984 901.54 262.984 901.54H265.648C265.648 901.54 265.666 901.594 265.702 901.702C265.75 901.822 265.84 901.954 265.972 902.098C266.104 902.254 266.296 902.386 266.548 902.494C266.812 902.614 267.16 902.674 267.592 902.674C268.336 902.674 268.882 902.464 269.23 902.044C269.59 901.624 269.77 901.072 269.77 900.388V899.38H269.644C269.524 899.572 269.344 899.782 269.104 900.01C268.864 900.238 268.558 900.43 268.186 900.586C267.814 900.742 267.364 900.82 266.836 900.82C266.128 900.82 265.51 900.688 264.982 900.424C264.454 900.148 264.01 899.782 263.65 899.326C263.302 898.87 263.038 898.36 262.858 897.796C262.69 897.232 262.606 896.65 262.606 896.05C262.606 895.462 262.69 894.886 262.858 894.322C263.038 893.746 263.302 893.23 263.65 892.774C264.01 892.318 264.454 891.958 264.982 891.694C265.51 891.418 266.128 891.28 266.836 891.28C267.364 891.28 267.814 891.364 268.186 891.532C268.558 891.688 268.864 891.88 269.104 892.108C269.356 892.324 269.536 892.534 269.644 892.738H269.77V891.46H272.506V900.388C272.506 901.18 272.332 901.912 271.984 902.584C271.636 903.256 271.102 903.796 270.382 904.204C269.662 904.612 268.744 904.816 267.628 904.816ZM267.592 898.66C268.096 898.66 268.51 898.534 268.834 898.282C269.17 898.03 269.422 897.706 269.59 897.31C269.758 896.902 269.842 896.482 269.842 896.05C269.842 895.606 269.758 895.186 269.59 894.79C269.422 894.394 269.17 894.07 268.834 893.818C268.51 893.566 268.096 893.44 267.592 893.44C267.1 893.44 266.686 893.566 266.35 893.818C266.026 894.07 265.78 894.394 265.612 894.79C265.444 895.186 265.36 895.606 265.36 896.05C265.36 896.482 265.444 896.902 265.612 897.31C265.78 897.706 266.026 898.03 266.35 898.282C266.686 898.534 267.1 898.66 267.592 898.66Z" fill="#A0A4AB"/>
<path d="M314.003 906V895.092H309.917V892.68H320.861V895.092H316.775V906H314.003ZM322.779 906V892.32H325.515V897.828H325.605C325.713 897.636 325.869 897.42 326.073 897.18C326.289 896.94 326.571 896.73 326.919 896.55C327.279 896.37 327.735 896.28 328.287 896.28C329.031 896.28 329.637 896.454 330.105 896.802C330.573 897.138 330.915 897.576 331.131 898.116C331.347 898.644 331.455 899.202 331.455 899.79V906H328.719V900.258C328.719 899.802 328.593 899.4 328.341 899.052C328.101 898.704 327.711 898.53 327.171 898.53C326.763 898.53 326.439 898.626 326.199 898.818C325.959 899.01 325.785 899.256 325.677 899.556C325.569 899.856 325.515 900.174 325.515 900.51V906H322.779ZM334.902 895.272L337.242 892.032H339.402L341.742 895.272H339.6L338.322 893.4L337.044 895.272H334.902ZM338.322 906.18C337.254 906.18 336.348 905.952 335.604 905.496C334.86 905.028 334.29 904.422 333.894 903.678C333.51 902.922 333.318 902.106 333.318 901.23C333.318 900.354 333.51 899.544 333.894 898.8C334.29 898.044 334.86 897.438 335.604 896.982C336.348 896.514 337.254 896.28 338.322 896.28C339.39 896.28 340.296 896.514 341.04 896.982C341.784 897.438 342.348 898.044 342.732 898.8C343.128 899.544 343.326 900.354 343.326 901.23C343.326 902.106 343.128 902.922 342.732 903.678C342.348 904.422 341.784 905.028 341.04 905.496C340.296 905.952 339.39 906.18 338.322 906.18ZM338.322 903.948C338.802 903.948 339.21 903.822 339.546 903.57C339.882 903.318 340.134 902.988 340.302 902.58C340.482 902.16 340.572 901.71 340.572 901.23C340.572 900.738 340.482 900.288 340.302 899.88C340.134 899.472 339.882 899.142 339.546 898.89C339.21 898.638 338.802 898.512 338.322 898.512C337.842 898.512 337.434 898.638 337.098 898.89C336.762 899.142 336.504 899.472 336.324 899.88C336.156 900.288 336.072 900.738 336.072 901.23C336.072 901.71 336.156 902.16 336.324 902.58C336.504 902.988 336.762 903.318 337.098 903.57C337.434 903.822 337.842 903.948 338.322 903.948ZM345.187 906V896.46H347.923V897.828H348.013C348.121 897.636 348.277 897.42 348.481 897.18C348.697 896.94 348.979 896.73 349.327 896.55C349.687 896.37 350.143 896.28 350.695 896.28C351.439 896.28 352.045 896.454 352.513 896.802C352.981 897.138 353.323 897.576 353.539 898.116C353.755 898.644 353.863 899.202 353.863 899.79V906H351.127V900.258C351.127 899.802 351.001 899.4 350.749 899.052C350.509 898.704 350.119 898.53 349.579 898.53C349.171 898.53 348.847 898.626 348.607 898.818C348.367 899.01 348.193 899.256 348.085 899.556C347.977 899.856 347.923 900.174 347.923 900.51V906H345.187ZM360.735 909.816C359.847 909.816 359.115 909.708 358.539 909.492C357.975 909.276 357.525 909 357.189 908.664C356.853 908.34 356.607 908.016 356.451 907.692C356.295 907.368 356.193 907.092 356.145 906.864C356.109 906.648 356.091 906.54 356.091 906.54H358.755C358.755 906.54 358.773 906.594 358.809 906.702C358.857 906.822 358.947 906.954 359.079 907.098C359.211 907.254 359.403 907.386 359.655 907.494C359.919 907.614 360.267 907.674 360.699 907.674C361.443 907.674 361.989 907.464 362.337 907.044C362.697 906.624 362.877 906.072 362.877 905.388V904.38H362.751C362.631 904.572 362.451 904.782 362.211 905.01C361.971 905.238 361.665 905.43 361.293 905.586C360.921 905.742 360.471 905.82 359.943 905.82C359.235 905.82 358.617 905.688 358.089 905.424C357.561 905.148 357.117 904.782 356.757 904.326C356.409 903.87 356.145 903.36 355.965 902.796C355.797 902.232 355.713 901.65 355.713 901.05C355.713 900.462 355.797 899.886 355.965 899.322C356.145 898.746 356.409 898.23 356.757 897.774C357.117 897.318 357.561 896.958 358.089 896.694C358.617 896.418 359.235 896.28 359.943 896.28C360.471 896.28 360.921 896.364 361.293 896.532C361.665 896.688 361.971 896.88 362.211 897.108C362.463 897.324 362.643 897.534 362.751 897.738H362.877V896.46H365.613V905.388C365.613 906.18 365.439 906.912 365.091 907.584C364.743 908.256 364.209 908.796 363.489 909.204C362.769 909.612 361.851 909.816 360.735 909.816ZM360.699 903.66C361.203 903.66 361.617 903.534 361.941 903.282C362.277 903.03 362.529 902.706 362.697 902.31C362.865 901.902 362.949 901.482 362.949 901.05C362.949 900.606 362.865 900.186 362.697 899.79C362.529 899.394 362.277 899.07 361.941 898.818C361.617 898.566 361.203 898.44 360.699 898.44C360.207 898.44 359.793 898.566 359.457 898.818C359.133 899.07 358.887 899.394 358.719 899.79C358.551 900.186 358.467 900.606 358.467 901.05C358.467 901.482 358.551 901.902 358.719 902.31C358.887 902.706 359.133 903.03 359.457 903.282C359.793 903.534 360.207 903.66 360.699 903.66ZM376.299 906.18C375.555 906.18 374.961 906.072 374.517 905.856C374.073 905.628 373.737 905.346 373.509 905.01C373.281 904.662 373.131 904.296 373.059 903.912C372.987 903.528 372.951 903.174 372.951 902.85V898.638H371.331V896.46H372.951V894.102H375.687V896.46H377.721V898.638H375.687V902.778C375.687 903.174 375.789 903.48 375.993 903.696C376.209 903.912 376.563 904.02 377.055 904.02C377.271 904.02 377.469 904.002 377.649 903.966C377.829 903.93 377.919 903.912 377.919 903.912V906.018C377.919 906.018 377.757 906.042 377.433 906.09C377.109 906.15 376.731 906.18 376.299 906.18ZM381.365 895.164C380.885 895.164 380.495 895.014 380.195 894.714C379.895 894.402 379.745 894.036 379.745 893.616C379.745 893.172 379.895 892.8 380.195 892.5C380.495 892.188 380.885 892.032 381.365 892.032C381.821 892.032 382.205 892.188 382.517 892.5C382.829 892.8 382.985 893.172 382.985 893.616C382.985 894.036 382.829 894.402 382.517 894.714C382.205 895.014 381.821 895.164 381.365 895.164ZM379.997 906V896.46H382.733V906H379.997ZM385.071 906V896.46H387.807V897.828H387.897C388.005 897.636 388.161 897.42 388.365 897.18C388.581 896.94 388.863 896.73 389.211 896.55C389.571 896.37 390.027 896.28 390.579 896.28C391.323 896.28 391.929 896.454 392.397 896.802C392.865 897.138 393.207 897.576 393.423 898.116C393.639 898.644 393.747 899.202 393.747 899.79V906H391.011V900.258C391.011 899.802 390.885 899.4 390.633 899.052C390.393 898.704 390.003 898.53 389.463 898.53C389.055 898.53 388.731 898.626 388.491 898.818C388.251 899.01 388.077 899.256 387.969 899.556C387.861 899.856 387.807 900.174 387.807 900.51V906H385.071Z" fill="#0961F5"/>
<path d="M21.7102 508.99V506.455H33.6562V508.99H29.2031V521H26.1634V508.99H21.7102ZM36.3533 521H33.0579L38.0792 506.455H42.0423L47.0565 521H43.761L40.1175 509.778H40.0039L36.3533 521ZM36.1474 515.283H43.9315V517.683H36.1474V515.283ZM39.0096 505.048L36.8434 501.817H39.6346L41.1474 505.048H39.0096ZM51.8825 506.455V521H48.8072V506.455H51.8825ZM59.0415 521V506.455H62.1168V512.868H62.3086L67.543 506.455H71.229L65.8313 512.967L71.293 521H67.614L63.6296 515.02L62.1168 516.866V521H59.0415ZM72.8306 521V506.455H75.9059V512.456H82.1488V506.455H85.217V521H82.1488V514.991H75.9059V521H72.8306ZM101.119 513.727C101.119 515.313 100.818 516.663 100.217 517.776C99.6204 518.888 98.806 519.738 97.7738 520.325C96.7463 520.908 95.591 521.199 94.3079 521.199C93.0153 521.199 91.8552 520.905 90.8278 520.318C89.8003 519.731 88.9883 518.881 88.3917 517.768C87.7951 516.656 87.4968 515.309 87.4968 513.727C87.4968 512.141 87.7951 510.792 88.3917 509.679C88.9883 508.566 89.8003 507.719 90.8278 507.136C91.8552 506.549 93.0153 506.256 94.3079 506.256C95.591 506.256 96.7463 506.549 97.7738 507.136C98.806 507.719 99.6204 508.566 100.217 509.679C100.818 510.792 101.119 512.141 101.119 513.727ZM98.0011 513.727C98.0011 512.7 97.8472 511.833 97.5394 511.128C97.2364 510.422 96.8079 509.887 96.2539 509.523C95.6999 509.158 95.0513 508.976 94.3079 508.976C93.5645 508.976 92.9158 509.158 92.3619 509.523C91.8079 509.887 91.377 510.422 91.0692 511.128C90.7662 511.833 90.6147 512.7 90.6147 513.727C90.6147 514.755 90.7662 515.621 91.0692 516.327C91.377 517.032 91.8079 517.567 92.3619 517.932C92.9158 518.296 93.5645 518.479 94.3079 518.479C95.0513 518.479 95.6999 518.296 96.2539 517.932C96.8079 517.567 97.2364 517.032 97.5394 516.327C97.8472 515.621 98.0011 514.755 98.0011 513.727ZM105.084 521H101.788L106.81 506.455H110.773L115.787 521H112.491L108.848 509.778H108.734L105.084 521ZM104.878 515.283H112.662V517.683H104.878V515.283ZM109.906 504.892H107.662L107.506 503.614C108.008 503.59 108.365 503.524 108.578 503.415C108.791 503.301 108.895 503.152 108.891 502.967C108.895 502.712 108.76 502.539 108.486 502.449C108.216 502.359 107.877 502.314 107.47 502.314L107.548 500.943C108.813 500.943 109.774 501.114 110.432 501.455C111.095 501.795 111.424 502.269 111.419 502.875C111.424 503.306 111.268 503.633 110.95 503.855C110.638 504.073 110.29 504.21 109.906 504.267V504.892ZM129.704 506.455V521H127.048L120.719 511.845H120.613V521H117.538V506.455H120.237L126.515 515.602H126.643V506.455H129.704Z" fill="#72778A"/>
<rect y="4" width="441" height="1.5" rx="0.75" fill="#E2E6EA"/>
<path d="M32 434.875C32 433.839 32.8395 433 33.875 433H37.625C38.6605 433 39.5 433.839 39.5 434.875V446.125C39.5 447.161 38.6605 448 37.625 448H33.875C32.8395 448 32 447.161 32 446.125V434.875Z" stroke="#0F172A" stroke-width="1.5" stroke-linecap="round" stroke-linejoin="round"/>
<path d="M43.25 427.375C43.25 426.339 44.0895 425.5 45.125 425.5H48.875C49.9105 425.5 50.75 426.339 50.75 427.375V446.125C50.75 447.161 49.9105 448 48.875 448H45.125C44.0895 448 43.25 447.161 43.25 446.125V427.375Z" stroke="#0F172A" stroke-width="1.5" stroke-linecap="round" stroke-linejoin="round"/>
<path d="M54.5 419.875C54.5 418.839 55.3395 418 56.375 418H60.125C61.1605 418 62 418.839 62 419.875V446.125C62 447.161 61.1605 448 60.125 448H56.375C55.3395 448 54.5 447.161 54.5 446.125V419.875Z" stroke="#0F172A" stroke-width="1.5" stroke-linecap="round" stroke-linejoin="round"/>
<rect y="391" width="441" height="1.5" rx="0.75" fill="#E2E6EA"/>
<rect y="322" width="441" height="1.5" rx="0.75" fill="#E2E6EA"/>
<path d="M56.5004 369.25H41.5004M56.5004 369.25C59.2619 369.25 61.5004 371.489 61.5004 374.25H36.5004C36.5004 371.489 38.739 369.25 41.5004 369.25M56.5004 369.25V363.625C56.5004 362.589 55.661 361.75 54.6254 361.75H53.1727M41.5004 369.25V363.625C41.5004 362.589 42.3399 361.75 43.3754 361.75H44.8282M53.1727 361.75H44.8282M53.1727 361.75C52.2605 360.173 51.6829 358.378 51.537 356.463M44.8282 361.75C45.7404 360.173 46.318 358.378 46.4639 356.463M37.7504 345.061C36.1133 345.299 34.4927 345.588 32.8904 345.927C33.6409 350.372 37.3253 353.821 41.8832 354.213M37.7504 345.061V345.5C37.7504 349.013 39.3606 352.15 41.8832 354.213M37.7504 345.061V342.535C41.4261 342.018 45.182 341.75 49.0004 341.75C52.8188 341.75 56.5747 342.018 60.2504 342.535V345.061M41.8832 354.213C43.1958 355.286 44.7555 356.069 46.4639 356.463M60.2504 345.061V345.5C60.2504 349.013 58.6403 352.15 56.1177 354.213M60.2504 345.061C61.8876 345.299 63.5082 345.588 65.1105 345.927C64.36 350.372 60.6756 353.821 56.1177 354.213M56.1177 354.213C54.8051 355.286 53.2454 356.069 51.537 356.463M51.537 356.463C50.7218 356.651 49.8727 356.75 49.0004 356.75C48.1282 356.75 47.2791 356.651 46.4639 356.463" stroke="#0F172A" stroke-width="1.5" stroke-linecap="round" stroke-linejoin="round"/>
<g filter="url(#filter0_d_45_311)">
<path d="M0 15C0 6.71573 6.71573 0 15 0H413C421.284 0 428 6.71573 428 15V44H0V15Z" fill="white"/>
</g>
<rect opacity="0.35" x="389.833" y="17.8335" width="21" height="10.3333" rx="2.16667" stroke="black"/>
<path opacity="0.4" d="M412.333 21V25C413.138 24.6612 413.661 23.8731 413.661 23C413.661 22.1269 413.138 21.3388 412.333 21Z" fill="black"/>
<rect x="391.333" y="19.3335" width="18" height="7.33333" rx="1.33333" fill="black"/>
<path fill-rule="evenodd" clip-rule="evenodd" d="M366.88 25.7574C368.342 24.6752 370.483 24.6752 371.944 25.7574C372.018 25.8156 372.06 25.8983 372.063 25.985C372.064 26.0715 372.025 26.1548 371.955 26.2154L369.666 28.2379C369.599 28.2973 369.507 28.3307 369.412 28.3307C369.317 28.3307 369.225 28.2972 369.158 28.2379L366.869 26.2154C366.799 26.1547 366.76 26.0716 366.762 25.985C366.764 25.8982 366.806 25.8156 366.88 25.7574ZM363.826 23.0602C366.975 20.4958 371.852 20.4958 375.001 23.0602C375.072 23.1203 375.112 23.2032 375.113 23.2897C375.114 23.376 375.075 23.4589 375.006 23.5201L373.684 24.691C373.547 24.8105 373.326 24.8123 373.187 24.6959C372.152 23.8763 370.807 23.4224 369.412 23.4225C368.018 23.423 366.674 23.8769 365.641 24.6959C365.501 24.8122 365.28 24.8104 365.144 24.691L363.821 23.5201C363.752 23.4589 363.712 23.3761 363.713 23.2897C363.714 23.2031 363.755 23.1203 363.826 23.0602ZM360.771 20.3697C365.602 16.3175 373.222 16.3175 378.052 20.3697C378.122 20.4299 378.162 20.5124 378.162 20.5983C378.163 20.684 378.124 20.7669 378.055 20.8277L376.73 21.9977C376.594 22.1178 376.372 22.1188 376.233 22.0006C374.393 20.4691 371.951 19.615 369.412 19.6149C366.873 19.6149 364.43 20.469 362.59 22.0006C362.451 22.119 362.229 22.1179 362.093 21.9977L360.769 20.8277C360.7 20.7669 360.661 20.684 360.661 20.5983C360.662 20.5124 360.702 20.4299 360.771 20.3697Z" fill="#A0A4AB"/>
<path fill-rule="evenodd" clip-rule="evenodd" d="M337.835 24.3335C338.465 24.3336 338.976 24.7813 338.976 25.3335V27.3335C338.975 27.8855 338.465 28.3334 337.835 28.3335H336.693C336.063 28.3335 335.552 27.8856 335.552 27.3335V25.3335C335.552 24.7812 336.063 24.3335 336.693 24.3335H337.835ZM343.161 22.3335C343.791 22.3336 344.302 22.7813 344.302 23.3335V27.3335C344.302 27.8856 343.791 28.3334 343.161 28.3335H342.02C341.389 28.3335 340.878 27.8856 340.878 27.3335V23.3335C340.878 22.7812 341.389 22.3335 342.02 22.3335H343.161ZM348.487 19.9995C349.117 19.9996 349.629 20.4474 349.629 20.9995V27.3335C349.629 27.8856 349.117 28.3334 348.487 28.3335H347.346C346.716 28.3335 346.204 27.8856 346.204 27.3335V20.9995C346.204 20.4474 346.716 19.9995 347.346 19.9995H348.487ZM353.813 17.6665C354.444 17.6666 354.955 18.1143 354.955 18.6665V27.3335C354.955 27.8856 354.444 28.3334 353.813 28.3335H352.672C352.042 28.3334 351.53 27.8856 351.53 27.3335V18.6665C351.53 18.1143 352.042 17.6666 352.672 17.6665H353.813Z" fill="#A0A4AB"/>
<g clip-path="url(#clip2_45_311)">
<path d="M39.387 21.115C39.387 20.715 39.302 20.37 39.132 20.08C38.962 19.78 38.727 19.55 38.427 19.39C38.137 19.22 37.807 19.135 37.437 19.135C37.067 19.135 36.732 19.22 36.432 19.39C36.142 19.55 35.912 19.78 35.742 20.08C35.572 20.37 35.487 20.715 35.487 21.115C35.487 21.505 35.572 21.85 35.742 22.15C35.912 22.45 36.142 22.685 36.432 22.855C36.732 23.025 37.067 23.11 37.437 23.11C37.807 23.11 38.137 23.025 38.427 22.855C38.727 22.685 38.962 22.45 39.132 22.15C39.302 21.85 39.387 21.505 39.387 21.115ZM37.257 27.97H34.542L37.917 24.01L38.292 23.875C38.042 24.135 37.787 24.31 37.527 24.4C37.267 24.48 36.952 24.52 36.582 24.52C36.182 24.52 35.792 24.44 35.412 24.28C35.032 24.12 34.687 23.89 34.377 23.59C34.077 23.29 33.837 22.93 33.657 22.51C33.477 22.09 33.387 21.625 33.387 21.115C33.387 20.295 33.567 19.6 33.927 19.03C34.297 18.46 34.787 18.03 35.397 17.74C36.007 17.44 36.687 17.29 37.437 17.29C38.187 17.29 38.867 17.44 39.477 17.74C40.087 18.03 40.572 18.46 40.932 19.03C41.302 19.6 41.487 20.295 41.487 21.115C41.487 21.635 41.387 22.12 41.187 22.57C40.987 23.01 40.742 23.42 40.452 23.8L37.257 27.97ZM43.0717 27.115C43.0717 26.775 43.1867 26.49 43.4167 26.26C43.6567 26.02 43.9517 25.9 44.3017 25.9C44.6617 25.9 44.9567 26.02 45.1867 26.26C45.4167 26.49 45.5317 26.775 45.5317 27.115C45.5317 27.435 45.4167 27.715 45.1867 27.955C44.9567 28.195 44.6617 28.315 44.3017 28.315C43.9517 28.315 43.6567 28.195 43.4167 27.955C43.1867 27.715 43.0717 27.435 43.0717 27.115ZM43.0717 21.475C43.0717 21.145 43.1867 20.86 43.4167 20.62C43.6567 20.38 43.9517 20.26 44.3017 20.26C44.6617 20.26 44.9567 20.38 45.1867 20.62C45.4167 20.86 45.5317 21.145 45.5317 21.475C45.5317 21.805 45.4167 22.09 45.1867 22.33C44.9567 22.57 44.6617 22.69 44.3017 22.69C43.9517 22.69 43.6567 22.57 43.4167 22.33C43.1867 22.09 43.0717 21.805 43.0717 21.475ZM46.6032 26.065L52.6182 17.5H54.0732V28H51.8682V25.36L52.0482 25.195V20.92L49.5732 24.46H53.3232L53.5782 24.235H55.7232V26.065H46.6032ZM57.0598 20.23V18.295L61.6648 17.32V28H59.5798V19.57L57.0598 20.23Z" fill="black"/>
</g>
<path d="M429 44H0V260.067H429V44Z" fill="#EEF2FF"/>
<path d="M167.277 201V175.1H179.247C180.927 175.1 182.339 175.392 183.482 175.975C184.649 176.558 185.536 177.34 186.142 178.32C186.749 179.277 187.052 180.338 187.052 181.505C187.052 182.648 186.842 183.605 186.422 184.375C186.002 185.122 185.489 185.728 184.882 186.195C184.299 186.638 183.727 186.942 183.167 187.105V187.385C183.797 187.525 184.497 187.828 185.267 188.295C186.037 188.762 186.702 189.427 187.262 190.29C187.822 191.153 188.102 192.273 188.102 193.65C188.102 194.863 187.811 196.03 187.227 197.15C186.667 198.27 185.746 199.192 184.462 199.915C183.202 200.638 181.557 201 179.527 201H167.277ZM178.337 179.615H172.667V185.635H178.337C179.551 185.635 180.437 185.343 180.997 184.76C181.557 184.177 181.837 183.465 181.837 182.625C181.837 181.808 181.557 181.108 180.997 180.525C180.437 179.918 179.551 179.615 178.337 179.615ZM178.757 189.765H172.667V196.485H178.757C180.134 196.485 181.126 196.158 181.732 195.505C182.362 194.828 182.677 194.023 182.677 193.09C182.677 192.18 182.362 191.398 181.732 190.745C181.126 190.092 180.134 189.765 178.757 189.765ZM203.327 179.895L199.372 179.86L202.207 173.56H207.142L203.327 179.895ZM199.722 182.1C200.912 182.1 201.892 182.298 202.662 182.695C203.432 183.068 204.015 183.477 204.412 183.92C204.832 184.363 205.089 184.667 205.182 184.83H205.462V182.45H210.782V201H205.462V198.62H205.182C205.089 198.783 204.832 199.087 204.412 199.53C204.015 199.973 203.432 200.393 202.662 200.79C201.892 201.163 200.912 201.35 199.722 201.35C198.345 201.35 197.144 201.082 196.117 200.545C195.114 199.985 194.274 199.25 193.597 198.34C192.92 197.407 192.407 196.368 192.057 195.225C191.73 194.082 191.567 192.915 191.567 191.725C191.567 190.535 191.73 189.368 192.057 188.225C192.407 187.082 192.92 186.055 193.597 185.145C194.274 184.212 195.114 183.477 196.117 182.94C197.144 182.38 198.345 182.1 199.722 182.1ZM201.262 186.405C200.305 186.405 199.5 186.673 198.847 187.21C198.217 187.723 197.739 188.388 197.412 189.205C197.109 190.022 196.957 190.862 196.957 191.725C196.957 192.588 197.109 193.428 197.412 194.245C197.739 195.062 198.217 195.738 198.847 196.275C199.5 196.788 200.305 197.045 201.262 197.045C202.219 197.045 203.012 196.788 203.642 196.275C204.295 195.738 204.774 195.062 205.077 194.245C205.404 193.428 205.567 192.588 205.567 191.725C205.567 190.862 205.404 190.022 205.077 189.205C204.774 188.388 204.295 187.723 203.642 187.21C203.012 186.673 202.219 186.405 201.262 186.405ZM224.57 201.35C222.937 201.35 221.513 201.082 220.3 200.545C219.087 199.985 218.083 199.25 217.29 198.34C216.497 197.43 215.902 196.403 215.505 195.26C215.108 194.093 214.91 192.915 214.91 191.725C214.91 190.535 215.108 189.368 215.505 188.225C215.902 187.082 216.497 186.055 217.29 185.145C218.083 184.212 219.087 183.477 220.3 182.94C221.513 182.38 222.937 182.1 224.57 182.1C226.227 182.1 227.592 182.345 228.665 182.835C229.738 183.302 230.59 183.897 231.22 184.62C231.873 185.32 232.352 186.032 232.655 186.755C232.958 187.455 233.145 188.05 233.215 188.54C233.308 189.007 233.355 189.24 233.355 189.24H228.385C228.385 189.24 228.338 189.1 228.245 188.82C228.175 188.517 228.012 188.178 227.755 187.805C227.522 187.408 227.16 187.07 226.67 186.79C226.18 186.487 225.527 186.335 224.71 186.335C223.707 186.335 222.867 186.592 222.19 187.105C221.537 187.595 221.047 188.248 220.72 189.065C220.393 189.882 220.23 190.768 220.23 191.725C220.23 192.682 220.393 193.568 220.72 194.385C221.047 195.202 221.537 195.867 222.19 196.38C222.867 196.87 223.707 197.115 224.71 197.115C225.527 197.115 226.18 196.975 226.67 196.695C227.16 196.392 227.522 196.053 227.755 195.68C228.012 195.283 228.175 194.945 228.245 194.665C228.338 194.362 228.385 194.21 228.385 194.21H233.355C233.355 194.21 233.308 194.455 233.215 194.945C233.145 195.412 232.958 196.007 232.655 196.73C232.352 197.43 231.873 198.142 231.22 198.865C230.59 199.565 229.738 200.16 228.665 200.65C227.592 201.117 226.227 201.35 224.57 201.35ZM244.253 201L253.073 175.1H260.248L269.068 201H263.398L261.753 195.925H251.603L249.923 201H244.253ZM253.108 191.235H260.248L256.678 180.42L253.108 191.235Z" fill="#1E3A8A"/>
<path d="M52.4869 234V217.65H46.7119V215.5H60.7119V217.65H54.9369V234H52.4869ZM63.8467 234V215H66.2217V222.675H66.3717C66.4883 222.475 66.68 222.2 66.9467 221.85C67.23 221.5 67.63 221.192 68.1467 220.925C68.6633 220.642 69.3133 220.5 70.0967 220.5C71.0633 220.5 71.8883 220.725 72.5717 221.175C73.255 221.608 73.7717 222.2 74.1217 222.95C74.4883 223.7 74.6717 224.542 74.6717 225.475V234H72.2967V225.625C72.2967 224.742 72.0467 224.008 71.5467 223.425C71.0633 222.842 70.355 222.55 69.4217 222.55C68.6717 222.55 68.0633 222.742 67.5967 223.125C67.13 223.492 66.78 223.983 66.5467 224.6C66.33 225.2 66.2217 225.842 66.2217 226.525V234H63.8467ZM83.6969 218.75L81.1219 214.225H83.5719L85.7219 218.725L83.6969 218.75ZM84.0469 220.5C84.8802 220.5 85.5802 220.633 86.1469 220.9C86.7135 221.167 87.1719 221.483 87.5219 221.85C87.8719 222.2 88.1385 222.533 88.3219 222.85H88.4719V220.75H90.8469V234H88.4719V231.9H88.3219C88.1385 232.217 87.8719 232.558 87.5219 232.925C87.1719 233.292 86.7135 233.608 86.1469 233.875C85.5802 234.125 84.8802 234.25 84.0469 234.25C83.0469 234.25 82.1719 234.058 81.4219 233.675C80.6719 233.275 80.0469 232.75 79.5469 232.1C79.0469 231.433 78.6719 230.692 78.4219 229.875C78.1719 229.058 78.0469 228.225 78.0469 227.375C78.0469 226.525 78.1719 225.692 78.4219 224.875C78.6719 224.058 79.0469 223.325 79.5469 222.675C80.0469 222.008 80.6719 221.483 81.4219 221.1C82.1719 220.7 83.0469 220.5 84.0469 220.5ZM84.4469 222.525C83.5635 222.525 82.8219 222.767 82.2219 223.25C81.6219 223.717 81.1719 224.317 80.8719 225.05C80.5885 225.783 80.4469 226.558 80.4469 227.375C80.4469 228.175 80.5885 228.95 80.8719 229.7C81.1719 230.433 81.6219 231.042 82.2219 231.525C82.8219 231.992 83.5635 232.225 84.4469 232.225C85.3302 232.225 86.0635 231.992 86.6469 231.525C87.2469 231.042 87.6885 230.433 87.9719 229.7C88.2719 228.95 88.4219 228.175 88.4219 227.375C88.4219 226.558 88.2719 225.783 87.9719 225.05C87.6885 224.317 87.2469 223.717 86.6469 223.25C86.0635 222.767 85.3302 222.525 84.4469 222.525ZM94.5049 234V220.75H96.8799V222.675H97.0299C97.1465 222.475 97.3382 222.2 97.6049 221.85C97.8882 221.5 98.2882 221.192 98.8049 220.925C99.3215 220.642 99.9715 220.5 100.755 220.5C101.722 220.5 102.547 220.725 103.23 221.175C103.913 221.608 104.43 222.2 104.78 222.95C105.147 223.7 105.33 224.542 105.33 225.475V234H102.955V225.625C102.955 224.742 102.705 224.008 102.205 223.425C101.722 222.842 101.013 222.55 100.08 222.55C99.3299 222.55 98.7215 222.742 98.2549 223.125C97.7882 223.492 97.4382 223.983 97.2049 224.6C96.9882 225.2 96.8799 225.842 96.8799 226.525V234H94.5049ZM109.086 234V215H111.461V222.675H111.611C111.728 222.475 111.919 222.2 112.186 221.85C112.469 221.5 112.869 221.192 113.386 220.925C113.903 220.642 114.553 220.5 115.336 220.5C116.303 220.5 117.128 220.725 117.811 221.175C118.494 221.608 119.011 222.2 119.361 222.95C119.728 223.7 119.911 224.542 119.911 225.475V234H117.536V225.625C117.536 224.742 117.286 224.008 116.786 223.425C116.303 222.842 115.594 222.55 114.661 222.55C113.911 222.55 113.303 222.742 112.836 223.125C112.369 223.492 112.019 223.983 111.786 224.6C111.569 225.2 111.461 225.842 111.461 226.525V234H109.086ZM133.348 234L128.298 220.75H130.773L134.648 231.1L138.448 220.75H140.948L135.873 234H133.348ZM145.127 218.225C144.677 218.225 144.302 218.075 144.002 217.775C143.719 217.475 143.577 217.117 143.577 216.7C143.577 216.267 143.719 215.9 144.002 215.6C144.302 215.3 144.677 215.15 145.127 215.15C145.56 215.15 145.927 215.3 146.227 215.6C146.527 215.9 146.677 216.267 146.677 216.7C146.677 217.117 146.527 217.475 146.227 217.775C145.927 218.075 145.56 218.225 145.127 218.225ZM143.952 234V220.75H146.327V234H143.952ZM152.194 218.875L155.219 214.7H157.244L160.269 218.875H158.119L156.219 216.2L154.344 218.875H152.194ZM156.319 234.25C155.236 234.25 154.294 234.058 153.494 233.675C152.711 233.275 152.061 232.742 151.544 232.075C151.044 231.408 150.669 230.675 150.419 229.875C150.169 229.058 150.044 228.225 150.044 227.375C150.044 226.542 150.161 225.717 150.394 224.9C150.644 224.083 151.019 223.342 151.519 222.675C152.036 222.008 152.677 221.483 153.444 221.1C154.227 220.7 155.152 220.5 156.219 220.5C157.352 220.5 158.352 220.758 159.219 221.275C160.086 221.792 160.769 222.558 161.269 223.575C161.769 224.592 162.019 225.867 162.019 227.4V228.1H152.444C152.494 228.85 152.669 229.542 152.969 230.175C153.286 230.792 153.727 231.292 154.294 231.675C154.861 232.042 155.536 232.225 156.319 232.225C157.002 232.225 157.552 232.117 157.969 231.9C158.402 231.667 158.744 231.4 158.994 231.1C159.244 230.8 159.411 230.542 159.494 230.325C159.594 230.092 159.644 229.975 159.644 229.975H161.869C161.869 229.975 161.827 230.125 161.744 230.425C161.661 230.708 161.511 231.058 161.294 231.475C161.077 231.892 160.761 232.317 160.344 232.75C159.927 233.167 159.394 233.525 158.744 233.825C158.094 234.108 157.286 234.25 156.319 234.25ZM152.469 226.25H159.694C159.661 225.383 159.477 224.683 159.144 224.15C158.811 223.6 158.386 223.192 157.869 222.925C157.352 222.658 156.802 222.525 156.219 222.525C155.169 222.525 154.311 222.867 153.644 223.55C152.977 224.217 152.586 225.117 152.469 226.25ZM165.403 234V220.75H167.778V222.675H167.928C168.045 222.475 168.237 222.2 168.503 221.85C168.787 221.5 169.187 221.192 169.703 220.925C170.22 220.642 170.87 220.5 171.653 220.5C172.62 220.5 173.445 220.725 174.128 221.175C174.812 221.608 175.328 222.2 175.678 222.95C176.045 223.7 176.228 224.542 176.228 225.475V234H173.853V225.625C173.853 224.742 173.603 224.008 173.103 223.425C172.62 222.842 171.912 222.55 170.978 222.55C170.228 222.55 169.62 222.742 169.153 223.125C168.687 223.492 168.337 223.983 168.103 224.6C167.887 225.2 167.778 225.842 167.778 226.525V234H165.403ZM191.121 234.25C189.754 234.25 188.721 233.9 188.021 233.2C187.338 232.5 186.996 231.517 186.996 230.25V222.7H184.621V220.75H186.996V217.425H189.371V220.75H192.596V222.7H189.371V230.25C189.371 230.917 189.554 231.408 189.921 231.725C190.288 232.025 190.821 232.175 191.521 232.175C191.888 232.175 192.238 232.15 192.571 232.1C192.904 232.05 193.071 232.025 193.071 232.025V234.05C193.071 234.05 192.879 234.083 192.496 234.15C192.113 234.217 191.654 234.25 191.121 234.25ZM200.739 218.75L198.164 214.225H200.614L202.764 218.725L200.739 218.75ZM200.889 234.25C199.573 234.25 198.523 233.842 197.739 233.025C196.956 232.208 196.564 231.075 196.564 229.625V220.75H198.939V229.5C198.939 230.367 199.173 231.033 199.639 231.5C200.123 231.967 200.756 232.2 201.539 232.2C202.339 232.2 202.981 231.992 203.464 231.575C203.948 231.158 204.298 230.625 204.514 229.975C204.731 229.325 204.839 228.658 204.839 227.975V220.75H206.864C207.514 220.75 207.839 220.408 207.839 219.725V218.225H209.939V219.725C209.939 220.492 209.739 221.108 209.339 221.575C208.939 222.042 208.331 222.275 207.514 222.275H207.214V234H204.839V232.1H204.689C204.589 232.3 204.398 232.575 204.114 232.925C203.831 233.258 203.431 233.567 202.914 233.85C202.398 234.117 201.723 234.25 200.889 234.25ZM222.347 234.25C220.98 234.25 219.947 233.9 219.247 233.2C218.563 232.5 218.222 231.517 218.222 230.25V222.7H215.847V220.75H218.222V217.425H220.597V220.75H223.822V222.7H220.597V230.25C220.597 230.917 220.78 231.408 221.147 231.725C221.513 232.025 222.047 232.175 222.747 232.175C223.113 232.175 223.463 232.15 223.797 232.1C224.13 232.05 224.297 232.025 224.297 232.025V234.05C224.297 234.05 224.105 234.083 223.722 234.15C223.338 234.217 222.88 234.25 222.347 234.25ZM227.665 234V215H230.04V222.675H230.19C230.307 222.475 230.498 222.2 230.765 221.85C231.048 221.5 231.448 221.192 231.965 220.925C232.482 220.642 233.132 220.5 233.915 220.5C234.882 220.5 235.707 220.725 236.39 221.175C237.073 221.608 237.59 222.2 237.94 222.95C238.307 223.7 238.49 224.542 238.49 225.475V234H236.115V225.625C236.115 224.742 235.865 224.008 235.365 223.425C234.882 222.842 234.173 222.55 233.24 222.55C232.49 222.55 231.882 222.742 231.415 223.125C230.948 223.492 230.598 223.983 230.365 224.6C230.148 225.2 230.04 225.842 230.04 226.525V234H227.665ZM249.415 218.75L247.39 218.725L249.54 214.225H251.99L249.415 218.75ZM247.865 220.5C248.699 220.5 249.399 220.633 249.965 220.9C250.532 221.167 250.99 221.483 251.34 221.85C251.69 222.2 251.957 222.533 252.14 222.85H252.29V220.75H254.665V234H252.29V231.9H252.14C251.957 232.217 251.69 232.558 251.34 232.925C250.99 233.292 250.532 233.608 249.965 233.875C249.399 234.125 248.699 234.25 247.865 234.25C246.865 234.25 245.99 234.058 245.24 233.675C244.49 233.275 243.865 232.75 243.365 232.1C242.865 231.433 242.49 230.692 242.24 229.875C241.99 229.058 241.865 228.225 241.865 227.375C241.865 226.525 241.99 225.692 242.24 224.875C242.49 224.058 242.865 223.325 243.365 222.675C243.865 222.008 244.49 221.483 245.24 221.1C245.99 220.7 246.865 220.5 247.865 220.5ZM248.265 222.525C247.382 222.525 246.64 222.767 246.04 223.25C245.44 223.717 244.99 224.317 244.69 225.05C244.407 225.783 244.265 226.558 244.265 227.375C244.265 228.175 244.407 228.95 244.69 229.7C244.99 230.433 245.44 231.042 246.04 231.525C246.64 231.992 247.382 232.225 248.265 232.225C249.149 232.225 249.882 231.992 250.465 231.525C251.065 231.042 251.507 230.433 251.79 229.7C252.09 228.95 252.24 228.175 252.24 227.375C252.24 226.558 252.09 225.783 251.79 225.05C251.507 224.317 251.065 223.717 250.465 223.25C249.882 222.767 249.149 222.525 248.265 222.525ZM258.323 234V220.75H260.698V222.675H260.848C260.965 222.475 261.157 222.2 261.423 221.85C261.707 221.5 262.107 221.192 262.623 220.925C263.14 220.642 263.79 220.5 264.573 220.5C265.54 220.5 266.365 220.725 267.048 221.175C267.732 221.608 268.248 222.2 268.598 222.95C268.965 223.7 269.148 224.542 269.148 225.475V234H266.773V225.625C266.773 224.742 266.523 224.008 266.023 223.425C265.54 222.842 264.832 222.55 263.898 222.55C263.148 222.55 262.54 222.742 262.073 223.125C261.607 223.492 261.257 223.983 261.023 224.6C260.807 225.2 260.698 225.842 260.698 226.525V234H258.323ZM279.029 239.25C277.929 239.25 277.013 239.1 276.279 238.8C275.546 238.517 274.954 238.15 274.504 237.7C274.071 237.267 273.746 236.833 273.529 236.4C273.313 235.967 273.171 235.6 273.104 235.3C273.038 235.017 273.004 234.875 273.004 234.875H275.379C275.379 234.875 275.421 234.992 275.504 235.225C275.588 235.458 275.746 235.725 275.979 236.025C276.229 236.325 276.596 236.592 277.079 236.825C277.563 237.058 278.213 237.175 279.029 237.175C279.996 237.175 280.754 236.983 281.304 236.6C281.854 236.233 282.246 235.75 282.479 235.15C282.729 234.55 282.854 233.917 282.854 233.25V231.725H282.729C282.563 232.008 282.296 232.333 281.929 232.7C281.579 233.05 281.113 233.358 280.529 233.625C279.946 233.875 279.229 234 278.379 234C277.379 234 276.504 233.808 275.754 233.425C275.004 233.042 274.379 232.525 273.879 231.875C273.396 231.225 273.029 230.5 272.779 229.7C272.529 228.9 272.404 228.083 272.404 227.25C272.404 226.417 272.529 225.6 272.779 224.8C273.029 224 273.396 223.275 273.879 222.625C274.379 221.975 275.004 221.458 275.754 221.075C276.504 220.692 277.379 220.5 278.379 220.5C279.229 220.5 279.946 220.633 280.529 220.9C281.113 221.15 281.579 221.45 281.929 221.8C282.296 222.15 282.563 222.475 282.729 222.775H282.854V220.75H285.229V233.225C285.229 235.075 284.688 236.542 283.604 237.625C282.538 238.708 281.013 239.25 279.029 239.25ZM278.829 231.975C279.713 231.975 280.446 231.75 281.029 231.3C281.629 230.833 282.071 230.242 282.354 229.525C282.654 228.808 282.804 228.05 282.804 227.25C282.804 226.45 282.654 225.692 282.354 224.975C282.071 224.242 281.629 223.65 281.029 223.2C280.446 222.75 279.713 222.525 278.829 222.525C277.946 222.525 277.204 222.75 276.604 223.2C276.004 223.65 275.554 224.242 275.254 224.975C274.971 225.692 274.829 226.45 274.829 227.25C274.829 228.05 274.971 228.808 275.254 229.525C275.554 230.242 276.004 230.833 276.604 231.3C277.204 231.75 277.946 231.975 278.829 231.975ZM299.605 215.5V234H297.205V219.65L293.73 219.675V218.275L294.355 218.075C295.239 217.792 295.947 217.483 296.48 217.15C297.03 216.817 297.539 216.358 298.005 215.775L298.23 215.5H299.605ZM309.111 237.775L317.786 213.4H320.061L311.386 237.775H309.111ZM328.471 234V232.275L332.521 228.525C333.655 227.475 334.646 226.558 335.496 225.775C336.363 224.975 337.038 224.2 337.521 223.45C338.005 222.7 338.246 221.875 338.246 220.975C338.246 220.225 338.063 219.592 337.696 219.075C337.346 218.558 336.888 218.167 336.321 217.9C335.771 217.617 335.196 217.475 334.596 217.475C333.813 217.475 333.171 217.608 332.671 217.875C332.171 218.142 331.788 218.475 331.521 218.875C331.255 219.258 331.063 219.65 330.946 220.05C330.83 220.433 330.763 220.758 330.746 221.025C330.73 221.292 330.721 221.425 330.721 221.425H328.371C328.371 221.425 328.38 221.275 328.396 220.975C328.413 220.675 328.471 220.292 328.571 219.825C328.688 219.358 328.871 218.867 329.121 218.35C329.371 217.817 329.721 217.317 330.171 216.85C330.638 216.383 331.23 216 331.946 215.7C332.68 215.4 333.571 215.25 334.621 215.25C335.688 215.25 336.68 215.475 337.596 215.925C338.53 216.358 339.28 217 339.846 217.85C340.413 218.683 340.696 219.708 340.696 220.925C340.696 222.042 340.413 223.058 339.846 223.975C339.296 224.875 338.563 225.758 337.646 226.625C336.73 227.492 335.73 228.425 334.646 229.425L332.096 231.775H341.096V234H328.471ZM351.18 234.225C350.03 234.225 349.014 233.975 348.13 233.475C347.247 232.958 346.505 232.267 345.905 231.4C345.322 230.517 344.872 229.5 344.555 228.35C344.255 227.2 344.105 225.992 344.105 224.725C344.105 223.442 344.255 222.233 344.555 221.1C344.872 219.95 345.322 218.933 345.905 218.05C346.505 217.167 347.247 216.475 348.13 215.975C349.014 215.475 350.03 215.225 351.18 215.225C352.33 215.225 353.347 215.475 354.23 215.975C355.114 216.475 355.847 217.167 356.43 218.05C357.03 218.933 357.48 219.95 357.78 221.1C358.097 222.233 358.255 223.442 358.255 224.725C358.255 225.992 358.097 227.2 357.78 228.35C357.48 229.5 357.03 230.517 356.43 231.4C355.847 232.267 355.114 232.958 354.23 233.475C353.347 233.975 352.33 234.225 351.18 234.225ZM351.18 231.975C352.497 231.975 353.58 231.367 354.43 230.15C355.297 228.917 355.73 227.108 355.73 224.725C355.73 222.342 355.297 220.542 354.43 219.325C353.58 218.108 352.497 217.5 351.18 217.5C349.864 217.5 348.772 218.108 347.905 219.325C347.055 220.542 346.63 222.342 346.63 224.725C346.63 227.092 347.055 228.892 347.905 230.125C348.772 231.358 349.864 231.975 351.18 231.975ZM361.65 234V232.275L365.7 228.525C366.833 227.475 367.825 226.558 368.675 225.775C369.542 224.975 370.217 224.2 370.7 223.45C371.183 222.7 371.425 221.875 371.425 220.975C371.425 220.225 371.242 219.592 370.875 219.075C370.525 218.558 370.067 218.167 369.5 217.9C368.95 217.617 368.375 217.475 367.775 217.475C366.992 217.475 366.35 217.608 365.85 217.875C365.35 218.142 364.967 218.475 364.7 218.875C364.433 219.258 364.242 219.65 364.125 220.05C364.008 220.433 363.942 220.758 363.925 221.025C363.908 221.292 363.9 221.425 363.9 221.425H361.55C361.55 221.425 361.558 221.275 361.575 220.975C361.592 220.675 361.65 220.292 361.75 219.825C361.867 219.358 362.05 218.867 362.3 218.35C362.55 217.817 362.9 217.317 363.35 216.85C363.817 216.383 364.408 216 365.125 215.7C365.858 215.4 366.75 215.25 367.8 215.25C368.867 215.25 369.858 215.475 370.775 215.925C371.708 216.358 372.458 217 373.025 217.85C373.592 218.683 373.875 219.708 373.875 220.925C373.875 222.042 373.592 223.058 373.025 223.975C372.475 224.875 371.742 225.758 370.825 226.625C369.908 227.492 368.908 228.425 367.825 229.425L365.275 231.775H374.275V234H361.65ZM384.034 234.25C382.984 234.25 382.084 234.117 381.334 233.85C380.601 233.567 379.993 233.208 379.509 232.775C379.043 232.342 378.668 231.883 378.384 231.4C378.118 230.917 377.918 230.458 377.784 230.025C377.668 229.592 377.593 229.242 377.559 228.975C377.526 228.692 377.509 228.55 377.509 228.55H379.809C379.809 228.55 379.826 228.675 379.859 228.925C379.893 229.158 379.976 229.458 380.109 229.825C380.259 230.175 380.484 230.533 380.784 230.9C381.084 231.25 381.493 231.55 382.009 231.8C382.543 232.033 383.218 232.15 384.034 232.15C385.001 232.15 385.801 231.942 386.434 231.525C387.068 231.108 387.543 230.575 387.859 229.925C388.176 229.275 388.334 228.592 388.334 227.875C388.334 227.142 388.176 226.442 387.859 225.775C387.543 225.092 387.068 224.542 386.434 224.125C385.818 223.692 385.051 223.475 384.134 223.475C383.418 223.475 382.818 223.592 382.334 223.825C381.851 224.058 381.468 224.325 381.184 224.625C380.918 224.925 380.726 225.192 380.609 225.425C380.493 225.658 380.434 225.775 380.434 225.775H378.034L379.484 215.5H389.434V217.675H381.309L380.559 222.975H380.634C380.834 222.758 381.084 222.533 381.384 222.3C381.701 222.05 382.109 221.842 382.609 221.675C383.109 221.492 383.734 221.4 384.484 221.4C385.851 221.4 386.993 221.717 387.909 222.35C388.826 222.967 389.518 223.767 389.984 224.75C390.468 225.717 390.709 226.742 390.709 227.825C390.709 228.625 390.568 229.408 390.284 230.175C390.018 230.942 389.609 231.633 389.059 232.25C388.509 232.85 387.818 233.333 386.984 233.7C386.151 234.067 385.168 234.25 384.034 234.25Z" fill="#6B7280"/>
<path d="M262.634 243H168.791C156.204 243 146 252.789 146 264.864C146 276.939 156.204 286.728 168.791 286.728H262.634C275.221 286.728 285.425 276.939 285.425 264.864C285.425 252.789 275.221 243 262.634 243Z" fill="#F5F9FF" stroke="#1E3A8A" stroke-width="1.5"/>
<path d="M172.764 273.2C171.577 273.2 170.537 272.987 169.644 272.56C168.764 272.12 168.024 271.54 167.424 270.82C166.837 270.087 166.391 269.273 166.084 268.38C165.791 267.473 165.644 266.547 165.644 265.6C165.644 264.653 165.791 263.727 166.084 262.82C166.391 261.913 166.837 261.1 167.424 260.38C168.024 259.647 168.764 259.067 169.644 258.64C170.537 258.213 171.577 258 172.764 258C173.737 258 174.571 258.127 175.264 258.38C175.971 258.633 176.557 258.96 177.024 259.36C177.504 259.747 177.884 260.16 178.164 260.6C178.457 261.04 178.671 261.46 178.804 261.86C178.951 262.26 179.051 262.587 179.104 262.84C179.157 263.08 179.184 263.2 179.184 263.2H176.844C176.844 263.2 176.817 263.1 176.764 262.9C176.724 262.687 176.624 262.427 176.464 262.12C176.317 261.813 176.091 261.513 175.784 261.22C175.491 260.913 175.097 260.66 174.604 260.46C174.124 260.247 173.517 260.14 172.784 260.14C171.997 260.14 171.304 260.293 170.704 260.6C170.117 260.907 169.624 261.32 169.224 261.84C168.824 262.36 168.524 262.947 168.324 263.6C168.137 264.253 168.044 264.92 168.044 265.6C168.044 266.28 168.137 266.947 168.324 267.6C168.524 268.24 168.824 268.827 169.224 269.36C169.624 269.88 170.117 270.293 170.704 270.6C171.304 270.907 171.997 271.06 172.784 271.06C173.517 271.06 174.124 270.96 174.604 270.76C175.097 270.547 175.491 270.287 175.784 269.98C176.091 269.673 176.317 269.367 176.464 269.06C176.624 268.753 176.724 268.5 176.764 268.3C176.817 268.087 176.844 267.98 176.844 267.98H179.184C179.184 267.98 179.157 268.107 179.104 268.36C179.051 268.613 178.951 268.94 178.804 269.34C178.671 269.727 178.457 270.147 178.164 270.6C177.884 271.04 177.504 271.46 177.024 271.86C176.557 272.247 175.971 272.567 175.264 272.82C174.571 273.073 173.737 273.2 172.764 273.2ZM181.711 273V257.8H183.991V263.94H184.111C184.204 263.753 184.364 263.527 184.591 263.26C184.818 262.98 185.131 262.733 185.531 262.52C185.944 262.307 186.464 262.2 187.091 262.2C187.878 262.2 188.538 262.38 189.071 262.74C189.604 263.1 190.004 263.58 190.271 264.18C190.551 264.78 190.691 265.44 190.691 266.16V273H188.411V266.4C188.411 265.76 188.231 265.22 187.871 264.78C187.524 264.34 187.004 264.12 186.311 264.12C185.764 264.12 185.318 264.26 184.971 264.54C184.638 264.807 184.391 265.16 184.231 265.6C184.071 266.027 183.991 266.487 183.991 266.98V273H181.711ZM194.147 261.02V260.36C194.147 260.227 194.174 260.087 194.227 259.94C194.294 259.793 194.407 259.68 194.567 259.6L194.867 259.46C195.467 259.153 195.767 258.82 195.767 258.46C195.767 258.287 195.694 258.127 195.547 257.98C195.414 257.833 195.207 257.76 194.927 257.76C194.674 257.76 194.481 257.82 194.347 257.94C194.227 258.047 194.147 258.167 194.107 258.3C194.081 258.433 194.067 258.533 194.067 258.6H192.607C192.607 258.253 192.681 257.92 192.827 257.6C192.987 257.28 193.234 257.013 193.567 256.8C193.914 256.587 194.361 256.48 194.907 256.48C195.641 256.48 196.221 256.673 196.647 257.06C197.087 257.433 197.307 257.887 197.307 258.42C197.307 259.207 196.761 259.867 195.667 260.4L195.587 260.44V261.02H194.147ZM193.727 273V262.4H196.007V273H193.727ZM199.031 273V262.4H201.311V263.94H201.431C201.524 263.753 201.684 263.527 201.911 263.26C202.137 262.98 202.451 262.733 202.851 262.52C203.264 262.307 203.784 262.2 204.411 262.2C205.197 262.2 205.857 262.38 206.391 262.74C206.924 263.1 207.324 263.58 207.591 264.18C207.871 264.78 208.011 265.44 208.011 266.16V273H205.731V266.4C205.731 265.76 205.551 265.22 205.191 264.78C204.844 264.34 204.324 264.12 203.631 264.12C203.084 264.12 202.637 264.26 202.291 264.54C201.957 264.807 201.711 265.16 201.551 265.6C201.391 266.027 201.311 266.487 201.311 266.98V273H199.031ZM210.852 273V257.8H213.132V263.94H213.252C213.345 263.753 213.505 263.527 213.732 263.26C213.958 262.98 214.272 262.733 214.672 262.52C215.085 262.307 215.605 262.2 216.232 262.2C217.018 262.2 217.678 262.38 218.212 262.74C218.745 263.1 219.145 263.58 219.412 264.18C219.692 264.78 219.832 265.44 219.832 266.16V273H217.552V266.4C217.552 265.76 217.372 265.22 217.012 264.78C216.665 264.34 216.145 264.12 215.452 264.12C214.905 264.12 214.458 264.26 214.112 264.54C213.778 264.807 213.532 265.16 213.372 265.6C213.212 266.027 213.132 266.487 213.132 266.98V273H210.852ZM231.157 273.2C230.317 273.2 229.624 273.087 229.077 272.86C228.544 272.62 228.117 272.333 227.797 272C227.477 271.653 227.237 271.307 227.077 270.96C226.931 270.613 226.837 270.327 226.797 270.1C226.757 269.86 226.737 269.74 226.737 269.74H228.957C228.957 269.74 228.977 269.827 229.017 270C229.071 270.16 229.171 270.347 229.317 270.56C229.464 270.773 229.691 270.967 229.997 271.14C230.304 271.3 230.711 271.38 231.217 271.38C231.831 271.38 232.284 271.24 232.577 270.96C232.884 270.68 233.037 270.36 233.037 270C233.037 269.653 232.911 269.38 232.657 269.18C232.404 268.98 232.044 268.827 231.577 268.72L230.137 268.4C229.577 268.267 229.051 268.087 228.557 267.86C228.077 267.62 227.684 267.307 227.377 266.92C227.084 266.52 226.937 266.007 226.937 265.38C226.937 264.46 227.284 263.7 227.977 263.1C228.671 262.5 229.604 262.2 230.777 262.2C231.537 262.2 232.164 262.307 232.657 262.52C233.164 262.733 233.564 263 233.857 263.32C234.151 263.627 234.371 263.94 234.517 264.26C234.664 264.567 234.757 264.827 234.797 265.04C234.851 265.24 234.877 265.34 234.877 265.34H232.737C232.737 265.34 232.717 265.273 232.677 265.14C232.637 265.007 232.551 264.853 232.417 264.68C232.284 264.493 232.084 264.333 231.817 264.2C231.564 264.053 231.217 263.98 230.777 263.98C230.177 263.98 229.744 264.113 229.477 264.38C229.211 264.647 229.077 264.933 229.077 265.24C229.077 265.56 229.204 265.813 229.457 266C229.724 266.173 230.071 266.307 230.497 266.4L231.917 266.72C232.864 266.933 233.644 267.287 234.257 267.78C234.871 268.26 235.177 268.96 235.177 269.88C235.177 270.493 235.017 271.053 234.697 271.56C234.391 272.053 233.937 272.453 233.337 272.76C232.737 273.053 232.011 273.2 231.157 273.2ZM241.209 261.02V260.36C241.209 260.227 241.236 260.087 241.289 259.94C241.356 259.793 241.476 259.68 241.649 259.6L241.929 259.46C242.529 259.153 242.829 258.82 242.829 258.46C242.829 258.287 242.762 258.127 242.629 257.98C242.496 257.833 242.289 257.76 242.009 257.76C241.742 257.76 241.549 257.82 241.429 257.94C241.309 258.047 241.229 258.167 241.189 258.3C241.162 258.433 241.149 258.533 241.149 258.6H239.689C239.676 258.253 239.749 257.92 239.909 257.6C240.069 257.28 240.316 257.013 240.649 256.8C240.996 256.587 241.442 256.48 241.989 256.48C242.722 256.48 243.302 256.673 243.729 257.06C244.156 257.433 244.369 257.887 244.369 258.42C244.369 259.207 243.829 259.867 242.749 260.4L242.669 260.44V261.02H241.209ZM241.089 273.2C240.022 273.2 239.189 272.867 238.589 272.2C237.989 271.533 237.689 270.647 237.689 269.54V262.4H239.969V269.26C239.969 269.9 240.136 270.4 240.469 270.76C240.816 271.107 241.282 271.28 241.869 271.28C242.442 271.28 242.902 271.133 243.249 270.84C243.596 270.547 243.842 270.173 243.989 269.72C244.149 269.253 244.229 268.773 244.229 268.28V262.4H246.009C246.542 262.4 246.809 262.127 246.809 261.58V260.32H248.729V261.62C248.729 262.273 248.556 262.787 248.209 263.16C247.876 263.533 247.376 263.72 246.709 263.72H246.509V273H244.229V271.48H244.109C244.002 271.68 243.829 271.92 243.589 272.2C243.362 272.467 243.042 272.7 242.629 272.9C242.229 273.1 241.716 273.2 241.089 273.2ZM254.216 262.2C254.883 262.2 255.436 262.307 255.876 262.52C256.329 262.733 256.689 262.98 256.956 263.26C257.223 263.54 257.416 263.78 257.536 263.98H257.656V262.4H259.936V273H257.656V271.42H257.536C257.416 271.62 257.223 271.86 256.956 272.14C256.689 272.42 256.329 272.667 255.876 272.88C255.436 273.093 254.883 273.2 254.216 273.2C253.416 273.2 252.716 273.047 252.116 272.74C251.529 272.42 251.036 272 250.636 271.48C250.236 270.947 249.936 270.353 249.736 269.7C249.549 269.047 249.456 268.38 249.456 267.7C249.456 267.02 249.549 266.353 249.736 265.7C249.936 265.047 250.236 264.46 250.636 263.94C251.036 263.407 251.529 262.987 252.116 262.68C252.716 262.36 253.416 262.2 254.216 262.2ZM254.716 264.1C254.063 264.1 253.516 264.28 253.076 264.64C252.636 264.987 252.303 265.433 252.076 265.98C251.863 266.527 251.756 267.1 251.756 267.7C251.756 268.3 251.863 268.873 252.076 269.42C252.303 269.967 252.636 270.42 253.076 270.78C253.516 271.127 254.063 271.3 254.716 271.3C255.369 271.3 255.909 271.127 256.336 270.78C256.776 270.42 257.103 269.967 257.316 269.42C257.543 268.873 257.656 268.3 257.656 267.7C257.656 267.1 257.543 266.527 257.316 265.98C257.103 265.433 256.776 264.987 256.336 264.64C255.909 264.28 255.369 264.1 254.716 264.1Z" fill="#2B4FD6"/>
<path d="M26.32 315V302.88H21.78V300.2H33.94V302.88H29.4V315H26.32ZM36.0709 315V300.2H39.1509V306.1H44.9109V300.2H47.9909V315H44.9109V308.78H39.1509V315H36.0709ZM55.9794 298.74L53.7994 295.12H56.6194L58.2394 298.72L55.9794 298.74ZM49.9594 315L54.9994 300.2H59.0994L64.1394 315H60.8994L59.9394 312.1H54.1594L53.1994 315H49.9594ZM54.9994 309.42H59.0994L57.0594 303.24L54.9994 309.42ZM66.0905 315V300.2H68.9105L75.2905 309.64V300.2H78.3505V315H75.4905L69.1505 305.82V315H66.0905ZM81.0709 315V300.2H84.1509V306.1H89.9109V300.2H92.9909V315H89.9109V308.78H84.1509V315H81.0709ZM104.289 315V302.88H99.7488V300.2H111.909V302.88H107.369V315H104.289ZM116.8 298.74L114.56 298.72L116.16 295.12H119L116.8 298.74ZM114.12 315V300.2H117.2V315H114.12ZM126.777 315.2C125.55 315.2 124.477 314.987 123.557 314.56C122.65 314.12 121.89 313.54 121.277 312.82C120.663 312.087 120.203 311.267 119.897 310.36C119.59 309.453 119.437 308.527 119.437 307.58C119.437 306.647 119.59 305.727 119.897 304.82C120.203 303.913 120.663 303.1 121.277 302.38C121.89 301.647 122.65 301.067 123.557 300.64C124.477 300.213 125.55 300 126.777 300C127.803 300 128.677 300.133 129.397 300.4C130.13 300.653 130.737 300.987 131.217 301.4C131.71 301.8 132.103 302.233 132.397 302.7C132.703 303.153 132.93 303.587 133.077 304C133.223 304.4 133.317 304.733 133.357 305C133.41 305.253 133.437 305.38 133.437 305.38H130.377C130.377 305.38 130.35 305.293 130.297 305.12C130.257 304.933 130.17 304.713 130.037 304.46C129.903 304.193 129.703 303.933 129.437 303.68C129.183 303.427 128.837 303.213 128.397 303.04C127.97 302.853 127.437 302.76 126.797 302.76C125.877 302.76 125.103 303 124.477 303.48C123.863 303.947 123.397 304.547 123.077 305.28C122.77 306.013 122.617 306.78 122.617 307.58C122.617 308.38 122.77 309.153 123.077 309.9C123.397 310.633 123.863 311.24 124.477 311.72C125.103 312.187 125.877 312.42 126.797 312.42C127.437 312.42 127.97 312.333 128.397 312.16C128.837 311.987 129.183 311.773 129.437 311.52C129.703 311.253 129.903 310.993 130.037 310.74C130.17 310.473 130.257 310.253 130.297 310.08C130.35 309.907 130.377 309.82 130.377 309.82H133.437C133.437 309.82 133.41 309.953 133.357 310.22C133.317 310.473 133.223 310.807 133.077 311.22C132.93 311.62 132.703 312.053 132.397 312.52C132.103 312.973 131.71 313.407 131.217 313.82C130.737 314.22 130.13 314.553 129.397 314.82C128.677 315.073 127.803 315.2 126.777 315.2ZM135.602 315V300.2H138.682V306.1H144.442V300.2H147.522V315H144.442V308.78H138.682V315H135.602Z" fill="#9AA0B8"/>
<rect y="533" width="441" height="1.5" rx="0.75" fill="#E2E6EA"/>
<rect x="-13" y="667" width="441" height="1.5" rx="0.75" fill="#E2E6EA"/>
<rect x="-3" y="600" width="441" height="1.5" rx="0.75" fill="#E2E6EA"/>
<rect x="-16" y="734" width="441" height="1.5" rx="0.75" fill="#E2E6EA"/>
<path d="M49.8656 617.754C50.2853 616.749 51.7147 616.749 52.1344 617.754L56.7782 628.871C56.9551 629.294 57.3552 629.584 57.8144 629.62L69.8678 630.583C70.9572 630.67 71.3989 632.023 70.5689 632.731L61.3855 640.564C61.0356 640.863 60.8828 641.331 60.9897 641.777L63.7954 653.489C64.049 654.547 62.8925 655.384 61.9598 654.817L51.6404 648.541C51.2473 648.302 50.7527 648.302 50.3596 648.541L40.0402 654.817C39.1075 655.384 37.951 654.547 38.2046 653.489L41.0103 641.777C41.1172 641.331 40.9644 640.863 40.6145 640.564L31.4311 632.731C30.6011 632.023 31.0428 630.67 32.1322 630.583L44.1856 629.62C44.6448 629.584 45.0449 629.294 45.2218 628.871L49.8656 617.754Z" stroke="#0F172A" stroke-width="1.5" stroke-linecap="round" stroke-linejoin="round"/>
<path d="M49.7833 709.465L61.7272 721.409C63.8485 723.53 67.2878 723.53 69.409 721.409C71.5303 719.288 71.5303 715.849 69.409 713.727L57.3707 701.689M49.7833 709.465L54.8965 703.256C55.5439 702.47 56.4097 701.975 57.3707 701.689M49.7833 709.465L40.2475 721.044C39.2561 722.248 37.7784 722.945 36.2189 722.945C33.3366 722.945 31 720.609 31 717.727C31 716.167 31.6974 714.689 32.9012 713.698L46.9057 702.165M57.3707 701.689C58.4961 701.353 59.7521 701.303 60.9404 701.403C61.1998 701.425 61.4622 701.436 61.7272 701.436C66.8183 701.436 70.9454 697.309 70.9454 692.218C70.9454 690.866 70.6541 689.581 70.1308 688.424L63.4196 695.135C61.1342 694.61 59.3352 692.811 58.8105 690.526L65.5219 683.815C64.3646 683.291 63.0799 683 61.7272 683C56.6362 683 52.5091 687.127 52.5091 692.218C52.5091 692.483 52.5203 692.746 52.5422 693.005C52.7284 695.208 52.396 697.643 50.6893 699.049L50.4802 699.221M46.9057 702.165L38.4954 693.755H35.6091L31 686.073L34.0727 683L41.7545 687.609V690.495L50.4802 699.221M46.9057 702.165L50.4802 699.221M64.0318 716.032L58.6545 710.655M36.3614 717.568H36.3767V717.584H36.3614V717.568Z" stroke="#0F172A" stroke-width="1.5" stroke-linecap="round" stroke-linejoin="round"/>
<path d="M60.0938 767.625V759.031C60.0938 756.184 57.7852 753.875 54.9375 753.875L41.1875 753.875C38.3398 753.875 36.0313 756.184 36.0313 759.031L36.0312 789.969C36.0312 792.816 38.3398 795.125 41.1875 795.125H54.9375C57.7852 795.125 60.0937 792.816 60.0938 789.969V781.375M66.9688 781.375L73.8438 774.5M73.8438 774.5L66.9688 767.625M73.8438 774.5L44.625 774.5" stroke="#0F172A" stroke-width="1.5" stroke-linecap="round" stroke-linejoin="round"/>
<path d="M99.98 368V349.82H93.17V345.8H111.41V349.82H104.6V368H99.98ZM114.606 368V345.2H119.166V354.38H119.316C119.496 354.06 119.756 353.7 120.096 353.3C120.456 352.9 120.926 352.55 121.506 352.25C122.106 351.95 122.866 351.8 123.786 351.8C125.026 351.8 126.036 352.09 126.816 352.67C127.596 353.23 128.166 353.96 128.526 354.86C128.886 355.74 129.066 356.67 129.066 357.65V368H124.506V358.43C124.506 357.67 124.296 357 123.876 356.42C123.476 355.84 122.826 355.55 121.926 355.55C121.246 355.55 120.706 355.71 120.306 356.03C119.906 356.35 119.616 356.76 119.436 357.26C119.256 357.76 119.166 358.29 119.166 358.85V368H114.606ZM138.983 349.91L135.713 344.48H139.943L142.373 349.88L138.983 349.91ZM139.223 351.8C140.243 351.8 141.083 351.97 141.743 352.31C142.403 352.63 142.903 352.98 143.243 353.36C143.603 353.74 143.823 354 143.903 354.14H144.143V352.1H148.703V368H144.143V365.96H143.903C143.823 366.1 143.603 366.36 143.243 366.74C142.903 367.12 142.403 367.48 141.743 367.82C141.083 368.14 140.243 368.3 139.223 368.3C138.043 368.3 137.013 368.07 136.133 367.61C135.273 367.13 134.553 366.5 133.973 365.72C133.393 364.92 132.953 364.03 132.653 363.05C132.373 362.07 132.233 361.07 132.233 360.05C132.233 359.03 132.373 358.03 132.653 357.05C132.953 356.07 133.393 355.19 133.973 354.41C134.553 353.61 135.273 352.98 136.133 352.52C137.013 352.04 138.043 351.8 139.223 351.8ZM140.543 355.49C139.723 355.49 139.033 355.72 138.473 356.18C137.933 356.62 137.523 357.19 137.243 357.89C136.983 358.59 136.853 359.31 136.853 360.05C136.853 360.79 136.983 361.51 137.243 362.21C137.523 362.91 137.933 363.49 138.473 363.95C139.033 364.39 139.723 364.61 140.543 364.61C141.363 364.61 142.043 364.39 142.583 363.95C143.143 363.49 143.553 362.91 143.813 362.21C144.093 361.51 144.233 360.79 144.233 360.05C144.233 359.31 144.093 358.59 143.813 357.89C143.553 357.19 143.143 356.62 142.583 356.18C142.043 355.72 141.363 355.49 140.543 355.49ZM152.363 368V352.1H156.923V354.38H157.073C157.253 354.06 157.513 353.7 157.853 353.3C158.213 352.9 158.683 352.55 159.263 352.25C159.863 351.95 160.623 351.8 161.543 351.8C162.783 351.8 163.793 352.09 164.573 352.67C165.353 353.23 165.923 353.96 166.283 354.86C166.643 355.74 166.823 356.67 166.823 357.65V368H162.263V358.43C162.263 357.67 162.053 357 161.633 356.42C161.233 355.84 160.583 355.55 159.683 355.55C159.003 355.55 158.463 355.71 158.063 356.03C157.663 356.35 157.373 356.76 157.193 357.26C157.013 357.76 156.923 358.29 156.923 358.85V368H152.363ZM170.593 368V345.2H175.153V354.38H175.303C175.483 354.06 175.743 353.7 176.083 353.3C176.443 352.9 176.913 352.55 177.493 352.25C178.093 351.95 178.853 351.8 179.773 351.8C181.013 351.8 182.023 352.09 182.803 352.67C183.583 353.23 184.153 353.96 184.513 354.86C184.873 355.74 185.053 356.67 185.053 357.65V368H180.493V358.43C180.493 357.67 180.283 357 179.863 356.42C179.463 355.84 178.813 355.55 177.913 355.55C177.233 355.55 176.693 355.71 176.293 356.03C175.893 356.35 175.603 356.76 175.423 357.26C175.243 357.76 175.153 358.29 175.153 358.85V368H170.593ZM202.869 368.3C201.629 368.3 200.639 368.12 199.899 367.76C199.159 367.38 198.599 366.91 198.219 366.35C197.839 365.77 197.589 365.16 197.469 364.52C197.349 363.88 197.289 363.29 197.289 362.75V355.73H194.589V352.1H197.289V348.17H201.849V352.1H205.239V355.73H201.849V362.63C201.849 363.29 202.019 363.8 202.359 364.16C202.719 364.52 203.309 364.7 204.129 364.7C204.489 364.7 204.819 364.67 205.119 364.61C205.419 364.55 205.569 364.52 205.569 364.52V368.03C205.569 368.03 205.299 368.07 204.759 368.15C204.219 368.25 203.589 368.3 202.869 368.3ZM213.113 349.91L209.753 349.88L212.153 344.48H216.413L213.113 349.91ZM209.123 368V352.1H213.683V368H209.123ZM225.736 368.3C224.336 368.3 223.116 368.07 222.076 367.61C221.036 367.13 220.176 366.5 219.496 365.72C218.816 364.94 218.306 364.06 217.966 363.08C217.626 362.08 217.456 361.07 217.456 360.05C217.456 359.03 217.626 358.03 217.966 357.05C218.306 356.07 218.816 355.19 219.496 354.41C220.176 353.61 221.036 352.98 222.076 352.52C223.116 352.04 224.336 351.8 225.736 351.8C227.156 351.8 228.326 352.01 229.246 352.43C230.166 352.83 230.896 353.34 231.436 353.96C231.996 354.56 232.406 355.17 232.666 355.79C232.926 356.39 233.086 356.9 233.146 357.32C233.226 357.72 233.266 357.92 233.266 357.92H229.006C229.006 357.92 228.966 357.8 228.886 357.56C228.826 357.3 228.686 357.01 228.466 356.69C228.266 356.35 227.956 356.06 227.536 355.82C227.116 355.56 226.556 355.43 225.856 355.43C224.996 355.43 224.276 355.65 223.696 356.09C223.136 356.51 222.716 357.07 222.436 357.77C222.156 358.47 222.016 359.23 222.016 360.05C222.016 360.87 222.156 361.63 222.436 362.33C222.716 363.03 223.136 363.6 223.696 364.04C224.276 364.46 224.996 364.67 225.856 364.67C226.556 364.67 227.116 364.55 227.536 364.31C227.956 364.05 228.266 363.76 228.466 363.44C228.686 363.1 228.826 362.81 228.886 362.57C228.966 362.31 229.006 362.18 229.006 362.18H233.266C233.266 362.18 233.226 362.39 233.146 362.81C233.086 363.21 232.926 363.72 232.666 364.34C232.406 364.94 231.996 365.55 231.436 366.17C230.896 366.77 230.166 367.28 229.246 367.7C228.326 368.1 227.156 368.3 225.736 368.3ZM236.833 368V345.2H241.393V354.38H241.543C241.723 354.06 241.983 353.7 242.323 353.3C242.683 352.9 243.153 352.55 243.733 352.25C244.333 351.95 245.093 351.8 246.013 351.8C247.253 351.8 248.263 352.09 249.043 352.67C249.823 353.23 250.393 353.96 250.753 354.86C251.113 355.74 251.293 356.67 251.293 357.65V368H246.733V358.43C246.733 357.67 246.523 357 246.103 356.42C245.703 355.84 245.053 355.55 244.153 355.55C243.473 355.55 242.933 355.71 242.533 356.03C242.133 356.35 241.843 356.76 241.663 357.26C241.483 357.76 241.393 358.29 241.393 358.85V368H236.833Z" fill="#1A1A2E"/>
<path d="M99.98 443V424.82H93.17V420.8H111.41V424.82H104.6V443H99.98ZM117.006 424.94C116.206 424.94 115.556 424.69 115.056 424.19C114.556 423.67 114.306 423.06 114.306 422.36C114.306 421.62 114.556 421 115.056 420.5C115.556 419.98 116.206 419.72 117.006 419.72C117.766 419.72 118.406 419.98 118.926 420.5C119.446 421 119.706 421.62 119.706 422.36C119.706 423.06 119.446 423.67 118.926 424.19C118.406 424.69 117.766 424.94 117.006 424.94ZM114.726 443V427.1H119.286V443H114.726ZM138.153 421.25L134.763 421.22L137.193 415.82H141.423L138.153 421.25ZM125.253 425.12L129.123 420.5H132.753L136.623 425.12H133.053L130.953 422.57L128.823 425.12H125.253ZM131.103 443.3C129.703 443.3 128.493 443.07 127.473 442.61C126.453 442.13 125.613 441.5 124.953 440.72C124.293 439.92 123.793 439.03 123.453 438.05C123.133 437.07 122.973 436.06 122.973 435.02C122.973 434.02 123.133 433.04 123.453 432.08C123.773 431.1 124.253 430.21 124.893 429.41C125.553 428.61 126.383 427.98 127.383 427.52C128.383 427.04 129.573 426.8 130.953 426.8C132.433 426.8 133.733 427.12 134.853 427.76C135.973 428.4 136.853 429.35 137.493 430.61C138.133 431.85 138.453 433.36 138.453 435.14V436.25H127.563C127.623 437.21 127.953 438.04 128.553 438.74C129.173 439.44 130.023 439.79 131.103 439.79C131.723 439.79 132.223 439.7 132.603 439.52C133.003 439.32 133.313 439.1 133.533 438.86C133.753 438.6 133.903 438.37 133.983 438.17C134.083 437.97 134.133 437.87 134.133 437.87H138.333C138.333 437.87 138.283 438.06 138.183 438.44C138.083 438.8 137.893 439.25 137.613 439.79C137.333 440.33 136.923 440.87 136.383 441.41C135.863 441.95 135.173 442.4 134.313 442.76C133.453 443.12 132.383 443.3 131.103 443.3ZM127.563 433.49H134.073C134.033 432.39 133.703 431.57 133.083 431.03C132.483 430.49 131.743 430.22 130.863 430.22C129.983 430.22 129.233 430.51 128.613 431.09C128.013 431.65 127.663 432.45 127.563 433.49ZM141.553 443V427.1H146.113V429.38H146.263C146.443 429.06 146.703 428.7 147.043 428.3C147.403 427.9 147.873 427.55 148.453 427.25C149.053 426.95 149.813 426.8 150.733 426.8C151.973 426.8 152.983 427.09 153.763 427.67C154.543 428.23 155.113 428.96 155.473 429.86C155.833 430.74 156.013 431.67 156.013 432.65V443H151.453V433.43C151.453 432.67 151.243 432 150.823 431.42C150.423 430.84 149.773 430.55 148.873 430.55C148.193 430.55 147.653 430.71 147.253 431.03C146.853 431.35 146.563 431.76 146.383 432.26C146.203 432.76 146.113 433.29 146.113 433.85V443H141.553ZM173.176 443.3C171.996 443.3 170.966 443.07 170.086 442.61C169.226 442.13 168.506 441.5 167.926 440.72C167.346 439.92 166.906 439.03 166.606 438.05C166.326 437.07 166.186 436.07 166.186 435.05C166.186 434.03 166.326 433.03 166.606 432.05C166.906 431.07 167.346 430.19 167.926 429.41C168.506 428.61 169.226 427.98 170.086 427.52C170.966 427.04 171.996 426.8 173.176 426.8C174.196 426.8 175.036 426.97 175.696 427.31C176.356 427.63 176.856 427.98 177.196 428.36C177.556 428.74 177.776 429 177.856 429.14H178.096V425.78H174.196V422.78H178.096V420.2H182.656V422.78H185.116V425.78H182.656V443H178.096V440.96H177.856C177.776 441.1 177.556 441.36 177.196 441.74C176.856 442.12 176.356 442.48 175.696 442.82C175.036 443.14 174.196 443.3 173.176 443.3ZM174.496 439.61C175.316 439.61 175.996 439.39 176.536 438.95C177.096 438.49 177.506 437.91 177.766 437.21C178.046 436.51 178.186 435.79 178.186 435.05C178.186 434.31 178.046 433.59 177.766 432.89C177.506 432.19 177.096 431.62 176.536 431.18C175.996 430.72 175.316 430.49 174.496 430.49C173.676 430.49 172.986 430.72 172.426 431.18C171.886 431.62 171.476 432.19 171.196 432.89C170.936 433.59 170.806 434.31 170.806 435.05C170.806 435.79 170.936 436.51 171.196 437.21C171.476 437.91 171.886 438.49 172.426 438.95C172.986 439.39 173.676 439.61 174.496 439.61ZM189.568 425.12L193.468 419.72H197.068L200.968 425.12H197.398L195.268 422L193.138 425.12H189.568ZM195.268 443.3C193.488 443.3 191.978 442.92 190.738 442.16C189.498 441.38 188.548 440.37 187.888 439.13C187.248 437.87 186.928 436.51 186.928 435.05C186.928 433.59 187.248 432.24 187.888 431C188.548 429.74 189.498 428.73 190.738 427.97C191.978 427.19 193.488 426.8 195.268 426.8C197.048 426.8 198.558 427.19 199.798 427.97C201.038 428.73 201.978 429.74 202.618 431C203.278 432.24 203.608 433.59 203.608 435.05C203.608 436.51 203.278 437.87 202.618 439.13C201.978 440.37 201.038 441.38 199.798 442.16C198.558 442.92 197.048 443.3 195.268 443.3ZM195.268 439.58C196.068 439.58 196.748 439.37 197.308 438.95C197.868 438.53 198.288 437.98 198.568 437.3C198.868 436.6 199.018 435.85 199.018 435.05C199.018 434.23 198.868 433.48 198.568 432.8C198.288 432.12 197.868 431.57 197.308 431.15C196.748 430.73 196.068 430.52 195.268 430.52C194.468 430.52 193.788 430.73 193.228 431.15C192.668 431.57 192.238 432.12 191.938 432.8C191.658 433.48 191.518 434.23 191.518 435.05C191.518 435.85 191.658 436.6 191.938 437.3C192.238 437.98 192.668 438.53 193.228 438.95C193.788 439.37 194.468 439.58 195.268 439.58ZM195.268 450.41C194.568 450.41 193.988 450.17 193.528 449.69C193.088 449.23 192.868 448.67 192.868 448.01C192.868 447.35 193.088 446.79 193.528 446.33C193.988 445.87 194.568 445.64 195.268 445.64C195.948 445.64 196.508 445.87 196.948 446.33C197.408 446.79 197.638 447.35 197.638 448.01C197.638 448.67 197.408 449.23 196.948 449.69C196.508 450.17 195.948 450.41 195.268 450.41Z" fill="#1A1A2E"/>
</g>
<path d="M103.21 582.3C101.37 582.3 99.76 581.98 98.38 581.34C97.02 580.68 95.88 579.81 94.96 578.73C94.04 577.63 93.35 576.4 92.89 575.04C92.43 573.68 92.2 572.29 92.2 570.87C92.2 569.47 92.43 568.09 92.89 566.73C93.35 565.37 94.04 564.15 94.96 563.07C95.88 561.97 97.02 561.1 98.38 560.46C99.76 559.82 101.37 559.5 103.21 559.5C104.75 559.5 106.06 559.7 107.14 560.1C108.24 560.48 109.15 560.98 109.87 561.6C110.61 562.2 111.2 562.85 111.64 563.55C112.1 564.23 112.44 564.88 112.66 565.5C112.88 566.1 113.02 566.6 113.08 567C113.16 567.38 113.2 567.57 113.2 567.57H108.61C108.61 567.57 108.57 567.44 108.49 567.18C108.43 566.9 108.3 566.57 108.1 566.19C107.9 565.79 107.6 565.4 107.2 565.02C106.82 564.64 106.3 564.32 105.64 564.06C105 563.78 104.2 563.64 103.24 563.64C101.86 563.64 100.7 564 99.76 564.72C98.84 565.42 98.14 566.32 97.66 567.42C97.2 568.52 96.97 569.67 96.97 570.87C96.97 572.07 97.2 573.23 97.66 574.35C98.14 575.45 98.84 576.36 99.76 577.08C100.7 577.78 101.86 578.13 103.24 578.13C104.2 578.13 105 578 105.64 577.74C106.3 577.48 106.82 577.16 107.2 576.78C107.6 576.38 107.9 575.99 108.1 575.61C108.3 575.21 108.43 574.88 108.49 574.62C108.57 574.36 108.61 574.23 108.61 574.23H113.2C113.2 574.23 113.16 574.43 113.08 574.83C113.02 575.21 112.88 575.71 112.66 576.33C112.44 576.93 112.1 577.58 111.64 578.28C111.2 578.96 110.61 579.61 109.87 580.23C109.15 580.83 108.24 581.33 107.14 581.73C106.06 582.11 104.75 582.3 103.21 582.3ZM122.748 563.91L119.478 558.48H123.708L126.138 563.88L122.748 563.91ZM122.988 565.8C124.008 565.8 124.848 565.97 125.508 566.31C126.168 566.63 126.668 566.98 127.008 567.36C127.368 567.74 127.588 568 127.668 568.14H127.908V566.1H132.468V582H127.908V579.96H127.668C127.588 580.1 127.368 580.36 127.008 580.74C126.668 581.12 126.168 581.48 125.508 581.82C124.848 582.14 124.008 582.3 122.988 582.3C121.808 582.3 120.778 582.07 119.898 581.61C119.038 581.13 118.318 580.5 117.738 579.72C117.158 578.92 116.718 578.03 116.418 577.05C116.138 576.07 115.998 575.07 115.998 574.05C115.998 573.03 116.138 572.03 116.418 571.05C116.718 570.07 117.158 569.19 117.738 568.41C118.318 567.61 119.038 566.98 119.898 566.52C120.778 566.04 121.808 565.8 122.988 565.8ZM124.308 569.49C123.488 569.49 122.798 569.72 122.238 570.18C121.698 570.62 121.288 571.19 121.008 571.89C120.748 572.59 120.618 573.31 120.618 574.05C120.618 574.79 120.748 575.51 121.008 576.21C121.288 576.91 121.698 577.49 122.238 577.95C122.798 578.39 123.488 578.61 124.308 578.61C125.128 578.61 125.808 578.39 126.348 577.95C126.908 577.49 127.318 576.91 127.578 576.21C127.858 575.51 127.998 574.79 127.998 574.05C127.998 573.31 127.858 572.59 127.578 571.89C127.318 571.19 126.908 570.62 126.348 570.18C125.808 569.72 125.128 569.49 124.308 569.49ZM138.829 563.94C138.029 563.94 137.379 563.69 136.879 563.19C136.379 562.67 136.129 562.06 136.129 561.36C136.129 560.62 136.379 560 136.879 559.5C137.379 558.98 138.029 558.72 138.829 558.72C139.589 558.72 140.229 558.98 140.749 559.5C141.269 560 141.529 560.62 141.529 561.36C141.529 562.06 141.269 562.67 140.749 563.19C140.229 563.69 139.589 563.94 138.829 563.94ZM136.549 582V566.1H141.109V582H136.549ZM158.7 582.3C157.52 582.3 156.49 582.07 155.61 581.61C154.75 581.13 154.03 580.5 153.45 579.72C152.87 578.92 152.43 578.03 152.13 577.05C151.85 576.07 151.71 575.07 151.71 574.05C151.71 573.03 151.85 572.03 152.13 571.05C152.43 570.07 152.87 569.19 153.45 568.41C154.03 567.61 154.75 566.98 155.61 566.52C156.49 566.04 157.52 565.8 158.7 565.8C159.72 565.8 160.56 565.97 161.22 566.31C161.88 566.63 162.38 566.98 162.72 567.36C163.08 567.74 163.3 568 163.38 568.14H163.62V564.78H159.72V561.78H163.62V559.2H168.18V561.78H170.64V564.78H168.18V582H163.62V579.96H163.38C163.3 580.1 163.08 580.36 162.72 580.74C162.38 581.12 161.88 581.48 161.22 581.82C160.56 582.14 159.72 582.3 158.7 582.3ZM160.02 578.61C160.84 578.61 161.52 578.39 162.06 577.95C162.62 577.49 163.03 576.91 163.29 576.21C163.57 575.51 163.71 574.79 163.71 574.05C163.71 573.31 163.57 572.59 163.29 571.89C163.03 571.19 162.62 570.62 162.06 570.18C161.52 569.72 160.84 569.49 160.02 569.49C159.2 569.49 158.51 569.72 157.95 570.18C157.41 570.62 157 571.19 156.72 571.89C156.46 572.59 156.33 573.31 156.33 574.05C156.33 574.79 156.46 575.51 156.72 576.21C157 576.91 157.41 577.49 157.95 577.95C158.51 578.39 159.2 578.61 160.02 578.61ZM180.882 564.09C179.762 564.09 178.852 563.92 178.152 563.58C177.472 563.22 176.942 562.79 176.562 562.29C176.202 561.77 175.942 561.25 175.782 560.73C175.622 560.21 175.522 559.78 175.482 559.44C175.462 559.08 175.452 558.9 175.452 558.9H178.452C178.452 558.9 178.462 559.03 178.482 559.29C178.522 559.55 178.612 559.85 178.752 560.19C178.912 560.51 179.152 560.8 179.472 561.06C179.812 561.3 180.282 561.42 180.882 561.42C181.482 561.42 181.942 561.3 182.262 561.06C182.602 560.8 182.842 560.51 182.982 560.19C183.122 559.85 183.202 559.55 183.222 559.29C183.262 559.03 183.282 558.9 183.282 558.9H186.282C186.282 558.9 186.272 559.08 186.252 559.44C186.232 559.78 186.142 560.21 185.982 560.73C185.822 561.25 185.552 561.77 185.172 562.29C184.792 562.79 184.252 563.22 183.552 563.58C182.872 563.92 181.982 564.09 180.882 564.09ZM179.502 565.8C180.522 565.8 181.362 565.97 182.022 566.31C182.682 566.63 183.182 566.98 183.522 567.36C183.882 567.74 184.102 568 184.182 568.14H184.422V566.1H188.982V582H184.422V579.96H184.182C184.102 580.1 183.882 580.36 183.522 580.74C183.182 581.12 182.682 581.48 182.022 581.82C181.362 582.14 180.522 582.3 179.502 582.3C178.322 582.3 177.292 582.07 176.412 581.61C175.552 581.13 174.832 580.5 174.252 579.72C173.672 578.92 173.232 578.03 172.932 577.05C172.652 576.07 172.512 575.07 172.512 574.05C172.512 573.03 172.652 572.03 172.932 571.05C173.232 570.07 173.672 569.19 174.252 568.41C174.832 567.61 175.552 566.98 176.412 566.52C177.292 566.04 178.322 565.8 179.502 565.8ZM180.822 569.49C180.002 569.49 179.312 569.72 178.752 570.18C178.212 570.62 177.802 571.19 177.522 571.89C177.262 572.59 177.132 573.31 177.132 574.05C177.132 574.79 177.262 575.51 177.522 576.21C177.802 576.91 178.212 577.49 178.752 577.95C179.312 578.39 180.002 578.61 180.822 578.61C181.642 578.61 182.322 578.39 182.862 577.95C183.422 577.49 183.832 576.91 184.092 576.21C184.372 575.51 184.512 574.79 184.512 574.05C184.512 573.31 184.372 572.59 184.092 571.89C183.832 571.19 183.422 570.62 182.862 570.18C182.322 569.72 181.642 569.49 180.822 569.49ZM180.882 589.41C180.182 589.41 179.602 589.17 179.142 588.69C178.702 588.23 178.482 587.67 178.482 587.01C178.482 586.35 178.702 585.79 179.142 585.33C179.602 584.87 180.182 584.64 180.882 584.64C181.562 584.64 182.122 584.87 182.562 585.33C183.022 585.79 183.252 586.35 183.252 587.01C183.252 587.67 183.022 588.23 182.562 588.69C182.122 589.17 181.562 589.41 180.882 589.41ZM199.73 582.3C198.49 582.3 197.5 582.12 196.76 581.76C196.02 581.38 195.46 580.91 195.08 580.35C194.7 579.77 194.45 579.16 194.33 578.52C194.21 577.88 194.15 577.29 194.15 576.75V569.73H191.45V566.1H194.15V562.17H198.71V566.1H202.1V569.73H198.71V576.63C198.71 577.29 198.88 577.8 199.22 578.16C199.58 578.52 200.17 578.7 200.99 578.7C201.35 578.7 201.68 578.67 201.98 578.61C202.28 578.55 202.43 578.52 202.43 578.52V582.03C202.43 582.03 202.16 582.07 201.62 582.15C201.08 582.25 200.45 582.3 199.73 582.3Z" fill="#1A1A2E"/>
<g filter="url(#filter1_d_45_311)">
<path d="M0 15C0 6.71573 6.71573 0 15 0H413C421.284 0 428 6.71573 428 15V44H0V15Z" fill="white"/>
</g>
<rect opacity="0.35" x="389.833" y="17.8335" width="21" height="10.3333" rx="2.16667" stroke="black"/>
<path opacity="0.4" d="M412.333 21V25C413.138 24.6612 413.661 23.8731 413.661 23C413.661 22.1269 413.138 21.3388 412.333 21Z" fill="black"/>
<rect x="391.333" y="19.3335" width="18" height="7.33333" rx="1.33333" fill="black"/>
<path fill-rule="evenodd" clip-rule="evenodd" d="M366.88 25.7574C368.342 24.6752 370.483 24.6752 371.944 25.7574C372.018 25.8156 372.06 25.8983 372.063 25.985C372.064 26.0715 372.025 26.1548 371.955 26.2154L369.666 28.2379C369.599 28.2973 369.507 28.3307 369.412 28.3307C369.317 28.3307 369.225 28.2972 369.158 28.2379L366.869 26.2154C366.799 26.1547 366.76 26.0716 366.762 25.985C366.764 25.8982 366.806 25.8156 366.88 25.7574ZM363.826 23.0602C366.975 20.4958 371.852 20.4958 375.001 23.0602C375.072 23.1203 375.112 23.2032 375.113 23.2897C375.114 23.376 375.075 23.4589 375.006 23.5201L373.684 24.691C373.547 24.8105 373.326 24.8123 373.187 24.6959C372.152 23.8763 370.807 23.4224 369.412 23.4225C368.018 23.423 366.674 23.8769 365.641 24.6959C365.501 24.8122 365.28 24.8104 365.144 24.691L363.821 23.5201C363.752 23.4589 363.712 23.3761 363.713 23.2897C363.714 23.2031 363.755 23.1203 363.826 23.0602ZM360.771 20.3697C365.602 16.3175 373.222 16.3175 378.052 20.3697C378.122 20.4299 378.162 20.5124 378.162 20.5983C378.163 20.684 378.124 20.7669 378.055 20.8277L376.73 21.9977C376.594 22.1178 376.372 22.1188 376.233 22.0006C374.393 20.4691 371.951 19.615 369.412 19.6149C366.873 19.6149 364.43 20.469 362.59 22.0006C362.451 22.119 362.229 22.1179 362.093 21.9977L360.769 20.8277C360.7 20.7669 360.661 20.684 360.661 20.5983C360.662 20.5124 360.702 20.4299 360.771 20.3697Z" fill="#A0A4AB"/>
<path fill-rule="evenodd" clip-rule="evenodd" d="M337.835 24.3335C338.465 24.3336 338.976 24.7813 338.976 25.3335V27.3335C338.975 27.8855 338.465 28.3334 337.835 28.3335H336.693C336.063 28.3335 335.552 27.8856 335.552 27.3335V25.3335C335.552 24.7812 336.063 24.3335 336.693 24.3335H337.835ZM343.161 22.3335C343.791 22.3336 344.302 22.7813 344.302 23.3335V27.3335C344.302 27.8856 343.791 28.3334 343.161 28.3335H342.02C341.389 28.3335 340.878 27.8856 340.878 27.3335V23.3335C340.878 22.7812 341.389 22.3335 342.02 22.3335H343.161ZM348.487 19.9995C349.117 19.9996 349.629 20.4474 349.629 20.9995V27.3335C349.629 27.8856 349.117 28.3334 348.487 28.3335H347.346C346.716 28.3335 346.204 27.8856 346.204 27.3335V20.9995C346.204 20.4474 346.716 19.9995 347.346 19.9995H348.487ZM353.813 17.6665C354.444 17.6666 354.955 18.1143 354.955 18.6665V27.3335C354.955 27.8856 354.444 28.3334 353.813 28.3335H352.672C352.042 28.3334 351.53 27.8856 351.53 27.3335V18.6665C351.53 18.1143 352.042 17.6666 352.672 17.6665H353.813Z" fill="#A0A4AB"/>
<g clip-path="url(#clip3_45_311)">
<path d="M39.387 21.115C39.387 20.715 39.302 20.37 39.132 20.08C38.962 19.78 38.727 19.55 38.427 19.39C38.137 19.22 37.807 19.135 37.437 19.135C37.067 19.135 36.732 19.22 36.432 19.39C36.142 19.55 35.912 19.78 35.742 20.08C35.572 20.37 35.487 20.715 35.487 21.115C35.487 21.505 35.572 21.85 35.742 22.15C35.912 22.45 36.142 22.685 36.432 22.855C36.732 23.025 37.067 23.11 37.437 23.11C37.807 23.11 38.137 23.025 38.427 22.855C38.727 22.685 38.962 22.45 39.132 22.15C39.302 21.85 39.387 21.505 39.387 21.115ZM37.257 27.97H34.542L37.917 24.01L38.292 23.875C38.042 24.135 37.787 24.31 37.527 24.4C37.267 24.48 36.952 24.52 36.582 24.52C36.182 24.52 35.792 24.44 35.412 24.28C35.032 24.12 34.687 23.89 34.377 23.59C34.077 23.29 33.837 22.93 33.657 22.51C33.477 22.09 33.387 21.625 33.387 21.115C33.387 20.295 33.567 19.6 33.927 19.03C34.297 18.46 34.787 18.03 35.397 17.74C36.007 17.44 36.687 17.29 37.437 17.29C38.187 17.29 38.867 17.44 39.477 17.74C40.087 18.03 40.572 18.46 40.932 19.03C41.302 19.6 41.487 20.295 41.487 21.115C41.487 21.635 41.387 22.12 41.187 22.57C40.987 23.01 40.742 23.42 40.452 23.8L37.257 27.97ZM43.0717 27.115C43.0717 26.775 43.1867 26.49 43.4167 26.26C43.6567 26.02 43.9517 25.9 44.3017 25.9C44.6617 25.9 44.9567 26.02 45.1867 26.26C45.4167 26.49 45.5317 26.775 45.5317 27.115C45.5317 27.435 45.4167 27.715 45.1867 27.955C44.9567 28.195 44.6617 28.315 44.3017 28.315C43.9517 28.315 43.6567 28.195 43.4167 27.955C43.1867 27.715 43.0717 27.435 43.0717 27.115ZM43.0717 21.475C43.0717 21.145 43.1867 20.86 43.4167 20.62C43.6567 20.38 43.9517 20.26 44.3017 20.26C44.6617 20.26 44.9567 20.38 45.1867 20.62C45.4167 20.86 45.5317 21.145 45.5317 21.475C45.5317 21.805 45.4167 22.09 45.1867 22.33C44.9567 22.57 44.6617 22.69 44.3017 22.69C43.9517 22.69 43.6567 22.57 43.4167 22.33C43.1867 22.09 43.0717 21.805 43.0717 21.475ZM46.6032 26.065L52.6182 17.5H54.0732V28H51.8682V25.36L52.0482 25.195V20.92L49.5732 24.46H53.3232L53.5782 24.235H55.7232V26.065H46.6032ZM57.0598 20.23V18.295L61.6648 17.32V28H59.5798V19.57L57.0598 20.23Z" fill="black"/>
</g>
<rect opacity="0.35" x="389.833" y="17.8335" width="21" height="10.3333" rx="2.16667" stroke="black"/>
<path opacity="0.4" d="M412.333 21V25C413.138 24.6612 413.661 23.8731 413.661 23C413.661 22.1269 413.138 21.3388 412.333 21Z" fill="black"/>
<rect x="391.333" y="19.3335" width="18" height="7.33333" rx="1.33333" fill="black"/>
<path fill-rule="evenodd" clip-rule="evenodd" d="M366.88 25.7574C368.342 24.6752 370.483 24.6752 371.944 25.7574C372.018 25.8156 372.06 25.8983 372.063 25.985C372.064 26.0715 372.025 26.1548 371.955 26.2154L369.666 28.2379C369.599 28.2973 369.507 28.3307 369.412 28.3307C369.317 28.3307 369.225 28.2972 369.158 28.2379L366.869 26.2154C366.799 26.1547 366.76 26.0716 366.762 25.985C366.764 25.8982 366.806 25.8156 366.88 25.7574ZM363.826 23.0602C366.975 20.4958 371.852 20.4958 375.001 23.0602C375.072 23.1203 375.112 23.2032 375.113 23.2897C375.114 23.376 375.075 23.4589 375.006 23.5201L373.684 24.691C373.547 24.8105 373.326 24.8123 373.187 24.6959C372.152 23.8763 370.807 23.4224 369.412 23.4225C368.018 23.423 366.674 23.8769 365.641 24.6959C365.501 24.8122 365.28 24.8104 365.144 24.691L363.821 23.5201C363.752 23.4589 363.712 23.3761 363.713 23.2897C363.714 23.2031 363.755 23.1203 363.826 23.0602ZM360.771 20.3697C365.602 16.3175 373.222 16.3175 378.052 20.3697C378.122 20.4299 378.162 20.5124 378.162 20.5983C378.163 20.684 378.124 20.7669 378.055 20.8277L376.73 21.9977C376.594 22.1178 376.372 22.1188 376.233 22.0006C374.393 20.4691 371.951 19.615 369.412 19.6149C366.873 19.6149 364.43 20.469 362.59 22.0006C362.451 22.119 362.229 22.1179 362.093 21.9977L360.769 20.8277C360.7 20.7669 360.661 20.684 360.661 20.5983C360.662 20.5124 360.702 20.4299 360.771 20.3697Z" fill="#A0A4AB"/>
<path fill-rule="evenodd" clip-rule="evenodd" d="M337.835 24.3335C338.465 24.3336 338.976 24.7813 338.976 25.3335V27.3335C338.975 27.8855 338.465 28.3334 337.835 28.3335H336.693C336.063 28.3335 335.552 27.8856 335.552 27.3335V25.3335C335.552 24.7812 336.063 24.3335 336.693 24.3335H337.835ZM343.161 22.3335C343.791 22.3336 344.302 22.7813 344.302 23.3335V27.3335C344.302 27.8856 343.791 28.3334 343.161 28.3335H342.02C341.389 28.3335 340.878 27.8856 340.878 27.3335V23.3335C340.878 22.7812 341.389 22.3335 342.02 22.3335H343.161ZM348.487 19.9995C349.117 19.9996 349.629 20.4474 349.629 20.9995V27.3335C349.629 27.8856 349.117 28.3334 348.487 28.3335H347.346C346.716 28.3335 346.204 27.8856 346.204 27.3335V20.9995C346.204 20.4474 346.716 19.9995 347.346 19.9995H348.487ZM353.813 17.6665C354.444 17.6666 354.955 18.1143 354.955 18.6665V27.3335C354.955 27.8856 354.444 28.3334 353.813 28.3335H352.672C352.042 28.3334 351.53 27.8856 351.53 27.3335V18.6665C351.53 18.1143 352.042 17.6666 352.672 17.6665H353.813Z" fill="#A0A4AB"/>
<g clip-path="url(#clip4_45_311)">
<path d="M39.387 21.115C39.387 20.715 39.302 20.37 39.132 20.08C38.962 19.78 38.727 19.55 38.427 19.39C38.137 19.22 37.807 19.135 37.437 19.135C37.067 19.135 36.732 19.22 36.432 19.39C36.142 19.55 35.912 19.78 35.742 20.08C35.572 20.37 35.487 20.715 35.487 21.115C35.487 21.505 35.572 21.85 35.742 22.15C35.912 22.45 36.142 22.685 36.432 22.855C36.732 23.025 37.067 23.11 37.437 23.11C37.807 23.11 38.137 23.025 38.427 22.855C38.727 22.685 38.962 22.45 39.132 22.15C39.302 21.85 39.387 21.505 39.387 21.115ZM37.257 27.97H34.542L37.917 24.01L38.292 23.875C38.042 24.135 37.787 24.31 37.527 24.4C37.267 24.48 36.952 24.52 36.582 24.52C36.182 24.52 35.792 24.44 35.412 24.28C35.032 24.12 34.687 23.89 34.377 23.59C34.077 23.29 33.837 22.93 33.657 22.51C33.477 22.09 33.387 21.625 33.387 21.115C33.387 20.295 33.567 19.6 33.927 19.03C34.297 18.46 34.787 18.03 35.397 17.74C36.007 17.44 36.687 17.29 37.437 17.29C38.187 17.29 38.867 17.44 39.477 17.74C40.087 18.03 40.572 18.46 40.932 19.03C41.302 19.6 41.487 20.295 41.487 21.115C41.487 21.635 41.387 22.12 41.187 22.57C40.987 23.01 40.742 23.42 40.452 23.8L37.257 27.97ZM43.0717 27.115C43.0717 26.775 43.1867 26.49 43.4167 26.26C43.6567 26.02 43.9517 25.9 44.3017 25.9C44.6617 25.9 44.9567 26.02 45.1867 26.26C45.4167 26.49 45.5317 26.775 45.5317 27.115C45.5317 27.435 45.4167 27.715 45.1867 27.955C44.9567 28.195 44.6617 28.315 44.3017 28.315C43.9517 28.315 43.6567 28.195 43.4167 27.955C43.1867 27.715 43.0717 27.435 43.0717 27.115ZM43.0717 21.475C43.0717 21.145 43.1867 20.86 43.4167 20.62C43.6567 20.38 43.9517 20.26 44.3017 20.26C44.6617 20.26 44.9567 20.38 45.1867 20.62C45.4167 20.86 45.5317 21.145 45.5317 21.475C45.5317 21.805 45.4167 22.09 45.1867 22.33C44.9567 22.57 44.6617 22.69 44.3017 22.69C43.9517 22.69 43.6567 22.57 43.4167 22.33C43.1867 22.09 43.0717 21.805 43.0717 21.475ZM46.6032 26.065L52.6182 17.5H54.0732V28H51.8682V25.36L52.0482 25.195V20.92L49.5732 24.46H53.3232L53.5782 24.235H55.7232V26.065H46.6032ZM57.0598 20.23V18.295L61.6648 17.32V28H59.5798V19.57L57.0598 20.23Z" fill="black"/>
</g>
<path fill-rule="evenodd" clip-rule="evenodd" d="M351.982 843.828C349.452 843.818 347.031 844.826 345.244 846.621C343.456 848.419 342.451 850.861 342.451 853.399C342.441 857.277 344.756 860.782 348.319 862.277C351.874 863.762 355.977 862.952 358.709 860.207C361.435 857.472 362.255 853.341 360.782 849.756C359.307 846.174 355.829 843.828 351.982 843.828ZM346.914 841.016C351.884 838.946 357.617 840.098 361.415 843.936C365.225 847.764 366.357 853.537 364.287 858.537C362.227 863.547 357.362 866.81 351.982 866.8C344.639 866.78 338.691 860.792 338.691 853.399L338.711 852.824C338.926 847.631 342.119 843.018 346.914 841.016ZM346.709 871.917C350.302 871.615 353.917 871.615 357.509 871.917C359.472 872.055 361.425 872.337 363.34 872.777C367.49 873.617 370.205 875.268 371.338 877.688C372.245 879.69 372.218 882.005 371.27 883.998C370.118 886.421 367.402 888.071 363.182 888.931C361.28 889.358 359.335 889.633 357.372 889.761C355.214 890.003 353.379 890.003 351.669 890.003H350.997C350.029 889.896 349.297 889.076 349.297 888.101C349.297 887.123 350.029 886.303 350.997 886.196H352.489C353.984 886.176 355.497 886.108 357.002 885.981C358.779 885.863 360.547 885.608 362.295 885.228C365.282 884.573 367.167 883.625 367.755 882.368C368.212 881.41 368.212 880.295 367.755 879.34C367.167 878.06 365.282 877.073 362.352 876.478C360.585 876.078 358.789 875.813 356.982 875.705C353.604 875.393 350.204 875.393 346.826 875.705C345.039 875.823 343.261 876.068 341.514 876.448C338.513 877.113 336.658 878.06 336.053 879.31C335.828 879.788 335.721 880.305 335.721 880.833C335.721 881.36 335.828 881.888 336.053 882.368C337.088 883.803 338.671 884.731 340.419 884.946L340.674 885.013C341.249 885.208 341.699 885.678 341.874 886.283C342.079 886.956 341.884 887.698 341.376 888.198C340.869 888.696 340.126 888.861 339.461 888.636C336.638 888.178 334.168 886.488 332.703 884.018C331.766 882.025 331.766 879.7 332.703 877.708C333.866 875.218 336.571 873.617 340.751 872.757C342.714 872.327 344.706 872.055 346.709 871.917Z" fill="#0961F5"/>
<path d="M429 44H0V260.067H429V44Z" fill="#EEF2FF"/>
<path d="M167.277 201V175.1H179.247C180.927 175.1 182.339 175.392 183.482 175.975C184.649 176.558 185.536 177.34 186.142 178.32C186.749 179.277 187.052 180.338 187.052 181.505C187.052 182.648 186.842 183.605 186.422 184.375C186.002 185.122 185.489 185.728 184.882 186.195C184.299 186.638 183.727 186.942 183.167 187.105V187.385C183.797 187.525 184.497 187.828 185.267 188.295C186.037 188.762 186.702 189.427 187.262 190.29C187.822 191.153 188.102 192.273 188.102 193.65C188.102 194.863 187.811 196.03 187.227 197.15C186.667 198.27 185.746 199.192 184.462 199.915C183.202 200.638 181.557 201 179.527 201H167.277ZM178.337 179.615H172.667V185.635H178.337C179.551 185.635 180.437 185.343 180.997 184.76C181.557 184.177 181.837 183.465 181.837 182.625C181.837 181.808 181.557 181.108 180.997 180.525C180.437 179.918 179.551 179.615 178.337 179.615ZM178.757 189.765H172.667V196.485H178.757C180.134 196.485 181.126 196.158 181.732 195.505C182.362 194.828 182.677 194.023 182.677 193.09C182.677 192.18 182.362 191.398 181.732 190.745C181.126 190.092 180.134 189.765 178.757 189.765ZM203.327 179.895L199.372 179.86L202.207 173.56H207.142L203.327 179.895ZM199.722 182.1C200.912 182.1 201.892 182.298 202.662 182.695C203.432 183.068 204.015 183.477 204.412 183.92C204.832 184.363 205.089 184.667 205.182 184.83H205.462V182.45H210.782V201H205.462V198.62H205.182C205.089 198.783 204.832 199.087 204.412 199.53C204.015 199.973 203.432 200.393 202.662 200.79C201.892 201.163 200.912 201.35 199.722 201.35C198.345 201.35 197.144 201.082 196.117 200.545C195.114 199.985 194.274 199.25 193.597 198.34C192.92 197.407 192.407 196.368 192.057 195.225C191.73 194.082 191.567 192.915 191.567 191.725C191.567 190.535 191.73 189.368 192.057 188.225C192.407 187.082 192.92 186.055 193.597 185.145C194.274 184.212 195.114 183.477 196.117 182.94C197.144 182.38 198.345 182.1 199.722 182.1ZM201.262 186.405C200.305 186.405 199.5 186.673 198.847 187.21C198.217 187.723 197.739 188.388 197.412 189.205C197.109 190.022 196.957 190.862 196.957 191.725C196.957 192.588 197.109 193.428 197.412 194.245C197.739 195.062 198.217 195.738 198.847 196.275C199.5 196.788 200.305 197.045 201.262 197.045C202.219 197.045 203.012 196.788 203.642 196.275C204.295 195.738 204.774 195.062 205.077 194.245C205.404 193.428 205.567 192.588 205.567 191.725C205.567 190.862 205.404 190.022 205.077 189.205C204.774 188.388 204.295 187.723 203.642 187.21C203.012 186.673 202.219 186.405 201.262 186.405ZM224.57 201.35C222.937 201.35 221.513 201.082 220.3 200.545C219.087 199.985 218.083 199.25 217.29 198.34C216.497 197.43 215.902 196.403 215.505 195.26C215.108 194.093 214.91 192.915 214.91 191.725C214.91 190.535 215.108 189.368 215.505 188.225C215.902 187.082 216.497 186.055 217.29 185.145C218.083 184.212 219.087 183.477 220.3 182.94C221.513 182.38 222.937 182.1 224.57 182.1C226.227 182.1 227.592 182.345 228.665 182.835C229.738 183.302 230.59 183.897 231.22 184.62C231.873 185.32 232.352 186.032 232.655 186.755C232.958 187.455 233.145 188.05 233.215 188.54C233.308 189.007 233.355 189.24 233.355 189.24H228.385C228.385 189.24 228.338 189.1 228.245 188.82C228.175 188.517 228.012 188.178 227.755 187.805C227.522 187.408 227.16 187.07 226.67 186.79C226.18 186.487 225.527 186.335 224.71 186.335C223.707 186.335 222.867 186.592 222.19 187.105C221.537 187.595 221.047 188.248 220.72 189.065C220.393 189.882 220.23 190.768 220.23 191.725C220.23 192.682 220.393 193.568 220.72 194.385C221.047 195.202 221.537 195.867 222.19 196.38C222.867 196.87 223.707 197.115 224.71 197.115C225.527 197.115 226.18 196.975 226.67 196.695C227.16 196.392 227.522 196.053 227.755 195.68C228.012 195.283 228.175 194.945 228.245 194.665C228.338 194.362 228.385 194.21 228.385 194.21H233.355C233.355 194.21 233.308 194.455 233.215 194.945C233.145 195.412 232.958 196.007 232.655 196.73C232.352 197.43 231.873 198.142 231.22 198.865C230.59 199.565 229.738 200.16 228.665 200.65C227.592 201.117 226.227 201.35 224.57 201.35ZM244.253 201L253.073 175.1H260.248L269.068 201H263.398L261.753 195.925H251.603L249.923 201H244.253ZM253.108 191.235H260.248L256.678 180.42L253.108 191.235Z" fill="#1E3A8A"/>
<path d="M52.4869 234V217.65H46.7119V215.5H60.7119V217.65H54.9369V234H52.4869ZM63.8467 234V215H66.2217V222.675H66.3717C66.4883 222.475 66.68 222.2 66.9467 221.85C67.23 221.5 67.63 221.192 68.1467 220.925C68.6633 220.642 69.3133 220.5 70.0967 220.5C71.0633 220.5 71.8883 220.725 72.5717 221.175C73.255 221.608 73.7717 222.2 74.1217 222.95C74.4883 223.7 74.6717 224.542 74.6717 225.475V234H72.2967V225.625C72.2967 224.742 72.0467 224.008 71.5467 223.425C71.0633 222.842 70.355 222.55 69.4217 222.55C68.6717 222.55 68.0633 222.742 67.5967 223.125C67.13 223.492 66.78 223.983 66.5467 224.6C66.33 225.2 66.2217 225.842 66.2217 226.525V234H63.8467ZM83.6969 218.75L81.1219 214.225H83.5719L85.7219 218.725L83.6969 218.75ZM84.0469 220.5C84.8802 220.5 85.5802 220.633 86.1469 220.9C86.7135 221.167 87.1719 221.483 87.5219 221.85C87.8719 222.2 88.1385 222.533 88.3219 222.85H88.4719V220.75H90.8469V234H88.4719V231.9H88.3219C88.1385 232.217 87.8719 232.558 87.5219 232.925C87.1719 233.292 86.7135 233.608 86.1469 233.875C85.5802 234.125 84.8802 234.25 84.0469 234.25C83.0469 234.25 82.1719 234.058 81.4219 233.675C80.6719 233.275 80.0469 232.75 79.5469 232.1C79.0469 231.433 78.6719 230.692 78.4219 229.875C78.1719 229.058 78.0469 228.225 78.0469 227.375C78.0469 226.525 78.1719 225.692 78.4219 224.875C78.6719 224.058 79.0469 223.325 79.5469 222.675C80.0469 222.008 80.6719 221.483 81.4219 221.1C82.1719 220.7 83.0469 220.5 84.0469 220.5ZM84.4469 222.525C83.5635 222.525 82.8219 222.767 82.2219 223.25C81.6219 223.717 81.1719 224.317 80.8719 225.05C80.5885 225.783 80.4469 226.558 80.4469 227.375C80.4469 228.175 80.5885 228.95 80.8719 229.7C81.1719 230.433 81.6219 231.042 82.2219 231.525C82.8219 231.992 83.5635 232.225 84.4469 232.225C85.3302 232.225 86.0635 231.992 86.6469 231.525C87.2469 231.042 87.6885 230.433 87.9719 229.7C88.2719 228.95 88.4219 228.175 88.4219 227.375C88.4219 226.558 88.2719 225.783 87.9719 225.05C87.6885 224.317 87.2469 223.717 86.6469 223.25C86.0635 222.767 85.3302 222.525 84.4469 222.525ZM94.5049 234V220.75H96.8799V222.675H97.0299C97.1465 222.475 97.3382 222.2 97.6049 221.85C97.8882 221.5 98.2882 221.192 98.8049 220.925C99.3215 220.642 99.9715 220.5 100.755 220.5C101.722 220.5 102.547 220.725 103.23 221.175C103.913 221.608 104.43 222.2 104.78 222.95C105.147 223.7 105.33 224.542 105.33 225.475V234H102.955V225.625C102.955 224.742 102.705 224.008 102.205 223.425C101.722 222.842 101.013 222.55 100.08 222.55C99.3299 222.55 98.7215 222.742 98.2549 223.125C97.7882 223.492 97.4382 223.983 97.2049 224.6C96.9882 225.2 96.8799 225.842 96.8799 226.525V234H94.5049ZM109.086 234V215H111.461V222.675H111.611C111.728 222.475 111.919 222.2 112.186 221.85C112.469 221.5 112.869 221.192 113.386 220.925C113.903 220.642 114.553 220.5 115.336 220.5C116.303 220.5 117.128 220.725 117.811 221.175C118.494 221.608 119.011 222.2 119.361 222.95C119.728 223.7 119.911 224.542 119.911 225.475V234H117.536V225.625C117.536 224.742 117.286 224.008 116.786 223.425C116.303 222.842 115.594 222.55 114.661 222.55C113.911 222.55 113.303 222.742 112.836 223.125C112.369 223.492 112.019 223.983 111.786 224.6C111.569 225.2 111.461 225.842 111.461 226.525V234H109.086ZM133.348 234L128.298 220.75H130.773L134.648 231.1L138.448 220.75H140.948L135.873 234H133.348ZM145.127 218.225C144.677 218.225 144.302 218.075 144.002 217.775C143.719 217.475 143.577 217.117 143.577 216.7C143.577 216.267 143.719 215.9 144.002 215.6C144.302 215.3 144.677 215.15 145.127 215.15C145.56 215.15 145.927 215.3 146.227 215.6C146.527 215.9 146.677 216.267 146.677 216.7C146.677 217.117 146.527 217.475 146.227 217.775C145.927 218.075 145.56 218.225 145.127 218.225ZM143.952 234V220.75H146.327V234H143.952ZM152.194 218.875L155.219 214.7H157.244L160.269 218.875H158.119L156.219 216.2L154.344 218.875H152.194ZM156.319 234.25C155.236 234.25 154.294 234.058 153.494 233.675C152.711 233.275 152.061 232.742 151.544 232.075C151.044 231.408 150.669 230.675 150.419 229.875C150.169 229.058 150.044 228.225 150.044 227.375C150.044 226.542 150.161 225.717 150.394 224.9C150.644 224.083 151.019 223.342 151.519 222.675C152.036 222.008 152.677 221.483 153.444 221.1C154.227 220.7 155.152 220.5 156.219 220.5C157.352 220.5 158.352 220.758 159.219 221.275C160.086 221.792 160.769 222.558 161.269 223.575C161.769 224.592 162.019 225.867 162.019 227.4V228.1H152.444C152.494 228.85 152.669 229.542 152.969 230.175C153.286 230.792 153.727 231.292 154.294 231.675C154.861 232.042 155.536 232.225 156.319 232.225C157.002 232.225 157.552 232.117 157.969 231.9C158.402 231.667 158.744 231.4 158.994 231.1C159.244 230.8 159.411 230.542 159.494 230.325C159.594 230.092 159.644 229.975 159.644 229.975H161.869C161.869 229.975 161.827 230.125 161.744 230.425C161.661 230.708 161.511 231.058 161.294 231.475C161.077 231.892 160.761 232.317 160.344 232.75C159.927 233.167 159.394 233.525 158.744 233.825C158.094 234.108 157.286 234.25 156.319 234.25ZM152.469 226.25H159.694C159.661 225.383 159.477 224.683 159.144 224.15C158.811 223.6 158.386 223.192 157.869 222.925C157.352 222.658 156.802 222.525 156.219 222.525C155.169 222.525 154.311 222.867 153.644 223.55C152.977 224.217 152.586 225.117 152.469 226.25ZM165.403 234V220.75H167.778V222.675H167.928C168.045 222.475 168.237 222.2 168.503 221.85C168.787 221.5 169.187 221.192 169.703 220.925C170.22 220.642 170.87 220.5 171.653 220.5C172.62 220.5 173.445 220.725 174.128 221.175C174.812 221.608 175.328 222.2 175.678 222.95C176.045 223.7 176.228 224.542 176.228 225.475V234H173.853V225.625C173.853 224.742 173.603 224.008 173.103 223.425C172.62 222.842 171.912 222.55 170.978 222.55C170.228 222.55 169.62 222.742 169.153 223.125C168.687 223.492 168.337 223.983 168.103 224.6C167.887 225.2 167.778 225.842 167.778 226.525V234H165.403ZM191.121 234.25C189.754 234.25 188.721 233.9 188.021 233.2C187.338 232.5 186.996 231.517 186.996 230.25V222.7H184.621V220.75H186.996V217.425H189.371V220.75H192.596V222.7H189.371V230.25C189.371 230.917 189.554 231.408 189.921 231.725C190.288 232.025 190.821 232.175 191.521 232.175C191.888 232.175 192.238 232.15 192.571 232.1C192.904 232.05 193.071 232.025 193.071 232.025V234.05C193.071 234.05 192.879 234.083 192.496 234.15C192.113 234.217 191.654 234.25 191.121 234.25ZM200.739 218.75L198.164 214.225H200.614L202.764 218.725L200.739 218.75ZM200.889 234.25C199.573 234.25 198.523 233.842 197.739 233.025C196.956 232.208 196.564 231.075 196.564 229.625V220.75H198.939V229.5C198.939 230.367 199.173 231.033 199.639 231.5C200.123 231.967 200.756 232.2 201.539 232.2C202.339 232.2 202.981 231.992 203.464 231.575C203.948 231.158 204.298 230.625 204.514 229.975C204.731 229.325 204.839 228.658 204.839 227.975V220.75H206.864C207.514 220.75 207.839 220.408 207.839 219.725V218.225H209.939V219.725C209.939 220.492 209.739 221.108 209.339 221.575C208.939 222.042 208.331 222.275 207.514 222.275H207.214V234H204.839V232.1H204.689C204.589 232.3 204.398 232.575 204.114 232.925C203.831 233.258 203.431 233.567 202.914 233.85C202.398 234.117 201.723 234.25 200.889 234.25ZM222.347 234.25C220.98 234.25 219.947 233.9 219.247 233.2C218.563 232.5 218.222 231.517 218.222 230.25V222.7H215.847V220.75H218.222V217.425H220.597V220.75H223.822V222.7H220.597V230.25C220.597 230.917 220.78 231.408 221.147 231.725C221.513 232.025 222.047 232.175 222.747 232.175C223.113 232.175 223.463 232.15 223.797 232.1C224.13 232.05 224.297 232.025 224.297 232.025V234.05C224.297 234.05 224.105 234.083 223.722 234.15C223.338 234.217 222.88 234.25 222.347 234.25ZM227.665 234V215H230.04V222.675H230.19C230.307 222.475 230.498 222.2 230.765 221.85C231.048 221.5 231.448 221.192 231.965 220.925C232.482 220.642 233.132 220.5 233.915 220.5C234.882 220.5 235.707 220.725 236.39 221.175C237.073 221.608 237.59 222.2 237.94 222.95C238.307 223.7 238.49 224.542 238.49 225.475V234H236.115V225.625C236.115 224.742 235.865 224.008 235.365 223.425C234.882 222.842 234.173 222.55 233.24 222.55C232.49 222.55 231.882 222.742 231.415 223.125C230.948 223.492 230.598 223.983 230.365 224.6C230.148 225.2 230.04 225.842 230.04 226.525V234H227.665ZM249.415 218.75L247.39 218.725L249.54 214.225H251.99L249.415 218.75ZM247.865 220.5C248.699 220.5 249.399 220.633 249.965 220.9C250.532 221.167 250.99 221.483 251.34 221.85C251.69 222.2 251.957 222.533 252.14 222.85H252.29V220.75H254.665V234H252.29V231.9H252.14C251.957 232.217 251.69 232.558 251.34 232.925C250.99 233.292 250.532 233.608 249.965 233.875C249.399 234.125 248.699 234.25 247.865 234.25C246.865 234.25 245.99 234.058 245.24 233.675C244.49 233.275 243.865 232.75 243.365 232.1C242.865 231.433 242.49 230.692 242.24 229.875C241.99 229.058 241.865 228.225 241.865 227.375C241.865 226.525 241.99 225.692 242.24 224.875C242.49 224.058 242.865 223.325 243.365 222.675C243.865 222.008 244.49 221.483 245.24 221.1C245.99 220.7 246.865 220.5 247.865 220.5ZM248.265 222.525C247.382 222.525 246.64 222.767 246.04 223.25C245.44 223.717 244.99 224.317 244.69 225.05C244.407 225.783 244.265 226.558 244.265 227.375C244.265 228.175 244.407 228.95 244.69 229.7C244.99 230.433 245.44 231.042 246.04 231.525C246.64 231.992 247.382 232.225 248.265 232.225C249.149 232.225 249.882 231.992 250.465 231.525C251.065 231.042 251.507 230.433 251.79 229.7C252.09 228.95 252.24 228.175 252.24 227.375C252.24 226.558 252.09 225.783 251.79 225.05C251.507 224.317 251.065 223.717 250.465 223.25C249.882 222.767 249.149 222.525 248.265 222.525ZM258.323 234V220.75H260.698V222.675H260.848C260.965 222.475 261.157 222.2 261.423 221.85C261.707 221.5 262.107 221.192 262.623 220.925C263.14 220.642 263.79 220.5 264.573 220.5C265.54 220.5 266.365 220.725 267.048 221.175C267.732 221.608 268.248 222.2 268.598 222.95C268.965 223.7 269.148 224.542 269.148 225.475V234H266.773V225.625C266.773 224.742 266.523 224.008 266.023 223.425C265.54 222.842 264.832 222.55 263.898 222.55C263.148 222.55 262.54 222.742 262.073 223.125C261.607 223.492 261.257 223.983 261.023 224.6C260.807 225.2 260.698 225.842 260.698 226.525V234H258.323ZM279.029 239.25C277.929 239.25 277.013 239.1 276.279 238.8C275.546 238.517 274.954 238.15 274.504 237.7C274.071 237.267 273.746 236.833 273.529 236.4C273.313 235.967 273.171 235.6 273.104 235.3C273.038 235.017 273.004 234.875 273.004 234.875H275.379C275.379 234.875 275.421 234.992 275.504 235.225C275.588 235.458 275.746 235.725 275.979 236.025C276.229 236.325 276.596 236.592 277.079 236.825C277.563 237.058 278.213 237.175 279.029 237.175C279.996 237.175 280.754 236.983 281.304 236.6C281.854 236.233 282.246 235.75 282.479 235.15C282.729 234.55 282.854 233.917 282.854 233.25V231.725H282.729C282.563 232.008 282.296 232.333 281.929 232.7C281.579 233.05 281.113 233.358 280.529 233.625C279.946 233.875 279.229 234 278.379 234C277.379 234 276.504 233.808 275.754 233.425C275.004 233.042 274.379 232.525 273.879 231.875C273.396 231.225 273.029 230.5 272.779 229.7C272.529 228.9 272.404 228.083 272.404 227.25C272.404 226.417 272.529 225.6 272.779 224.8C273.029 224 273.396 223.275 273.879 222.625C274.379 221.975 275.004 221.458 275.754 221.075C276.504 220.692 277.379 220.5 278.379 220.5C279.229 220.5 279.946 220.633 280.529 220.9C281.113 221.15 281.579 221.45 281.929 221.8C282.296 222.15 282.563 222.475 282.729 222.775H282.854V220.75H285.229V233.225C285.229 235.075 284.688 236.542 283.604 237.625C282.538 238.708 281.013 239.25 279.029 239.25ZM278.829 231.975C279.713 231.975 280.446 231.75 281.029 231.3C281.629 230.833 282.071 230.242 282.354 229.525C282.654 228.808 282.804 228.05 282.804 227.25C282.804 226.45 282.654 225.692 282.354 224.975C282.071 224.242 281.629 223.65 281.029 223.2C280.446 222.75 279.713 222.525 278.829 222.525C277.946 222.525 277.204 222.75 276.604 223.2C276.004 223.65 275.554 224.242 275.254 224.975C274.971 225.692 274.829 226.45 274.829 227.25C274.829 228.05 274.971 228.808 275.254 229.525C275.554 230.242 276.004 230.833 276.604 231.3C277.204 231.75 277.946 231.975 278.829 231.975ZM299.605 215.5V234H297.205V219.65L293.73 219.675V218.275L294.355 218.075C295.239 217.792 295.947 217.483 296.48 217.15C297.03 216.817 297.539 216.358 298.005 215.775L298.23 215.5H299.605ZM309.111 237.775L317.786 213.4H320.061L311.386 237.775H309.111ZM328.471 234V232.275L332.521 228.525C333.655 227.475 334.646 226.558 335.496 225.775C336.363 224.975 337.038 224.2 337.521 223.45C338.005 222.7 338.246 221.875 338.246 220.975C338.246 220.225 338.063 219.592 337.696 219.075C337.346 218.558 336.888 218.167 336.321 217.9C335.771 217.617 335.196 217.475 334.596 217.475C333.813 217.475 333.171 217.608 332.671 217.875C332.171 218.142 331.788 218.475 331.521 218.875C331.255 219.258 331.063 219.65 330.946 220.05C330.83 220.433 330.763 220.758 330.746 221.025C330.73 221.292 330.721 221.425 330.721 221.425H328.371C328.371 221.425 328.38 221.275 328.396 220.975C328.413 220.675 328.471 220.292 328.571 219.825C328.688 219.358 328.871 218.867 329.121 218.35C329.371 217.817 329.721 217.317 330.171 216.85C330.638 216.383 331.23 216 331.946 215.7C332.68 215.4 333.571 215.25 334.621 215.25C335.688 215.25 336.68 215.475 337.596 215.925C338.53 216.358 339.28 217 339.846 217.85C340.413 218.683 340.696 219.708 340.696 220.925C340.696 222.042 340.413 223.058 339.846 223.975C339.296 224.875 338.563 225.758 337.646 226.625C336.73 227.492 335.73 228.425 334.646 229.425L332.096 231.775H341.096V234H328.471ZM351.18 234.225C350.03 234.225 349.014 233.975 348.13 233.475C347.247 232.958 346.505 232.267 345.905 231.4C345.322 230.517 344.872 229.5 344.555 228.35C344.255 227.2 344.105 225.992 344.105 224.725C344.105 223.442 344.255 222.233 344.555 221.1C344.872 219.95 345.322 218.933 345.905 218.05C346.505 217.167 347.247 216.475 348.13 215.975C349.014 215.475 350.03 215.225 351.18 215.225C352.33 215.225 353.347 215.475 354.23 215.975C355.114 216.475 355.847 217.167 356.43 218.05C357.03 218.933 357.48 219.95 357.78 221.1C358.097 222.233 358.255 223.442 358.255 224.725C358.255 225.992 358.097 227.2 357.78 228.35C357.48 229.5 357.03 230.517 356.43 231.4C355.847 232.267 355.114 232.958 354.23 233.475C353.347 233.975 352.33 234.225 351.18 234.225ZM351.18 231.975C352.497 231.975 353.58 231.367 354.43 230.15C355.297 228.917 355.73 227.108 355.73 224.725C355.73 222.342 355.297 220.542 354.43 219.325C353.58 218.108 352.497 217.5 351.18 217.5C349.864 217.5 348.772 218.108 347.905 219.325C347.055 220.542 346.63 222.342 346.63 224.725C346.63 227.092 347.055 228.892 347.905 230.125C348.772 231.358 349.864 231.975 351.18 231.975ZM361.65 234V232.275L365.7 228.525C366.833 227.475 367.825 226.558 368.675 225.775C369.542 224.975 370.217 224.2 370.7 223.45C371.183 222.7 371.425 221.875 371.425 220.975C371.425 220.225 371.242 219.592 370.875 219.075C370.525 218.558 370.067 218.167 369.5 217.9C368.95 217.617 368.375 217.475 367.775 217.475C366.992 217.475 366.35 217.608 365.85 217.875C365.35 218.142 364.967 218.475 364.7 218.875C364.433 219.258 364.242 219.65 364.125 220.05C364.008 220.433 363.942 220.758 363.925 221.025C363.908 221.292 363.9 221.425 363.9 221.425H361.55C361.55 221.425 361.558 221.275 361.575 220.975C361.592 220.675 361.65 220.292 361.75 219.825C361.867 219.358 362.05 218.867 362.3 218.35C362.55 217.817 362.9 217.317 363.35 216.85C363.817 216.383 364.408 216 365.125 215.7C365.858 215.4 366.75 215.25 367.8 215.25C368.867 215.25 369.858 215.475 370.775 215.925C371.708 216.358 372.458 217 373.025 217.85C373.592 218.683 373.875 219.708 373.875 220.925C373.875 222.042 373.592 223.058 373.025 223.975C372.475 224.875 371.742 225.758 370.825 226.625C369.908 227.492 368.908 228.425 367.825 229.425L365.275 231.775H374.275V234H361.65ZM384.034 234.25C382.984 234.25 382.084 234.117 381.334 233.85C380.601 233.567 379.993 233.208 379.509 232.775C379.043 232.342 378.668 231.883 378.384 231.4C378.118 230.917 377.918 230.458 377.784 230.025C377.668 229.592 377.593 229.242 377.559 228.975C377.526 228.692 377.509 228.55 377.509 228.55H379.809C379.809 228.55 379.826 228.675 379.859 228.925C379.893 229.158 379.976 229.458 380.109 229.825C380.259 230.175 380.484 230.533 380.784 230.9C381.084 231.25 381.493 231.55 382.009 231.8C382.543 232.033 383.218 232.15 384.034 232.15C385.001 232.15 385.801 231.942 386.434 231.525C387.068 231.108 387.543 230.575 387.859 229.925C388.176 229.275 388.334 228.592 388.334 227.875C388.334 227.142 388.176 226.442 387.859 225.775C387.543 225.092 387.068 224.542 386.434 224.125C385.818 223.692 385.051 223.475 384.134 223.475C383.418 223.475 382.818 223.592 382.334 223.825C381.851 224.058 381.468 224.325 381.184 224.625C380.918 224.925 380.726 225.192 380.609 225.425C380.493 225.658 380.434 225.775 380.434 225.775H378.034L379.484 215.5H389.434V217.675H381.309L380.559 222.975H380.634C380.834 222.758 381.084 222.533 381.384 222.3C381.701 222.05 382.109 221.842 382.609 221.675C383.109 221.492 383.734 221.4 384.484 221.4C385.851 221.4 386.993 221.717 387.909 222.35C388.826 222.967 389.518 223.767 389.984 224.75C390.468 225.717 390.709 226.742 390.709 227.825C390.709 228.625 390.568 229.408 390.284 230.175C390.018 230.942 389.609 231.633 389.059 232.25C388.509 232.85 387.818 233.333 386.984 233.7C386.151 234.067 385.168 234.25 384.034 234.25Z" fill="#6B7280"/>
<path d="M262.634 243H168.791C156.204 243 146 252.789 146 264.864C146 276.939 156.204 286.728 168.791 286.728H262.634C275.221 286.728 285.425 276.939 285.425 264.864C285.425 252.789 275.221 243 262.634 243Z" fill="#F5F9FF" stroke="#1E3A8A" stroke-width="1.5"/>
<path d="M172.764 273.2C171.577 273.2 170.537 272.987 169.644 272.56C168.764 272.12 168.024 271.54 167.424 270.82C166.837 270.087 166.391 269.273 166.084 268.38C165.791 267.473 165.644 266.547 165.644 265.6C165.644 264.653 165.791 263.727 166.084 262.82C166.391 261.913 166.837 261.1 167.424 260.38C168.024 259.647 168.764 259.067 169.644 258.64C170.537 258.213 171.577 258 172.764 258C173.737 258 174.571 258.127 175.264 258.38C175.971 258.633 176.557 258.96 177.024 259.36C177.504 259.747 177.884 260.16 178.164 260.6C178.457 261.04 178.671 261.46 178.804 261.86C178.951 262.26 179.051 262.587 179.104 262.84C179.157 263.08 179.184 263.2 179.184 263.2H176.844C176.844 263.2 176.817 263.1 176.764 262.9C176.724 262.687 176.624 262.427 176.464 262.12C176.317 261.813 176.091 261.513 175.784 261.22C175.491 260.913 175.097 260.66 174.604 260.46C174.124 260.247 173.517 260.14 172.784 260.14C171.997 260.14 171.304 260.293 170.704 260.6C170.117 260.907 169.624 261.32 169.224 261.84C168.824 262.36 168.524 262.947 168.324 263.6C168.137 264.253 168.044 264.92 168.044 265.6C168.044 266.28 168.137 266.947 168.324 267.6C168.524 268.24 168.824 268.827 169.224 269.36C169.624 269.88 170.117 270.293 170.704 270.6C171.304 270.907 171.997 271.06 172.784 271.06C173.517 271.06 174.124 270.96 174.604 270.76C175.097 270.547 175.491 270.287 175.784 269.98C176.091 269.673 176.317 269.367 176.464 269.06C176.624 268.753 176.724 268.5 176.764 268.3C176.817 268.087 176.844 267.98 176.844 267.98H179.184C179.184 267.98 179.157 268.107 179.104 268.36C179.051 268.613 178.951 268.94 178.804 269.34C178.671 269.727 178.457 270.147 178.164 270.6C177.884 271.04 177.504 271.46 177.024 271.86C176.557 272.247 175.971 272.567 175.264 272.82C174.571 273.073 173.737 273.2 172.764 273.2ZM181.711 273V257.8H183.991V263.94H184.111C184.204 263.753 184.364 263.527 184.591 263.26C184.818 262.98 185.131 262.733 185.531 262.52C185.944 262.307 186.464 262.2 187.091 262.2C187.878 262.2 188.538 262.38 189.071 262.74C189.604 263.1 190.004 263.58 190.271 264.18C190.551 264.78 190.691 265.44 190.691 266.16V273H188.411V266.4C188.411 265.76 188.231 265.22 187.871 264.78C187.524 264.34 187.004 264.12 186.311 264.12C185.764 264.12 185.318 264.26 184.971 264.54C184.638 264.807 184.391 265.16 184.231 265.6C184.071 266.027 183.991 266.487 183.991 266.98V273H181.711ZM194.147 261.02V260.36C194.147 260.227 194.174 260.087 194.227 259.94C194.294 259.793 194.407 259.68 194.567 259.6L194.867 259.46C195.467 259.153 195.767 258.82 195.767 258.46C195.767 258.287 195.694 258.127 195.547 257.98C195.414 257.833 195.207 257.76 194.927 257.76C194.674 257.76 194.481 257.82 194.347 257.94C194.227 258.047 194.147 258.167 194.107 258.3C194.081 258.433 194.067 258.533 194.067 258.6H192.607C192.607 258.253 192.681 257.92 192.827 257.6C192.987 257.28 193.234 257.013 193.567 256.8C193.914 256.587 194.361 256.48 194.907 256.48C195.641 256.48 196.221 256.673 196.647 257.06C197.087 257.433 197.307 257.887 197.307 258.42C197.307 259.207 196.761 259.867 195.667 260.4L195.587 260.44V261.02H194.147ZM193.727 273V262.4H196.007V273H193.727ZM199.031 273V262.4H201.311V263.94H201.431C201.524 263.753 201.684 263.527 201.911 263.26C202.137 262.98 202.451 262.733 202.851 262.52C203.264 262.307 203.784 262.2 204.411 262.2C205.197 262.2 205.857 262.38 206.391 262.74C206.924 263.1 207.324 263.58 207.591 264.18C207.871 264.78 208.011 265.44 208.011 266.16V273H205.731V266.4C205.731 265.76 205.551 265.22 205.191 264.78C204.844 264.34 204.324 264.12 203.631 264.12C203.084 264.12 202.637 264.26 202.291 264.54C201.957 264.807 201.711 265.16 201.551 265.6C201.391 266.027 201.311 266.487 201.311 266.98V273H199.031ZM210.852 273V257.8H213.132V263.94H213.252C213.345 263.753 213.505 263.527 213.732 263.26C213.958 262.98 214.272 262.733 214.672 262.52C215.085 262.307 215.605 262.2 216.232 262.2C217.018 262.2 217.678 262.38 218.212 262.74C218.745 263.1 219.145 263.58 219.412 264.18C219.692 264.78 219.832 265.44 219.832 266.16V273H217.552V266.4C217.552 265.76 217.372 265.22 217.012 264.78C216.665 264.34 216.145 264.12 215.452 264.12C214.905 264.12 214.458 264.26 214.112 264.54C213.778 264.807 213.532 265.16 213.372 265.6C213.212 266.027 213.132 266.487 213.132 266.98V273H210.852ZM231.157 273.2C230.317 273.2 229.624 273.087 229.077 272.86C228.544 272.62 228.117 272.333 227.797 272C227.477 271.653 227.237 271.307 227.077 270.96C226.931 270.613 226.837 270.327 226.797 270.1C226.757 269.86 226.737 269.74 226.737 269.74H228.957C228.957 269.74 228.977 269.827 229.017 270C229.071 270.16 229.171 270.347 229.317 270.56C229.464 270.773 229.691 270.967 229.997 271.14C230.304 271.3 230.711 271.38 231.217 271.38C231.831 271.38 232.284 271.24 232.577 270.96C232.884 270.68 233.037 270.36 233.037 270C233.037 269.653 232.911 269.38 232.657 269.18C232.404 268.98 232.044 268.827 231.577 268.72L230.137 268.4C229.577 268.267 229.051 268.087 228.557 267.86C228.077 267.62 227.684 267.307 227.377 266.92C227.084 266.52 226.937 266.007 226.937 265.38C226.937 264.46 227.284 263.7 227.977 263.1C228.671 262.5 229.604 262.2 230.777 262.2C231.537 262.2 232.164 262.307 232.657 262.52C233.164 262.733 233.564 263 233.857 263.32C234.151 263.627 234.371 263.94 234.517 264.26C234.664 264.567 234.757 264.827 234.797 265.04C234.851 265.24 234.877 265.34 234.877 265.34H232.737C232.737 265.34 232.717 265.273 232.677 265.14C232.637 265.007 232.551 264.853 232.417 264.68C232.284 264.493 232.084 264.333 231.817 264.2C231.564 264.053 231.217 263.98 230.777 263.98C230.177 263.98 229.744 264.113 229.477 264.38C229.211 264.647 229.077 264.933 229.077 265.24C229.077 265.56 229.204 265.813 229.457 266C229.724 266.173 230.071 266.307 230.497 266.4L231.917 266.72C232.864 266.933 233.644 267.287 234.257 267.78C234.871 268.26 235.177 268.96 235.177 269.88C235.177 270.493 235.017 271.053 234.697 271.56C234.391 272.053 233.937 272.453 233.337 272.76C232.737 273.053 232.011 273.2 231.157 273.2ZM241.209 261.02V260.36C241.209 260.227 241.236 260.087 241.289 259.94C241.356 259.793 241.476 259.68 241.649 259.6L241.929 259.46C242.529 259.153 242.829 258.82 242.829 258.46C242.829 258.287 242.762 258.127 242.629 257.98C242.496 257.833 242.289 257.76 242.009 257.76C241.742 257.76 241.549 257.82 241.429 257.94C241.309 258.047 241.229 258.167 241.189 258.3C241.162 258.433 241.149 258.533 241.149 258.6H239.689C239.676 258.253 239.749 257.92 239.909 257.6C240.069 257.28 240.316 257.013 240.649 256.8C240.996 256.587 241.442 256.48 241.989 256.48C242.722 256.48 243.302 256.673 243.729 257.06C244.156 257.433 244.369 257.887 244.369 258.42C244.369 259.207 243.829 259.867 242.749 260.4L242.669 260.44V261.02H241.209ZM241.089 273.2C240.022 273.2 239.189 272.867 238.589 272.2C237.989 271.533 237.689 270.647 237.689 269.54V262.4H239.969V269.26C239.969 269.9 240.136 270.4 240.469 270.76C240.816 271.107 241.282 271.28 241.869 271.28C242.442 271.28 242.902 271.133 243.249 270.84C243.596 270.547 243.842 270.173 243.989 269.72C244.149 269.253 244.229 268.773 244.229 268.28V262.4H246.009C246.542 262.4 246.809 262.127 246.809 261.58V260.32H248.729V261.62C248.729 262.273 248.556 262.787 248.209 263.16C247.876 263.533 247.376 263.72 246.709 263.72H246.509V273H244.229V271.48H244.109C244.002 271.68 243.829 271.92 243.589 272.2C243.362 272.467 243.042 272.7 242.629 272.9C242.229 273.1 241.716 273.2 241.089 273.2ZM254.216 262.2C254.883 262.2 255.436 262.307 255.876 262.52C256.329 262.733 256.689 262.98 256.956 263.26C257.223 263.54 257.416 263.78 257.536 263.98H257.656V262.4H259.936V273H257.656V271.42H257.536C257.416 271.62 257.223 271.86 256.956 272.14C256.689 272.42 256.329 272.667 255.876 272.88C255.436 273.093 254.883 273.2 254.216 273.2C253.416 273.2 252.716 273.047 252.116 272.74C251.529 272.42 251.036 272 250.636 271.48C250.236 270.947 249.936 270.353 249.736 269.7C249.549 269.047 249.456 268.38 249.456 267.7C249.456 267.02 249.549 266.353 249.736 265.7C249.936 265.047 250.236 264.46 250.636 263.94C251.036 263.407 251.529 262.987 252.116 262.68C252.716 262.36 253.416 262.2 254.216 262.2ZM254.716 264.1C254.063 264.1 253.516 264.28 253.076 264.64C252.636 264.987 252.303 265.433 252.076 265.98C251.863 266.527 251.756 267.1 251.756 267.7C251.756 268.3 251.863 268.873 252.076 269.42C252.303 269.967 252.636 270.42 253.076 270.78C253.516 271.127 254.063 271.3 254.716 271.3C255.369 271.3 255.909 271.127 256.336 270.78C256.776 270.42 257.103 269.967 257.316 269.42C257.543 268.873 257.656 268.3 257.656 267.7C257.656 267.1 257.543 266.527 257.316 265.98C257.103 265.433 256.776 264.987 256.336 264.64C255.909 264.28 255.369 264.1 254.716 264.1Z" fill="#2B4FD6"/>
<path d="M91.06 649.57V640.33H88.57V636.61H91.06V627.37H99.43C101.25 627.37 102.84 627.69 104.2 628.33C105.56 628.95 106.69 629.79 107.59 630.85C108.51 631.91 109.19 633.1 109.63 634.42C110.09 635.74 110.32 637.09 110.32 638.47C110.32 639.85 110.09 641.2 109.63 642.52C109.19 643.84 108.51 645.03 107.59 646.09C106.69 647.15 105.56 648 104.2 648.64C102.84 649.26 101.25 649.57 99.43 649.57H91.06ZM99.85 640.33H95.68V645.46H99.22C100.68 645.46 101.89 645.12 102.85 644.44C103.81 643.76 104.52 642.88 104.98 641.8C105.44 640.72 105.67 639.6 105.67 638.44C105.67 637.28 105.44 636.17 104.98 635.11C104.52 634.03 103.81 633.15 102.85 632.47C101.89 631.77 100.68 631.42 99.22 631.42H95.68V636.61H99.85V640.33ZM123.195 631.48L119.805 631.45L122.235 626.05H126.465L123.195 631.48ZM120.105 633.37C121.125 633.37 121.965 633.54 122.625 633.88C123.285 634.2 123.785 634.55 124.125 634.93C124.485 635.31 124.705 635.57 124.785 635.71H125.025V633.67H129.585V649.57H125.025V647.53H124.785C124.705 647.67 124.485 647.93 124.125 648.31C123.785 648.69 123.285 649.05 122.625 649.39C121.965 649.71 121.125 649.87 120.105 649.87C118.925 649.87 117.895 649.64 117.015 649.18C116.155 648.7 115.435 648.07 114.855 647.29C114.275 646.49 113.835 645.6 113.535 644.62C113.255 643.64 113.115 642.64 113.115 641.62C113.115 640.6 113.255 639.6 113.535 638.62C113.835 637.64 114.275 636.76 114.855 635.98C115.435 635.18 116.155 634.55 117.015 634.09C117.895 633.61 118.925 633.37 120.105 633.37ZM121.425 637.06C120.605 637.06 119.915 637.29 119.355 637.75C118.815 638.19 118.405 638.76 118.125 639.46C117.865 640.16 117.735 640.88 117.735 641.62C117.735 642.36 117.865 643.08 118.125 643.78C118.405 644.48 118.815 645.06 119.355 645.52C119.915 645.96 120.605 646.18 121.425 646.18C122.245 646.18 122.925 645.96 123.465 645.52C124.025 645.06 124.435 644.48 124.695 643.78C124.975 643.08 125.115 642.36 125.115 641.62C125.115 640.88 124.975 640.16 124.695 639.46C124.435 638.76 124.025 638.19 123.465 637.75C122.925 637.29 122.245 637.06 121.425 637.06ZM133.246 649.57V633.67H137.806V635.95H137.956C138.136 635.63 138.396 635.27 138.736 634.87C139.096 634.47 139.566 634.12 140.146 633.82C140.746 633.52 141.506 633.37 142.426 633.37C143.666 633.37 144.676 633.66 145.456 634.24C146.236 634.8 146.806 635.53 147.166 636.43C147.526 637.31 147.706 638.24 147.706 639.22V649.57H143.146V640C143.146 639.24 142.936 638.57 142.516 637.99C142.116 637.41 141.466 637.12 140.566 637.12C139.886 637.12 139.346 637.28 138.946 637.6C138.546 637.92 138.256 638.33 138.076 638.83C137.896 639.33 137.806 639.86 137.806 640.42V649.57H133.246ZM151.476 649.57V626.77H156.036V635.95H156.186C156.366 635.63 156.626 635.27 156.966 634.87C157.326 634.47 157.796 634.12 158.376 633.82C158.976 633.52 159.736 633.37 160.656 633.37C161.896 633.37 162.906 633.66 163.686 634.24C164.466 634.8 165.036 635.53 165.396 636.43C165.756 637.31 165.936 638.24 165.936 639.22V649.57H161.376V640C161.376 639.24 161.166 638.57 160.746 637.99C160.346 637.41 159.696 637.12 158.796 637.12C158.116 637.12 157.576 637.28 157.176 637.6C156.776 637.92 156.486 638.33 156.306 638.83C156.126 639.33 156.036 639.86 156.036 640.42V649.57H151.476ZM184.502 655.93C183.022 655.93 181.802 655.75 180.842 655.39C179.902 655.03 179.152 654.57 178.592 654.01C178.032 653.47 177.622 652.93 177.362 652.39C177.102 651.85 176.932 651.39 176.852 651.01C176.792 650.65 176.762 650.47 176.762 650.47H181.202C181.202 650.47 181.232 650.56 181.292 650.74C181.372 650.94 181.522 651.16 181.742 651.4C181.962 651.66 182.282 651.88 182.702 652.06C183.142 652.26 183.722 652.36 184.442 652.36C185.682 652.36 186.592 652.01 187.172 651.31C187.772 650.61 188.072 649.69 188.072 648.55V646.87H187.862C187.662 647.19 187.362 647.54 186.962 647.92C186.562 648.3 186.052 648.62 185.432 648.88C184.812 649.14 184.062 649.27 183.182 649.27C182.002 649.27 180.972 649.05 180.092 648.61C179.212 648.15 178.472 647.54 177.872 646.78C177.292 646.02 176.852 645.17 176.552 644.23C176.272 643.29 176.132 642.32 176.132 641.32C176.132 640.34 176.272 639.38 176.552 638.44C176.852 637.48 177.292 636.62 177.872 635.86C178.472 635.1 179.212 634.5 180.092 634.06C180.972 633.6 182.002 633.37 183.182 633.37C184.062 633.37 184.812 633.51 185.432 633.79C186.052 634.05 186.562 634.37 186.962 634.75C187.382 635.11 187.682 635.46 187.862 635.8H188.072V633.67H192.632V648.55C192.632 649.87 192.342 651.09 191.762 652.21C191.182 653.33 190.292 654.23 189.092 654.91C187.892 655.59 186.362 655.93 184.502 655.93ZM184.442 645.67C185.282 645.67 185.972 645.46 186.512 645.04C187.072 644.62 187.492 644.08 187.772 643.42C188.052 642.74 188.192 642.04 188.192 641.32C188.192 640.58 188.052 639.88 187.772 639.22C187.492 638.56 187.072 638.02 186.512 637.6C185.972 637.18 185.282 636.97 184.442 636.97C183.622 636.97 182.932 637.18 182.372 637.6C181.832 638.02 181.422 638.56 181.142 639.22C180.862 639.88 180.722 640.58 180.722 641.32C180.722 642.04 180.862 642.74 181.142 643.42C181.422 644.08 181.832 644.62 182.372 645.04C182.932 645.46 183.622 645.67 184.442 645.67ZM198.817 631.51C198.017 631.51 197.367 631.26 196.867 630.76C196.367 630.24 196.117 629.63 196.117 628.93C196.117 628.19 196.367 627.57 196.867 627.07C197.367 626.55 198.017 626.29 198.817 626.29C199.577 626.29 200.217 626.55 200.737 627.07C201.257 627.57 201.517 628.19 201.517 628.93C201.517 629.63 201.257 630.24 200.737 630.76C200.217 631.26 199.577 631.51 198.817 631.51ZM196.537 649.57V633.67H201.097V649.57H196.537ZM214.924 631.48L211.534 631.45L213.964 626.05H218.194L214.924 631.48ZM211.834 633.37C212.854 633.37 213.694 633.54 214.354 633.88C215.014 634.2 215.514 634.55 215.854 634.93C216.214 635.31 216.434 635.57 216.514 635.71H216.754V633.67H221.314V649.57H216.754V647.53H216.514C216.434 647.67 216.214 647.93 215.854 648.31C215.514 648.69 215.014 649.05 214.354 649.39C213.694 649.71 212.854 649.87 211.834 649.87C210.654 649.87 209.624 649.64 208.744 649.18C207.884 648.7 207.164 648.07 206.584 647.29C206.004 646.49 205.564 645.6 205.264 644.62C204.984 643.64 204.844 642.64 204.844 641.62C204.844 640.6 204.984 639.6 205.264 638.62C205.564 637.64 206.004 636.76 206.584 635.98C207.164 635.18 207.884 634.55 208.744 634.09C209.624 633.61 210.654 633.37 211.834 633.37ZM213.154 637.06C212.334 637.06 211.644 637.29 211.084 637.75C210.544 638.19 210.134 638.76 209.854 639.46C209.594 640.16 209.464 640.88 209.464 641.62C209.464 642.36 209.594 643.08 209.854 643.78C210.134 644.48 210.544 645.06 211.084 645.52C211.644 645.96 212.334 646.18 213.154 646.18C213.974 646.18 214.654 645.96 215.194 645.52C215.754 645.06 216.164 644.48 216.424 643.78C216.704 643.08 216.844 642.36 216.844 641.62C216.844 640.88 216.704 640.16 216.424 639.46C216.164 638.76 215.754 638.19 215.194 637.75C214.654 637.29 213.974 637.06 213.154 637.06ZM240.681 631.48L237.321 631.45L239.721 626.05H243.951L240.681 631.48ZM237.021 649.87C235.901 649.87 234.971 649.63 234.231 649.15C233.511 648.67 232.971 648.03 232.611 647.23C232.251 646.41 232.071 645.49 232.071 644.47V633.67H236.601V643.57C236.601 644.33 236.801 644.95 237.201 645.43C237.621 645.89 238.211 646.12 238.971 646.12C239.631 646.12 240.151 645.96 240.531 645.64C240.931 645.32 241.221 644.91 241.401 644.41C241.581 643.91 241.671 643.38 241.671 642.82V633.67H244.821C245.621 633.67 246.021 633.27 246.021 632.47V630.34H249.681V632.62C249.681 633.68 249.401 634.51 248.841 635.11C248.281 635.69 247.451 635.98 246.351 635.98H246.231V649.57H241.671V647.32H241.491C241.151 647.94 240.621 648.52 239.901 649.06C239.201 649.6 238.241 649.87 237.021 649.87ZM251.371 649.57V633.67H255.931V635.95H256.081C256.261 635.63 256.521 635.27 256.861 634.87C257.221 634.47 257.691 634.12 258.271 633.82C258.871 633.52 259.631 633.37 260.551 633.37C261.791 633.37 262.801 633.66 263.581 634.24C264.361 634.8 264.931 635.53 265.291 636.43C265.651 637.31 265.831 638.24 265.831 639.22V649.57H261.271V640C261.271 639.24 261.061 638.57 260.641 637.99C260.241 637.41 259.591 637.12 258.691 637.12C258.011 637.12 257.471 637.28 257.071 637.6C256.671 637.92 256.381 638.33 256.201 638.83C256.021 639.33 255.931 639.86 255.931 640.42V649.57H251.371ZM277.285 655.93C275.805 655.93 274.585 655.75 273.625 655.39C272.685 655.03 271.935 654.57 271.375 654.01C270.815 653.47 270.405 652.93 270.145 652.39C269.885 651.85 269.715 651.39 269.635 651.01C269.575 650.65 269.545 650.47 269.545 650.47H273.985C273.985 650.47 274.015 650.56 274.075 650.74C274.155 650.94 274.305 651.16 274.525 651.4C274.745 651.66 275.065 651.88 275.485 652.06C275.925 652.26 276.505 652.36 277.225 652.36C278.465 652.36 279.375 652.01 279.955 651.31C280.555 650.61 280.855 649.69 280.855 648.55V646.87H280.645C280.445 647.19 280.145 647.54 279.745 647.92C279.345 648.3 278.835 648.62 278.215 648.88C277.595 649.14 276.845 649.27 275.965 649.27C274.785 649.27 273.755 649.05 272.875 648.61C271.995 648.15 271.255 647.54 270.655 646.78C270.075 646.02 269.635 645.17 269.335 644.23C269.055 643.29 268.915 642.32 268.915 641.32C268.915 640.34 269.055 639.38 269.335 638.44C269.635 637.48 270.075 636.62 270.655 635.86C271.255 635.1 271.995 634.5 272.875 634.06C273.755 633.6 274.785 633.37 275.965 633.37C276.845 633.37 277.595 633.51 278.215 633.79C278.835 634.05 279.345 634.37 279.745 634.75C280.165 635.11 280.465 635.46 280.645 635.8H280.855V633.67H285.415V648.55C285.415 649.87 285.125 651.09 284.545 652.21C283.965 653.33 283.075 654.23 281.875 654.91C280.675 655.59 279.145 655.93 277.285 655.93ZM277.225 645.67C278.065 645.67 278.755 645.46 279.295 645.04C279.855 644.62 280.275 644.08 280.555 643.42C280.835 642.74 280.975 642.04 280.975 641.32C280.975 640.58 280.835 639.88 280.555 639.22C280.275 638.56 279.855 638.02 279.295 637.6C278.755 637.18 278.065 636.97 277.225 636.97C276.405 636.97 275.715 637.18 275.155 637.6C274.615 638.02 274.205 638.56 273.925 639.22C273.645 639.88 273.505 640.58 273.505 641.32C273.505 642.04 273.645 642.74 273.925 643.42C274.205 644.08 274.615 644.62 275.155 645.04C275.715 645.46 276.405 645.67 277.225 645.67ZM302.594 649.87C301.414 649.87 300.384 649.64 299.504 649.18C298.644 648.7 297.924 648.07 297.344 647.29C296.764 646.49 296.324 645.6 296.024 644.62C295.744 643.64 295.604 642.64 295.604 641.62C295.604 640.6 295.744 639.6 296.024 638.62C296.324 637.64 296.764 636.76 297.344 635.98C297.924 635.18 298.644 634.55 299.504 634.09C300.384 633.61 301.414 633.37 302.594 633.37C303.614 633.37 304.454 633.54 305.114 633.88C305.774 634.2 306.274 634.55 306.614 634.93C306.974 635.31 307.194 635.57 307.274 635.71H307.514V626.77H312.074V649.57H307.514V647.53H307.274C307.194 647.67 306.974 647.93 306.614 648.31C306.274 648.69 305.774 649.05 305.114 649.39C304.454 649.71 303.614 649.87 302.594 649.87ZM303.914 646.18C304.734 646.18 305.414 645.96 305.954 645.52C306.514 645.06 306.924 644.48 307.184 643.78C307.464 643.08 307.604 642.36 307.604 641.62C307.604 640.88 307.464 640.16 307.184 639.46C306.924 638.76 306.514 638.19 305.954 637.75C305.414 637.29 304.734 637.06 303.914 637.06C303.094 637.06 302.404 637.29 301.844 637.75C301.304 638.19 300.894 638.76 300.614 639.46C300.354 640.16 300.224 640.88 300.224 641.62C300.224 642.36 300.354 643.08 300.614 643.78C300.894 644.48 301.304 645.06 301.844 645.52C302.404 645.96 303.094 646.18 303.914 646.18ZM321.073 649.87C319.953 649.87 319.023 649.63 318.283 649.15C317.563 648.67 317.023 648.03 316.663 647.23C316.303 646.41 316.123 645.49 316.123 644.47V633.67H320.653V643.57C320.653 644.33 320.853 644.95 321.253 645.43C321.673 645.89 322.263 646.12 323.023 646.12C323.683 646.12 324.203 645.96 324.583 645.64C324.983 645.32 325.273 644.91 325.453 644.41C325.633 643.91 325.723 643.38 325.723 642.82V633.67H330.283V649.57H325.723V647.32H325.543C325.203 647.94 324.673 648.52 323.953 649.06C323.253 649.6 322.293 649.87 321.073 649.87ZM323.173 656.98C322.473 656.98 321.893 656.74 321.433 656.26C320.993 655.8 320.773 655.24 320.773 654.58C320.773 653.92 320.993 653.36 321.433 652.9C321.893 652.44 322.473 652.21 323.173 652.21C323.853 652.21 324.413 652.44 324.853 652.9C325.313 653.36 325.543 653.92 325.543 654.58C325.543 655.24 325.313 655.8 324.853 656.26C324.413 656.74 323.853 656.98 323.173 656.98ZM333.871 649.57V633.67H338.431V635.95H338.581C338.761 635.63 339.021 635.27 339.361 634.87C339.721 634.47 340.191 634.12 340.771 633.82C341.371 633.52 342.131 633.37 343.051 633.37C344.291 633.37 345.301 633.66 346.081 634.24C346.861 634.8 347.431 635.53 347.791 636.43C348.151 637.31 348.331 638.24 348.331 639.22V649.57H343.771V640C343.771 639.24 343.561 638.57 343.141 637.99C342.741 637.41 342.091 637.12 341.191 637.12C340.511 637.12 339.971 637.28 339.571 637.6C339.171 637.92 338.881 638.33 338.701 638.83C338.521 639.33 338.431 639.86 338.431 640.42V649.57H333.871ZM359.785 655.93C358.305 655.93 357.085 655.75 356.125 655.39C355.185 655.03 354.435 654.57 353.875 654.01C353.315 653.47 352.905 652.93 352.645 652.39C352.385 651.85 352.215 651.39 352.135 651.01C352.075 650.65 352.045 650.47 352.045 650.47H356.485C356.485 650.47 356.515 650.56 356.575 650.74C356.655 650.94 356.805 651.16 357.025 651.4C357.245 651.66 357.565 651.88 357.985 652.06C358.425 652.26 359.005 652.36 359.725 652.36C360.965 652.36 361.875 652.01 362.455 651.31C363.055 650.61 363.355 649.69 363.355 648.55V646.87H363.145C362.945 647.19 362.645 647.54 362.245 647.92C361.845 648.3 361.335 648.62 360.715 648.88C360.095 649.14 359.345 649.27 358.465 649.27C357.285 649.27 356.255 649.05 355.375 648.61C354.495 648.15 353.755 647.54 353.155 646.78C352.575 646.02 352.135 645.17 351.835 644.23C351.555 643.29 351.415 642.32 351.415 641.32C351.415 640.34 351.555 639.38 351.835 638.44C352.135 637.48 352.575 636.62 353.155 635.86C353.755 635.1 354.495 634.5 355.375 634.06C356.255 633.6 357.285 633.37 358.465 633.37C359.345 633.37 360.095 633.51 360.715 633.79C361.335 634.05 361.845 634.37 362.245 634.75C362.665 635.11 362.965 635.46 363.145 635.8H363.355V633.67H367.915V648.55C367.915 649.87 367.625 651.09 367.045 652.21C366.465 653.33 365.575 654.23 364.375 654.91C363.175 655.59 361.645 655.93 359.785 655.93ZM359.725 645.67C360.565 645.67 361.255 645.46 361.795 645.04C362.355 644.62 362.775 644.08 363.055 643.42C363.335 642.74 363.475 642.04 363.475 641.32C363.475 640.58 363.335 639.88 363.055 639.22C362.775 638.56 362.355 638.02 361.795 637.6C361.255 637.18 360.565 636.97 359.725 636.97C358.905 636.97 358.215 637.18 357.655 637.6C357.115 638.02 356.705 638.56 356.425 639.22C356.145 639.88 356.005 640.58 356.005 641.32C356.005 642.04 356.145 642.74 356.425 643.42C356.705 644.08 357.115 644.62 357.655 645.04C358.215 645.46 358.905 645.67 359.725 645.67Z" fill="#1A1A2E"/>
<path fill-rule="evenodd" clip-rule="evenodd" d="M242.084 143.937C250.575 135.936 255.875 124.587 255.875 112C255.875 87.7685 236.231 68.125 212 68.125C187.769 68.125 168.125 87.7685 168.125 112C168.125 124.587 173.425 135.936 181.916 143.937C189.771 151.339 200.356 155.875 212 155.875C223.644 155.875 234.229 151.339 242.084 143.937ZM185.653 138.155C191.838 130.44 201.342 125.5 212 125.5C222.658 125.5 232.162 130.44 238.347 138.155C231.621 144.93 222.301 149.125 212 149.125C201.699 149.125 192.379 144.93 185.653 138.155ZM228.875 98.5C228.875 107.82 221.32 115.375 212 115.375C202.68 115.375 195.125 107.82 195.125 98.5C195.125 89.1802 202.68 81.625 212 81.625C221.32 81.625 228.875 89.1802 228.875 98.5Z" fill="#0F172A"/>
<path d="M45.399 552.193C45.6094 550.928 46.7017 550 47.9816 550H54.0184C55.2983 550 56.3906 550.928 56.601 552.193L57.0979 555.183C57.243 556.055 57.8248 556.782 58.5969 557.211C58.7695 557.307 58.9401 557.406 59.1087 557.508C59.8651 557.966 60.7852 558.108 61.6127 557.797L64.4447 556.733C65.6432 556.283 66.9907 556.768 67.6306 557.879L70.6491 563.121C71.289 564.232 71.0338 565.644 70.0457 566.46L67.7083 568.389C67.0275 568.951 66.6901 569.819 66.7064 570.703C66.7082 570.801 66.7092 570.901 66.7092 571C66.7092 571.099 66.7082 571.198 66.7064 571.297C66.6901 572.181 67.0275 573.049 67.7083 573.611L70.0457 575.54C71.0338 576.356 71.289 577.768 70.6491 578.879L67.6306 584.121C66.9907 585.232 65.6432 585.717 64.4447 585.266L61.6127 584.203C60.7852 583.892 59.8652 584.034 59.1087 584.492C58.9402 584.594 58.7695 584.693 58.5969 584.789C57.8248 585.218 57.243 585.945 57.0979 586.817L56.601 589.807C56.3906 591.072 55.2983 592 54.0184 592H47.9816C46.7017 592 45.6094 591.072 45.399 589.807L44.9021 586.817C44.757 585.945 44.1752 585.218 43.4031 584.789C43.2305 584.693 43.0599 584.594 42.8913 584.492C42.1349 584.034 41.2148 583.892 40.3873 584.203L37.5553 585.267C36.3568 585.717 35.0093 585.232 34.3694 584.121L31.3509 578.879C30.711 577.768 30.9662 576.356 31.9543 575.54L34.2917 573.611C34.9725 573.049 35.3099 572.181 35.2936 571.297C35.2918 571.199 35.2908 571.099 35.2908 571C35.2908 570.901 35.2918 570.802 35.2936 570.703C35.3099 569.819 34.9725 568.951 34.2917 568.389L31.9543 566.46C30.9662 565.644 30.711 564.232 31.3509 563.121L34.3694 557.879C35.0093 556.768 36.3568 556.283 37.5553 556.734L40.3873 557.797C41.2148 558.108 42.1348 557.966 42.8913 557.508C43.0598 557.406 43.2305 557.307 43.4031 557.211C44.1752 556.782 44.757 556.055 44.9021 555.183L45.399 552.193Z" stroke="#0F172A" stroke-width="1.5" stroke-linecap="round" stroke-linejoin="round"/>
<path d="M57.9813 571C57.9813 574.866 54.8554 578 50.9995 578C47.1435 578 44.0176 574.866 44.0176 571C44.0176 567.134 47.1435 564 50.9995 564C54.8554 564 57.9813 567.134 57.9813 571Z" stroke="#0F172A" stroke-width="1.5" stroke-linecap="round" stroke-linejoin="round"/>
</g>
<defs>
<filter id="filter0_d_45_311" x="-12" y="-9" width="452" height="68" filterUnits="userSpaceOnUse" color-interpolation-filters="sRGB">
<feFlood flood-opacity="0" result="BackgroundImageFix"/>
<feColorMatrix in="SourceAlpha" type="matrix" values="0 0 0 0 0 0 0 0 0 0 0 0 0 0 0 0 0 0 127 0" result="hardAlpha"/>
<feOffset dy="3"/>
<feGaussianBlur stdDeviation="6"/>
<feColorMatrix type="matrix" values="0 0 0 0 0 0 0 0 0 0 0 0 0 0 0 0 0 0 0.1 0"/>
<feBlend mode="normal" in2="BackgroundImageFix" result="effect1_dropShadow_45_311"/>
<feBlend mode="normal" in="SourceGraphic" in2="effect1_dropShadow_45_311" result="shape"/>
</filter>
<filter id="filter1_d_45_311" x="-12" y="-9" width="452" height="68" filterUnits="userSpaceOnUse" color-interpolation-filters="sRGB">
<feFlood flood-opacity="0" result="BackgroundImageFix"/>
<feColorMatrix in="SourceAlpha" type="matrix" values="0 0 0 0 0 0 0 0 0 0 0 0 0 0 0 0 0 0 127 0" result="hardAlpha"/>
<feOffset dy="3"/>
<feGaussianBlur stdDeviation="6"/>
<feColorMatrix type="matrix" values="0 0 0 0 0 0 0 0 0 0 0 0 0 0 0 0 0 0 0.1 0"/>
<feBlend mode="normal" in2="BackgroundImageFix" result="effect1_dropShadow_45_311"/>
<feBlend mode="normal" in="SourceGraphic" in2="effect1_dropShadow_45_311" result="shape"/>
</filter>
<clipPath id="clip0_45_311">
<rect width="428" height="926" rx="25" fill="white"/>
</clipPath>
<clipPath id="clip1_45_311">
<rect width="428" height="926" rx="25" fill="white"/>
</clipPath>
<clipPath id="clip2_45_311">
<rect width="54" height="22" fill="white" transform="translate(21 12)"/>
</clipPath>
<clipPath id="clip3_45_311">
<rect width="54" height="22" fill="white" transform="translate(21 12)"/>
</clipPath>
<clipPath id="clip4_45_311">
<rect width="54" height="22" fill="white" transform="translate(21 12)"/>
</clipPath>
</defs>
</svg>
