<svg width="429" height="927" viewBox="0 0 429 927" fill="none" xmlns="http://www.w3.org/2000/svg">
<g clip-path="url(#clip0_18_359)">
<path d="M392.958 1H37.0421C17.1366 1 1 16.1101 1 34.7494V893.251C1 911.89 17.1366 927 37.0421 927H392.958C412.863 927 429 911.89 429 893.251V34.7494C429 16.1101 412.863 1 392.958 1Z" fill="white" stroke="#E0E0E0"/>
<path d="M39.07 16.75C39.84 16.75 40.51 16.89 41.08 17.17C41.65 17.44 42.12 17.815 42.49 18.295C42.86 18.765 43.135 19.305 43.315 19.915C43.505 20.515 43.6 21.145 43.6 21.805C43.6 22.535 43.485 23.275 43.255 24.025C43.025 24.765 42.67 25.45 42.19 26.08C41.71 26.7 41.085 27.2 40.315 27.58C39.555 27.96 38.64 28.15 37.57 28.15C37.13 28.15 36.75 28.12 36.43 28.06C36.11 28.01 35.95 27.985 35.95 27.985V25.93C35.95 25.93 36.03 25.945 36.19 25.975C36.36 25.995 36.57 26.02 36.82 26.05C37.07 26.08 37.32 26.095 37.57 26.095C38.34 26.095 38.985 25.94 39.505 25.63C40.025 25.32 40.42 24.925 40.69 24.445C40.97 23.965 41.135 23.46 41.185 22.93C41.085 23.1 40.93 23.29 40.72 23.5C40.51 23.7 40.225 23.875 39.865 24.025C39.515 24.175 39.065 24.25 38.515 24.25C37.725 24.25 37.06 24.08 36.52 23.74C35.98 23.39 35.575 22.94 35.305 22.39C35.035 21.84 34.9 21.265 34.9 20.665C34.9 20.185 34.985 19.715 35.155 19.255C35.335 18.785 35.595 18.365 35.935 17.995C36.285 17.615 36.72 17.315 37.24 17.095C37.76 16.865 38.37 16.75 39.07 16.75ZM39.07 18.655C38.51 18.655 38.05 18.835 37.69 19.195C37.33 19.555 37.15 20.015 37.15 20.575C37.15 21.145 37.33 21.61 37.69 21.97C38.05 22.32 38.51 22.495 39.07 22.495C39.62 22.495 40.075 22.32 40.435 21.97C40.795 21.61 40.975 21.145 40.975 20.575C40.975 20.015 40.795 19.555 40.435 19.195C40.075 18.835 39.62 18.655 39.07 18.655ZM47.0229 22.465C46.6429 22.465 46.3329 22.34 46.0929 22.09C45.8529 21.83 45.7329 21.525 45.7329 21.175C45.7329 20.825 45.8529 20.525 46.0929 20.275C46.3329 20.025 46.6429 19.9 47.0229 19.9C47.3829 19.9 47.6829 20.025 47.9229 20.275C48.1729 20.525 48.2979 20.825 48.2979 21.175C48.2979 21.525 48.1729 21.83 47.9229 22.09C47.6829 22.34 47.3829 22.465 47.0229 22.465ZM47.0229 28.15C46.6429 28.15 46.3329 28.025 46.0929 27.775C45.8529 27.515 45.7329 27.215 45.7329 26.875C45.7329 26.515 45.8529 26.21 46.0929 25.96C46.3329 25.71 46.6429 25.585 47.0229 25.585C47.3829 25.585 47.6829 25.71 47.9229 25.96C48.1729 26.21 48.2979 26.515 48.2979 26.875C48.2979 27.225 48.1729 27.525 47.9229 27.775C47.6829 28.025 47.3829 28.15 47.0229 28.15ZM55.5273 28V25.735L50.1573 25.72V23.71L54.9873 16.9H57.8523V23.785H59.5623V25.735H57.8523V28H55.5273ZM52.4373 23.785H55.5273V19.39L52.4373 23.785ZM65.4082 16.9V28H63.0982V20.05L60.9532 20.065V18.67L61.2982 18.565C61.9282 18.385 62.4382 18.18 62.8282 17.95C63.2182 17.72 63.5932 17.415 63.9532 17.035L64.0582 16.9H65.4082Z" fill="#1A1A1A"/>
<path opacity="0.35" d="M409.166 18.333H392.5C391.303 18.333 390.333 19.3032 390.333 20.5V26.499C390.333 27.6958 391.303 28.666 392.5 28.666H409.166C410.363 28.666 411.333 27.6958 411.333 26.499V20.5C411.333 19.3032 410.363 18.333 409.166 18.333Z" stroke="black"/>
<path opacity="0.4" d="M412.833 21.5V25.5C413.638 25.161 414.161 24.373 414.161 23.5C414.161 22.627 413.638 21.839 412.833 21.5Z" fill="black"/>
<path d="M408.5 19.833H393.166C392.43 19.833 391.833 20.4298 391.833 21.166V25.833C391.833 26.5692 392.43 27.166 393.166 27.166H408.5C409.236 27.166 409.833 26.5692 409.833 25.833V21.166C409.833 20.4298 409.236 19.833 408.5 19.833Z" fill="black"/>
<path d="M367.38 26.2571C368.842 25.1751 370.983 25.1751 372.444 26.2571C372.518 26.3161 372.56 26.3981 372.563 26.4851C372.564 26.5721 372.525 26.6551 372.455 26.7151L370.166 28.7381C370.099 28.7971 370.007 28.8311 369.912 28.8311C369.817 28.8311 369.725 28.7971 369.658 28.7381L367.369 26.7151C367.299 26.6551 367.26 26.5721 367.262 26.4851C367.264 26.3981 367.306 26.3161 367.38 26.2571ZM364.326 23.5601C367.475 20.9961 372.352 20.9961 375.501 23.5601C375.572 23.6201 375.612 23.7031 375.613 23.7901C375.614 23.8761 375.575 23.9591 375.506 24.0201L374.184 25.1911C374.047 25.3111 373.826 25.3121 373.687 25.1961C371.545 23.4741 368.279 23.4741 366.141 25.1961C366.001 25.3121 365.78 25.3101 365.644 25.1911L364.321 24.0201C364.252 23.9591 364.212 23.8761 364.213 23.7901C364.214 23.7031 364.255 23.6201 364.326 23.5601ZM361.271 20.8701C366.102 16.8181 373.722 16.8181 378.552 20.8701C378.622 20.9301 378.662 21.0121 378.662 21.0981C378.663 21.1841 378.624 21.2671 378.555 21.3281L377.23 22.4981C377.094 22.6181 376.872 22.6191 376.733 22.5011C374.893 20.9691 372.451 20.1151 369.912 20.1151C367.373 20.1151 364.93 20.9691 363.09 22.5011C362.951 22.6191 362.729 22.6181 362.593 22.4981L361.269 21.3281C361.2 21.2671 361.161 21.1841 361.161 21.0981C361.162 21.0121 361.202 20.9301 361.271 20.8701Z" fill="#A0A4AB"/>
<path d="M338.335 24.834C338.965 24.834 339.476 25.282 339.476 25.834V27.834C339.475 28.386 338.965 28.834 338.335 28.834H337.193C336.563 28.834 336.052 28.386 336.052 27.834V25.834C336.052 25.282 336.563 24.834 337.193 24.834H338.335ZM343.661 22.834C344.291 22.834 344.802 23.282 344.802 23.834V27.834C344.802 28.386 344.291 28.834 343.661 28.834H342.52C341.889 28.834 341.378 28.386 341.378 27.834V23.834C341.378 23.282 341.889 22.834 342.52 22.834H343.661ZM348.987 20.5C349.617 20.5 350.129 20.948 350.129 21.5V27.834C350.129 28.386 349.617 28.834 348.987 28.834H347.846C347.216 28.834 346.704 28.386 346.704 27.834V21.5C346.704 20.948 347.216 20.5 347.846 20.5H348.987ZM354.313 18.167C354.944 18.167 355.455 18.615 355.455 19.167V27.834C355.455 28.386 354.944 28.834 354.313 28.834H353.172C352.542 28.834 352.03 28.386 352.03 27.834V19.167C352.03 18.615 352.542 18.167 353.172 18.167H354.313Z" fill="#A0A4AB"/>
<path d="M428.5 44H0.5V344H428.5V44Z" fill="#E8EFFE"/>
<path opacity="0.4" d="M60 160C93.1371 160 120 133.137 120 100C120 66.8629 93.1371 40 60 40C26.8629 40 0 66.8629 0 100C0 133.137 26.8629 160 60 160Z" fill="#C5D3FC"/>
<path opacity="0.3" d="M370 360C414.183 360 450 324.183 450 280C450 235.817 414.183 200 370 200C325.817 200 290 235.817 290 280C290 324.183 325.817 360 370 360Z" fill="#C5D3FC"/>
<path opacity="0.25" d="M380 120C402.091 120 420 102.091 420 80C420 57.9086 402.091 40 380 40C357.909 40 340 57.9086 340 80C340 102.091 357.909 120 380 120Z" fill="#A8BBFB"/>
<path opacity="0.7" d="M61 95C70.9411 95 79 86.9411 79 77C79 67.0589 70.9411 59 61 59C51.0589 59 43 67.0589 43 77C43 86.9411 51.0589 95 61 95Z" fill="white"/>
<path d="M66 70L58 77L66 84" stroke="#0961F5" stroke-width="2" stroke-linecap="round" stroke-linejoin="round"/>
<path d="M135.809 77V72.436H134.409V71.204H135.809V66.64H139.169C139.999 66.64 140.723 66.7893 141.339 67.088C141.955 67.3773 142.468 67.7693 142.879 68.264C143.289 68.7587 143.597 69.314 143.803 69.93C144.008 70.546 144.111 71.176 144.111 71.82C144.111 72.464 144.008 73.094 143.803 73.71C143.597 74.326 143.289 74.8813 142.879 75.376C142.468 75.8707 141.955 76.2673 141.339 76.566C140.723 76.8553 139.999 77 139.169 77H135.809ZM139.365 72.436H137.181V75.796H139.113C139.719 75.796 140.247 75.684 140.695 75.46C141.152 75.236 141.53 74.9373 141.829 74.564C142.137 74.1813 142.365 73.752 142.515 73.276C142.664 72.8 142.739 72.3147 142.739 71.82C142.739 71.3253 142.664 70.84 142.515 70.364C142.365 69.888 142.137 69.4633 141.829 69.09C141.53 68.7073 141.152 68.404 140.695 68.18C140.247 67.956 139.719 67.844 139.113 67.844H137.181V71.204H139.365V72.436ZM146.73 68.166C146.478 68.166 146.268 68.082 146.1 67.914C145.941 67.746 145.862 67.5453 145.862 67.312C145.862 67.0693 145.941 66.864 146.1 66.696C146.268 66.528 146.478 66.444 146.73 66.444C146.973 66.444 147.178 66.528 147.346 66.696C147.514 66.864 147.598 67.0693 147.598 67.312C147.598 67.5453 147.514 67.746 147.346 67.914C147.178 68.082 146.973 68.166 146.73 68.166ZM146.072 77V69.58H147.402V77H146.072ZM152.92 77V66.36H154.25V72.548L157.204 69.58H158.94L155.524 72.954L159.01 77H157.316L154.25 73.43V77H152.92ZM160.685 77V66.36H162.015V70.658H162.099C162.165 70.546 162.272 70.392 162.421 70.196C162.58 70 162.804 69.8273 163.093 69.678C163.383 69.5193 163.747 69.44 164.185 69.44C164.727 69.44 165.189 69.566 165.571 69.818C165.954 70.0607 166.243 70.392 166.439 70.812C166.645 71.232 166.747 71.7033 166.747 72.226V77H165.417V72.31C165.417 71.8153 165.277 71.4047 164.997 71.078C164.727 70.7513 164.33 70.588 163.807 70.588C163.387 70.588 163.047 70.6953 162.785 70.91C162.524 71.1153 162.328 71.3907 162.197 71.736C162.076 72.072 162.015 72.4313 162.015 72.814V77H160.685ZM172.866 68.46L171.732 68.446L172.936 65.926H174.308L172.866 68.46ZM171.998 69.44C172.464 69.44 172.856 69.5147 173.174 69.664C173.491 69.8133 173.748 69.9907 173.944 70.196C174.14 70.392 174.289 70.5787 174.392 70.756H174.476V69.58H175.806V77H174.476V75.824H174.392C174.289 76.0013 174.14 76.1927 173.944 76.398C173.748 76.6033 173.491 76.7807 173.174 76.93C172.856 77.07 172.464 77.14 171.998 77.14C171.438 77.14 170.948 77.0327 170.528 76.818C170.108 76.594 169.758 76.3 169.478 75.936C169.198 75.5627 168.988 75.1473 168.848 74.69C168.708 74.2327 168.638 73.766 168.638 73.29C168.638 72.814 168.708 72.3473 168.848 71.89C168.988 71.4327 169.198 71.022 169.478 70.658C169.758 70.2847 170.108 69.9907 170.528 69.776C170.948 69.552 171.438 69.44 171.998 69.44ZM172.222 70.574C171.727 70.574 171.312 70.7093 170.976 70.98C170.64 71.2413 170.388 71.5773 170.22 71.988C170.061 72.3987 169.982 72.8327 169.982 73.29C169.982 73.738 170.061 74.172 170.22 74.592C170.388 75.0027 170.64 75.3433 170.976 75.614C171.312 75.8753 171.727 76.006 172.222 76.006C172.716 76.006 173.127 75.8753 173.454 75.614C173.79 75.3433 174.037 75.0027 174.196 74.592C174.364 74.172 174.448 73.738 174.448 73.29C174.448 72.8327 174.364 72.3987 174.196 71.988C174.037 71.5773 173.79 71.2413 173.454 70.98C173.127 70.7093 172.716 70.574 172.222 70.574ZM177.854 77V69.58H179.184V70.658H179.24C179.315 70.518 179.431 70.3547 179.59 70.168C179.749 69.972 179.963 69.804 180.234 69.664C180.514 69.5147 180.864 69.44 181.284 69.44C181.835 69.44 182.297 69.5753 182.67 69.846C183.053 70.1073 183.337 70.462 183.524 70.91H183.538C183.743 70.4993 184.033 70.154 184.406 69.874C184.789 69.5847 185.283 69.44 185.89 69.44C186.693 69.44 187.309 69.7153 187.738 70.266C188.177 70.8073 188.396 71.5073 188.396 72.366V77H187.066V72.436C187.066 71.8853 186.935 71.442 186.674 71.106C186.413 70.7607 186.035 70.588 185.54 70.588C185.111 70.588 184.765 70.7047 184.504 70.938C184.252 71.1713 184.07 71.4607 183.958 71.806C183.846 72.1513 183.79 72.4967 183.79 72.842V77H182.46V72.436C182.46 71.8853 182.329 71.442 182.068 71.106C181.816 70.7607 181.438 70.588 180.934 70.588C180.505 70.588 180.159 70.7047 179.898 70.938C179.646 71.1713 179.464 71.4653 179.352 71.82C179.24 72.1653 179.184 72.506 179.184 72.842V77H177.854ZM197.525 77.14C197.058 77.14 196.666 77.0653 196.349 76.916C196.031 76.7667 195.775 76.5893 195.579 76.384C195.392 76.1787 195.243 75.992 195.131 75.824H195.047V77H193.717V66.36H195.047V70.756H195.131C195.243 70.5787 195.392 70.3873 195.579 70.182C195.775 69.9767 196.031 69.804 196.349 69.664C196.666 69.5147 197.058 69.44 197.525 69.44C198.085 69.44 198.575 69.552 198.995 69.776C199.415 69.9907 199.765 70.2847 200.045 70.658C200.325 71.022 200.535 71.4327 200.675 71.89C200.815 72.3473 200.885 72.814 200.885 73.29C200.885 73.766 200.815 74.2327 200.675 74.69C200.535 75.1473 200.325 75.5627 200.045 75.936C199.765 76.3 199.415 76.594 198.995 76.818C198.575 77.0327 198.085 77.14 197.525 77.14ZM197.301 76.006C197.805 76.006 198.22 75.8753 198.547 75.614C198.883 75.3433 199.13 75.0027 199.289 74.592C199.457 74.172 199.541 73.738 199.541 73.29C199.541 72.8327 199.457 72.3987 199.289 71.988C199.13 71.5773 198.883 71.2413 198.547 70.98C198.22 70.7093 197.805 70.574 197.301 70.574C196.806 70.574 196.391 70.7093 196.055 70.98C195.728 71.2413 195.481 71.5773 195.313 71.988C195.154 72.3987 195.075 72.8327 195.075 73.29C195.075 73.738 195.154 74.172 195.313 74.592C195.481 75.0027 195.728 75.3433 196.055 75.614C196.391 75.8753 196.806 76.006 197.301 76.006ZM203.775 68.53L205.469 66.192H206.603L208.297 68.53H207.093L206.029 67.032L204.979 68.53H203.775ZM206.085 77.14C205.478 77.14 204.951 77.0327 204.503 76.818C204.064 76.594 203.7 76.2953 203.411 75.922C203.131 75.5487 202.921 75.138 202.781 74.69C202.641 74.2327 202.571 73.766 202.571 73.29C202.571 72.8233 202.636 72.3613 202.767 71.904C202.907 71.4467 203.117 71.0313 203.397 70.658C203.686 70.2847 204.046 69.9907 204.475 69.776C204.914 69.552 205.432 69.44 206.029 69.44C206.664 69.44 207.224 69.5847 207.709 69.874C208.194 70.1633 208.577 70.5927 208.857 71.162C209.137 71.7313 209.277 72.4453 209.277 73.304V73.696H203.915C203.943 74.116 204.041 74.5033 204.209 74.858C204.386 75.2033 204.634 75.4833 204.951 75.698C205.268 75.9033 205.646 76.006 206.085 76.006C206.468 76.006 206.776 75.9453 207.009 75.824C207.252 75.6933 207.443 75.544 207.583 75.376C207.723 75.208 207.816 75.0633 207.863 74.942C207.919 74.8113 207.947 74.746 207.947 74.746H209.193C209.193 74.746 209.17 74.83 209.123 74.998C209.076 75.1567 208.992 75.3527 208.871 75.586C208.75 75.8193 208.572 76.0573 208.339 76.3C208.106 76.5333 207.807 76.734 207.443 76.902C207.079 77.0607 206.626 77.14 206.085 77.14ZM203.929 72.66H207.975C207.956 72.1747 207.854 71.7827 207.667 71.484C207.48 71.176 207.242 70.9473 206.953 70.798C206.664 70.6487 206.356 70.574 206.029 70.574C205.441 70.574 204.96 70.7653 204.587 71.148C204.214 71.5213 203.994 72.0253 203.929 72.66ZM206.029 80.178C205.768 80.178 205.548 80.0847 205.371 79.898C205.203 79.7207 205.119 79.5107 205.119 79.268C205.119 79.016 205.203 78.8013 205.371 78.624C205.548 78.4467 205.768 78.358 206.029 78.358C206.29 78.358 206.505 78.4467 206.673 78.624C206.85 78.8013 206.939 79.016 206.939 79.268C206.939 79.52 206.85 79.7347 206.673 79.912C206.505 80.0893 206.29 80.178 206.029 80.178ZM211.172 77V69.58H212.502V70.658H212.586C212.652 70.546 212.759 70.392 212.908 70.196C213.067 70 213.291 69.8273 213.58 69.678C213.87 69.5193 214.234 69.44 214.672 69.44C215.214 69.44 215.676 69.566 216.058 69.818C216.441 70.0607 216.73 70.392 216.926 70.812C217.132 71.232 217.234 71.7033 217.234 72.226V77H215.904V72.31C215.904 71.8153 215.764 71.4047 215.484 71.078C215.214 70.7513 214.817 70.588 214.294 70.588C213.874 70.588 213.534 70.6953 213.272 70.91C213.011 71.1153 212.815 71.3907 212.684 71.736C212.563 72.072 212.502 72.4313 212.502 72.814V77H211.172ZM219.338 77V66.36H220.668V70.658H220.752C220.817 70.546 220.924 70.392 221.074 70.196C221.232 70 221.456 69.8273 221.746 69.678C222.035 69.5193 222.399 69.44 222.838 69.44C223.379 69.44 223.841 69.566 224.224 69.818C224.606 70.0607 224.896 70.392 225.092 70.812C225.297 71.232 225.4 71.7033 225.4 72.226V77H224.07V72.31C224.07 71.8153 223.93 71.4047 223.65 71.078C223.379 70.7513 222.982 70.588 222.46 70.588C222.04 70.588 221.699 70.6953 221.438 70.91C221.176 71.1153 220.98 71.3907 220.85 71.736C220.728 72.072 220.668 72.4313 220.668 72.814V77H219.338ZM231.804 72.408C231.543 72.408 231.324 72.3193 231.146 72.142C230.978 71.9553 230.894 71.7407 230.894 71.498C230.894 71.246 230.978 71.0313 231.146 70.854C231.324 70.6767 231.543 70.588 231.804 70.588C232.066 70.588 232.28 70.6767 232.448 70.854C232.626 71.0313 232.714 71.246 232.714 71.498C232.714 71.75 232.626 71.9647 232.448 72.142C232.28 72.3193 232.066 72.408 231.804 72.408ZM237.521 77V66.64H241.511C242.174 66.64 242.739 66.7613 243.205 67.004C243.681 67.2373 244.045 67.5547 244.297 67.956C244.549 68.348 244.675 68.7773 244.675 69.244C244.675 69.7573 244.582 70.1727 244.395 70.49C244.209 70.8073 243.999 71.05 243.765 71.218C243.532 71.3767 243.345 71.484 243.205 71.54V71.624C243.429 71.6893 243.686 71.8153 243.975 72.002C244.274 72.1793 244.531 72.436 244.745 72.772C244.96 73.108 245.067 73.5467 245.067 74.088C245.067 74.564 244.951 75.026 244.717 75.474C244.484 75.922 244.115 76.2907 243.611 76.58C243.107 76.86 242.44 77 241.609 77H237.521ZM241.455 67.83H238.893V71.134H241.455C241.903 71.134 242.263 71.0547 242.533 70.896C242.813 70.7373 243.014 70.532 243.135 70.28C243.266 70.0187 243.331 69.7527 243.331 69.482C243.331 69.202 243.266 68.936 243.135 68.684C243.014 68.432 242.813 68.2267 242.533 68.068C242.263 67.9093 241.903 67.83 241.455 67.83ZM241.567 72.24H238.893V75.81H241.567C242.081 75.81 242.491 75.726 242.799 75.558C243.107 75.3807 243.331 75.1567 243.471 74.886C243.621 74.606 243.695 74.3167 243.695 74.018C243.695 73.7193 243.621 73.4347 243.471 73.164C243.331 72.8933 243.107 72.674 242.799 72.506C242.491 72.3287 242.081 72.24 241.567 72.24ZM249.909 68.46L248.467 65.926H249.839L251.043 68.446L249.909 68.46ZM250.105 69.44C250.572 69.44 250.964 69.5147 251.281 69.664C251.598 69.8133 251.855 69.9907 252.051 70.196C252.247 70.392 252.396 70.5787 252.499 70.756H252.583V69.58H253.913V77H252.583V75.824H252.499C252.396 76.0013 252.247 76.1927 252.051 76.398C251.855 76.6033 251.598 76.7807 251.281 76.93C250.964 77.07 250.572 77.14 250.105 77.14C249.545 77.14 249.055 77.0327 248.635 76.818C248.215 76.594 247.865 76.3 247.585 75.936C247.305 75.5627 247.095 75.1473 246.955 74.69C246.815 74.2327 246.745 73.766 246.745 73.29C246.745 72.814 246.815 72.3473 246.955 71.89C247.095 71.4327 247.305 71.022 247.585 70.658C247.865 70.2847 248.215 69.9907 248.635 69.776C249.055 69.552 249.545 69.44 250.105 69.44ZM250.329 70.574C249.834 70.574 249.419 70.7093 249.083 70.98C248.747 71.2413 248.495 71.5773 248.327 71.988C248.168 72.3987 248.089 72.8327 248.089 73.29C248.089 73.738 248.168 74.172 248.327 74.592C248.495 75.0027 248.747 75.3433 249.083 75.614C249.419 75.8753 249.834 76.006 250.329 76.006C250.824 76.006 251.234 75.8753 251.561 75.614C251.897 75.3433 252.144 75.0027 252.303 74.592C252.471 74.172 252.555 73.738 252.555 73.29C252.555 72.8327 252.471 72.3987 252.303 71.988C252.144 71.5773 251.897 71.2413 251.561 70.98C251.234 70.7093 250.824 70.574 250.329 70.574ZM256.829 68.166C256.577 68.166 256.367 68.082 256.199 67.914C256.041 67.746 255.961 67.5453 255.961 67.312C255.961 67.0693 256.041 66.864 256.199 66.696C256.367 66.528 256.577 66.444 256.829 66.444C257.072 66.444 257.277 66.528 257.445 66.696C257.613 66.864 257.697 67.0693 257.697 67.312C257.697 67.5453 257.613 67.746 257.445 67.914C257.277 68.082 257.072 68.166 256.829 68.166ZM256.171 77V69.58H257.501V77H256.171ZM266.449 77.14C265.843 77.14 265.264 77.0233 264.713 76.79C264.172 76.5567 263.729 76.202 263.383 75.726C263.047 75.2407 262.879 74.6293 262.879 73.892H264.181C264.181 74.368 264.289 74.76 264.503 75.068C264.727 75.376 265.012 75.6047 265.357 75.754C265.712 75.9033 266.076 75.978 266.449 75.978C266.851 75.978 267.219 75.9033 267.555 75.754C267.891 75.5953 268.162 75.3667 268.367 75.068C268.573 74.7693 268.675 74.41 268.675 73.99C268.675 73.4393 268.493 73.0053 268.129 72.688C267.765 72.3613 267.28 72.198 266.673 72.198H265.273V71.12H266.673C267.177 71.12 267.607 70.9707 267.961 70.672C268.325 70.3733 268.507 69.9673 268.507 69.454C268.507 69.0807 268.409 68.7633 268.213 68.502C268.027 68.2313 267.775 68.0213 267.457 67.872C267.149 67.7227 266.813 67.648 266.449 67.648C266.104 67.648 265.768 67.7273 265.441 67.886C265.124 68.0353 264.863 68.264 264.657 68.572C264.452 68.88 264.349 69.272 264.349 69.748H263.075C263.075 69.02 263.239 68.418 263.565 67.942C263.901 67.4567 264.326 67.0973 264.839 66.864C265.362 66.6213 265.908 66.5 266.477 66.5C267.056 66.5 267.597 66.6167 268.101 66.85C268.615 67.074 269.03 67.4007 269.347 67.83C269.665 68.25 269.823 68.754 269.823 69.342C269.823 69.902 269.683 70.378 269.403 70.77C269.123 71.1527 268.769 71.428 268.339 71.596V71.666C268.834 71.834 269.24 72.1187 269.557 72.52C269.875 72.9213 270.033 73.4253 270.033 74.032C270.033 74.676 269.865 75.2313 269.529 75.698C269.193 76.1647 268.755 76.524 268.213 76.776C267.672 77.0187 267.084 77.14 266.449 77.14ZM274.928 79.114L279.786 65.464H281.06L276.202 79.114H274.928ZM289.564 77.14C288.901 77.14 288.322 77.014 287.828 76.762C287.342 76.51 286.941 76.1647 286.624 75.726C286.306 75.278 286.068 74.7693 285.91 74.2C285.76 73.6307 285.686 73.0333 285.686 72.408C285.686 71.8947 285.742 71.3627 285.854 70.812C285.966 70.2613 286.138 69.7293 286.372 69.216C286.614 68.7027 286.932 68.2453 287.324 67.844C287.725 67.4333 288.206 67.1067 288.766 66.864C289.335 66.6213 289.998 66.5 290.754 66.5C291.052 66.5 291.323 66.5187 291.566 66.556C291.818 66.584 292.018 66.6167 292.168 66.654C292.317 66.6913 292.392 66.71 292.392 66.71V67.97C292.392 67.97 292.308 67.9513 292.14 67.914C291.972 67.8767 291.757 67.844 291.496 67.816C291.244 67.7787 290.987 67.76 290.726 67.76C290.156 67.76 289.666 67.8487 289.256 68.026C288.854 68.194 288.514 68.4227 288.234 68.712C287.963 68.992 287.744 69.3 287.576 69.636C287.417 69.9627 287.3 70.2893 287.226 70.616C287.151 70.9333 287.109 71.2087 287.1 71.442C287.165 71.33 287.296 71.176 287.492 70.98C287.688 70.784 287.963 70.6067 288.318 70.448C288.672 70.2893 289.125 70.21 289.676 70.21C290.441 70.21 291.076 70.378 291.58 70.714C292.084 71.0407 292.462 71.4653 292.714 71.988C292.975 72.5107 293.106 73.0613 293.106 73.64C293.106 74.2187 292.975 74.7787 292.714 75.32C292.452 75.852 292.06 76.2907 291.538 76.636C291.015 76.972 290.357 77.14 289.564 77.14ZM289.536 75.964C289.909 75.964 290.264 75.88 290.6 75.712C290.945 75.544 291.225 75.292 291.44 74.956C291.664 74.6107 291.776 74.186 291.776 73.682C291.776 73.1687 291.664 72.744 291.44 72.408C291.225 72.0627 290.945 71.806 290.6 71.638C290.264 71.47 289.909 71.386 289.536 71.386C289.162 71.386 288.803 71.47 288.458 71.638C288.122 71.806 287.842 72.0627 287.618 72.408C287.403 72.744 287.296 73.1687 287.296 73.682C287.296 74.186 287.403 74.6107 287.618 74.956C287.842 75.292 288.122 75.544 288.458 75.712C288.803 75.88 289.162 75.964 289.536 75.964Z" fill="#0961F5"/>
<path opacity="0.35" d="M214 265C253.765 265 286 232.765 286 193C286 153.235 253.765 121 214 121C174.235 121 142 153.235 142 193C142 232.765 174.235 265 214 265Z" fill="#A8BBFB"/>
<path d="M214 251C246.033 251 272 225.033 272 193C272 160.967 246.033 135 214 135C181.967 135 156 160.967 156 193C156 225.033 181.967 251 214 251Z" fill="#0961F5"/>
<path d="M214 245C242.719 245 266 221.719 266 193C266 164.281 242.719 141 214 141C185.281 141 162 164.281 162 193C162 221.719 185.281 245 214 245Z" stroke="#5C8DF9" stroke-width="3"/>
<path d="M214 164L219.5 179H235L223 188.5L227.5 203.5L214 194.5L200.5 203.5L205 188.5L193 179H208.5L214 164Z" fill="white"/>
<path d="M254 161C257.314 161 260 158.314 260 155C260 151.686 257.314 149 254 149C250.686 149 248 151.686 248 155C248 158.314 250.686 161 254 161Z" fill="#A8BBFB"/>
<path d="M266 176C268.209 176 270 174.209 270 172C270 169.791 268.209 168 266 168C263.791 168 262 169.791 262 172C262 174.209 263.791 176 266 176Z" fill="#C5D3FC"/>
<path d="M168 163C170.761 163 173 160.761 173 158C173 155.239 170.761 153 168 153C165.239 153 163 155.239 163 158C163 160.761 165.239 163 168 163Z" fill="#A8BBFB"/>
<path d="M158 178C159.657 178 161 176.657 161 175C161 173.343 159.657 172 158 172C156.343 172 155 173.343 155 175C155 176.657 156.343 178 158 178Z" fill="#C5D3FC"/>
<path opacity="0.5" d="M260 224C262.209 224 264 222.209 264 220C264 217.791 262.209 216 260 216C257.791 216 256 217.791 256 220C256 222.209 257.791 224 260 224Z" fill="#5C8DF9"/>
<path d="M151.714 274V260.68H154.486V265.99H159.67V260.68H162.442V274H159.67V268.402H154.486V274H151.714ZM170.316 274.18C169.344 274.18 168.444 273.994 167.616 273.622C166.8 273.25 166.14 272.674 165.636 271.894C165.144 271.114 164.898 270.1 164.898 268.852V260.68H167.67V268.852C167.67 269.62 167.886 270.268 168.318 270.796C168.75 271.312 169.416 271.57 170.316 271.57C171.216 271.57 171.876 271.312 172.296 270.796C172.728 270.268 172.944 269.62 172.944 268.852V260.68H175.734V268.852C175.734 270.1 175.482 271.114 174.978 271.894C174.486 272.674 173.826 273.25 172.998 273.622C172.17 273.994 171.276 274.18 170.316 274.18ZM182.25 274V269.446L177.57 260.68H180.612L183.636 266.602L186.66 260.68H189.702L185.022 269.446V274H182.25ZM201.568 274.18C200.464 274.18 199.498 273.988 198.67 273.604C197.854 273.208 197.17 272.686 196.618 272.038C196.066 271.378 195.652 270.64 195.376 269.824C195.1 269.008 194.962 268.174 194.962 267.322C194.962 266.482 195.1 265.654 195.376 264.838C195.652 264.022 196.066 263.29 196.618 262.642C197.17 261.982 197.854 261.46 198.67 261.076C199.498 260.692 200.464 260.5 201.568 260.5C202.492 260.5 203.278 260.62 203.926 260.86C204.586 261.088 205.132 261.388 205.564 261.76C206.008 262.12 206.362 262.51 206.626 262.93C206.902 263.338 207.106 263.728 207.238 264.1C207.37 264.46 207.454 264.76 207.49 265C207.538 265.228 207.562 265.342 207.562 265.342H204.808C204.808 265.342 204.784 265.264 204.736 265.108C204.7 264.94 204.622 264.742 204.502 264.514C204.382 264.274 204.202 264.04 203.962 263.812C203.734 263.584 203.422 263.392 203.026 263.236C202.642 263.068 202.162 262.984 201.586 262.984C200.758 262.984 200.062 263.2 199.498 263.632C198.946 264.052 198.526 264.592 198.238 265.252C197.962 265.912 197.824 266.602 197.824 267.322C197.824 268.042 197.962 268.738 198.238 269.41C198.526 270.07 198.946 270.616 199.498 271.048C200.062 271.468 200.758 271.678 201.586 271.678C202.162 271.678 202.642 271.6 203.026 271.444C203.422 271.288 203.734 271.096 203.962 270.868C204.202 270.628 204.382 270.394 204.502 270.166C204.622 269.926 204.7 269.728 204.736 269.572C204.784 269.416 204.808 269.338 204.808 269.338H207.562C207.562 269.338 207.538 269.458 207.49 269.698C207.454 269.926 207.37 270.226 207.238 270.598C207.106 270.958 206.902 271.348 206.626 271.768C206.362 272.176 206.008 272.566 205.564 272.938C205.132 273.298 204.586 273.598 203.926 273.838C203.278 274.066 202.492 274.18 201.568 274.18ZM209.511 274V260.68H212.283V265.99H217.467V260.68H220.239V274H217.467V268.402H212.283V274H209.511ZM228.185 274.18C227.213 274.18 226.313 273.994 225.485 273.622C224.669 273.25 224.009 272.674 223.505 271.894C223.013 271.114 222.767 270.1 222.767 268.852V260.68H225.539V268.852C225.539 269.62 225.755 270.268 226.187 270.796C226.619 271.312 227.285 271.57 228.185 271.57C229.085 271.57 229.745 271.312 230.165 270.796C230.597 270.268 230.813 269.62 230.813 268.852V260.68H232.739C233.219 260.68 233.459 260.44 233.459 259.96V258.682H235.691V260.05C235.691 260.674 235.523 261.172 235.187 261.544C234.851 261.904 234.353 262.084 233.693 262.084H233.603V268.852C233.603 270.1 233.351 271.114 232.847 271.894C232.355 272.674 231.695 273.25 230.867 273.622C230.039 273.994 229.145 274.18 228.185 274.18ZM242.352 274.18C241.248 274.18 240.276 273.988 239.436 273.604C238.596 273.208 237.888 272.686 237.312 272.038C236.748 271.378 236.322 270.64 236.034 269.824C235.758 269.008 235.62 268.174 235.62 267.322C235.62 266.47 235.758 265.642 236.034 264.838C236.322 264.022 236.748 263.29 237.312 262.642C237.888 261.994 238.596 261.478 239.436 261.094C240.276 260.698 241.248 260.5 242.352 260.5C242.496 260.5 242.64 260.506 242.784 260.518H245.286C245.922 260.518 246.24 260.194 246.24 259.546V258.502H248.58V259.798C248.58 260.47 248.436 260.992 248.148 261.364C247.86 261.736 247.398 261.952 246.762 262.012C247.53 262.672 248.106 263.476 248.49 264.424C248.886 265.36 249.084 266.326 249.084 267.322C249.084 268.174 248.94 269.008 248.652 269.824C248.376 270.64 247.956 271.378 247.392 272.038C246.828 272.686 246.126 273.208 245.286 273.604C244.446 273.988 243.468 274.18 242.352 274.18ZM242.352 271.678C243.192 271.678 243.9 271.468 244.476 271.048C245.052 270.628 245.484 270.088 245.772 269.428C246.06 268.756 246.204 268.054 246.204 267.322C246.204 266.59 246.06 265.894 245.772 265.234C245.484 264.574 245.052 264.034 244.476 263.614C243.9 263.194 243.192 262.984 242.352 262.984C241.512 262.984 240.804 263.194 240.228 263.614C239.664 264.034 239.238 264.574 238.95 265.234C238.662 265.894 238.518 266.59 238.518 267.322C238.518 268.054 238.662 268.756 238.95 269.428C239.238 270.088 239.664 270.628 240.228 271.048C240.804 271.468 241.512 271.678 242.352 271.678ZM251.031 274V260.68H253.569L259.311 269.176V260.68H262.065V274H259.491L253.785 265.738V274H251.031ZM270.705 274.18C269.589 274.18 268.611 273.988 267.771 273.604C266.931 273.22 266.229 272.704 265.665 272.056C265.113 271.396 264.699 270.664 264.423 269.86C264.147 269.044 264.009 268.21 264.009 267.358C264.009 266.506 264.147 265.672 264.423 264.856C264.711 264.04 265.131 263.308 265.683 262.66C266.247 262 266.955 261.478 267.807 261.094C268.659 260.698 269.655 260.5 270.795 260.5C271.683 260.5 272.445 260.614 273.081 260.842C273.729 261.058 274.269 261.346 274.701 261.706C275.133 262.054 275.475 262.426 275.727 262.822C275.991 263.218 276.189 263.596 276.321 263.956C276.465 264.304 276.555 264.592 276.591 264.82C276.639 265.036 276.663 265.144 276.663 265.144H273.909C273.909 265.144 273.873 265.036 273.801 264.82C273.729 264.604 273.585 264.352 273.369 264.064C273.153 263.764 272.835 263.506 272.415 263.29C272.007 263.062 271.467 262.948 270.795 262.948C269.919 262.948 269.187 263.164 268.599 263.596C268.023 264.016 267.585 264.562 267.285 265.234C266.997 265.894 266.853 266.584 266.853 267.304C266.853 268.048 267.003 268.762 267.303 269.446C267.603 270.118 268.041 270.67 268.617 271.102C269.205 271.522 269.937 271.732 270.813 271.732C271.773 271.732 272.529 271.486 273.081 270.994C273.645 270.502 273.981 269.836 274.089 268.996H270.633V266.818H276.825V267.844C276.825 269.236 276.555 270.406 276.015 271.354C275.487 272.29 274.761 272.998 273.837 273.478C272.925 273.946 271.881 274.18 270.705 274.18Z" fill="#0961F5"/>
<path d="M96.9797 303V285.24H100.364L108.02 296.568V285.24H111.692V303H108.26L100.652 291.984V303H96.9797ZM121.104 308.088C119.92 308.088 118.944 307.944 118.176 307.656C117.424 307.368 116.824 307 116.376 306.552C115.928 306.12 115.6 305.688 115.392 305.256C115.184 304.824 115.048 304.456 114.984 304.152C114.936 303.864 114.912 303.72 114.912 303.72H118.464C118.464 303.72 118.488 303.792 118.536 303.936C118.6 304.096 118.72 304.272 118.896 304.464C119.072 304.672 119.328 304.848 119.664 304.992C120.016 305.152 120.48 305.232 121.056 305.232C122.048 305.232 122.776 304.952 123.24 304.392C123.72 303.832 123.96 303.096 123.96 302.184V300.84H123.792C123.632 301.096 123.392 301.376 123.072 301.68C122.752 301.984 122.344 302.24 121.848 302.448C121.352 302.656 120.752 302.76 120.048 302.76C119.104 302.76 118.28 302.584 117.576 302.232C116.872 301.864 116.28 301.376 115.8 300.768C115.336 300.16 114.984 299.48 114.744 298.728C114.52 297.976 114.408 297.2 114.408 296.4C114.408 295.616 114.52 294.848 114.744 294.096C114.984 293.328 115.336 292.64 115.8 292.032C116.28 291.424 116.872 290.944 117.576 290.592C118.28 290.224 119.104 290.04 120.048 290.04C120.752 290.04 121.352 290.152 121.848 290.376C122.344 290.584 122.752 290.84 123.072 291.144C123.408 291.432 123.648 291.712 123.792 291.984H123.96V290.28H127.608V302.184C127.608 303.24 127.376 304.216 126.912 305.112C126.448 306.008 125.736 306.728 124.776 307.272C123.816 307.816 122.592 308.088 121.104 308.088ZM121.056 299.88C121.728 299.88 122.28 299.712 122.712 299.376C123.16 299.04 123.496 298.608 123.72 298.08C123.944 297.536 124.056 296.976 124.056 296.4C124.056 295.808 123.944 295.248 123.72 294.72C123.496 294.192 123.16 293.76 122.712 293.424C122.28 293.088 121.728 292.92 121.056 292.92C120.4 292.92 119.848 293.088 119.4 293.424C118.968 293.76 118.64 294.192 118.416 294.72C118.192 295.248 118.08 295.808 118.08 296.4C118.08 296.976 118.192 297.536 118.416 298.08C118.64 298.608 118.968 299.04 119.4 299.376C119.848 299.712 120.4 299.88 121.056 299.88ZM134.356 303.24C133.46 303.24 132.716 303.048 132.124 302.664C131.548 302.28 131.116 301.768 130.828 301.128C130.54 300.472 130.396 299.736 130.396 298.92V290.28H134.02V298.2C134.02 298.808 134.18 299.304 134.5 299.688C134.82 300.056 135.292 300.24 135.916 300.24C136.444 300.24 136.86 300.112 137.164 299.856C137.484 299.6 137.716 299.272 137.86 298.872C138.004 298.472 138.076 298.048 138.076 297.6V290.28H140.596C141.236 290.28 141.556 289.96 141.556 289.32V287.616H144.484V289.44C144.484 290.288 144.26 290.952 143.812 291.432C143.364 291.896 142.7 292.128 141.82 292.128H141.724V303H138.076V301.2H137.932C137.66 301.696 137.236 302.16 136.66 302.592C136.1 303.024 135.332 303.24 134.356 303.24ZM150.347 288.528L147.707 284.184H151.091L153.035 288.504L150.347 288.528ZM151.619 303.24C150.195 303.24 148.987 302.936 147.995 302.328C147.003 301.704 146.243 300.896 145.715 299.904C145.203 298.896 144.947 297.808 144.947 296.64C144.947 295.472 145.203 294.392 145.715 293.4C146.243 292.392 147.003 291.584 147.995 290.976C148.987 290.352 150.195 290.04 151.619 290.04H154.667C155.307 290.04 155.627 289.72 155.627 289.08V287.376H158.531V289.2C158.531 289.968 158.347 290.584 157.979 291.048C157.627 291.512 157.099 291.784 156.395 291.864C157.003 292.472 157.467 293.192 157.787 294.024C158.123 294.856 158.291 295.728 158.291 296.64C158.291 297.808 158.027 298.896 157.499 299.904C156.987 300.896 156.235 301.704 155.243 302.328C154.251 302.936 153.043 303.24 151.619 303.24ZM151.619 300.264C152.259 300.264 152.803 300.096 153.251 299.76C153.699 299.424 154.035 298.984 154.259 298.44C154.499 297.88 154.619 297.28 154.619 296.64C154.619 295.984 154.499 295.384 154.259 294.84C154.035 294.296 153.699 293.856 153.251 293.52C152.803 293.184 152.259 293.016 151.619 293.016C150.979 293.016 150.435 293.184 149.987 293.52C149.539 293.856 149.195 294.296 148.955 294.84C148.731 295.384 148.619 295.984 148.619 296.64C148.619 297.28 148.731 297.88 148.955 298.44C149.195 298.984 149.539 299.424 149.987 299.76C150.435 300.096 150.979 300.264 151.619 300.264ZM163.282 288.552C162.642 288.552 162.122 288.352 161.722 287.952C161.322 287.536 161.122 287.048 161.122 286.488C161.122 285.896 161.322 285.4 161.722 285C162.122 284.584 162.642 284.376 163.282 284.376C163.89 284.376 164.402 284.584 164.818 285C165.234 285.4 165.442 285.896 165.442 286.488C165.442 287.048 165.234 287.536 164.818 287.952C164.402 288.352 163.89 288.552 163.282 288.552ZM161.458 303V290.28H165.106V303H161.458ZM173.995 303V284.76H177.643V292.104H177.763C177.907 291.848 178.115 291.56 178.387 291.24C178.675 290.92 179.051 290.64 179.515 290.4C179.995 290.16 180.603 290.04 181.339 290.04C182.331 290.04 183.139 290.272 183.763 290.736C184.387 291.184 184.843 291.768 185.131 292.488C185.419 293.192 185.563 293.936 185.563 294.72V303H181.915V295.344C181.915 294.736 181.747 294.2 181.411 293.736C181.091 293.272 180.571 293.04 179.851 293.04C179.307 293.04 178.875 293.168 178.555 293.424C178.235 293.68 178.003 294.008 177.859 294.408C177.715 294.808 177.643 295.232 177.643 295.68V303H173.995ZM194.72 303.24C193.296 303.24 192.088 302.936 191.096 302.328C190.104 301.704 189.344 300.896 188.816 299.904C188.304 298.896 188.048 297.808 188.048 296.64C188.048 295.472 188.304 294.392 188.816 293.4C189.344 292.392 190.104 291.584 191.096 290.976C192.088 290.352 193.296 290.04 194.72 290.04C196.144 290.04 197.352 290.352 198.344 290.976C199.336 291.584 200.088 292.392 200.6 293.4C201.128 294.392 201.392 295.472 201.392 296.64C201.392 297.808 201.128 298.896 200.6 299.904C200.088 300.896 199.336 301.704 198.344 302.328C197.352 302.936 196.144 303.24 194.72 303.24ZM194.72 300.264C195.36 300.264 195.904 300.096 196.352 299.76C196.8 299.424 197.136 298.984 197.36 298.44C197.6 297.88 197.72 297.28 197.72 296.64C197.72 295.984 197.6 295.384 197.36 294.84C197.136 294.296 196.8 293.856 196.352 293.52C195.904 293.184 195.36 293.016 194.72 293.016C194.08 293.016 193.536 293.184 193.088 293.52C192.64 293.856 192.296 294.296 192.056 294.84C191.832 295.384 191.72 295.984 191.72 296.64C191.72 297.28 191.832 297.88 192.056 298.44C192.296 298.984 192.64 299.424 193.088 299.76C193.536 300.096 194.08 300.264 194.72 300.264ZM194.72 308.928C194.16 308.928 193.696 308.736 193.328 308.352C192.976 307.984 192.8 307.536 192.8 307.008C192.8 306.48 192.976 306.032 193.328 305.664C193.696 305.296 194.16 305.112 194.72 305.112C195.264 305.112 195.712 305.296 196.064 305.664C196.432 306.032 196.616 306.48 196.616 307.008C196.616 307.536 196.432 307.984 196.064 308.352C195.712 308.736 195.264 308.928 194.72 308.928ZM210.352 303.24C209.232 303.24 208.256 303.056 207.424 302.688C206.592 302.304 205.904 301.8 205.36 301.176C204.816 300.552 204.408 299.848 204.136 299.064C203.864 298.264 203.728 297.456 203.728 296.64C203.728 295.824 203.864 295.024 204.136 294.24C204.408 293.456 204.816 292.752 205.36 292.128C205.904 291.488 206.592 290.984 207.424 290.616C208.256 290.232 209.232 290.04 210.352 290.04C211.488 290.04 212.424 290.208 213.16 290.544C213.896 290.864 214.48 291.272 214.912 291.768C215.36 292.248 215.688 292.736 215.896 293.232C216.104 293.712 216.232 294.12 216.28 294.456C216.344 294.776 216.376 294.936 216.376 294.936H212.968C212.968 294.936 212.936 294.84 212.872 294.648C212.824 294.44 212.712 294.208 212.536 293.952C212.376 293.68 212.128 293.448 211.792 293.256C211.456 293.048 211.008 292.944 210.448 292.944C209.76 292.944 209.184 293.12 208.72 293.472C208.272 293.808 207.936 294.256 207.712 294.816C207.488 295.376 207.376 295.984 207.376 296.64C207.376 297.296 207.488 297.904 207.712 298.464C207.936 299.024 208.272 299.48 208.72 299.832C209.184 300.168 209.76 300.336 210.448 300.336C211.008 300.336 211.456 300.24 211.792 300.048C212.128 299.84 212.376 299.608 212.536 299.352C212.712 299.08 212.824 298.848 212.872 298.656C212.936 298.448 212.968 298.344 212.968 298.344H216.376C216.376 298.344 216.344 298.512 216.28 298.848C216.232 299.168 216.104 299.576 215.896 300.072C215.688 300.552 215.36 301.04 214.912 301.536C214.48 302.016 213.896 302.424 213.16 302.76C212.424 303.08 211.488 303.24 210.352 303.24ZM230.977 303.24C229.857 303.24 228.881 303.056 228.049 302.688C227.217 302.304 226.529 301.8 225.985 301.176C225.441 300.552 225.033 299.848 224.761 299.064C224.489 298.264 224.353 297.456 224.353 296.64C224.353 295.824 224.489 295.024 224.761 294.24C225.033 293.456 225.441 292.752 225.985 292.128C226.529 291.488 227.217 290.984 228.049 290.616C228.881 290.232 229.857 290.04 230.977 290.04C232.113 290.04 233.049 290.208 233.785 290.544C234.521 290.864 235.105 291.272 235.537 291.768C235.985 292.248 236.313 292.736 236.521 293.232C236.729 293.712 236.857 294.12 236.905 294.456C236.969 294.776 237.001 294.936 237.001 294.936H233.593C233.593 294.936 233.561 294.84 233.497 294.648C233.449 294.44 233.337 294.208 233.161 293.952C233.001 293.68 232.753 293.448 232.417 293.256C232.081 293.048 231.633 292.944 231.073 292.944C230.385 292.944 229.809 293.12 229.345 293.472C228.897 293.808 228.561 294.256 228.337 294.816C228.113 295.376 228.001 295.984 228.001 296.64C228.001 297.296 228.113 297.904 228.337 298.464C228.561 299.024 228.897 299.48 229.345 299.832C229.809 300.168 230.385 300.336 231.073 300.336C231.633 300.336 232.081 300.24 232.417 300.048C232.753 299.84 233.001 299.608 233.161 299.352C233.337 299.08 233.449 298.848 233.497 298.656C233.561 298.448 233.593 298.344 233.593 298.344H237.001C237.001 298.344 236.969 298.512 236.905 298.848C236.857 299.168 236.729 299.576 236.521 300.072C236.313 300.552 235.985 301.04 235.537 301.536C235.105 302.016 234.521 302.424 233.785 302.76C233.049 303.08 232.113 303.24 230.977 303.24ZM239.855 303V284.76H243.503V292.104H243.623C243.767 291.848 243.975 291.56 244.247 291.24C244.535 290.92 244.911 290.64 245.375 290.4C245.855 290.16 246.463 290.04 247.199 290.04C248.191 290.04 248.999 290.272 249.623 290.736C250.247 291.184 250.703 291.768 250.991 292.488C251.279 293.192 251.423 293.936 251.423 294.72V303H247.775V295.344C247.775 294.736 247.607 294.2 247.271 293.736C246.951 293.272 246.431 293.04 245.711 293.04C245.167 293.04 244.735 293.168 244.415 293.424C244.095 293.68 243.863 294.008 243.719 294.408C243.575 294.808 243.503 295.232 243.503 295.68V303H239.855ZM260.652 288.672C259.756 288.672 259.028 288.536 258.468 288.264C257.924 287.976 257.5 287.632 257.196 287.232C256.908 286.816 256.7 286.4 256.572 285.984C256.444 285.568 256.364 285.224 256.332 284.952C256.316 284.664 256.308 284.52 256.308 284.52H258.708C258.708 284.52 258.716 284.624 258.732 284.832C258.764 285.04 258.836 285.28 258.948 285.552C259.076 285.808 259.268 286.04 259.524 286.248C259.796 286.44 260.172 286.536 260.652 286.536C261.132 286.536 261.5 286.44 261.756 286.248C262.028 286.04 262.22 285.808 262.332 285.552C262.444 285.28 262.508 285.04 262.524 284.832C262.556 284.624 262.572 284.52 262.572 284.52H264.972C264.972 284.52 264.964 284.664 264.948 284.952C264.932 285.224 264.86 285.568 264.732 285.984C264.604 286.4 264.388 286.816 264.084 287.232C263.78 287.632 263.348 287.976 262.788 288.264C262.244 288.536 261.532 288.672 260.652 288.672ZM259.548 290.04C260.364 290.04 261.036 290.176 261.564 290.448C262.092 290.704 262.492 290.984 262.764 291.288C263.052 291.592 263.228 291.8 263.292 291.912H263.484V290.28H267.132V303H263.484V301.368H263.292C263.228 301.48 263.052 301.688 262.764 301.992C262.492 302.296 262.092 302.584 261.564 302.856C261.036 303.112 260.364 303.24 259.548 303.24C258.604 303.24 257.78 303.056 257.076 302.688C256.388 302.304 255.812 301.8 255.348 301.176C254.884 300.536 254.532 299.824 254.292 299.04C254.068 298.256 253.956 297.456 253.956 296.64C253.956 295.824 254.068 295.024 254.292 294.24C254.532 293.456 254.884 292.752 255.348 292.128C255.812 291.488 256.388 290.984 257.076 290.616C257.78 290.232 258.604 290.04 259.548 290.04ZM260.604 292.992C259.948 292.992 259.396 293.176 258.948 293.544C258.516 293.896 258.188 294.352 257.964 294.912C257.756 295.472 257.652 296.048 257.652 296.64C257.652 297.232 257.756 297.808 257.964 298.368C258.188 298.928 258.516 299.392 258.948 299.76C259.396 300.112 259.948 300.288 260.604 300.288C261.26 300.288 261.804 300.112 262.236 299.76C262.684 299.392 263.012 298.928 263.22 298.368C263.444 297.808 263.556 297.232 263.556 296.64C263.556 296.048 263.444 295.472 263.22 294.912C263.012 294.352 262.684 293.896 262.236 293.544C261.804 293.176 261.26 292.992 260.604 292.992ZM270.06 303V290.28H273.708V292.008H273.828C274.1 291.544 274.508 291.104 275.052 290.688C275.596 290.256 276.34 290.04 277.284 290.04C278.244 290.04 279.012 290.264 279.588 290.712C280.18 291.16 280.612 291.712 280.884 292.368H280.932C281.14 292 281.412 291.64 281.748 291.288C282.1 290.92 282.532 290.624 283.044 290.4C283.572 290.16 284.188 290.04 284.892 290.04C285.772 290.04 286.5 290.24 287.076 290.64C287.652 291.04 288.076 291.568 288.348 292.224C288.636 292.864 288.78 293.552 288.78 294.288V303H285.132V295.2C285.132 294.576 284.972 294.064 284.652 293.664C284.348 293.248 283.884 293.04 283.26 293.04C282.78 293.04 282.388 293.16 282.084 293.4C281.796 293.64 281.58 293.952 281.436 294.336C281.308 294.704 281.244 295.088 281.244 295.488V303H277.596V295.2C277.596 294.576 277.436 294.064 277.116 293.664C276.812 293.248 276.348 293.04 275.724 293.04C275.244 293.04 274.852 293.16 274.548 293.4C274.26 293.64 274.044 293.952 273.9 294.336C273.772 294.704 273.708 295.088 273.708 295.488V303H270.06ZM303.563 303.24C302.443 303.24 301.467 303.056 300.635 302.688C299.803 302.304 299.115 301.8 298.571 301.176C298.027 300.552 297.619 299.848 297.347 299.064C297.075 298.264 296.939 297.456 296.939 296.64C296.939 295.824 297.075 295.024 297.347 294.24C297.619 293.456 298.027 292.752 298.571 292.128C299.115 291.488 299.803 290.984 300.635 290.616C301.467 290.232 302.443 290.04 303.563 290.04C304.699 290.04 305.635 290.208 306.371 290.544C307.107 290.864 307.691 291.272 308.123 291.768C308.571 292.248 308.899 292.736 309.107 293.232C309.315 293.712 309.443 294.12 309.491 294.456C309.555 294.776 309.587 294.936 309.587 294.936H306.179C306.179 294.936 306.147 294.84 306.083 294.648C306.035 294.44 305.923 294.208 305.747 293.952C305.587 293.68 305.339 293.448 305.003 293.256C304.667 293.048 304.219 292.944 303.659 292.944C302.971 292.944 302.395 293.12 301.931 293.472C301.483 293.808 301.147 294.256 300.923 294.816C300.699 295.376 300.587 295.984 300.587 296.64C300.587 297.296 300.699 297.904 300.923 298.464C301.147 299.024 301.483 299.48 301.931 299.832C302.395 300.168 302.971 300.336 303.659 300.336C304.219 300.336 304.667 300.24 305.003 300.048C305.339 299.84 305.587 299.608 305.747 299.352C305.923 299.08 306.035 298.848 306.083 298.656C306.147 298.448 306.179 298.344 306.179 298.344H309.587C309.587 298.344 309.555 298.512 309.491 298.848C309.443 299.168 309.315 299.576 309.107 300.072C308.899 300.552 308.571 301.04 308.123 301.536C307.691 302.016 307.107 302.424 306.371 302.76C305.635 303.08 304.699 303.24 303.563 303.24ZM312.441 303V284.76H316.089V292.104H316.209C316.353 291.848 316.561 291.56 316.833 291.24C317.121 290.92 317.497 290.64 317.961 290.4C318.441 290.16 319.049 290.04 319.785 290.04C320.777 290.04 321.585 290.272 322.209 290.736C322.833 291.184 323.289 291.768 323.577 292.488C323.865 293.192 324.009 293.936 324.009 294.72V303H320.361V295.344C320.361 294.736 320.193 294.2 319.857 293.736C319.537 293.272 319.017 293.04 318.297 293.04C317.753 293.04 317.321 293.168 317.001 293.424C316.681 293.68 316.449 294.008 316.305 294.408C316.161 294.808 316.089 295.232 316.089 295.68V303H312.441ZM328.002 288.792V288C328.002 287.792 328.042 287.6 328.122 287.424C328.218 287.232 328.378 287.088 328.602 286.992L328.962 286.8C329.298 286.624 329.554 286.456 329.73 286.296C329.906 286.12 329.994 285.912 329.994 285.672C329.994 285.464 329.914 285.28 329.754 285.12C329.61 284.96 329.402 284.88 329.13 284.88C328.826 284.88 328.61 284.952 328.482 285.096C328.354 285.24 328.274 285.392 328.242 285.552C328.21 285.712 328.194 285.808 328.194 285.84H326.106C326.09 285.408 326.178 284.984 326.37 284.568C326.578 284.136 326.898 283.776 327.33 283.488C327.778 283.2 328.362 283.056 329.082 283.056C330.058 283.056 330.826 283.312 331.386 283.824C331.946 284.32 332.226 284.904 332.226 285.576C332.226 286.152 332.034 286.64 331.65 287.04C331.282 287.424 330.802 287.76 330.21 288.048L330.114 288.12V288.792H328.002ZM327.21 303V290.28H330.858V303H327.21Z" fill="#03318C"/>
<path d="M81.7515 335V321.68H83.5155V327.458H89.8695V321.68H91.6335V335H89.8695V329.042H83.5155V335H81.7515ZM98.8512 335.18C97.8312 335.18 96.9732 334.946 96.2772 334.478C95.5812 333.998 95.0532 333.38 94.6932 332.624C94.3332 331.868 94.1532 331.07 94.1532 330.23C94.1532 329.378 94.3332 328.58 94.6932 327.836C95.0532 327.08 95.5812 326.468 96.2772 326C96.9732 325.52 97.8312 325.28 98.8512 325.28C99.8712 325.28 100.729 325.52 101.425 326C102.121 326.468 102.649 327.08 103.009 327.836C103.369 328.58 103.549 329.378 103.549 330.23C103.549 331.07 103.369 331.868 103.009 332.624C102.649 333.38 102.121 333.998 101.425 334.478C100.729 334.946 99.8712 335.18 98.8512 335.18ZM98.8512 333.686C99.4992 333.686 100.039 333.524 100.471 333.2C100.915 332.864 101.245 332.432 101.461 331.904C101.689 331.376 101.803 330.818 101.803 330.23C101.803 329.63 101.689 329.072 101.461 328.556C101.245 328.028 100.915 327.602 100.471 327.278C100.039 326.942 99.4992 326.774 98.8512 326.774C98.2152 326.774 97.6752 326.942 97.2312 327.278C96.7872 327.602 96.4512 328.028 96.2232 328.556C96.0072 329.072 95.8992 329.63 95.8992 330.23C95.8992 330.818 96.0072 331.376 96.2232 331.904C96.4512 332.432 96.7872 332.864 97.2312 333.2C97.6752 333.524 98.2152 333.686 98.8512 333.686ZM109.772 324.02L107.918 320.762H109.682L111.23 324.002L109.772 324.02ZM110.024 325.28C110.624 325.28 111.128 325.376 111.536 325.568C111.944 325.76 112.274 325.988 112.526 326.252C112.778 326.504 112.97 326.744 113.102 326.972H113.21V325.46H114.92V335H113.21V333.488H113.102C112.97 333.716 112.778 333.962 112.526 334.226C112.274 334.49 111.944 334.718 111.536 334.91C111.128 335.09 110.624 335.18 110.024 335.18C109.304 335.18 108.674 335.042 108.134 334.766C107.594 334.478 107.144 334.1 106.784 333.632C106.424 333.152 106.154 332.618 105.974 332.03C105.794 331.442 105.704 330.842 105.704 330.23C105.704 329.618 105.794 329.018 105.974 328.43C106.154 327.842 106.424 327.314 106.784 326.846C107.144 326.366 107.594 325.988 108.134 325.712C108.674 325.424 109.304 325.28 110.024 325.28ZM110.312 326.738C109.676 326.738 109.142 326.912 108.71 327.26C108.278 327.596 107.954 328.028 107.738 328.556C107.534 329.084 107.432 329.642 107.432 330.23C107.432 330.806 107.534 331.364 107.738 331.904C107.954 332.432 108.278 332.87 108.71 333.218C109.142 333.554 109.676 333.722 110.312 333.722C110.948 333.722 111.476 333.554 111.896 333.218C112.328 332.87 112.646 332.432 112.85 331.904C113.066 331.364 113.174 330.806 113.174 330.23C113.174 329.642 113.066 329.084 112.85 328.556C112.646 328.028 112.328 327.596 111.896 327.26C111.476 326.912 110.948 326.738 110.312 326.738ZM117.554 335V325.46H119.264V326.846H119.372C119.456 326.702 119.594 326.504 119.786 326.252C119.99 326 120.278 325.778 120.65 325.586C121.022 325.382 121.49 325.28 122.054 325.28C122.75 325.28 123.344 325.442 123.836 325.766C124.328 326.078 124.7 326.504 124.952 327.044C125.216 327.584 125.348 328.19 125.348 328.862V335H123.638V328.97C123.638 328.334 123.458 327.806 123.098 327.386C122.75 326.966 122.24 326.756 121.568 326.756C121.028 326.756 120.59 326.894 120.254 327.17C119.918 327.434 119.666 327.788 119.498 328.232C119.342 328.664 119.264 329.126 119.264 329.618V335H117.554ZM136.071 335.18C135.087 335.18 134.343 334.928 133.839 334.424C133.347 333.92 133.101 333.212 133.101 332.3V326.864H131.391V325.46H133.101V323.066H134.811V325.46H137.133V326.864H134.811V332.3C134.811 332.78 134.943 333.134 135.207 333.362C135.471 333.578 135.855 333.686 136.359 333.686C136.623 333.686 136.875 333.668 137.115 333.632C137.355 333.596 137.475 333.578 137.475 333.578V335.036C137.475 335.036 137.337 335.06 137.061 335.108C136.785 335.156 136.455 335.18 136.071 335.18ZM139.9 335V321.32H141.61V326.846H141.718C141.802 326.702 141.94 326.504 142.132 326.252C142.336 326 142.624 325.778 142.996 325.586C143.368 325.382 143.836 325.28 144.4 325.28C145.096 325.28 145.69 325.442 146.182 325.766C146.674 326.078 147.046 326.504 147.298 327.044C147.562 327.584 147.694 328.19 147.694 328.862V335H145.984V328.97C145.984 328.334 145.804 327.806 145.444 327.386C145.096 326.966 144.586 326.756 143.914 326.756C143.374 326.756 142.936 326.894 142.6 327.17C142.264 327.434 142.012 327.788 141.844 328.232C141.688 328.664 141.61 329.126 141.61 329.618V335H139.9ZM154.192 324.02L152.338 320.762H154.102L155.65 324.002L154.192 324.02ZM154.444 325.28C155.044 325.28 155.548 325.376 155.956 325.568C156.364 325.76 156.694 325.988 156.946 326.252C157.198 326.504 157.39 326.744 157.522 326.972H157.63V325.46H159.34V335H157.63V333.488H157.522C157.39 333.716 157.198 333.962 156.946 334.226C156.694 334.49 156.364 334.718 155.956 334.91C155.548 335.09 155.044 335.18 154.444 335.18C153.724 335.18 153.094 335.042 152.554 334.766C152.014 334.478 151.564 334.1 151.204 333.632C150.844 333.152 150.574 332.618 150.394 332.03C150.214 331.442 150.124 330.842 150.124 330.23C150.124 329.618 150.214 329.018 150.394 328.43C150.574 327.842 150.844 327.314 151.204 326.846C151.564 326.366 152.014 325.988 152.554 325.712C153.094 325.424 153.724 325.28 154.444 325.28ZM154.732 326.738C154.096 326.738 153.562 326.912 153.13 327.26C152.698 327.596 152.374 328.028 152.158 328.556C151.954 329.084 151.852 329.642 151.852 330.23C151.852 330.806 151.954 331.364 152.158 331.904C152.374 332.432 152.698 332.87 153.13 333.218C153.562 333.554 154.096 333.722 154.732 333.722C155.368 333.722 155.896 333.554 156.316 333.218C156.748 332.87 157.066 332.432 157.27 331.904C157.486 331.364 157.594 330.806 157.594 330.23C157.594 329.642 157.486 329.084 157.27 328.556C157.066 328.028 156.748 327.596 156.316 327.26C155.896 326.912 155.368 326.738 154.732 326.738ZM161.974 335V325.46H163.684V326.846H163.792C163.876 326.702 164.014 326.504 164.206 326.252C164.41 326 164.698 325.778 165.07 325.586C165.442 325.382 165.91 325.28 166.474 325.28C167.17 325.28 167.764 325.442 168.256 325.766C168.748 326.078 169.12 326.504 169.372 327.044C169.636 327.584 169.768 328.19 169.768 328.862V335H168.058V328.97C168.058 328.334 167.878 327.806 167.518 327.386C167.17 326.966 166.66 326.756 165.988 326.756C165.448 326.756 165.01 326.894 164.674 327.17C164.338 327.434 164.086 327.788 163.918 328.232C163.762 328.664 163.684 329.126 163.684 329.618V335H161.974ZM172.472 335V321.32H174.182V326.846H174.29C174.374 326.702 174.512 326.504 174.704 326.252C174.908 326 175.196 325.778 175.568 325.586C175.94 325.382 176.408 325.28 176.972 325.28C177.668 325.28 178.262 325.442 178.754 325.766C179.246 326.078 179.618 326.504 179.87 327.044C180.134 327.584 180.266 328.19 180.266 328.862V335H178.556V328.97C178.556 328.334 178.376 327.806 178.016 327.386C177.668 326.966 177.158 326.756 176.486 326.756C175.946 326.756 175.508 326.894 175.172 327.17C174.836 327.434 174.584 327.788 174.416 328.232C174.26 328.664 174.182 329.126 174.182 329.618V335H172.472ZM192.011 335.18C191.411 335.18 190.907 335.084 190.499 334.892C190.091 334.7 189.761 334.472 189.509 334.208C189.269 333.944 189.077 333.704 188.933 333.488H188.825V335H187.115V321.32H188.825V326.972H188.933C189.077 326.744 189.269 326.498 189.509 326.234C189.761 325.97 190.091 325.748 190.499 325.568C190.907 325.376 191.411 325.28 192.011 325.28C192.731 325.28 193.361 325.424 193.901 325.712C194.441 325.988 194.891 326.366 195.251 326.846C195.611 327.314 195.881 327.842 196.061 328.43C196.241 329.018 196.331 329.618 196.331 330.23C196.331 330.842 196.241 331.442 196.061 332.03C195.881 332.618 195.611 333.152 195.251 333.632C194.891 334.1 194.441 334.478 193.901 334.766C193.361 335.042 192.731 335.18 192.011 335.18ZM191.723 333.722C192.371 333.722 192.905 333.554 193.325 333.218C193.757 332.87 194.075 332.432 194.279 331.904C194.495 331.364 194.603 330.806 194.603 330.23C194.603 329.642 194.495 329.084 194.279 328.556C194.075 328.028 193.757 327.596 193.325 327.26C192.905 326.912 192.371 326.738 191.723 326.738C191.087 326.738 190.553 326.912 190.121 327.26C189.701 327.596 189.383 328.028 189.167 328.556C188.963 329.084 188.861 329.642 188.861 330.23C188.861 330.806 188.963 331.364 189.167 331.904C189.383 332.432 189.701 332.87 190.121 333.218C190.553 333.554 191.087 333.722 191.723 333.722ZM202.567 324.02L200.713 320.762H202.477L204.025 324.002L202.567 324.02ZM202.819 325.28C203.419 325.28 203.923 325.376 204.331 325.568C204.739 325.76 205.069 325.988 205.321 326.252C205.573 326.504 205.765 326.744 205.897 326.972H206.005V325.46H207.715V335H206.005V333.488H205.897C205.765 333.716 205.573 333.962 205.321 334.226C205.069 334.49 204.739 334.718 204.331 334.91C203.923 335.09 203.419 335.18 202.819 335.18C202.099 335.18 201.469 335.042 200.929 334.766C200.389 334.478 199.939 334.1 199.579 333.632C199.219 333.152 198.949 332.618 198.769 332.03C198.589 331.442 198.499 330.842 198.499 330.23C198.499 329.618 198.589 329.018 198.769 328.43C198.949 327.842 199.219 327.314 199.579 326.846C199.939 326.366 200.389 325.988 200.929 325.712C201.469 325.424 202.099 325.28 202.819 325.28ZM203.107 326.738C202.471 326.738 201.937 326.912 201.505 327.26C201.073 327.596 200.749 328.028 200.533 328.556C200.329 329.084 200.227 329.642 200.227 330.23C200.227 330.806 200.329 331.364 200.533 331.904C200.749 332.432 201.073 332.87 201.505 333.218C201.937 333.554 202.471 333.722 203.107 333.722C203.743 333.722 204.271 333.554 204.691 333.218C205.123 332.87 205.441 332.432 205.645 331.904C205.861 331.364 205.969 330.806 205.969 330.23C205.969 329.642 205.861 329.084 205.645 328.556C205.441 328.028 205.123 327.596 204.691 327.26C204.271 326.912 203.743 326.738 203.107 326.738ZM211.465 323.642C211.141 323.642 210.871 323.534 210.655 323.318C210.451 323.102 210.349 322.844 210.349 322.544C210.349 322.232 210.451 321.968 210.655 321.752C210.871 321.536 211.141 321.428 211.465 321.428C211.777 321.428 212.041 321.536 212.257 321.752C212.473 321.968 212.581 322.232 212.581 322.544C212.581 322.844 212.473 323.102 212.257 323.318C212.041 323.534 211.777 323.642 211.465 323.642ZM210.619 335V325.46H212.329V335H210.619ZM220.809 329.096C220.473 329.096 220.191 328.982 219.963 328.754C219.747 328.514 219.639 328.238 219.639 327.926C219.639 327.602 219.747 327.326 219.963 327.098C220.191 326.87 220.473 326.756 220.809 326.756C221.145 326.756 221.421 326.87 221.637 327.098C221.865 327.326 221.979 327.602 221.979 327.926C221.979 328.25 221.865 328.526 221.637 328.754C221.421 328.982 221.145 329.096 220.809 329.096ZM229.24 335V329.132H227.44V327.548H229.24V321.68H233.56C234.628 321.68 235.558 321.872 236.35 322.256C237.142 322.628 237.802 323.132 238.33 323.768C238.858 324.404 239.254 325.118 239.518 325.91C239.782 326.702 239.914 327.512 239.914 328.34C239.914 329.168 239.782 329.978 239.518 330.77C239.254 331.562 238.858 332.276 238.33 332.912C237.802 333.548 237.142 334.058 236.35 334.442C235.558 334.814 234.628 335 233.56 335H229.24ZM233.812 329.132H231.004V333.452H233.488C234.268 333.452 234.946 333.308 235.522 333.02C236.11 332.732 236.596 332.348 236.98 331.868C237.376 331.376 237.67 330.824 237.862 330.212C238.054 329.6 238.15 328.976 238.15 328.34C238.15 327.704 238.054 327.08 237.862 326.468C237.67 325.856 237.376 325.31 236.98 324.83C236.596 324.338 236.11 323.948 235.522 323.66C234.946 323.372 234.268 323.228 233.488 323.228H231.004V327.548H233.812V329.132ZM243.281 323.642C242.957 323.642 242.687 323.534 242.471 323.318C242.267 323.102 242.165 322.844 242.165 322.544C242.165 322.232 242.267 321.968 242.471 321.752C242.687 321.536 242.957 321.428 243.281 321.428C243.593 321.428 243.857 321.536 244.073 321.752C244.289 321.968 244.397 322.232 244.397 322.544C244.397 322.844 244.289 323.102 244.073 323.318C243.857 323.534 243.593 323.642 243.281 323.642ZM242.435 335V325.46H244.145V335H242.435ZM251.24 335V321.32H252.95V329.276L256.748 325.46H258.98L254.588 329.798L259.07 335H256.892L252.95 330.41V335H251.24ZM261.224 335V321.32H262.934V326.846H263.042C263.126 326.702 263.264 326.504 263.456 326.252C263.66 326 263.948 325.778 264.32 325.586C264.692 325.382 265.16 325.28 265.724 325.28C266.42 325.28 267.014 325.442 267.506 325.766C267.998 326.078 268.37 326.504 268.622 327.044C268.886 327.584 269.018 328.19 269.018 328.862V335H267.308V328.97C267.308 328.334 267.128 327.806 266.768 327.386C266.42 326.966 265.91 326.756 265.238 326.756C264.698 326.756 264.26 326.894 263.924 327.17C263.588 327.434 263.336 327.788 263.168 328.232C263.012 328.664 262.934 329.126 262.934 329.618V335H261.224ZM276.884 324.02L275.426 324.002L276.974 320.762H278.738L276.884 324.02ZM275.768 325.28C276.368 325.28 276.872 325.376 277.28 325.568C277.688 325.76 278.018 325.988 278.27 326.252C278.522 326.504 278.714 326.744 278.846 326.972H278.954V325.46H280.664V335H278.954V333.488H278.846C278.714 333.716 278.522 333.962 278.27 334.226C278.018 334.49 277.688 334.718 277.28 334.91C276.872 335.09 276.368 335.18 275.768 335.18C275.048 335.18 274.418 335.042 273.878 334.766C273.338 334.478 272.888 334.1 272.528 333.632C272.168 333.152 271.898 332.618 271.718 332.03C271.538 331.442 271.448 330.842 271.448 330.23C271.448 329.618 271.538 329.018 271.718 328.43C271.898 327.842 272.168 327.314 272.528 326.846C272.888 326.366 273.338 325.988 273.878 325.712C274.418 325.424 275.048 325.28 275.768 325.28ZM276.056 326.738C275.42 326.738 274.886 326.912 274.454 327.26C274.022 327.596 273.698 328.028 273.482 328.556C273.278 329.084 273.176 329.642 273.176 330.23C273.176 330.806 273.278 331.364 273.482 331.904C273.698 332.432 274.022 332.87 274.454 333.218C274.886 333.554 275.42 333.722 276.056 333.722C276.692 333.722 277.22 333.554 277.64 333.218C278.072 332.87 278.39 332.432 278.594 331.904C278.81 331.364 278.918 330.806 278.918 330.23C278.918 329.642 278.81 329.084 278.594 328.556C278.39 328.028 278.072 327.596 277.64 327.26C277.22 326.912 276.692 326.738 276.056 326.738ZM283.298 335V325.46H285.008V326.846H285.08C285.176 326.666 285.326 326.456 285.53 326.216C285.734 325.964 286.01 325.748 286.358 325.568C286.718 325.376 287.168 325.28 287.708 325.28C288.416 325.28 289.01 325.454 289.49 325.802C289.982 326.138 290.348 326.594 290.588 327.17H290.606C290.87 326.642 291.242 326.198 291.722 325.838C292.214 325.466 292.85 325.28 293.63 325.28C294.662 325.28 295.454 325.634 296.006 326.342C296.57 327.038 296.852 327.938 296.852 329.042V335H295.142V329.132C295.142 328.424 294.974 327.854 294.638 327.422C294.302 326.978 293.816 326.756 293.18 326.756C292.628 326.756 292.184 326.906 291.848 327.206C291.524 327.506 291.29 327.878 291.146 328.322C291.002 328.766 290.93 329.21 290.93 329.654V335H289.22V329.132C289.22 328.424 289.052 327.854 288.716 327.422C288.392 326.978 287.906 326.756 287.258 326.756C286.706 326.756 286.262 326.906 285.926 327.206C285.602 327.506 285.368 327.884 285.224 328.34C285.08 328.784 285.008 329.222 285.008 329.654V335H283.298ZM308.589 335.18C307.989 335.18 307.485 335.084 307.077 334.892C306.669 334.7 306.339 334.472 306.087 334.208C305.847 333.944 305.655 333.704 305.511 333.488H305.403V335H303.693V321.32H305.403V326.972H305.511C305.655 326.744 305.847 326.498 306.087 326.234C306.339 325.97 306.669 325.748 307.077 325.568C307.485 325.376 307.989 325.28 308.589 325.28C309.309 325.28 309.939 325.424 310.479 325.712C311.019 325.988 311.469 326.366 311.829 326.846C312.189 327.314 312.459 327.842 312.639 328.43C312.819 329.018 312.909 329.618 312.909 330.23C312.909 330.842 312.819 331.442 312.639 332.03C312.459 332.618 312.189 333.152 311.829 333.632C311.469 334.1 311.019 334.478 310.479 334.766C309.939 335.042 309.309 335.18 308.589 335.18ZM308.301 333.722C308.949 333.722 309.483 333.554 309.903 333.218C310.335 332.87 310.653 332.432 310.857 331.904C311.073 331.364 311.181 330.806 311.181 330.23C311.181 329.642 311.073 329.084 310.857 328.556C310.653 328.028 310.335 327.596 309.903 327.26C309.483 326.912 308.949 326.738 308.301 326.738C307.665 326.738 307.131 326.912 306.699 327.26C306.279 327.596 305.961 328.028 305.745 328.556C305.541 329.084 305.439 329.642 305.439 330.23C305.439 330.806 305.541 331.364 305.745 331.904C305.961 332.432 306.279 332.87 306.699 333.218C307.131 333.554 307.665 333.722 308.301 333.722ZM316.625 324.11L318.803 321.104H320.261L322.439 324.11H320.891L319.523 322.184L318.173 324.11H316.625ZM319.595 335.18C318.815 335.18 318.137 335.042 317.561 334.766C316.997 334.478 316.529 334.094 316.157 333.614C315.797 333.134 315.527 332.606 315.347 332.03C315.167 331.442 315.077 330.842 315.077 330.23C315.077 329.63 315.161 329.036 315.329 328.448C315.509 327.86 315.779 327.326 316.139 326.846C316.511 326.366 316.973 325.988 317.525 325.712C318.089 325.424 318.755 325.28 319.523 325.28C320.339 325.28 321.059 325.466 321.683 325.838C322.307 326.21 322.799 326.762 323.159 327.494C323.519 328.226 323.699 329.144 323.699 330.248V330.752H316.805C316.841 331.292 316.967 331.79 317.183 332.246C317.411 332.69 317.729 333.05 318.137 333.326C318.545 333.59 319.031 333.722 319.595 333.722C320.087 333.722 320.483 333.644 320.783 333.488C321.095 333.32 321.341 333.128 321.521 332.912C321.701 332.696 321.821 332.51 321.881 332.354C321.953 332.186 321.989 332.102 321.989 332.102H323.591C323.591 332.102 323.561 332.21 323.501 332.426C323.441 332.63 323.333 332.882 323.177 333.182C323.021 333.482 322.793 333.788 322.493 334.1C322.193 334.4 321.809 334.658 321.341 334.874C320.873 335.078 320.291 335.18 319.595 335.18ZM316.823 329.42H322.025C322.001 328.796 321.869 328.292 321.629 327.908C321.389 327.512 321.083 327.218 320.711 327.026C320.339 326.834 319.943 326.738 319.523 326.738C318.767 326.738 318.149 326.984 317.669 327.476C317.189 327.956 316.907 328.604 316.823 329.42ZM319.523 339.086C319.187 339.086 318.905 338.966 318.677 338.726C318.461 338.498 318.353 338.228 318.353 337.916C318.353 337.592 318.461 337.316 318.677 337.088C318.905 336.86 319.187 336.746 319.523 336.746C319.859 336.746 320.135 336.86 320.351 337.088C320.579 337.316 320.693 337.592 320.693 337.916C320.693 338.24 320.579 338.516 320.351 338.744C320.135 338.972 319.859 339.086 319.523 339.086ZM326.136 335V325.46H327.846V326.846H327.954C328.038 326.702 328.176 326.504 328.368 326.252C328.572 326 328.86 325.778 329.232 325.586C329.604 325.382 330.072 325.28 330.636 325.28C331.332 325.28 331.926 325.442 332.418 325.766C332.91 326.078 333.282 326.504 333.534 327.044C333.798 327.584 333.93 328.19 333.93 328.862V335H332.22V328.97C332.22 328.334 332.04 327.806 331.68 327.386C331.332 326.966 330.822 326.756 330.15 326.756C329.61 326.756 329.172 326.894 328.836 327.17C328.5 327.434 328.248 327.788 328.08 328.232C327.924 328.664 327.846 329.126 327.846 329.618V335H326.136ZM336.634 335V321.32H338.344V326.846H338.452C338.536 326.702 338.674 326.504 338.866 326.252C339.07 326 339.358 325.778 339.73 325.586C340.102 325.382 340.57 325.28 341.134 325.28C341.83 325.28 342.424 325.442 342.916 325.766C343.408 326.078 343.78 326.504 344.032 327.044C344.296 327.584 344.428 328.19 344.428 328.862V335H342.718V328.97C342.718 328.334 342.538 327.806 342.178 327.386C341.83 326.966 341.32 326.756 340.648 326.756C340.108 326.756 339.67 326.894 339.334 327.17C338.998 327.434 338.746 327.788 338.578 328.232C338.422 328.664 338.344 329.126 338.344 329.618V335H336.634Z" fill="#2450C8"/>
<path d="M370 352H58C50.268 352 44 358.268 44 366V418C44 425.732 50.268 432 58 432H370C377.732 432 384 425.732 384 418V366C384 358.268 377.732 352 370 352Z" fill="white" stroke="#C5D3FC"/>
<path d="M157 368V416" stroke="#E8EFFE"/>
<path d="M271 368V416" stroke="#E8EFFE"/>
<path d="M78.2342 386.28C76.8155 386.28 75.5088 386.047 74.3142 385.58C73.1382 385.095 72.1862 384.413 71.4582 383.536C70.7488 382.64 70.3942 381.567 70.3942 380.316C70.3942 379.345 70.5808 378.533 70.9542 377.88C71.3275 377.227 71.7568 376.713 72.2422 376.34C72.7275 375.948 73.1568 375.677 73.5302 375.528C73.9222 375.36 74.1182 375.276 74.1182 375.276V375.108C74.1182 375.108 73.9502 375.033 73.6142 374.884C73.2968 374.735 72.9235 374.492 72.4942 374.156C72.0835 373.82 71.7195 373.372 71.4022 372.812C71.0848 372.233 70.9262 371.533 70.9262 370.712C70.9262 369.555 71.2435 368.556 71.8782 367.716C72.5315 366.857 73.4088 366.195 74.5102 365.728C75.6302 365.243 76.8715 365 78.2342 365C79.6155 365 80.8568 365.243 81.9582 365.728C83.0782 366.195 83.9555 366.857 84.5902 367.716C85.2435 368.556 85.5702 369.545 85.5702 370.684C85.5702 371.524 85.4022 372.233 85.0662 372.812C84.7488 373.372 84.3755 373.82 83.9462 374.156C83.5355 374.492 83.1622 374.735 82.8262 374.884C82.5088 375.033 82.3502 375.108 82.3502 375.108V375.276C82.3688 375.276 82.5648 375.36 82.9382 375.528C83.3115 375.677 83.7408 375.948 84.2262 376.34C84.7115 376.713 85.1408 377.227 85.5142 377.88C85.8875 378.533 86.0742 379.345 86.0742 380.316C86.0742 381.567 85.7195 382.64 85.0102 383.536C84.3008 384.413 83.3488 385.095 82.1542 385.58C80.9782 386.047 79.6715 386.28 78.2342 386.28ZM78.2342 373.68C79.1675 373.68 79.9422 373.428 80.5582 372.924C81.1928 372.401 81.5102 371.757 81.5102 370.992C81.5102 370.208 81.2022 369.564 80.5862 369.06C79.9702 368.556 79.1862 368.304 78.2342 368.304C77.3008 368.304 76.5262 368.556 75.9102 369.06C75.2942 369.564 74.9862 370.208 74.9862 370.992C74.9862 371.776 75.2942 372.42 75.9102 372.924C76.5262 373.428 77.3008 373.68 78.2342 373.68ZM78.2342 382.92C79.0555 382.92 79.7368 382.771 80.2782 382.472C80.8382 382.155 81.2488 381.763 81.5102 381.296C81.7902 380.829 81.9302 380.335 81.9302 379.812C81.9302 379.327 81.7902 378.86 81.5102 378.412C81.2488 377.945 80.8382 377.563 80.2782 377.264C79.7368 376.965 79.0555 376.816 78.2342 376.816C77.4128 376.816 76.7315 376.965 76.1902 377.264C75.6488 377.563 75.2382 377.945 74.9582 378.412C74.6782 378.86 74.5382 379.327 74.5382 379.812C74.5382 380.335 74.6782 380.829 74.9582 381.296C75.2382 381.763 75.6488 382.155 76.1902 382.472C76.7502 382.771 77.4315 382.92 78.2342 382.92ZM97.1613 386.28C95.7613 386.28 94.5666 386.056 93.5773 385.608C92.5879 385.16 91.7759 384.591 91.1413 383.9C90.5253 383.209 90.0679 382.491 89.7693 381.744C89.4893 380.979 89.3493 380.279 89.3493 379.644H93.3533C93.3533 379.644 93.3813 379.803 93.4373 380.12C93.5119 380.437 93.6706 380.801 93.9133 381.212C94.1559 381.623 94.5293 381.987 95.0333 382.304C95.5373 382.621 96.2186 382.78 97.0773 382.78C97.9359 382.78 98.6453 382.603 99.2053 382.248C99.7653 381.875 100.185 381.408 100.465 380.848C100.745 380.288 100.885 379.7 100.885 379.084C100.885 378.449 100.745 377.852 100.465 377.292C100.185 376.713 99.7653 376.247 99.2053 375.892C98.6639 375.519 97.9826 375.332 97.1613 375.332C96.5266 375.332 96.0039 375.435 95.5933 375.64C95.1826 375.827 94.8559 376.051 94.6133 376.312C94.3706 376.555 94.1933 376.779 94.0813 376.984C93.9879 377.171 93.9413 377.264 93.9413 377.264H89.6853L91.5053 365.28H103.713V369.032H94.4453L93.7173 373.764H93.8293C93.9226 373.671 94.1093 373.484 94.3893 373.204C94.6879 372.924 95.1359 372.663 95.7333 372.42C96.3306 372.159 97.1239 372.028 98.1133 372.028C99.6066 372.028 100.876 372.364 101.921 373.036C102.967 373.708 103.751 374.576 104.273 375.64C104.815 376.685 105.085 377.796 105.085 378.972C105.085 379.887 104.917 380.773 104.581 381.632C104.264 382.491 103.779 383.275 103.125 383.984C102.472 384.675 101.651 385.235 100.661 385.664C99.6719 386.075 98.5053 386.28 97.1613 386.28ZM112.831 374.128C111.861 374.128 111.021 373.923 110.311 373.512C109.621 373.083 109.079 372.523 108.687 371.832C108.314 371.141 108.127 370.376 108.127 369.536C108.127 368.715 108.314 367.959 108.687 367.268C109.061 366.577 109.602 366.027 110.311 365.616C111.021 365.205 111.861 365 112.831 365C113.821 365 114.661 365.205 115.351 365.616C116.061 366.027 116.602 366.577 116.975 367.268C117.349 367.959 117.535 368.715 117.535 369.536C117.535 370.376 117.349 371.141 116.975 371.832C116.602 372.523 116.061 373.083 115.351 373.512C114.642 373.923 113.802 374.128 112.831 374.128ZM111.375 386L122.995 365.28H126.383L114.791 386H111.375ZM112.831 371.608C113.41 371.608 113.877 371.412 114.231 371.02C114.586 370.609 114.763 370.124 114.763 369.564C114.763 369.004 114.586 368.528 114.231 368.136C113.877 367.744 113.41 367.548 112.831 367.548C112.234 367.548 111.758 367.744 111.403 368.136C111.049 368.528 110.871 369.004 110.871 369.564C110.871 370.124 111.049 370.609 111.403 371.02C111.758 371.412 112.234 371.608 112.831 371.608ZM124.955 386.28C123.985 386.28 123.145 386.075 122.435 385.664C121.726 385.235 121.185 384.675 120.811 383.984C120.438 383.293 120.251 382.537 120.251 381.716C120.251 380.895 120.438 380.139 120.811 379.448C121.185 378.757 121.726 378.207 122.435 377.796C123.145 377.367 123.985 377.152 124.955 377.152C125.926 377.152 126.757 377.367 127.447 377.796C128.157 378.207 128.698 378.757 129.071 379.448C129.463 380.139 129.659 380.895 129.659 381.716C129.659 382.537 129.463 383.293 129.071 383.984C128.698 384.675 128.157 385.235 127.447 385.664C126.757 386.075 125.926 386.28 124.955 386.28ZM124.927 383.76C125.525 383.76 126.001 383.564 126.355 383.172C126.71 382.78 126.887 382.295 126.887 381.716C126.887 381.156 126.71 380.68 126.355 380.288C126.001 379.896 125.525 379.7 124.927 379.7C124.349 379.7 123.882 379.896 123.527 380.288C123.173 380.68 122.995 381.156 122.995 381.716C122.995 382.295 123.173 382.78 123.527 383.172C123.882 383.564 124.349 383.76 124.927 383.76Z" fill="#0961F5"/>
<path d="M76.2453 406V401.762H74.9453V400.618H76.2453V396.38H79.3653C80.1366 396.38 80.8083 396.519 81.3803 396.796C81.9523 397.065 82.429 397.429 82.8103 397.888C83.1916 398.347 83.4776 398.863 83.6683 399.435C83.859 400.007 83.9543 400.592 83.9543 401.19C83.9543 401.788 83.859 402.373 83.6683 402.945C83.4776 403.517 83.1916 404.033 82.8103 404.492C82.429 404.951 81.9523 405.32 81.3803 405.597C80.8083 405.866 80.1366 406 79.3653 406H76.2453ZM79.5473 401.762H77.5193V404.882H79.3133C79.8766 404.882 80.3663 404.778 80.7823 404.57C81.207 404.362 81.558 404.085 81.8353 403.738C82.1213 403.383 82.3336 402.984 82.4723 402.542C82.611 402.1 82.6803 401.649 82.6803 401.19C82.6803 400.731 82.611 400.28 82.4723 399.838C82.3336 399.396 82.1213 399.002 81.8353 398.655C81.558 398.3 81.207 398.018 80.7823 397.81C80.3663 397.602 79.8766 397.498 79.3133 397.498H77.5193V400.618H79.5473V401.762ZM86.3864 397.797C86.1524 397.797 85.9574 397.719 85.8014 397.563C85.6541 397.407 85.5804 397.221 85.5804 397.004C85.5804 396.779 85.6541 396.588 85.8014 396.432C85.9574 396.276 86.1524 396.198 86.3864 396.198C86.6117 396.198 86.8024 396.276 86.9584 396.432C87.1144 396.588 87.1924 396.779 87.1924 397.004C87.1924 397.221 87.1144 397.407 86.9584 397.563C86.8024 397.719 86.6117 397.797 86.3864 397.797ZM85.7754 406V399.11H87.0104V406H85.7754ZM93.7271 396.562V396.146C93.7271 396.059 93.7445 395.973 93.7791 395.886C93.8138 395.799 93.8831 395.73 93.9871 395.678L94.1691 395.587C94.5678 395.388 94.7671 395.167 94.7671 394.924C94.7671 394.803 94.7195 394.694 94.6241 394.599C94.5375 394.495 94.3945 394.443 94.1951 394.443C94.0218 394.443 93.8918 394.482 93.8051 394.56C93.7271 394.629 93.6751 394.707 93.6491 394.794C93.6231 394.881 93.6101 394.95 93.6101 395.002H92.7521C92.7521 394.785 92.7998 394.577 92.8951 394.378C92.9991 394.179 93.1551 394.014 93.3631 393.884C93.5798 393.754 93.8528 393.689 94.1821 393.689C94.6415 393.689 95.0011 393.81 95.2611 394.053C95.5298 394.287 95.6641 394.569 95.6641 394.898C95.6641 395.141 95.5818 395.37 95.4171 395.587C95.2525 395.795 94.9881 395.986 94.6241 396.159L94.5721 396.185V396.562H93.7271ZM90.0611 398.135L91.6341 396.224H92.6871L94.2601 398.135H93.1421L92.1541 396.939L91.1791 398.135H90.0611ZM92.2061 406.13C91.6428 406.13 91.1531 406.03 90.7371 405.831C90.3298 405.623 89.9918 405.346 89.7231 404.999C89.4631 404.652 89.2681 404.271 89.1381 403.855C89.0081 403.43 88.9431 402.997 88.9431 402.555C88.9431 402.122 89.0038 401.693 89.1251 401.268C89.2551 400.843 89.4501 400.458 89.7101 400.111C89.9788 399.764 90.3125 399.491 90.7111 399.292C91.1185 399.084 91.5995 398.98 92.1541 398.98C92.7435 398.98 93.2635 399.114 93.7141 399.383C94.1648 399.652 94.5201 400.05 94.7801 400.579C95.0401 401.108 95.1701 401.771 95.1701 402.568V402.932H90.1911C90.2171 403.322 90.3081 403.682 90.4641 404.011C90.6288 404.332 90.8585 404.592 91.1531 404.791C91.4478 404.982 91.7988 405.077 92.2061 405.077C92.5615 405.077 92.8475 405.021 93.0641 404.908C93.2895 404.787 93.4671 404.648 93.5971 404.492C93.7271 404.336 93.8138 404.202 93.8571 404.089C93.9091 403.968 93.9351 403.907 93.9351 403.907H95.0921C95.0921 403.907 95.0705 403.985 95.0271 404.141C94.9838 404.288 94.9058 404.47 94.7931 404.687C94.6805 404.904 94.5158 405.125 94.2991 405.35C94.0825 405.567 93.8051 405.753 93.4671 405.909C93.1291 406.056 92.7088 406.13 92.2061 406.13ZM90.2041 401.97H93.9611C93.9438 401.519 93.8485 401.155 93.6751 400.878C93.5018 400.592 93.2808 400.38 93.0121 400.241C92.7435 400.102 92.4575 400.033 92.1541 400.033C91.6081 400.033 91.1618 400.211 90.8151 400.566C90.4685 400.913 90.2648 401.381 90.2041 401.97ZM96.93 406V399.11H98.165V400.111H98.217C98.2864 399.981 98.3947 399.829 98.542 399.656C98.6894 399.474 98.8887 399.318 99.14 399.188C99.4 399.049 99.725 398.98 100.115 398.98C100.626 398.98 101.055 399.106 101.402 399.357C101.757 399.6 102.022 399.929 102.195 400.345H102.208C102.399 399.964 102.667 399.643 103.014 399.383C103.369 399.114 103.829 398.98 104.392 398.98C105.137 398.98 105.709 399.236 106.108 399.747C106.515 400.25 106.719 400.9 106.719 401.697V406H105.484V401.762C105.484 401.251 105.363 400.839 105.12 400.527C104.877 400.206 104.526 400.046 104.067 400.046C103.668 400.046 103.348 400.154 103.105 400.371C102.871 400.588 102.702 400.856 102.598 401.177C102.494 401.498 102.442 401.818 102.442 402.139V406H101.207V401.762C101.207 401.251 101.086 400.839 100.843 400.527C100.609 400.206 100.258 400.046 99.79 400.046C99.3914 400.046 99.0707 400.154 98.828 400.371C98.594 400.588 98.425 400.861 98.321 401.19C98.217 401.511 98.165 401.827 98.165 402.139V406H96.93ZM114.052 406.13C113.523 406.13 113.085 406.056 112.739 405.909C112.401 405.762 112.132 405.58 111.933 405.363C111.733 405.138 111.586 404.917 111.491 404.7C111.395 404.475 111.335 404.288 111.309 404.141C111.283 403.994 111.27 403.92 111.27 403.92H112.518C112.518 403.92 112.531 403.981 112.557 404.102C112.591 404.215 112.656 404.349 112.752 404.505C112.856 404.652 113.012 404.787 113.22 404.908C113.436 405.021 113.722 405.077 114.078 405.077C114.485 405.077 114.801 404.982 115.027 404.791C115.252 404.592 115.365 404.349 115.365 404.063C115.365 403.812 115.274 403.612 115.092 403.465C114.918 403.318 114.667 403.205 114.338 403.127L113.402 402.906C113.055 402.819 112.73 402.702 112.427 402.555C112.123 402.408 111.876 402.208 111.686 401.957C111.504 401.697 111.413 401.376 111.413 400.995C111.413 400.406 111.634 399.925 112.076 399.552C112.518 399.171 113.094 398.98 113.805 398.98C114.281 398.98 114.676 399.049 114.988 399.188C115.3 399.318 115.547 399.483 115.729 399.682C115.919 399.881 116.058 400.081 116.145 400.28C116.24 400.479 116.301 400.648 116.327 400.787C116.353 400.917 116.366 400.982 116.366 400.982H115.17C115.17 400.982 115.157 400.934 115.131 400.839C115.105 400.735 115.044 400.622 114.949 400.501C114.862 400.371 114.728 400.258 114.546 400.163C114.364 400.059 114.121 400.007 113.818 400.007C113.402 400.007 113.098 400.102 112.908 400.293C112.717 400.484 112.622 400.692 112.622 400.917C112.622 401.134 112.708 401.311 112.882 401.45C113.064 401.58 113.298 401.68 113.584 401.749L114.533 401.97C115.122 402.109 115.607 402.338 115.989 402.659C116.379 402.971 116.574 403.422 116.574 404.011C116.574 404.392 116.474 404.748 116.275 405.077C116.075 405.398 115.789 405.653 115.417 405.844C115.044 406.035 114.589 406.13 114.052 406.13ZM123.828 396.445L122.775 396.432L123.893 394.092H125.167L123.828 396.445ZM119.226 398.109L120.799 396.198H121.852L123.425 398.109H122.307L121.319 396.913L120.344 398.109H119.226ZM121.332 406.13C120.596 406.13 119.976 405.961 119.473 405.623C118.971 405.276 118.589 404.83 118.329 404.284C118.069 403.738 117.939 403.162 117.939 402.555C117.939 401.94 118.069 401.363 118.329 400.826C118.589 400.28 118.971 399.838 119.473 399.5C119.976 399.153 120.596 398.98 121.332 398.98C122.069 398.98 122.689 399.153 123.191 399.5C123.694 399.838 124.075 400.28 124.335 400.826C124.595 401.363 124.725 401.94 124.725 402.555C124.725 403.162 124.595 403.738 124.335 404.284C124.075 404.83 123.694 405.276 123.191 405.623C122.689 405.961 122.069 406.13 121.332 406.13ZM121.332 405.051C121.8 405.051 122.19 404.934 122.502 404.7C122.823 404.457 123.061 404.145 123.217 403.764C123.382 403.383 123.464 402.98 123.464 402.555C123.464 402.122 123.382 401.719 123.217 401.346C123.061 400.965 122.823 400.657 122.502 400.423C122.19 400.18 121.8 400.059 121.332 400.059C120.873 400.059 120.483 400.18 120.162 400.423C119.842 400.657 119.599 400.965 119.434 401.346C119.278 401.719 119.2 402.122 119.2 402.555C119.2 402.98 119.278 403.383 119.434 403.764C119.599 404.145 119.842 404.457 120.162 404.7C120.483 404.934 120.873 405.051 121.332 405.051Z" fill="#888780"/>
<path d="M196.97 386.28C195.57 386.28 194.375 386.056 193.386 385.608C192.397 385.16 191.585 384.591 190.95 383.9C190.334 383.209 189.877 382.491 189.578 381.744C189.298 380.979 189.158 380.279 189.158 379.644H193.162C193.162 379.644 193.19 379.803 193.246 380.12C193.321 380.437 193.479 380.801 193.722 381.212C193.965 381.623 194.338 381.987 194.842 382.304C195.346 382.621 196.027 382.78 196.886 382.78C197.745 382.78 198.454 382.603 199.014 382.248C199.574 381.875 199.994 381.408 200.274 380.848C200.554 380.288 200.694 379.7 200.694 379.084C200.694 378.449 200.554 377.852 200.274 377.292C199.994 376.713 199.574 376.247 199.014 375.892C198.473 375.519 197.791 375.332 196.97 375.332C196.335 375.332 195.813 375.435 195.402 375.64C194.991 375.827 194.665 376.051 194.422 376.312C194.179 376.555 194.002 376.779 193.89 376.984C193.797 377.171 193.75 377.264 193.75 377.264H189.494L191.314 365.28H203.522V369.032H194.254L193.526 373.764H193.638C193.731 373.671 193.918 373.484 194.198 373.204C194.497 372.924 194.945 372.663 195.542 372.42C196.139 372.159 196.933 372.028 197.922 372.028C199.415 372.028 200.685 372.364 201.73 373.036C202.775 373.708 203.559 374.576 204.082 375.64C204.623 376.685 204.894 377.796 204.894 378.972C204.894 379.887 204.726 380.773 204.39 381.632C204.073 382.491 203.587 383.275 202.934 383.984C202.281 384.675 201.459 385.235 200.47 385.664C199.481 386.075 198.314 386.28 196.97 386.28ZM207.46 391.068L217.204 362.788H221.04L211.296 391.068H207.46ZM231.109 386.28C229.671 386.28 228.421 386.028 227.357 385.524C226.293 385.001 225.406 384.301 224.697 383.424C224.006 382.528 223.493 381.52 223.157 380.4C222.821 379.261 222.653 378.076 222.653 376.844C222.653 375.481 222.858 374.109 223.269 372.728C223.698 371.328 224.361 370.049 225.257 368.892C226.171 367.716 227.338 366.773 228.757 366.064C230.175 365.355 231.893 365 233.909 365C234.73 365 235.439 365.056 236.037 365.168C236.634 365.261 236.933 365.308 236.933 365.308V369.144C236.933 369.144 236.774 369.125 236.457 369.088C236.158 369.032 235.775 368.976 235.309 368.92C234.842 368.864 234.375 368.836 233.909 368.836C232.471 368.836 231.267 369.125 230.297 369.704C229.326 370.283 228.579 371.02 228.057 371.916C227.553 372.812 227.254 373.755 227.161 374.744C227.347 374.427 227.637 374.081 228.029 373.708C228.421 373.316 228.943 372.98 229.597 372.7C230.269 372.42 231.109 372.28 232.117 372.28C233.61 372.28 234.861 372.607 235.869 373.26C236.877 373.895 237.633 374.725 238.137 375.752C238.641 376.779 238.893 377.852 238.893 378.972C238.893 379.868 238.725 380.755 238.389 381.632C238.071 382.491 237.586 383.275 236.933 383.984C236.298 384.675 235.495 385.235 234.525 385.664C233.554 386.075 232.415 386.28 231.109 386.28ZM231.109 382.724C232.154 382.724 233.013 382.388 233.685 381.716C234.357 381.044 234.693 380.185 234.693 379.14C234.693 378.076 234.357 377.217 233.685 376.564C233.013 375.892 232.154 375.556 231.109 375.556C230.082 375.556 229.223 375.892 228.533 376.564C227.861 377.217 227.525 378.076 227.525 379.14C227.525 380.185 227.861 381.044 228.533 381.716C229.223 382.388 230.082 382.724 231.109 382.724Z" fill="#0961F5"/>
<path d="M188.752 406.13C187.998 406.13 187.335 405.991 186.763 405.714C186.191 405.428 185.714 405.051 185.333 404.583C184.96 404.106 184.678 403.578 184.488 402.997C184.297 402.408 184.202 401.805 184.202 401.19C184.202 400.575 184.297 399.972 184.488 399.383C184.678 398.794 184.96 398.265 185.333 397.797C185.714 397.32 186.191 396.943 186.763 396.666C187.335 396.389 187.998 396.25 188.752 396.25C189.376 396.25 189.909 396.332 190.351 396.497C190.801 396.653 191.174 396.857 191.469 397.108C191.772 397.359 192.015 397.628 192.197 397.914C192.387 398.2 192.526 398.469 192.613 398.72C192.708 398.971 192.769 399.179 192.795 399.344C192.829 399.5 192.847 399.578 192.847 399.578H191.573C191.573 399.578 191.555 399.509 191.521 399.37C191.486 399.223 191.417 399.045 191.313 398.837C191.209 398.62 191.053 398.404 190.845 398.187C190.637 397.97 190.364 397.793 190.026 397.654C189.688 397.507 189.267 397.433 188.765 397.433C188.219 397.433 187.742 397.541 187.335 397.758C186.927 397.966 186.585 398.252 186.308 398.616C186.039 398.971 185.835 399.374 185.697 399.825C185.567 400.267 185.502 400.722 185.502 401.19C185.502 401.658 185.567 402.117 185.697 402.568C185.835 403.01 186.039 403.413 186.308 403.777C186.585 404.132 186.927 404.418 187.335 404.635C187.742 404.843 188.219 404.947 188.765 404.947C189.267 404.947 189.688 404.873 190.026 404.726C190.364 404.579 190.637 404.401 190.845 404.193C191.053 403.976 191.209 403.764 191.313 403.556C191.417 403.339 191.486 403.157 191.521 403.01C191.555 402.863 191.573 402.789 191.573 402.789H192.847C192.847 402.789 192.829 402.871 192.795 403.036C192.769 403.192 192.708 403.4 192.613 403.66C192.526 403.911 192.387 404.18 192.197 404.466C192.015 404.743 191.772 405.012 191.469 405.272C191.174 405.523 190.801 405.731 190.351 405.896C189.909 406.052 189.376 406.13 188.752 406.13ZM195.725 398.122L197.298 395.951H198.351L199.924 398.122H198.806L197.818 396.731L196.843 398.122H195.725ZM197.532 398.98C197.965 398.98 198.329 399.049 198.624 399.188C198.919 399.327 199.157 399.491 199.339 399.682C199.521 399.864 199.66 400.037 199.755 400.202H199.833V399.11H201.068V406H199.833V404.908H199.755C199.66 405.073 199.521 405.25 199.339 405.441C199.157 405.632 198.919 405.796 198.624 405.935C198.329 406.065 197.965 406.13 197.532 406.13C197.012 406.13 196.557 406.03 196.167 405.831C195.777 405.623 195.452 405.35 195.192 405.012C194.932 404.665 194.737 404.28 194.607 403.855C194.477 403.43 194.412 402.997 194.412 402.555C194.412 402.113 194.477 401.68 194.607 401.255C194.737 400.83 194.932 400.449 195.192 400.111C195.452 399.764 195.777 399.491 196.167 399.292C196.557 399.084 197.012 398.98 197.532 398.98ZM197.74 400.033C197.281 400.033 196.895 400.159 196.583 400.41C196.271 400.653 196.037 400.965 195.881 401.346C195.734 401.727 195.66 402.13 195.66 402.555C195.66 402.971 195.734 403.374 195.881 403.764C196.037 404.145 196.271 404.462 196.583 404.713C196.895 404.956 197.281 405.077 197.74 405.077C198.199 405.077 198.581 404.956 198.884 404.713C199.196 404.462 199.426 404.145 199.573 403.764C199.729 403.374 199.807 402.971 199.807 402.555C199.807 402.13 199.729 401.727 199.573 401.346C199.426 400.965 199.196 400.653 198.884 400.41C198.581 400.159 198.199 400.033 197.74 400.033ZM205.219 406.13C204.534 406.13 203.988 405.918 203.581 405.493C203.174 405.068 202.97 404.479 202.97 403.725V399.11H204.205V403.66C204.205 404.111 204.326 404.457 204.569 404.7C204.82 404.943 205.15 405.064 205.557 405.064C205.973 405.064 206.307 404.956 206.558 404.739C206.809 404.522 206.991 404.245 207.104 403.907C207.217 403.569 207.273 403.222 207.273 402.867V399.11H208.508V406H207.273V405.012H207.195C207.143 405.116 207.043 405.259 206.896 405.441C206.749 405.614 206.541 405.775 206.272 405.922C206.003 406.061 205.652 406.13 205.219 406.13ZM216.319 406.13C215.799 406.13 215.344 406.03 214.954 405.831C214.564 405.623 214.239 405.35 213.979 405.012C213.719 404.665 213.524 404.28 213.394 403.855C213.264 403.43 213.199 402.997 213.199 402.555C213.199 402.113 213.264 401.68 213.394 401.255C213.524 400.83 213.719 400.449 213.979 400.111C214.239 399.764 214.564 399.491 214.954 399.292C215.344 399.084 215.799 398.98 216.319 398.98C216.753 398.98 217.117 399.049 217.411 399.188C217.706 399.327 217.944 399.491 218.126 399.682C218.308 399.864 218.447 400.037 218.542 400.202H218.62V398.356H216.813V397.368H218.62V396.12H219.855V397.368H221.038V398.356H219.855V406H218.62V404.908H218.542C218.447 405.073 218.308 405.25 218.126 405.441C217.944 405.632 217.706 405.796 217.411 405.935C217.117 406.065 216.753 406.13 216.319 406.13ZM216.527 405.077C216.987 405.077 217.368 404.956 217.671 404.713C217.983 404.462 218.213 404.145 218.36 403.764C218.516 403.374 218.594 402.971 218.594 402.555C218.594 402.13 218.516 401.727 218.36 401.346C218.213 400.965 217.983 400.653 217.671 400.41C217.368 400.159 216.987 400.033 216.527 400.033C216.068 400.033 215.682 400.159 215.37 400.41C215.058 400.653 214.824 400.965 214.668 401.346C214.521 401.727 214.447 402.13 214.447 402.555C214.447 402.971 214.521 403.374 214.668 403.764C214.824 404.145 215.058 404.462 215.37 404.713C215.682 404.956 216.068 405.077 216.527 405.077ZM225.395 398.07L224.342 398.057L225.46 395.717H226.734L225.395 398.07ZM224.381 406.13C223.696 406.13 223.15 405.918 222.743 405.493C222.336 405.068 222.132 404.479 222.132 403.725V399.11H223.367V403.66C223.367 404.111 223.488 404.457 223.731 404.7C223.982 404.943 224.312 405.064 224.719 405.064C225.135 405.064 225.469 404.956 225.72 404.739C225.971 404.522 226.153 404.245 226.266 403.907C226.379 403.569 226.435 403.222 226.435 402.867V399.11H227.67V406H226.435V405.012H226.357C226.305 405.116 226.205 405.259 226.058 405.441C225.911 405.614 225.703 405.775 225.434 405.922C225.165 406.061 224.814 406.13 224.381 406.13ZM229.618 406V399.11H230.853V400.111H230.931C230.991 400.007 231.091 399.864 231.23 399.682C231.377 399.5 231.585 399.34 231.854 399.201C232.122 399.054 232.46 398.98 232.868 398.98C233.37 398.98 233.799 399.097 234.155 399.331C234.51 399.556 234.779 399.864 234.961 400.254C235.151 400.644 235.247 401.082 235.247 401.567V406H234.012V401.645C234.012 401.186 233.882 400.804 233.622 400.501C233.37 400.198 233.002 400.046 232.517 400.046C232.127 400.046 231.81 400.146 231.568 400.345C231.325 400.536 231.143 400.791 231.022 401.112C230.909 401.424 230.853 401.758 230.853 402.113V406H229.618ZM240.385 408.73C239.813 408.73 239.336 408.652 238.955 408.496C238.573 408.349 238.266 408.158 238.032 407.924C237.806 407.699 237.637 407.473 237.525 407.248C237.412 407.023 237.338 406.832 237.304 406.676C237.269 406.529 237.252 406.455 237.252 406.455H238.487C238.487 406.455 238.508 406.516 238.552 406.637C238.595 406.758 238.677 406.897 238.799 407.053C238.929 407.209 239.119 407.348 239.371 407.469C239.622 407.59 239.96 407.651 240.385 407.651C240.887 407.651 241.282 407.551 241.568 407.352C241.854 407.161 242.057 406.91 242.179 406.598C242.309 406.286 242.374 405.957 242.374 405.61V404.817H242.309C242.222 404.964 242.083 405.133 241.893 405.324C241.711 405.506 241.468 405.666 241.165 405.805C240.861 405.935 240.489 406 240.047 406C239.527 406 239.072 405.9 238.682 405.701C238.292 405.502 237.967 405.233 237.707 404.895C237.455 404.557 237.265 404.18 237.135 403.764C237.005 403.348 236.94 402.923 236.94 402.49C236.94 402.057 237.005 401.632 237.135 401.216C237.265 400.8 237.455 400.423 237.707 400.085C237.967 399.747 238.292 399.478 238.682 399.279C239.072 399.08 239.527 398.98 240.047 398.98C240.489 398.98 240.861 399.049 241.165 399.188C241.468 399.318 241.711 399.474 241.893 399.656C242.083 399.838 242.222 400.007 242.309 400.163H242.374V399.11H243.609V405.597C243.609 406.559 243.327 407.322 242.764 407.885C242.209 408.448 241.416 408.73 240.385 408.73ZM240.281 404.947C240.74 404.947 241.121 404.83 241.425 404.596C241.737 404.353 241.966 404.046 242.114 403.673C242.27 403.3 242.348 402.906 242.348 402.49C242.348 402.074 242.27 401.68 242.114 401.307C241.966 400.926 241.737 400.618 241.425 400.384C241.121 400.15 240.74 400.033 240.281 400.033C239.821 400.033 239.436 400.15 239.124 400.384C238.812 400.618 238.578 400.926 238.422 401.307C238.274 401.68 238.201 402.074 238.201 402.49C238.201 402.906 238.274 403.3 238.422 403.673C238.578 404.046 238.812 404.353 239.124 404.596C239.436 404.83 239.821 404.947 240.281 404.947Z" fill="#888780"/>
<path d="M302.218 386V381.772L292.194 381.744V377.992L301.21 365.28H306.558V378.132H309.75V381.772H306.558V386H302.218ZM296.45 378.132H302.218V369.928L296.45 378.132ZM316.07 366.008H319.878L315.146 373.232H312.458L316.07 366.008ZM329.138 365.28V386H324.826V371.16L320.822 371.188V368.584L321.466 368.388C322.642 368.052 323.594 367.669 324.322 367.24C325.05 366.811 325.75 366.241 326.422 365.532L326.618 365.28H329.138ZM333.329 386V383.032L336.913 379.98C338.406 378.729 339.685 377.665 340.749 376.788C341.813 375.911 342.625 375.089 343.185 374.324C343.745 373.559 344.025 372.737 344.025 371.86C344.025 371.188 343.866 370.628 343.549 370.18C343.232 369.713 342.821 369.368 342.317 369.144C341.832 368.901 341.318 368.78 340.777 368.78C340.124 368.78 339.573 368.901 339.125 369.144C338.696 369.387 338.35 369.704 338.089 370.096C337.846 370.469 337.669 370.861 337.557 371.272C337.445 371.683 337.389 372.037 337.389 372.336H333.245C333.245 371.552 333.394 370.74 333.693 369.9C333.992 369.041 334.449 368.248 335.065 367.52C335.681 366.773 336.474 366.167 337.445 365.7C338.416 365.233 339.573 365 340.917 365C342.28 365 343.521 365.271 344.641 365.812C345.761 366.335 346.657 367.091 347.329 368.08C348.02 369.069 348.365 370.236 348.365 371.58C348.365 372.849 348.048 374.007 347.413 375.052C346.797 376.079 345.929 377.087 344.809 378.076C343.689 379.047 342.401 380.101 340.945 381.24L339.769 382.22H348.645V386H333.329ZM361.387 366.008H365.195L360.463 373.232H357.775L361.387 366.008ZM355.199 366.008H359.007L354.275 373.232H351.587L355.199 366.008Z" fill="#0961F5"/>
<path d="M302.332 406V397.498H299.329V396.38H306.609V397.498H303.606V406H302.332ZM308.239 406V396.12H309.474V400.111H309.552C309.612 400.007 309.712 399.864 309.851 399.682C309.998 399.5 310.206 399.34 310.475 399.201C310.743 399.054 311.081 398.98 311.489 398.98C311.991 398.98 312.42 399.097 312.776 399.331C313.131 399.556 313.4 399.864 313.582 400.254C313.772 400.644 313.868 401.082 313.868 401.567V406H312.633V401.645C312.633 401.186 312.503 400.804 312.243 400.501C311.991 400.198 311.623 400.046 311.138 400.046C310.748 400.046 310.431 400.146 310.189 400.345C309.946 400.536 309.764 400.791 309.643 401.112C309.53 401.424 309.474 401.758 309.474 402.113V406H308.239ZM318.548 398.07L317.209 395.717H318.483L319.601 398.057L318.548 398.07ZM319.016 406.13C318.279 406.13 317.659 405.961 317.157 405.623C316.654 405.276 316.273 404.83 316.013 404.284C315.753 403.738 315.623 403.162 315.623 402.555C315.623 401.94 315.753 401.363 316.013 400.826C316.273 400.28 316.654 399.838 317.157 399.5C317.659 399.153 318.279 398.98 319.016 398.98H320.784C321.122 398.98 321.291 398.802 321.291 398.447V397.667H322.383V398.447C322.383 398.828 322.287 399.14 322.097 399.383C321.906 399.617 321.62 399.747 321.239 399.773C321.62 400.111 321.91 400.527 322.11 401.021C322.309 401.506 322.409 402.018 322.409 402.555C322.409 403.162 322.279 403.738 322.019 404.284C321.759 404.83 321.377 405.276 320.875 405.623C320.372 405.961 319.752 406.13 319.016 406.13ZM319.016 405.051C319.484 405.051 319.874 404.934 320.186 404.7C320.506 404.457 320.745 404.145 320.901 403.764C321.065 403.383 321.148 402.98 321.148 402.555C321.148 402.122 321.065 401.719 320.901 401.346C320.745 400.965 320.506 400.657 320.186 400.423C319.874 400.18 319.484 400.059 319.016 400.059C318.556 400.059 318.166 400.18 317.846 400.423C317.525 400.657 317.282 400.965 317.118 401.346C316.962 401.719 316.884 402.122 316.884 402.555C316.884 402.98 316.962 403.383 317.118 403.764C317.282 404.145 317.525 404.457 317.846 404.7C318.166 404.934 318.556 405.051 319.016 405.051ZM324.974 397.797C324.74 397.797 324.545 397.719 324.389 397.563C324.242 397.407 324.168 397.221 324.168 397.004C324.168 396.779 324.242 396.588 324.389 396.432C324.545 396.276 324.74 396.198 324.974 396.198C325.2 396.198 325.39 396.276 325.546 396.432C325.702 396.588 325.78 396.779 325.78 397.004C325.78 397.221 325.702 397.407 325.546 397.563C325.39 397.719 325.2 397.797 324.974 397.797ZM324.363 406V399.11H325.598V406H324.363ZM333.907 408.73C333.335 408.73 332.858 408.652 332.477 408.496C332.096 408.349 331.788 408.158 331.554 407.924C331.329 407.699 331.16 407.473 331.047 407.248C330.934 407.023 330.861 406.832 330.826 406.676C330.791 406.529 330.774 406.455 330.774 406.455H332.009C332.009 406.455 332.031 406.516 332.074 406.637C332.117 406.758 332.2 406.897 332.321 407.053C332.451 407.209 332.642 407.348 332.893 407.469C333.144 407.59 333.482 407.651 333.907 407.651C334.41 407.651 334.804 407.551 335.09 407.352C335.376 407.161 335.58 406.91 335.701 406.598C335.831 406.286 335.896 405.957 335.896 405.61V404.817H335.831C335.744 404.964 335.606 405.133 335.415 405.324C335.233 405.506 334.99 405.666 334.687 405.805C334.384 405.935 334.011 406 333.569 406C333.049 406 332.594 405.9 332.204 405.701C331.814 405.502 331.489 405.233 331.229 404.895C330.978 404.557 330.787 404.18 330.657 403.764C330.527 403.348 330.462 402.923 330.462 402.49C330.462 402.057 330.527 401.632 330.657 401.216C330.787 400.8 330.978 400.423 331.229 400.085C331.489 399.747 331.814 399.478 332.204 399.279C332.594 399.08 333.049 398.98 333.569 398.98C334.011 398.98 334.384 399.049 334.687 399.188C334.99 399.318 335.233 399.474 335.415 399.656C335.606 399.838 335.744 400.007 335.831 400.163H335.896V399.11H337.131V405.597C337.131 406.559 336.849 407.322 336.286 407.885C335.731 408.448 334.938 408.73 333.907 408.73ZM333.803 404.947C334.262 404.947 334.644 404.83 334.947 404.596C335.259 404.353 335.489 404.046 335.636 403.673C335.792 403.3 335.87 402.906 335.87 402.49C335.87 402.074 335.792 401.68 335.636 401.307C335.489 400.926 335.259 400.618 334.947 400.384C334.644 400.15 334.262 400.033 333.803 400.033C333.344 400.033 332.958 400.15 332.646 400.384C332.334 400.618 332.1 400.926 331.944 401.307C331.797 401.68 331.723 402.074 331.723 402.49C331.723 402.906 331.797 403.3 331.944 403.673C332.1 404.046 332.334 404.353 332.646 404.596C332.958 404.83 333.344 404.947 333.803 404.947ZM339.752 397.797C339.518 397.797 339.323 397.719 339.167 397.563C339.019 397.407 338.946 397.221 338.946 397.004C338.946 396.779 339.019 396.588 339.167 396.432C339.323 396.276 339.518 396.198 339.752 396.198C339.977 396.198 340.168 396.276 340.324 396.432C340.48 396.588 340.558 396.779 340.558 397.004C340.558 397.221 340.48 397.407 340.324 397.563C340.168 397.719 339.977 397.797 339.752 397.797ZM339.141 406V399.11H340.376V406H339.141ZM345.363 398.98C345.797 398.98 346.161 399.049 346.455 399.188C346.75 399.327 346.988 399.491 347.17 399.682C347.352 399.864 347.491 400.037 347.586 400.202H347.664V399.11H348.899V406H347.664V404.908H347.586C347.491 405.073 347.352 405.25 347.17 405.441C346.988 405.632 346.75 405.796 346.455 405.935C346.161 406.065 345.797 406.13 345.363 406.13C344.843 406.13 344.388 406.03 343.998 405.831C343.608 405.623 343.283 405.35 343.023 405.012C342.763 404.665 342.568 404.28 342.438 403.855C342.308 403.43 342.243 402.997 342.243 402.555C342.243 402.113 342.308 401.68 342.438 401.255C342.568 400.83 342.763 400.449 343.023 400.111C343.283 399.764 343.608 399.491 343.998 399.292C344.388 399.084 344.843 398.98 345.363 398.98ZM345.571 400.033C345.112 400.033 344.726 400.159 344.414 400.41C344.102 400.653 343.868 400.965 343.712 401.346C343.565 401.727 343.491 402.13 343.491 402.555C343.491 402.971 343.565 403.374 343.712 403.764C343.868 404.145 344.102 404.462 344.414 404.713C344.726 404.956 345.112 405.077 345.571 405.077C346.031 405.077 346.412 404.956 346.715 404.713C347.027 404.462 347.257 404.145 347.404 403.764C347.56 403.374 347.638 402.971 347.638 402.555C347.638 402.13 347.56 401.727 347.404 401.346C347.257 400.965 347.027 400.653 346.715 400.41C346.412 400.159 346.031 400.033 345.571 400.033ZM350.714 406V399.11H351.949V400.111H352.027C352.088 400.007 352.188 399.864 352.326 399.682C352.474 399.5 352.682 399.34 352.95 399.201C353.219 399.054 353.557 398.98 353.964 398.98C354.467 398.98 354.896 399.097 355.251 399.331C355.607 399.556 355.875 399.864 356.057 400.254C356.248 400.644 356.343 401.082 356.343 401.567V406H355.108V401.645C355.108 401.186 354.978 400.804 354.718 400.501C354.467 400.198 354.099 400.046 353.613 400.046C353.223 400.046 352.907 400.146 352.664 400.345C352.422 400.536 352.24 400.791 352.118 401.112C352.006 401.424 351.949 401.758 351.949 402.113V406H350.714Z" fill="#888780"/>
<path d="M371.965 448H55.0353C48.3884 448 43 452.179 43 457.333V494.667C43 499.821 48.3884 504 55.0353 504H371.965C378.612 504 384 499.821 384 494.667V457.333C384 452.179 378.612 448 371.965 448Z" fill="#E8EFFE" stroke="#C5D3FC" stroke-width="0.5"/>
<path d="M48 451.5C48 450.672 47.1046 450 46 450C44.8954 450 44 450.672 44 451.5V502.5C44 503.328 44.8954 504 46 504C47.1046 504 48 503.328 48 502.5V451.5Z" fill="#0961F5"/>
<path d="M74 492C85.0457 492 94 483.046 94 472C94 460.954 85.0457 452 74 452C62.9543 452 54 460.954 54 472C54 483.046 62.9543 492 74 492Z" fill="#C5D3FC"/>
<path d="M107.36 477V462.2H114.2C115.16 462.2 115.967 462.367 116.62 462.7C117.287 463.033 117.793 463.48 118.14 464.04C118.487 464.587 118.66 465.193 118.66 465.86C118.66 466.513 118.54 467.06 118.3 467.5C118.06 467.927 117.767 468.273 117.42 468.54C117.087 468.793 116.76 468.967 116.44 469.06V469.22C116.8 469.3 117.2 469.473 117.64 469.74C118.08 470.007 118.46 470.387 118.78 470.88C119.1 471.373 119.26 472.013 119.26 472.8C119.26 473.493 119.093 474.16 118.76 474.8C118.44 475.44 117.913 475.967 117.18 476.38C116.46 476.793 115.52 477 114.36 477H107.36ZM113.68 464.78H110.44V468.22H113.68C114.373 468.22 114.88 468.053 115.2 467.72C115.52 467.387 115.68 466.98 115.68 466.5C115.68 466.033 115.52 465.633 115.2 465.3C114.88 464.953 114.373 464.78 113.68 464.78ZM113.92 470.58H110.44V474.42H113.92C114.707 474.42 115.273 474.233 115.62 473.86C115.98 473.473 116.16 473.013 116.16 472.48C116.16 471.96 115.98 471.513 115.62 471.14C115.273 470.767 114.707 470.58 113.92 470.58ZM127.96 464.94L125.7 464.92L127.32 461.32H130.14L127.96 464.94ZM125.9 466.2C126.58 466.2 127.14 466.313 127.58 466.54C128.02 466.753 128.353 466.987 128.58 467.24C128.82 467.493 128.966 467.667 129.02 467.76H129.18V466.4H132.22V477H129.18V475.64H129.02C128.966 475.733 128.82 475.907 128.58 476.16C128.353 476.413 128.02 476.653 127.58 476.88C127.14 477.093 126.58 477.2 125.9 477.2C125.113 477.2 124.426 477.047 123.84 476.74C123.266 476.42 122.786 476 122.4 475.48C122.013 474.947 121.72 474.353 121.52 473.7C121.333 473.047 121.24 472.38 121.24 471.7C121.24 471.02 121.333 470.353 121.52 469.7C121.72 469.047 122.013 468.46 122.4 467.94C122.786 467.407 123.266 466.987 123.84 466.68C124.426 466.36 125.113 466.2 125.9 466.2ZM126.78 468.66C126.233 468.66 125.773 468.813 125.4 469.12C125.04 469.413 124.766 469.793 124.58 470.26C124.406 470.727 124.32 471.207 124.32 471.7C124.32 472.193 124.406 472.673 124.58 473.14C124.766 473.607 125.04 473.993 125.4 474.3C125.773 474.593 126.233 474.74 126.78 474.74C127.326 474.74 127.78 474.593 128.14 474.3C128.513 473.993 128.786 473.607 128.96 473.14C129.146 472.673 129.24 472.193 129.24 471.7C129.24 471.207 129.146 470.727 128.96 470.26C128.786 469.793 128.513 469.413 128.14 469.12C127.78 468.813 127.326 468.66 126.78 468.66ZM140.099 477.2C139.165 477.2 138.352 477.047 137.659 476.74C136.965 476.42 136.392 476 135.939 475.48C135.485 474.96 135.145 474.373 134.919 473.72C134.692 473.053 134.579 472.38 134.579 471.7C134.579 471.02 134.692 470.353 134.919 469.7C135.145 469.047 135.485 468.46 135.939 467.94C136.392 467.407 136.965 466.987 137.659 466.68C138.352 466.36 139.165 466.2 140.099 466.2C141.045 466.2 141.825 466.34 142.439 466.62C143.052 466.887 143.539 467.227 143.899 467.64C144.272 468.04 144.545 468.447 144.719 468.86C144.892 469.26 144.999 469.6 145.039 469.88C145.092 470.147 145.119 470.28 145.119 470.28H142.279C142.279 470.28 142.252 470.2 142.199 470.04C142.159 469.867 142.065 469.673 141.919 469.46C141.785 469.233 141.579 469.04 141.299 468.88C141.019 468.707 140.645 468.62 140.179 468.62C139.605 468.62 139.125 468.767 138.739 469.06C138.365 469.34 138.085 469.713 137.899 470.18C137.712 470.647 137.619 471.153 137.619 471.7C137.619 472.247 137.712 472.753 137.899 473.22C138.085 473.687 138.365 474.067 138.739 474.36C139.125 474.64 139.605 474.78 140.179 474.78C140.645 474.78 141.019 474.7 141.299 474.54C141.579 474.367 141.785 474.173 141.919 473.96C142.065 473.733 142.159 473.54 142.199 473.38C142.252 473.207 142.279 473.12 142.279 473.12H145.119C145.119 473.12 145.092 473.26 145.039 473.54C144.999 473.807 144.892 474.147 144.719 474.56C144.545 474.96 144.272 475.367 143.899 475.78C143.539 476.18 143.052 476.52 142.439 476.8C141.825 477.067 141.045 477.2 140.099 477.2ZM152.106 477V461.8H155.146V477H152.106ZM161.951 464.94L159.771 461.32H162.591L164.211 464.92L161.951 464.94ZM162.111 466.2C162.791 466.2 163.351 466.313 163.791 466.54C164.231 466.753 164.564 466.987 164.791 467.24C165.031 467.493 165.177 467.667 165.231 467.76H165.391V466.4H168.431V477H165.391V475.64H165.231C165.177 475.733 165.031 475.907 164.791 476.16C164.564 476.413 164.231 476.653 163.791 476.88C163.351 477.093 162.791 477.2 162.111 477.2C161.324 477.2 160.637 477.047 160.051 476.74C159.477 476.42 158.997 476 158.611 475.48C158.224 474.947 157.931 474.353 157.731 473.7C157.544 473.047 157.451 472.38 157.451 471.7C157.451 471.02 157.544 470.353 157.731 469.7C157.931 469.047 158.224 468.46 158.611 467.94C158.997 467.407 159.477 466.987 160.051 466.68C160.637 466.36 161.324 466.2 162.111 466.2ZM162.991 468.66C162.444 468.66 161.984 468.813 161.611 469.12C161.251 469.413 160.977 469.793 160.791 470.26C160.617 470.727 160.531 471.207 160.531 471.7C160.531 472.193 160.617 472.673 160.791 473.14C160.977 473.607 161.251 473.993 161.611 474.3C161.984 474.593 162.444 474.74 162.991 474.74C163.537 474.74 163.991 474.593 164.351 474.3C164.724 473.993 164.997 473.607 165.171 473.14C165.357 472.673 165.451 472.193 165.451 471.7C165.451 471.207 165.357 470.727 165.171 470.26C164.997 469.793 164.724 469.413 164.351 469.12C163.991 468.813 163.537 468.66 162.991 468.66ZM170.871 477V466.4H173.911V467.84H174.011C174.238 467.453 174.578 467.087 175.031 466.74C175.484 466.38 176.104 466.2 176.891 466.2C177.691 466.2 178.331 466.387 178.811 466.76C179.304 467.133 179.664 467.593 179.891 468.14H179.931C180.104 467.833 180.331 467.533 180.611 467.24C180.904 466.933 181.264 466.687 181.691 466.5C182.131 466.3 182.644 466.2 183.231 466.2C183.964 466.2 184.571 466.367 185.051 466.7C185.531 467.033 185.884 467.473 186.111 468.02C186.351 468.553 186.471 469.127 186.471 469.74V477H183.431V470.5C183.431 469.98 183.298 469.553 183.031 469.22C182.778 468.873 182.391 468.7 181.871 468.7C181.471 468.7 181.144 468.8 180.891 469C180.651 469.2 180.471 469.46 180.351 469.78C180.244 470.087 180.191 470.407 180.191 470.74V477H177.151V470.5C177.151 469.98 177.018 469.553 176.751 469.22C176.498 468.873 176.111 468.7 175.591 468.7C175.191 468.7 174.864 468.8 174.611 469C174.371 469.2 174.191 469.46 174.071 469.78C173.964 470.087 173.911 470.407 173.911 470.74V477H170.871ZM198.35 477.2C197.523 477.2 196.863 477.08 196.37 476.84C195.877 476.587 195.503 476.273 195.25 475.9C194.997 475.513 194.83 475.107 194.75 474.68C194.67 474.253 194.63 473.86 194.63 473.5V468.82H192.83V466.4H194.63V463.78H197.67V466.4H199.93V468.82H197.67V473.42C197.67 473.86 197.783 474.2 198.01 474.44C198.25 474.68 198.643 474.8 199.19 474.8C199.43 474.8 199.65 474.78 199.85 474.74C200.05 474.7 200.15 474.68 200.15 474.68V477.02C200.15 477.02 199.97 477.047 199.61 477.1C199.25 477.167 198.83 477.2 198.35 477.2ZM212.223 462.5L209.983 462.48L211.603 458.88H214.423L212.223 462.5ZM203.643 465.08L206.223 462H208.643L211.223 465.08H208.843L207.443 463.36L206.023 465.08H203.643ZM207.443 477.2C206.257 477.2 205.25 476.947 204.423 476.44C203.597 475.92 202.963 475.247 202.523 474.42C202.097 473.58 201.883 472.673 201.883 471.7C201.883 470.727 202.097 469.827 202.523 469C202.963 468.16 203.597 467.487 204.423 466.98C205.25 466.46 206.257 466.2 207.443 466.2C208.63 466.2 209.637 466.46 210.463 466.98C211.29 467.487 211.917 468.16 212.343 469C212.783 469.827 213.003 470.727 213.003 471.7C213.003 472.673 212.783 473.58 212.343 474.42C211.917 475.247 211.29 475.92 210.463 476.44C209.637 476.947 208.63 477.2 207.443 477.2ZM207.443 474.72C207.977 474.72 208.43 474.58 208.803 474.3C209.177 474.02 209.457 473.653 209.643 473.2C209.843 472.733 209.943 472.233 209.943 471.7C209.943 471.153 209.843 470.653 209.643 470.2C209.457 469.747 209.177 469.38 208.803 469.1C208.43 468.82 207.977 468.68 207.443 468.68C206.91 468.68 206.457 468.82 206.083 469.1C205.71 469.38 205.423 469.747 205.223 470.2C205.037 470.653 204.943 471.153 204.943 471.7C204.943 472.233 205.037 472.733 205.223 473.2C205.423 473.653 205.71 474.02 206.083 474.3C206.457 474.58 206.91 474.72 207.443 474.72ZM219.932 477.2C219.105 477.2 218.445 477.08 217.952 476.84C217.459 476.587 217.085 476.273 216.832 475.9C216.579 475.513 216.412 475.107 216.332 474.68C216.252 474.253 216.212 473.86 216.212 473.5V468.82H214.412V466.4H216.212V463.78H219.252V466.4H221.512V468.82H219.252V473.42C219.252 473.86 219.365 474.2 219.592 474.44C219.832 474.68 220.225 474.8 220.772 474.8C221.012 474.8 221.232 474.78 221.432 474.74C221.632 474.7 221.732 474.68 221.732 474.68V477.02C221.732 477.02 221.552 477.047 221.192 477.1C220.832 477.167 220.412 477.2 219.932 477.2ZM228.571 477V461.8H231.611V477H228.571ZM240.635 461.3L238.375 461.28L239.995 457.68H242.815L240.635 461.3ZM239.495 465.06C238.762 465.06 238.162 464.953 237.695 464.74C237.242 464.527 236.889 464.267 236.635 463.96C236.382 463.653 236.202 463.347 236.095 463.04C235.989 462.72 235.922 462.453 235.895 462.24C235.882 462.027 235.875 461.92 235.875 461.92H237.875C237.875 461.92 237.889 461.993 237.915 462.14C237.942 462.287 238.002 462.453 238.095 462.64C238.202 462.813 238.362 462.973 238.575 463.12C238.802 463.253 239.109 463.32 239.495 463.32C239.882 463.32 240.182 463.253 240.395 463.12C240.622 462.973 240.782 462.813 240.875 462.64C240.982 462.453 241.042 462.287 241.055 462.14C241.082 461.993 241.095 461.92 241.095 461.92H243.095C243.095 461.92 243.082 462.027 243.055 462.24C243.042 462.453 242.982 462.72 242.875 463.04C242.769 463.347 242.589 463.653 242.335 463.96C242.082 464.267 241.729 464.527 241.275 464.74C240.822 464.953 240.229 465.06 239.495 465.06ZM238.575 466.2C239.255 466.2 239.815 466.313 240.255 466.54C240.695 466.753 241.029 466.987 241.255 467.24C241.495 467.493 241.642 467.667 241.695 467.76H241.855V466.4H244.895V477H241.855V475.64H241.695C241.642 475.733 241.495 475.907 241.255 476.16C241.029 476.413 240.695 476.653 240.255 476.88C239.815 477.093 239.255 477.2 238.575 477.2C237.789 477.2 237.102 477.047 236.515 476.74C235.942 476.42 235.462 476 235.075 475.48C234.689 474.947 234.395 474.353 234.195 473.7C234.009 473.047 233.915 472.38 233.915 471.7C233.915 471.02 234.009 470.353 234.195 469.7C234.395 469.047 234.689 468.46 235.075 467.94C235.462 467.407 235.942 466.987 236.515 466.68C237.102 466.36 237.789 466.2 238.575 466.2ZM239.455 468.66C238.909 468.66 238.449 468.813 238.075 469.12C237.715 469.413 237.442 469.793 237.255 470.26C237.082 470.727 236.995 471.207 236.995 471.7C236.995 472.193 237.082 472.673 237.255 473.14C237.442 473.607 237.715 473.993 238.075 474.3C238.449 474.593 238.909 474.74 239.455 474.74C240.002 474.74 240.455 474.593 240.815 474.3C241.189 473.993 241.462 473.607 241.635 473.14C241.822 472.673 241.915 472.193 241.915 471.7C241.915 471.207 241.822 470.727 241.635 470.26C241.462 469.793 241.189 469.413 240.815 469.12C240.455 468.813 240.002 468.66 239.455 468.66ZM247.336 477V466.4H250.376V467.84H250.476C250.702 467.453 251.042 467.087 251.496 466.74C251.949 466.38 252.569 466.2 253.356 466.2C254.156 466.2 254.796 466.387 255.276 466.76C255.769 467.133 256.129 467.593 256.356 468.14H256.396C256.569 467.833 256.796 467.533 257.076 467.24C257.369 466.933 257.729 466.687 258.156 466.5C258.596 466.3 259.109 466.2 259.696 466.2C260.429 466.2 261.036 466.367 261.516 466.7C261.996 467.033 262.349 467.473 262.576 468.02C262.816 468.553 262.936 469.127 262.936 469.74V477H259.896V470.5C259.896 469.98 259.762 469.553 259.496 469.22C259.242 468.873 258.856 468.7 258.336 468.7C257.936 468.7 257.609 468.8 257.356 469C257.116 469.2 256.936 469.46 256.816 469.78C256.709 470.087 256.656 470.407 256.656 470.74V477H253.616V470.5C253.616 469.98 253.482 469.553 253.216 469.22C252.962 468.873 252.576 468.7 252.056 468.7C251.656 468.7 251.329 468.8 251.076 469C250.836 469.2 250.656 469.46 250.536 469.78C250.429 470.087 250.376 470.407 250.376 470.74V477H247.336ZM266.225 472.62L265.865 462.2H269.145L268.725 472.62H266.225ZM267.505 477.18C267.025 477.18 266.632 477.02 266.325 476.7C266.032 476.38 265.885 476 265.885 475.56C265.885 475.12 266.032 474.74 266.325 474.42C266.632 474.1 267.025 473.94 267.505 473.94C267.972 473.94 268.359 474.1 268.665 474.42C268.972 474.74 269.125 475.12 269.125 475.56C269.125 476.013 268.972 476.4 268.665 476.72C268.359 477.027 267.972 477.18 267.505 477.18Z" fill="#03318C"/>
<path d="M51.52 547V533.92H46.9V532.2H58.1V533.92H53.48V547H51.52ZM62.0556 534.8L59.9956 531.18H61.9556L63.6756 534.78L62.0556 534.8ZM62.1756 547.2C61.1223 547.2 60.2823 546.873 59.6556 546.22C59.029 545.567 58.7156 544.66 58.7156 543.5V536.4H60.6156V543.4C60.6156 544.093 60.8023 544.627 61.1756 545C61.5623 545.373 62.069 545.56 62.6956 545.56C63.3356 545.56 63.849 545.393 64.2356 545.06C64.6223 544.727 64.9023 544.3 65.0756 543.78C65.249 543.26 65.3356 542.727 65.3356 542.18V536.4H66.9556C67.4756 536.4 67.7356 536.127 67.7356 535.58V534.38H69.4156V535.58C69.4156 536.193 69.2556 536.687 68.9356 537.06C68.6156 537.433 68.129 537.62 67.4756 537.62H67.2356V547H65.3356V545.48H65.2156C65.1356 545.64 64.9823 545.86 64.7556 546.14C64.529 546.407 64.209 546.653 63.7956 546.88C63.3823 547.093 62.8423 547.2 62.1756 547.2ZM74.8414 547V536.4H76.7414V537.94H76.8214C76.9281 537.74 77.0947 537.507 77.3214 537.24C77.5481 536.96 77.8547 536.72 78.2414 536.52C78.6414 536.307 79.1414 536.2 79.7414 536.2C80.5281 536.2 81.1881 536.393 81.7214 536.78C82.2681 537.153 82.6747 537.66 82.9414 538.3H82.9614C83.2547 537.713 83.6681 537.22 84.2014 536.82C84.7481 536.407 85.4547 536.2 86.3214 536.2C87.4681 536.2 88.3481 536.593 88.9614 537.38C89.5881 538.153 89.9014 539.153 89.9014 540.38V547H88.0014V540.48C88.0014 539.693 87.8147 539.06 87.4414 538.58C87.0681 538.087 86.5281 537.84 85.8214 537.84C85.2081 537.84 84.7147 538.007 84.3414 538.34C83.9814 538.673 83.7214 539.087 83.5614 539.58C83.4014 540.073 83.3214 540.567 83.3214 541.06V547H81.4214V540.48C81.4214 539.693 81.2347 539.06 80.8614 538.58C80.5014 538.087 79.9614 537.84 79.2414 537.84C78.6281 537.84 78.1347 538.007 77.7614 538.34C77.4014 538.673 77.1414 539.093 76.9814 539.6C76.8214 540.093 76.7414 540.58 76.7414 541.06V547H74.8414ZM98.613 534.8L96.993 534.78L98.713 531.18H100.673L98.613 534.8ZM97.813 547.2C96.6796 547.2 95.7263 546.94 94.953 546.42C94.1796 545.887 93.593 545.2 93.193 544.36C92.793 543.52 92.593 542.633 92.593 541.7C92.593 540.753 92.793 539.867 93.193 539.04C93.593 538.2 94.1796 537.52 94.953 537C95.7263 536.467 96.6796 536.2 97.813 536.2H100.533C101.053 536.2 101.313 535.927 101.313 535.38V534.18H102.993V535.38C102.993 535.967 102.846 536.447 102.553 536.82C102.26 537.18 101.82 537.38 101.233 537.42C101.82 537.94 102.266 538.58 102.573 539.34C102.88 540.087 103.033 540.873 103.033 541.7C103.033 542.633 102.833 543.52 102.433 544.36C102.033 545.2 101.446 545.887 100.673 546.42C99.8996 546.94 98.9463 547.2 97.813 547.2ZM97.813 545.54C98.533 545.54 99.133 545.36 99.613 545C100.106 544.627 100.473 544.147 100.713 543.56C100.966 542.973 101.093 542.353 101.093 541.7C101.093 541.033 100.966 540.413 100.713 539.84C100.473 539.253 100.106 538.78 99.613 538.42C99.133 538.047 98.533 537.86 97.813 537.86C97.1063 537.86 96.5063 538.047 96.013 538.42C95.5196 538.78 95.1463 539.253 94.893 539.84C94.653 540.413 94.533 541.033 94.533 541.7C94.533 542.353 94.653 542.973 94.893 543.56C95.1463 544.147 95.5196 544.627 96.013 545C96.5063 545.36 97.1063 545.54 97.813 545.54ZM106.98 534.38C106.62 534.38 106.32 534.26 106.08 534.02C105.853 533.78 105.74 533.493 105.74 533.16C105.74 532.813 105.853 532.52 106.08 532.28C106.32 532.04 106.62 531.92 106.98 531.92C107.327 531.92 107.62 532.04 107.86 532.28C108.1 532.52 108.22 532.813 108.22 533.16C108.22 533.493 108.1 533.78 107.86 534.02C107.62 534.26 107.327 534.38 106.98 534.38ZM106.04 547V536.4H107.94V547H106.04ZM112.473 538.8C112.1 538.8 111.787 538.673 111.533 538.42C111.293 538.153 111.173 537.847 111.173 537.5C111.173 537.14 111.293 536.833 111.533 536.58C111.787 536.327 112.1 536.2 112.473 536.2C112.847 536.2 113.153 536.327 113.393 536.58C113.647 536.833 113.773 537.14 113.773 537.5C113.773 537.86 113.647 538.167 113.393 538.42C113.153 538.673 112.847 538.8 112.473 538.8ZM112.473 547.2C112.1 547.2 111.787 547.073 111.533 546.82C111.293 546.553 111.173 546.247 111.173 545.9C111.173 545.54 111.293 545.233 111.533 544.98C111.787 544.727 112.1 544.6 112.473 544.6C112.847 544.6 113.153 544.727 113.393 544.98C113.647 545.233 113.773 545.54 113.773 545.9C113.773 546.26 113.647 546.567 113.393 546.82C113.153 547.073 112.847 547.2 112.473 547.2Z" fill="#888780"/>
<path d="M162.125 558H60.875C51.5552 558 44 566.059 44 576C44 585.941 51.5552 594 60.875 594H162.125C171.445 594 179 585.941 179 576C179 566.059 171.445 558 162.125 558Z" fill="#E8EFFE" stroke="#A8BBFB" stroke-width="0.5"/>
<path d="M53.8184 583.18C53.0864 583.18 52.4804 583.078 52.0004 582.874C51.5324 582.67 51.1604 582.418 50.8844 582.118C50.6084 581.806 50.4044 581.5 50.2724 581.2C50.1404 580.888 50.0564 580.63 50.0204 580.426C49.9844 580.222 49.9664 580.12 49.9664 580.12H51.6944C51.6944 580.12 51.7124 580.204 51.7484 580.372C51.7964 580.528 51.8864 580.714 52.0184 580.93C52.1624 581.134 52.3784 581.32 52.6664 581.488C52.9664 581.644 53.3624 581.722 53.8544 581.722C54.4184 581.722 54.8564 581.59 55.1684 581.326C55.4804 581.05 55.6364 580.714 55.6364 580.318C55.6364 579.97 55.5104 579.694 55.2584 579.49C55.0184 579.286 54.6704 579.13 54.2144 579.022L52.9184 578.716C52.4384 578.596 51.9884 578.434 51.5684 578.23C51.1484 578.026 50.8064 577.75 50.5424 577.402C50.2904 577.042 50.1644 576.598 50.1644 576.07C50.1644 575.254 50.4704 574.588 51.0824 574.072C51.6944 573.544 52.4924 573.28 53.4764 573.28C54.1364 573.28 54.6824 573.376 55.1144 573.568C55.5464 573.748 55.8884 573.976 56.1404 574.252C56.4044 574.528 56.5964 574.804 56.7164 575.08C56.8484 575.356 56.9324 575.59 56.9684 575.782C57.0044 575.962 57.0224 576.052 57.0224 576.052H55.3664C55.3664 576.052 55.3484 575.986 55.3124 575.854C55.2764 575.71 55.1924 575.554 55.0604 575.386C54.9404 575.206 54.7544 575.05 54.5024 574.918C54.2504 574.774 53.9144 574.702 53.4944 574.702C52.9184 574.702 52.4984 574.834 52.2344 575.098C51.9704 575.362 51.8384 575.65 51.8384 575.962C51.8384 576.262 51.9584 576.508 52.1984 576.7C52.4504 576.88 52.7744 577.018 53.1704 577.114L54.4844 577.42C55.3004 577.612 55.9724 577.93 56.5004 578.374C57.0404 578.806 57.3104 579.43 57.3104 580.246C57.3104 580.774 57.1724 581.266 56.8964 581.722C56.6204 582.166 56.2244 582.52 55.7084 582.784C55.1924 583.048 54.5624 583.18 53.8184 583.18ZM63.3413 583.18C62.3573 583.18 61.6133 582.928 61.1093 582.424C60.6173 581.92 60.3713 581.212 60.3713 580.3V574.864H58.6613V573.46H60.3713V571.066H62.0813V573.46H64.4033V574.864H62.0813V580.3C62.0813 580.78 62.2133 581.134 62.4773 581.362C62.7413 581.578 63.1253 581.686 63.6293 581.686C63.8933 581.686 64.1453 581.668 64.3853 581.632C64.6253 581.596 64.7453 581.578 64.7453 581.578V583.036C64.7453 583.036 64.6073 583.06 64.3313 583.108C64.0553 583.156 63.7253 583.18 63.3413 583.18ZM71.1569 583.18C70.1369 583.18 69.2789 582.946 68.5829 582.478C67.8869 581.998 67.3589 581.38 66.9989 580.624C66.6389 579.868 66.4589 579.07 66.4589 578.23C66.4589 577.378 66.6389 576.58 66.9989 575.836C67.3589 575.08 67.8869 574.468 68.5829 574C69.2789 573.52 70.1369 573.28 71.1569 573.28C72.1769 573.28 73.0349 573.52 73.7309 574C74.4269 574.468 74.9549 575.08 75.3149 575.836C75.6749 576.58 75.8549 577.378 75.8549 578.23C75.8549 579.07 75.6749 579.868 75.3149 580.624C74.9549 581.38 74.4269 581.998 73.7309 582.478C73.0349 582.946 72.1769 583.18 71.1569 583.18ZM71.1569 581.686C71.8049 581.686 72.3449 581.524 72.7769 581.2C73.2209 580.864 73.5509 580.432 73.7669 579.904C73.9949 579.376 74.1089 578.818 74.1089 578.23C74.1089 577.63 73.9949 577.072 73.7669 576.556C73.5509 576.028 73.2209 575.602 72.7769 575.278C72.3449 574.942 71.8049 574.774 71.1569 574.774C70.5209 574.774 69.9809 574.942 69.5369 575.278C69.0929 575.602 68.7569 576.028 68.5289 576.556C68.3129 577.072 68.2049 577.63 68.2049 578.23C68.2049 578.818 68.3129 579.376 68.5289 579.904C68.7569 580.432 69.0929 580.864 69.5369 581.2C69.9809 581.524 70.5209 581.686 71.1569 581.686ZM78.1877 583V573.46H79.8977V574.846H79.9697C80.0657 574.666 80.2157 574.456 80.4197 574.216C80.6237 573.964 80.8997 573.748 81.2477 573.568C81.6077 573.376 82.0577 573.28 82.5977 573.28C83.3057 573.28 83.8997 573.454 84.3797 573.802C84.8717 574.138 85.2377 574.594 85.4777 575.17H85.4957C85.7597 574.642 86.1317 574.198 86.6117 573.838C87.1037 573.466 87.7397 573.28 88.5197 573.28C89.5517 573.28 90.3437 573.634 90.8957 574.342C91.4597 575.038 91.7417 575.938 91.7417 577.042V583H90.0317V577.132C90.0317 576.424 89.8637 575.854 89.5277 575.422C89.1917 574.978 88.7057 574.756 88.0697 574.756C87.5177 574.756 87.0737 574.906 86.7377 575.206C86.4137 575.506 86.1797 575.878 86.0357 576.322C85.8917 576.766 85.8197 577.21 85.8197 577.654V583H84.1097V577.132C84.1097 576.424 83.9417 575.854 83.6057 575.422C83.2817 574.978 82.7957 574.756 82.1477 574.756C81.5957 574.756 81.1517 574.906 80.8157 575.206C80.4917 575.506 80.2577 575.884 80.1137 576.34C79.9697 576.784 79.8977 577.222 79.8977 577.654V583H78.1877ZM98.3941 573.28C98.9941 573.28 99.4981 573.376 99.9061 573.568C100.314 573.76 100.644 573.988 100.896 574.252C101.148 574.504 101.34 574.744 101.472 574.972H101.58V573.46H103.29V583H101.58V581.488H101.472C101.34 581.716 101.148 581.962 100.896 582.226C100.644 582.49 100.314 582.718 99.9061 582.91C99.4981 583.09 98.9941 583.18 98.3941 583.18C97.6741 583.18 97.0441 583.042 96.5041 582.766C95.9641 582.478 95.5141 582.1 95.1541 581.632C94.7941 581.152 94.5241 580.618 94.3441 580.03C94.1641 579.442 94.0741 578.842 94.0741 578.23C94.0741 577.618 94.1641 577.018 94.3441 576.43C94.5241 575.842 94.7941 575.314 95.1541 574.846C95.5141 574.366 95.9641 573.988 96.5041 573.712C97.0441 573.424 97.6741 573.28 98.3941 573.28ZM98.6821 574.738C98.0461 574.738 97.5121 574.912 97.0801 575.26C96.6481 575.596 96.3241 576.028 96.1081 576.556C95.9041 577.084 95.8021 577.642 95.8021 578.23C95.8021 578.806 95.9041 579.364 96.1081 579.904C96.3241 580.432 96.6481 580.87 97.0801 581.218C97.5121 581.554 98.0461 581.722 98.6821 581.722C99.3181 581.722 99.8461 581.554 100.266 581.218C100.698 580.87 101.016 580.432 101.22 579.904C101.436 579.364 101.544 578.806 101.544 578.23C101.544 577.642 101.436 577.084 101.22 576.556C101.016 576.028 100.698 575.596 100.266 575.26C99.8461 574.912 99.3181 574.738 98.6821 574.738ZM110.321 583.18C109.541 583.18 108.857 583.042 108.269 582.766C107.681 582.478 107.189 582.1 106.793 581.632C106.409 581.152 106.115 580.618 105.911 580.03C105.719 579.442 105.623 578.842 105.623 578.23C105.623 577.618 105.719 577.024 105.911 576.448C106.103 575.86 106.391 575.326 106.775 574.846C107.171 574.366 107.663 573.988 108.251 573.712C108.839 573.424 109.529 573.28 110.321 573.28C111.089 573.28 111.725 573.394 112.229 573.622C112.733 573.85 113.135 574.138 113.435 574.486C113.747 574.822 113.975 575.164 114.119 575.512C114.275 575.848 114.377 576.13 114.425 576.358C114.473 576.586 114.497 576.7 114.497 576.7H112.841C112.841 576.7 112.811 576.604 112.751 576.412C112.691 576.208 112.577 575.98 112.409 575.728C112.241 575.476 111.989 575.254 111.653 575.062C111.317 574.858 110.873 574.756 110.321 574.756C109.661 574.756 109.103 574.924 108.647 575.26C108.203 575.584 107.867 576.01 107.639 576.538C107.423 577.066 107.315 577.63 107.315 578.23C107.315 578.83 107.423 579.394 107.639 579.922C107.867 580.45 108.203 580.882 108.647 581.218C109.103 581.542 109.661 581.704 110.321 581.704C110.873 581.704 111.317 581.608 111.653 581.416C111.989 581.212 112.241 580.984 112.409 580.732C112.577 580.48 112.691 580.258 112.751 580.066C112.811 579.862 112.841 579.76 112.841 579.76H114.497C114.497 579.76 114.473 579.874 114.425 580.102C114.377 580.33 114.275 580.618 114.119 580.966C113.975 581.302 113.747 581.644 113.435 581.992C113.135 582.328 112.733 582.61 112.229 582.838C111.725 583.066 111.089 583.18 110.321 583.18ZM117.022 583V569.32H118.732V574.846H118.84C118.924 574.702 119.062 574.504 119.254 574.252C119.458 574 119.746 573.778 120.118 573.586C120.49 573.382 120.958 573.28 121.522 573.28C122.218 573.28 122.812 573.442 123.304 573.766C123.796 574.078 124.168 574.504 124.42 575.044C124.684 575.584 124.816 576.19 124.816 576.862V583H123.106V576.97C123.106 576.334 122.926 575.806 122.566 575.386C122.218 574.966 121.708 574.756 121.036 574.756C120.496 574.756 120.058 574.894 119.722 575.17C119.386 575.434 119.134 575.788 118.966 576.232C118.81 576.664 118.732 577.126 118.732 577.618V583H117.022ZM131.476 573.28C132.076 573.28 132.58 573.376 132.988 573.568C133.396 573.76 133.726 573.988 133.978 574.252C134.23 574.504 134.422 574.744 134.554 574.972H134.662V573.46H136.372V583H134.662V581.488H134.554C134.422 581.716 134.23 581.962 133.978 582.226C133.726 582.49 133.396 582.718 132.988 582.91C132.58 583.09 132.076 583.18 131.476 583.18C130.756 583.18 130.126 583.042 129.586 582.766C129.046 582.478 128.596 582.1 128.236 581.632C127.876 581.152 127.606 580.618 127.426 580.03C127.246 579.442 127.156 578.842 127.156 578.23C127.156 577.618 127.246 577.018 127.426 576.43C127.606 575.842 127.876 575.314 128.236 574.846C128.596 574.366 129.046 573.988 129.586 573.712C130.126 573.424 130.756 573.28 131.476 573.28ZM131.764 574.738C131.128 574.738 130.594 574.912 130.162 575.26C129.73 575.596 129.406 576.028 129.19 576.556C128.986 577.084 128.884 577.642 128.884 578.23C128.884 578.806 128.986 579.364 129.19 579.904C129.406 580.432 129.73 580.87 130.162 581.218C130.594 581.554 131.128 581.722 131.764 581.722C132.4 581.722 132.928 581.554 133.348 581.218C133.78 580.87 134.098 580.432 134.302 579.904C134.518 579.364 134.626 578.806 134.626 578.23C134.626 577.642 134.518 577.084 134.302 576.556C134.098 576.028 133.78 575.596 133.348 575.26C132.928 574.912 132.4 574.738 131.764 574.738ZM143.403 583.18C142.623 583.18 141.939 583.042 141.351 582.766C140.763 582.478 140.271 582.1 139.875 581.632C139.491 581.152 139.197 580.618 138.993 580.03C138.801 579.442 138.705 578.842 138.705 578.23C138.705 577.618 138.801 577.024 138.993 576.448C139.185 575.86 139.473 575.326 139.857 574.846C140.253 574.366 140.745 573.988 141.333 573.712C141.921 573.424 142.611 573.28 143.403 573.28C144.171 573.28 144.807 573.394 145.311 573.622C145.815 573.85 146.217 574.138 146.517 574.486C146.829 574.822 147.057 575.164 147.201 575.512C147.357 575.848 147.459 576.13 147.507 576.358C147.555 576.586 147.579 576.7 147.579 576.7H145.923C145.923 576.7 145.893 576.604 145.833 576.412C145.773 576.208 145.659 575.98 145.491 575.728C145.323 575.476 145.071 575.254 144.735 575.062C144.399 574.858 143.955 574.756 143.403 574.756C142.743 574.756 142.185 574.924 141.729 575.26C141.285 575.584 140.949 576.01 140.721 576.538C140.505 577.066 140.397 577.63 140.397 578.23C140.397 578.83 140.505 579.394 140.721 579.922C140.949 580.45 141.285 580.882 141.729 581.218C142.185 581.542 142.743 581.704 143.403 581.704C143.955 581.704 144.399 581.608 144.735 581.416C145.071 581.212 145.323 580.984 145.491 580.732C145.659 580.48 145.773 580.258 145.833 580.066C145.893 579.862 145.923 579.76 145.923 579.76H147.579C147.579 579.76 147.555 579.874 147.507 580.102C147.459 580.33 147.357 580.618 147.201 580.966C147.057 581.302 146.829 581.644 146.517 581.992C146.217 582.328 145.815 582.61 145.311 582.838C144.807 583.066 144.171 583.18 143.403 583.18ZM150.104 583V569.32H151.814V574.846H151.922C152.006 574.702 152.144 574.504 152.336 574.252C152.54 574 152.828 573.778 153.2 573.586C153.572 573.382 154.04 573.28 154.604 573.28C155.3 573.28 155.894 573.442 156.386 573.766C156.878 574.078 157.25 574.504 157.502 575.044C157.766 575.584 157.898 576.19 157.898 576.862V583H156.188V576.97C156.188 576.334 156.008 575.806 155.648 575.386C155.3 574.966 154.79 574.756 154.118 574.756C153.578 574.756 153.14 574.894 152.804 575.17C152.468 575.434 152.216 575.788 152.048 576.232C151.892 576.664 151.814 577.126 151.814 577.618V583H150.104ZM164.756 583.18C163.976 583.18 163.298 583.042 162.722 582.766C162.158 582.478 161.69 582.094 161.318 581.614C160.958 581.134 160.688 580.606 160.508 580.03C160.328 579.442 160.238 578.842 160.238 578.23C160.238 577.63 160.322 577.036 160.49 576.448C160.67 575.86 160.94 575.326 161.3 574.846C161.672 574.366 162.134 573.988 162.686 573.712C163.25 573.424 163.916 573.28 164.684 573.28C165.5 573.28 166.22 573.466 166.844 573.838C167.468 574.21 167.96 574.762 168.32 575.494C168.68 576.226 168.86 577.144 168.86 578.248V578.752H161.966C162.002 579.292 162.128 579.79 162.344 580.246C162.572 580.69 162.89 581.05 163.298 581.326C163.706 581.59 164.192 581.722 164.756 581.722C165.248 581.722 165.644 581.644 165.944 581.488C166.256 581.32 166.502 581.128 166.682 580.912C166.862 580.696 166.982 580.51 167.042 580.354C167.114 580.186 167.15 580.102 167.15 580.102H168.752C168.752 580.102 168.722 580.21 168.662 580.426C168.602 580.63 168.494 580.882 168.338 581.182C168.182 581.482 167.954 581.788 167.654 582.1C167.354 582.4 166.97 582.658 166.502 582.874C166.034 583.078 165.452 583.18 164.756 583.18ZM161.984 577.42H167.186C167.162 576.796 167.03 576.292 166.79 575.908C166.55 575.512 166.244 575.218 165.872 575.026C165.5 574.834 165.104 574.738 164.684 574.738C163.928 574.738 163.31 574.984 162.83 575.476C162.35 575.956 162.068 576.604 161.984 577.42Z" fill="#0961F5"/>
<path d="M242 557H202C193.716 557 187 565.059 187 575C187 584.941 193.716 593 202 593H242C250.284 593 257 584.941 257 575C257 565.059 250.284 557 242 557Z" fill="#E8EFFE" stroke="#A8BBFB" stroke-width="0.5"/>
<path d="M197.806 582.18C197.086 582.18 196.456 582.042 195.916 581.766C195.376 581.478 194.926 581.1 194.566 580.632C194.206 580.152 193.936 579.618 193.756 579.03C193.576 578.442 193.486 577.842 193.486 577.23C193.486 576.618 193.576 576.018 193.756 575.43C193.936 574.842 194.206 574.314 194.566 573.846C194.926 573.366 195.376 572.988 195.916 572.712C196.456 572.424 197.086 572.28 197.806 572.28C198.406 572.28 198.91 572.376 199.318 572.568C199.726 572.76 200.056 572.988 200.308 573.252C200.56 573.504 200.752 573.744 200.884 573.972H200.992V568.32H202.702V582H200.992V580.488H200.884C200.752 580.716 200.56 580.962 200.308 581.226C200.056 581.49 199.726 581.718 199.318 581.91C198.91 582.09 198.406 582.18 197.806 582.18ZM198.094 580.722C198.73 580.722 199.258 580.554 199.678 580.218C200.11 579.87 200.428 579.432 200.632 578.904C200.848 578.364 200.956 577.806 200.956 577.23C200.956 576.642 200.848 576.084 200.632 575.556C200.428 575.028 200.11 574.596 199.678 574.26C199.258 573.912 198.73 573.738 198.094 573.738C197.458 573.738 196.924 573.912 196.492 574.26C196.06 574.596 195.736 575.028 195.52 575.556C195.316 576.084 195.214 576.642 195.214 577.23C195.214 577.806 195.316 578.364 195.52 578.904C195.736 579.432 196.06 579.87 196.492 580.218C196.924 580.554 197.458 580.722 198.094 580.722ZM209.926 582.18C208.906 582.18 208.048 581.946 207.352 581.478C206.656 580.998 206.128 580.38 205.768 579.624C205.408 578.868 205.228 578.07 205.228 577.23C205.228 576.378 205.408 575.58 205.768 574.836C206.128 574.08 206.656 573.468 207.352 573C208.048 572.52 208.906 572.28 209.926 572.28C210.946 572.28 211.804 572.52 212.5 573C213.196 573.468 213.724 574.08 214.084 574.836C214.444 575.58 214.624 576.378 214.624 577.23C214.624 578.07 214.444 578.868 214.084 579.624C213.724 580.38 213.196 580.998 212.5 581.478C211.804 581.946 210.946 582.18 209.926 582.18ZM209.926 580.686C210.574 580.686 211.114 580.524 211.546 580.2C211.99 579.864 212.32 579.432 212.536 578.904C212.764 578.376 212.878 577.818 212.878 577.23C212.878 576.63 212.764 576.072 212.536 575.556C212.32 575.028 211.99 574.602 211.546 574.278C211.114 573.942 210.574 573.774 209.926 573.774C209.29 573.774 208.75 573.942 208.306 574.278C207.862 574.602 207.526 575.028 207.298 575.556C207.082 576.072 206.974 576.63 206.974 577.23C206.974 577.818 207.082 578.376 207.298 578.904C207.526 579.432 207.862 579.864 208.306 580.2C208.75 580.524 209.29 580.686 209.926 580.686ZM221.387 582.18C220.607 582.18 219.923 582.042 219.335 581.766C218.747 581.478 218.255 581.1 217.859 580.632C217.475 580.152 217.181 579.618 216.977 579.03C216.785 578.442 216.689 577.842 216.689 577.23C216.689 576.618 216.785 576.024 216.977 575.448C217.169 574.86 217.457 574.326 217.841 573.846C218.237 573.366 218.729 572.988 219.317 572.712C219.905 572.424 220.595 572.28 221.387 572.28C222.155 572.28 222.791 572.394 223.295 572.622C223.799 572.85 224.201 573.138 224.501 573.486C224.813 573.822 225.041 574.164 225.185 574.512C225.341 574.848 225.443 575.13 225.491 575.358C225.539 575.586 225.563 575.7 225.563 575.7H223.907C223.907 575.7 223.877 575.604 223.817 575.412C223.757 575.208 223.643 574.98 223.475 574.728C223.307 574.476 223.055 574.254 222.719 574.062C222.383 573.858 221.939 573.756 221.387 573.756C220.727 573.756 220.169 573.924 219.713 574.26C219.269 574.584 218.933 575.01 218.705 575.538C218.489 576.066 218.381 576.63 218.381 577.23C218.381 577.83 218.489 578.394 218.705 578.922C218.933 579.45 219.269 579.882 219.713 580.218C220.169 580.542 220.727 580.704 221.387 580.704C221.939 580.704 222.383 580.608 222.719 580.416C223.055 580.212 223.307 579.984 223.475 579.732C223.643 579.48 223.757 579.258 223.817 579.066C223.877 578.862 223.907 578.76 223.907 578.76H225.563C225.563 578.76 225.539 578.874 225.491 579.102C225.443 579.33 225.341 579.618 225.185 579.966C225.041 580.302 224.813 580.644 224.501 580.992C224.201 581.328 223.799 581.61 223.295 581.838C222.791 582.066 222.155 582.18 221.387 582.18ZM231.958 582.18C230.974 582.18 230.23 581.928 229.726 581.424C229.234 580.92 228.988 580.212 228.988 579.3V573.864H227.278V572.46H228.988V570.066H230.698V572.46H233.02V573.864H230.698V579.3C230.698 579.78 230.83 580.134 231.094 580.362C231.358 580.578 231.742 580.686 232.246 580.686C232.51 580.686 232.762 580.668 233.002 580.632C233.242 580.596 233.362 580.578 233.362 580.578V582.036C233.362 582.036 233.224 582.06 232.948 582.108C232.672 582.156 232.342 582.18 231.958 582.18ZM239.774 582.18C238.754 582.18 237.896 581.946 237.2 581.478C236.504 580.998 235.976 580.38 235.616 579.624C235.256 578.868 235.076 578.07 235.076 577.23C235.076 576.378 235.256 575.58 235.616 574.836C235.976 574.08 236.504 573.468 237.2 573C237.896 572.52 238.754 572.28 239.774 572.28C240.794 572.28 241.652 572.52 242.348 573C243.044 573.468 243.572 574.08 243.932 574.836C244.292 575.58 244.472 576.378 244.472 577.23C244.472 578.07 244.292 578.868 243.932 579.624C243.572 580.38 243.044 580.998 242.348 581.478C241.652 581.946 240.794 582.18 239.774 582.18ZM239.774 580.686C240.422 580.686 240.962 580.524 241.394 580.2C241.838 579.864 242.168 579.432 242.384 578.904C242.612 578.376 242.726 577.818 242.726 577.23C242.726 576.63 242.612 576.072 242.384 575.556C242.168 575.028 241.838 574.602 241.394 574.278C240.962 573.942 240.422 573.774 239.774 573.774C239.138 573.774 238.598 573.942 238.154 574.278C237.71 574.602 237.374 575.028 237.146 575.556C236.93 576.072 236.822 576.63 236.822 577.23C236.822 577.818 236.93 578.376 237.146 578.904C237.374 579.432 237.71 579.864 238.154 580.2C238.598 580.524 239.138 580.686 239.774 580.686ZM246.805 582V572.46H248.515V573.648H248.587C248.791 573.288 249.091 572.97 249.487 572.694C249.883 572.418 250.441 572.28 251.161 572.28C251.365 572.28 251.551 572.292 251.719 572.316C251.887 572.328 251.971 572.334 251.971 572.334V573.972C251.971 573.972 251.875 573.966 251.683 573.954C251.503 573.93 251.311 573.918 251.107 573.918C250.279 573.918 249.637 574.158 249.181 574.638C248.737 575.106 248.515 575.874 248.515 576.942V582H246.805Z" fill="#0961F5"/>
<path d="M370 558H286C276.059 558 268 566.059 268 576C268 585.941 276.059 594 286 594H370C379.941 594 388 585.941 388 576C388 566.059 379.941 558 370 558Z" fill="#E8EFFE" stroke="#A8BBFB" stroke-width="0.5"/>
<path d="M276.693 571.28C277.293 571.28 277.797 571.376 278.205 571.568C278.613 571.76 278.943 571.988 279.195 572.252C279.447 572.504 279.639 572.744 279.771 572.972H279.879V571.46H281.589V581H279.879V579.488H279.771C279.639 579.716 279.447 579.962 279.195 580.226C278.943 580.49 278.613 580.718 278.205 580.91C277.797 581.09 277.293 581.18 276.693 581.18C275.973 581.18 275.343 581.042 274.803 580.766C274.263 580.478 273.813 580.1 273.453 579.632C273.093 579.152 272.823 578.618 272.643 578.03C272.463 577.442 272.373 576.842 272.373 576.23C272.373 575.618 272.463 575.018 272.643 574.43C272.823 573.842 273.093 573.314 273.453 572.846C273.813 572.366 274.263 571.988 274.803 571.712C275.343 571.424 275.973 571.28 276.693 571.28ZM276.981 572.738C276.345 572.738 275.811 572.912 275.379 573.26C274.947 573.596 274.623 574.028 274.407 574.556C274.203 575.084 274.101 575.642 274.101 576.23C274.101 576.806 274.203 577.364 274.407 577.904C274.623 578.432 274.947 578.87 275.379 579.218C275.811 579.554 276.345 579.722 276.981 579.722C277.617 579.722 278.145 579.554 278.565 579.218C278.997 578.87 279.315 578.432 279.519 577.904C279.735 577.364 279.843 576.806 279.843 576.23C279.843 575.642 279.735 575.084 279.519 574.556C279.315 574.028 278.997 573.596 278.565 573.26C278.145 572.912 277.617 572.738 276.981 572.738ZM284.282 584.528V571.46H285.992V572.972H286.1C286.244 572.744 286.436 572.498 286.676 572.234C286.928 571.97 287.258 571.748 287.666 571.568C288.074 571.376 288.578 571.28 289.178 571.28C289.898 571.28 290.528 571.424 291.068 571.712C291.608 571.988 292.058 572.366 292.418 572.846C292.778 573.314 293.048 573.842 293.228 574.43C293.408 575.018 293.498 575.618 293.498 576.23C293.498 576.842 293.408 577.442 293.228 578.03C293.048 578.618 292.778 579.152 292.418 579.632C292.058 580.1 291.608 580.478 291.068 580.766C290.528 581.042 289.898 581.18 289.178 581.18C288.578 581.18 288.074 581.084 287.666 580.892C287.258 580.7 286.928 580.472 286.676 580.208C286.436 579.944 286.244 579.704 286.1 579.488H285.992V584.528H284.282ZM286.028 576.23C286.028 576.806 286.13 577.364 286.334 577.904C286.55 578.432 286.868 578.87 287.288 579.218C287.72 579.554 288.254 579.722 288.89 579.722C289.538 579.722 290.072 579.554 290.492 579.218C290.924 578.87 291.242 578.432 291.446 577.904C291.662 577.364 291.77 576.806 291.77 576.23C291.77 575.642 291.662 575.084 291.446 574.556C291.242 574.028 290.924 573.596 290.492 573.26C290.072 572.912 289.538 572.738 288.89 572.738C288.254 572.738 287.72 572.912 287.288 573.26C286.868 573.596 286.55 574.028 286.334 574.556C286.13 575.084 286.028 575.642 286.028 576.23ZM296.024 584.528V571.46H297.734V572.972H297.842C297.986 572.744 298.178 572.498 298.418 572.234C298.67 571.97 299 571.748 299.408 571.568C299.816 571.376 300.32 571.28 300.92 571.28C301.64 571.28 302.27 571.424 302.81 571.712C303.35 571.988 303.8 572.366 304.16 572.846C304.52 573.314 304.79 573.842 304.97 574.43C305.15 575.018 305.24 575.618 305.24 576.23C305.24 576.842 305.15 577.442 304.97 578.03C304.79 578.618 304.52 579.152 304.16 579.632C303.8 580.1 303.35 580.478 302.81 580.766C302.27 581.042 301.64 581.18 300.92 581.18C300.32 581.18 299.816 581.084 299.408 580.892C299 580.7 298.67 580.472 298.418 580.208C298.178 579.944 297.986 579.704 297.842 579.488H297.734V584.528H296.024ZM297.77 576.23C297.77 576.806 297.872 577.364 298.076 577.904C298.292 578.432 298.61 578.87 299.03 579.218C299.462 579.554 299.996 579.722 300.632 579.722C301.28 579.722 301.814 579.554 302.234 579.218C302.666 578.87 302.984 578.432 303.188 577.904C303.404 577.364 303.512 576.806 303.512 576.23C303.512 575.642 303.404 575.084 303.188 574.556C302.984 574.028 302.666 573.596 302.234 573.26C301.814 572.912 301.28 572.738 300.632 572.738C299.996 572.738 299.462 572.912 299.03 573.26C298.61 573.596 298.292 574.028 298.076 574.556C297.872 575.084 297.77 575.642 297.77 576.23ZM312.016 581.18C310.996 581.18 310.138 580.946 309.442 580.478C308.746 579.998 308.218 579.38 307.858 578.624C307.498 577.868 307.318 577.07 307.318 576.23C307.318 575.378 307.498 574.58 307.858 573.836C308.218 573.08 308.746 572.468 309.442 572C310.138 571.52 310.996 571.28 312.016 571.28C313.036 571.28 313.894 571.52 314.59 572C315.286 572.468 315.814 573.08 316.174 573.836C316.534 574.58 316.714 575.378 316.714 576.23C316.714 577.07 316.534 577.868 316.174 578.624C315.814 579.38 315.286 579.998 314.59 580.478C313.894 580.946 313.036 581.18 312.016 581.18ZM312.016 579.686C312.664 579.686 313.204 579.524 313.636 579.2C314.08 578.864 314.41 578.432 314.626 577.904C314.854 577.376 314.968 576.818 314.968 576.23C314.968 575.63 314.854 575.072 314.626 574.556C314.41 574.028 314.08 573.602 313.636 573.278C313.204 572.942 312.664 572.774 312.016 572.774C311.38 572.774 310.84 572.942 310.396 573.278C309.952 573.602 309.616 574.028 309.388 574.556C309.172 575.072 309.064 575.63 309.064 576.23C309.064 576.818 309.172 577.376 309.388 577.904C309.616 578.432 309.952 578.864 310.396 579.2C310.84 579.524 311.38 579.686 312.016 579.686ZM320.163 569.642C319.839 569.642 319.569 569.534 319.353 569.318C319.149 569.102 319.047 568.844 319.047 568.544C319.047 568.232 319.149 567.968 319.353 567.752C319.569 567.536 319.839 567.428 320.163 567.428C320.475 567.428 320.739 567.536 320.955 567.752C321.171 567.968 321.279 568.232 321.279 568.544C321.279 568.844 321.171 569.102 320.955 569.318C320.739 569.534 320.475 569.642 320.163 569.642ZM319.317 581V571.46H321.027V581H319.317ZM323.793 581V571.46H325.503V572.846H325.611C325.695 572.702 325.833 572.504 326.025 572.252C326.229 572 326.517 571.778 326.889 571.586C327.261 571.382 327.729 571.28 328.293 571.28C328.989 571.28 329.583 571.442 330.075 571.766C330.567 572.078 330.939 572.504 331.191 573.044C331.455 573.584 331.587 574.19 331.587 574.862V581H329.877V574.97C329.877 574.334 329.697 573.806 329.337 573.386C328.989 572.966 328.479 572.756 327.807 572.756C327.267 572.756 326.829 572.894 326.493 573.17C326.157 573.434 325.905 573.788 325.737 574.232C325.581 574.664 325.503 575.126 325.503 575.618V581H323.793ZM337.81 581.18C336.826 581.18 336.082 580.928 335.578 580.424C335.086 579.92 334.84 579.212 334.84 578.3V572.864H333.13V571.46H334.84V569.066H336.55V571.46H338.872V572.864H336.55V578.3C336.55 578.78 336.682 579.134 336.946 579.362C337.21 579.578 337.594 579.686 338.098 579.686C338.362 579.686 338.614 579.668 338.854 579.632C339.094 579.596 339.214 579.578 339.214 579.578V581.036C339.214 581.036 339.076 581.06 338.8 581.108C338.524 581.156 338.194 581.18 337.81 581.18ZM341.459 581V571.46H343.169V572.846H343.241C343.337 572.666 343.487 572.456 343.691 572.216C343.895 571.964 344.171 571.748 344.519 571.568C344.879 571.376 345.329 571.28 345.869 571.28C346.577 571.28 347.171 571.454 347.651 571.802C348.143 572.138 348.509 572.594 348.749 573.17H348.767C349.031 572.642 349.403 572.198 349.883 571.838C350.375 571.466 351.011 571.28 351.791 571.28C352.823 571.28 353.615 571.634 354.167 572.342C354.731 573.038 355.013 573.938 355.013 575.042V581H353.303V575.132C353.303 574.424 353.135 573.854 352.799 573.422C352.463 572.978 351.977 572.756 351.341 572.756C350.789 572.756 350.345 572.906 350.009 573.206C349.685 573.506 349.451 573.878 349.307 574.322C349.163 574.766 349.091 575.21 349.091 575.654V581H347.381V575.132C347.381 574.424 347.213 573.854 346.877 573.422C346.553 572.978 346.067 572.756 345.419 572.756C344.867 572.756 344.423 572.906 344.087 573.206C343.763 573.506 343.529 573.884 343.385 574.34C343.241 574.784 343.169 575.222 343.169 575.654V581H341.459ZM361.864 581.18C361.084 581.18 360.406 581.042 359.83 580.766C359.266 580.478 358.798 580.094 358.426 579.614C358.066 579.134 357.796 578.606 357.616 578.03C357.436 577.442 357.346 576.842 357.346 576.23C357.346 575.63 357.43 575.036 357.598 574.448C357.778 573.86 358.048 573.326 358.408 572.846C358.78 572.366 359.242 571.988 359.794 571.712C360.358 571.424 361.024 571.28 361.792 571.28C362.608 571.28 363.328 571.466 363.952 571.838C364.576 572.21 365.068 572.762 365.428 573.494C365.788 574.226 365.968 575.144 365.968 576.248V576.752H359.074C359.11 577.292 359.236 577.79 359.452 578.246C359.68 578.69 359.998 579.05 360.406 579.326C360.814 579.59 361.3 579.722 361.864 579.722C362.356 579.722 362.752 579.644 363.052 579.488C363.364 579.32 363.61 579.128 363.79 578.912C363.97 578.696 364.09 578.51 364.15 578.354C364.222 578.186 364.258 578.102 364.258 578.102H365.86C365.86 578.102 365.83 578.21 365.77 578.426C365.71 578.63 365.602 578.882 365.446 579.182C365.29 579.482 365.062 579.788 364.762 580.1C364.462 580.4 364.078 580.658 363.61 580.874C363.142 581.078 362.56 581.18 361.864 581.18ZM359.092 575.42H364.294C364.27 574.796 364.138 574.292 363.898 573.908C363.658 573.512 363.352 573.218 362.98 573.026C362.608 572.834 362.212 572.738 361.792 572.738C361.036 572.738 360.418 572.984 359.938 573.476C359.458 573.956 359.176 574.604 359.092 575.42ZM368.301 581V571.46H370.011V572.846H370.119C370.203 572.702 370.341 572.504 370.533 572.252C370.737 572 371.025 571.778 371.397 571.586C371.769 571.382 372.237 571.28 372.801 571.28C373.497 571.28 374.091 571.442 374.583 571.766C375.075 572.078 375.447 572.504 375.699 573.044C375.963 573.584 376.095 574.19 376.095 574.862V581H374.385V574.97C374.385 574.334 374.205 573.806 373.845 573.386C373.497 572.966 372.987 572.756 372.315 572.756C371.775 572.756 371.337 572.894 371.001 573.17C370.665 573.434 370.413 573.788 370.245 574.232C370.089 574.664 370.011 575.126 370.011 575.618V581H368.301ZM382.318 581.18C381.334 581.18 380.59 580.928 380.086 580.424C379.594 579.92 379.348 579.212 379.348 578.3V572.864H377.638V571.46H379.348V569.066H381.058V571.46H383.38V572.864H381.058V578.3C381.058 578.78 381.19 579.134 381.454 579.362C381.718 579.578 382.102 579.686 382.606 579.686C382.87 579.686 383.122 579.668 383.362 579.632C383.602 579.596 383.722 579.578 383.722 579.578V581.036C383.722 581.036 383.584 581.06 383.308 581.108C383.032 581.156 382.702 581.18 382.318 581.18Z" fill="#0961F5"/>
<path d="M147.636 603H60.3636C51.3262 603 44 611.059 44 621C44 630.941 51.3262 639 60.3636 639H147.636C156.674 639 164 630.941 164 621C164 611.059 156.674 603 147.636 603Z" fill="#E8EFFE" stroke="#A8BBFB" stroke-width="0.5"/>
<path d="M51.5025 630.528V617.46H53.2125V618.972H53.3205C53.4645 618.744 53.6565 618.498 53.8965 618.234C54.1485 617.97 54.4785 617.748 54.8865 617.568C55.2945 617.376 55.7985 617.28 56.3985 617.28C57.1185 617.28 57.7485 617.424 58.2885 617.712C58.8285 617.988 59.2785 618.366 59.6385 618.846C59.9985 619.314 60.2685 619.842 60.4485 620.43C60.6285 621.018 60.7185 621.618 60.7185 622.23C60.7185 622.842 60.6285 623.442 60.4485 624.03C60.2685 624.618 59.9985 625.152 59.6385 625.632C59.2785 626.1 58.8285 626.478 58.2885 626.766C57.7485 627.042 57.1185 627.18 56.3985 627.18C55.7985 627.18 55.2945 627.084 54.8865 626.892C54.4785 626.7 54.1485 626.472 53.8965 626.208C53.6565 625.944 53.4645 625.704 53.3205 625.488H53.2125V630.528H51.5025ZM53.2485 622.23C53.2485 622.806 53.3505 623.364 53.5545 623.904C53.7705 624.432 54.0885 624.87 54.5085 625.218C54.9405 625.554 55.4745 625.722 56.1105 625.722C56.7585 625.722 57.2925 625.554 57.7125 625.218C58.1445 624.87 58.4625 624.432 58.6665 623.904C58.8825 623.364 58.9905 622.806 58.9905 622.23C58.9905 621.642 58.8825 621.084 58.6665 620.556C58.4625 620.028 58.1445 619.596 57.7125 619.26C57.2925 618.912 56.7585 618.738 56.1105 618.738C55.4745 618.738 54.9405 618.912 54.5085 619.26C54.0885 619.596 53.7705 620.028 53.5545 620.556C53.3505 621.084 53.2485 621.642 53.2485 622.23ZM63.0647 627V617.46H64.7747V618.648H64.8467C65.0507 618.288 65.3507 617.97 65.7467 617.694C66.1427 617.418 66.7007 617.28 67.4207 617.28C67.6247 617.28 67.8107 617.292 67.9787 617.316C68.1467 617.328 68.2307 617.334 68.2307 617.334V618.972C68.2307 618.972 68.1347 618.966 67.9427 618.954C67.7627 618.93 67.5707 618.918 67.3667 618.918C66.5387 618.918 65.8967 619.158 65.4407 619.638C64.9967 620.106 64.7747 620.874 64.7747 621.942V627H63.0647ZM73.7308 627.18C72.9508 627.18 72.2728 627.042 71.6968 626.766C71.1328 626.478 70.6648 626.094 70.2928 625.614C69.9328 625.134 69.6628 624.606 69.4828 624.03C69.3028 623.442 69.2128 622.842 69.2128 622.23C69.2128 621.63 69.2968 621.036 69.4648 620.448C69.6448 619.86 69.9148 619.326 70.2748 618.846C70.6468 618.366 71.1088 617.988 71.6608 617.712C72.2248 617.424 72.8908 617.28 73.6588 617.28C74.4748 617.28 75.1948 617.466 75.8188 617.838C76.4428 618.21 76.9348 618.762 77.2948 619.494C77.6548 620.226 77.8348 621.144 77.8348 622.248V622.752H70.9408C70.9768 623.292 71.1028 623.79 71.3188 624.246C71.5468 624.69 71.8648 625.05 72.2728 625.326C72.6808 625.59 73.1668 625.722 73.7308 625.722C74.2228 625.722 74.6188 625.644 74.9188 625.488C75.2308 625.32 75.4768 625.128 75.6568 624.912C75.8368 624.696 75.9568 624.51 76.0168 624.354C76.0888 624.186 76.1248 624.102 76.1248 624.102H77.7268C77.7268 624.102 77.6968 624.21 77.6368 624.426C77.5768 624.63 77.4688 624.882 77.3128 625.182C77.1568 625.482 76.9288 625.788 76.6288 626.1C76.3288 626.4 75.9448 626.658 75.4768 626.874C75.0088 627.078 74.4268 627.18 73.7308 627.18ZM70.9588 621.42H76.1608C76.1368 620.796 76.0048 620.292 75.7648 619.908C75.5248 619.512 75.2188 619.218 74.8468 619.026C74.4748 618.834 74.0788 618.738 73.6588 618.738C72.9028 618.738 72.2848 618.984 71.8048 619.476C71.3248 619.956 71.0428 620.604 70.9588 621.42ZM83.6602 627.18C82.9282 627.18 82.3222 627.078 81.8422 626.874C81.3742 626.67 81.0022 626.418 80.7262 626.118C80.4502 625.806 80.2462 625.5 80.1142 625.2C79.9822 624.888 79.8982 624.63 79.8622 624.426C79.8262 624.222 79.8082 624.12 79.8082 624.12H81.5362C81.5362 624.12 81.5542 624.204 81.5902 624.372C81.6382 624.528 81.7282 624.714 81.8602 624.93C82.0042 625.134 82.2202 625.32 82.5082 625.488C82.8082 625.644 83.2042 625.722 83.6962 625.722C84.2602 625.722 84.6982 625.59 85.0102 625.326C85.3222 625.05 85.4782 624.714 85.4782 624.318C85.4782 623.97 85.3522 623.694 85.1002 623.49C84.8602 623.286 84.5122 623.13 84.0562 623.022L82.7602 622.716C82.2802 622.596 81.8302 622.434 81.4102 622.23C80.9902 622.026 80.6482 621.75 80.3842 621.402C80.1322 621.042 80.0062 620.598 80.0062 620.07C80.0062 619.254 80.3122 618.588 80.9242 618.072C81.5362 617.544 82.3342 617.28 83.3182 617.28C83.9782 617.28 84.5242 617.376 84.9562 617.568C85.3882 617.748 85.7302 617.976 85.9822 618.252C86.2462 618.528 86.4382 618.804 86.5582 619.08C86.6902 619.356 86.7742 619.59 86.8102 619.782C86.8462 619.962 86.8642 620.052 86.8642 620.052H85.2082C85.2082 620.052 85.1902 619.986 85.1542 619.854C85.1182 619.71 85.0342 619.554 84.9022 619.386C84.7822 619.206 84.5962 619.05 84.3442 618.918C84.0922 618.774 83.7562 618.702 83.3362 618.702C82.7602 618.702 82.3402 618.834 82.0762 619.098C81.8122 619.362 81.6802 619.65 81.6802 619.962C81.6802 620.262 81.8002 620.508 82.0402 620.7C82.2922 620.88 82.6162 621.018 83.0122 621.114L84.3262 621.42C85.1422 621.612 85.8142 621.93 86.3422 622.374C86.8822 622.806 87.1522 623.43 87.1522 624.246C87.1522 624.774 87.0142 625.266 86.7382 625.722C86.4622 626.166 86.0662 626.52 85.5502 626.784C85.0342 627.048 84.4042 627.18 83.6602 627.18ZM93.651 627.18C92.871 627.18 92.187 627.042 91.599 626.766C91.011 626.478 90.519 626.1 90.123 625.632C89.739 625.152 89.445 624.618 89.241 624.03C89.049 623.442 88.953 622.842 88.953 622.23C88.953 621.618 89.049 621.024 89.241 620.448C89.433 619.86 89.721 619.326 90.105 618.846C90.501 618.366 90.993 617.988 91.581 617.712C92.169 617.424 92.859 617.28 93.651 617.28C94.419 617.28 95.055 617.394 95.559 617.622C96.063 617.85 96.465 618.138 96.765 618.486C97.077 618.822 97.305 619.164 97.449 619.512C97.605 619.848 97.707 620.13 97.755 620.358C97.803 620.586 97.827 620.7 97.827 620.7H96.171C96.171 620.7 96.141 620.604 96.081 620.412C96.021 620.208 95.907 619.98 95.739 619.728C95.571 619.476 95.319 619.254 94.983 619.062C94.647 618.858 94.203 618.756 93.651 618.756C92.991 618.756 92.433 618.924 91.977 619.26C91.533 619.584 91.197 620.01 90.969 620.538C90.753 621.066 90.645 621.63 90.645 622.23C90.645 622.83 90.753 623.394 90.969 623.922C91.197 624.45 91.533 624.882 91.977 625.218C92.433 625.542 92.991 625.704 93.651 625.704C94.203 625.704 94.647 625.608 94.983 625.416C95.319 625.212 95.571 624.984 95.739 624.732C95.907 624.48 96.021 624.258 96.081 624.066C96.141 623.862 96.171 623.76 96.171 623.76H97.827C97.827 623.76 97.803 623.874 97.755 624.102C97.707 624.33 97.605 624.618 97.449 624.966C97.305 625.302 97.077 625.644 96.765 625.992C96.465 626.328 96.063 626.61 95.559 626.838C95.055 627.066 94.419 627.18 93.651 627.18ZM100.172 627V617.46H101.882V618.648H101.954C102.158 618.288 102.458 617.97 102.854 617.694C103.25 617.418 103.808 617.28 104.528 617.28C104.732 617.28 104.918 617.292 105.086 617.316C105.254 617.328 105.338 617.334 105.338 617.334V618.972C105.338 618.972 105.242 618.966 105.05 618.954C104.87 618.93 104.678 618.918 104.474 618.918C103.646 618.918 103.004 619.158 102.548 619.638C102.104 620.106 101.882 620.874 101.882 621.942V627H100.172ZM108.688 615.642C108.365 615.642 108.095 615.534 107.879 615.318C107.675 615.102 107.573 614.844 107.573 614.544C107.573 614.232 107.675 613.968 107.879 613.752C108.095 613.536 108.365 613.428 108.688 613.428C109.001 613.428 109.265 613.536 109.481 613.752C109.697 613.968 109.805 614.232 109.805 614.544C109.805 614.844 109.697 615.102 109.481 615.318C109.265 615.534 109.001 615.642 108.688 615.642ZM107.843 627V617.46H109.553V627H107.843ZM112.499 630.528V617.46H114.209V618.972H114.317C114.461 618.744 114.653 618.498 114.893 618.234C115.145 617.97 115.475 617.748 115.883 617.568C116.291 617.376 116.795 617.28 117.395 617.28C118.115 617.28 118.745 617.424 119.285 617.712C119.825 617.988 120.275 618.366 120.635 618.846C120.995 619.314 121.265 619.842 121.445 620.43C121.625 621.018 121.715 621.618 121.715 622.23C121.715 622.842 121.625 623.442 121.445 624.03C121.265 624.618 120.995 625.152 120.635 625.632C120.275 626.1 119.825 626.478 119.285 626.766C118.745 627.042 118.115 627.18 117.395 627.18C116.795 627.18 116.291 627.084 115.883 626.892C115.475 626.7 115.145 626.472 114.893 626.208C114.653 625.944 114.461 625.704 114.317 625.488H114.209V630.528H112.499ZM114.245 622.23C114.245 622.806 114.347 623.364 114.551 623.904C114.767 624.432 115.085 624.87 115.505 625.218C115.937 625.554 116.471 625.722 117.107 625.722C117.755 625.722 118.289 625.554 118.709 625.218C119.141 624.87 119.459 624.432 119.663 623.904C119.879 623.364 119.987 622.806 119.987 622.23C119.987 621.642 119.879 621.084 119.663 620.556C119.459 620.028 119.141 619.596 118.709 619.26C118.289 618.912 117.755 618.738 117.107 618.738C116.471 618.738 115.937 618.912 115.505 619.26C115.085 619.596 114.767 620.028 114.551 620.556C114.347 621.084 114.245 621.642 114.245 622.23ZM127.935 627.18C126.951 627.18 126.207 626.928 125.703 626.424C125.211 625.92 124.965 625.212 124.965 624.3V618.864H123.255V617.46H124.965V615.066H126.675V617.46H128.997V618.864H126.675V624.3C126.675 624.78 126.807 625.134 127.071 625.362C127.335 625.578 127.719 625.686 128.223 625.686C128.487 625.686 128.739 625.668 128.979 625.632C129.219 625.596 129.339 625.578 129.339 625.578V627.036C129.339 627.036 129.201 627.06 128.925 627.108C128.649 627.156 128.319 627.18 127.935 627.18ZM132.7 615.642C132.376 615.642 132.106 615.534 131.89 615.318C131.686 615.102 131.584 614.844 131.584 614.544C131.584 614.232 131.686 613.968 131.89 613.752C132.106 613.536 132.376 613.428 132.7 613.428C133.012 613.428 133.276 613.536 133.492 613.752C133.708 613.968 133.816 614.232 133.816 614.544C133.816 614.844 133.708 615.102 133.492 615.318C133.276 615.534 133.012 615.642 132.7 615.642ZM131.854 627V617.46H133.564V627H131.854ZM140.848 627.18C139.828 627.18 138.97 626.946 138.274 626.478C137.578 625.998 137.05 625.38 136.69 624.624C136.33 623.868 136.15 623.07 136.15 622.23C136.15 621.378 136.33 620.58 136.69 619.836C137.05 619.08 137.578 618.468 138.274 618C138.97 617.52 139.828 617.28 140.848 617.28C141.868 617.28 142.726 617.52 143.422 618C144.118 618.468 144.646 619.08 145.006 619.836C145.366 620.58 145.546 621.378 145.546 622.23C145.546 623.07 145.366 623.868 145.006 624.624C144.646 625.38 144.118 625.998 143.422 626.478C142.726 626.946 141.868 627.18 140.848 627.18ZM140.848 625.686C141.496 625.686 142.036 625.524 142.468 625.2C142.912 624.864 143.242 624.432 143.458 623.904C143.686 623.376 143.8 622.818 143.8 622.23C143.8 621.63 143.686 621.072 143.458 620.556C143.242 620.028 142.912 619.602 142.468 619.278C142.036 618.942 141.496 618.774 140.848 618.774C140.212 618.774 139.672 618.942 139.228 619.278C138.784 619.602 138.448 620.028 138.22 620.556C138.004 621.072 137.896 621.63 137.896 622.23C137.896 622.818 138.004 623.376 138.22 623.904C138.448 624.432 138.784 624.864 139.228 625.2C139.672 625.524 140.212 625.686 140.848 625.686ZM147.879 627V617.46H149.589V618.846H149.697C149.781 618.702 149.919 618.504 150.111 618.252C150.315 618 150.603 617.778 150.975 617.586C151.347 617.382 151.815 617.28 152.379 617.28C153.075 617.28 153.669 617.442 154.161 617.766C154.653 618.078 155.025 618.504 155.277 619.044C155.541 619.584 155.673 620.19 155.673 620.862V627H153.963V620.97C153.963 620.334 153.783 619.806 153.423 619.386C153.075 618.966 152.565 618.756 151.893 618.756C151.353 618.756 150.915 618.894 150.579 619.17C150.243 619.434 149.991 619.788 149.823 620.232C149.667 620.664 149.589 621.126 149.589 621.618V627H147.879Z" fill="#0961F5"/>
<path d="M371 650H55C48.3726 650 43 655.373 43 662V706C43 712.627 48.3726 718 55 718H371C377.627 718 383 712.627 383 706V662C383 655.373 377.627 650 371 650Z" fill="#F5F5F0" stroke="#E0E0E0" stroke-width="0.5"/>
<path d="M66.588 673V664.498H63.585V663.38H70.865V664.498H67.862V673H66.588ZM73.1711 664.797C72.9371 664.797 72.7421 664.719 72.5861 664.563C72.4387 664.407 72.3651 664.221 72.3651 664.004C72.3651 663.779 72.4387 663.588 72.5861 663.432C72.7421 663.276 72.9371 663.198 73.1711 663.198C73.3964 663.198 73.5871 663.276 73.7431 663.432C73.8991 663.588 73.9771 663.779 73.9771 664.004C73.9771 664.221 73.8991 664.407 73.7431 664.563C73.5871 664.719 73.3964 664.797 73.1711 664.797ZM72.5601 673V666.11H73.7951V673H72.5601ZM81.4478 663.471L80.3948 663.458L81.5128 661.118H82.7868L81.4478 663.471ZM76.8458 665.135L78.4188 663.224H79.4718L81.0448 665.135H79.9268L78.9388 663.939L77.9638 665.135H76.8458ZM78.9908 673.13C78.4275 673.13 77.9378 673.03 77.5218 672.831C77.1145 672.623 76.7765 672.346 76.5078 671.999C76.2478 671.652 76.0528 671.271 75.9228 670.855C75.7928 670.43 75.7278 669.997 75.7278 669.555C75.7278 669.122 75.7885 668.693 75.9098 668.268C76.0398 667.843 76.2348 667.458 76.4948 667.111C76.7635 666.764 77.0971 666.491 77.4958 666.292C77.9031 666.084 78.3841 665.98 78.9388 665.98C79.5281 665.98 80.0481 666.114 80.4988 666.383C80.9495 666.652 81.3048 667.05 81.5648 667.579C81.8248 668.108 81.9548 668.771 81.9548 669.568V669.932H76.9758C77.0018 670.322 77.0928 670.682 77.2488 671.011C77.4135 671.332 77.6431 671.592 77.9378 671.791C78.2325 671.982 78.5835 672.077 78.9908 672.077C79.3461 672.077 79.6321 672.021 79.8488 671.908C80.0741 671.787 80.2518 671.648 80.3818 671.492C80.5118 671.336 80.5985 671.202 80.6418 671.089C80.6938 670.968 80.7198 670.907 80.7198 670.907H81.8768C81.8768 670.907 81.8551 670.985 81.8118 671.141C81.7685 671.288 81.6905 671.47 81.5778 671.687C81.4651 671.904 81.3005 672.125 81.0838 672.35C80.8671 672.567 80.5898 672.753 80.2518 672.909C79.9138 673.056 79.4935 673.13 78.9908 673.13ZM76.9888 668.97H80.7458C80.7285 668.519 80.6331 668.155 80.4598 667.878C80.2865 667.592 80.0655 667.38 79.7968 667.241C79.5281 667.102 79.2421 667.033 78.9388 667.033C78.3928 667.033 77.9465 667.211 77.5998 667.566C77.2531 667.913 77.0495 668.381 76.9888 668.97ZM83.7147 673V666.11H84.9497V667.111H85.0277C85.0884 667.007 85.188 666.864 85.3267 666.682C85.474 666.5 85.682 666.34 85.9507 666.201C86.2194 666.054 86.5574 665.98 86.9647 665.98C87.4674 665.98 87.8964 666.097 88.2517 666.331C88.607 666.556 88.8757 666.864 89.0577 667.254C89.2484 667.644 89.3437 668.082 89.3437 668.567V673H88.1087V668.645C88.1087 668.186 87.9787 667.804 87.7187 667.501C87.4674 667.198 87.099 667.046 86.6137 667.046C86.2237 667.046 85.9074 667.146 85.6647 667.345C85.422 667.536 85.24 667.791 85.1187 668.112C85.006 668.424 84.9497 668.758 84.9497 669.113V673H83.7147ZM97.1529 673.13C96.6329 673.13 96.1779 673.03 95.7879 672.831C95.3979 672.623 95.0729 672.35 94.8129 672.012C94.5529 671.665 94.3579 671.28 94.2279 670.855C94.0979 670.43 94.0329 669.997 94.0329 669.555C94.0329 669.113 94.0979 668.68 94.2279 668.255C94.3579 667.83 94.5529 667.449 94.8129 667.111C95.0729 666.764 95.3979 666.491 95.7879 666.292C96.1779 666.084 96.6329 665.98 97.1529 665.98C97.5863 665.98 97.9503 666.049 98.2449 666.188C98.5396 666.327 98.7779 666.491 98.9599 666.682C99.1419 666.864 99.2806 667.037 99.3759 667.202H99.4539V665.356H97.6469V664.368H99.4539V663.12H100.689V664.368H101.872V665.356H100.689V673H99.4539V671.908H99.3759C99.2806 672.073 99.1419 672.25 98.9599 672.441C98.7779 672.632 98.5396 672.796 98.2449 672.935C97.9503 673.065 97.5863 673.13 97.1529 673.13ZM97.3609 672.077C97.8203 672.077 98.2016 671.956 98.5049 671.713C98.8169 671.462 99.0466 671.145 99.1939 670.764C99.3499 670.374 99.4279 669.971 99.4279 669.555C99.4279 669.13 99.3499 668.727 99.1939 668.346C99.0466 667.965 98.8169 667.653 98.5049 667.41C98.2016 667.159 97.8203 667.033 97.3609 667.033C96.9016 667.033 96.5159 667.159 96.2039 667.41C95.8919 667.653 95.6579 667.965 95.5019 668.346C95.3546 668.727 95.2809 669.13 95.2809 669.555C95.2809 669.971 95.3546 670.374 95.5019 670.764C95.6579 671.145 95.8919 671.462 96.2039 671.713C96.5159 671.956 96.9016 672.077 97.3609 672.077ZM104.246 665.109L105.819 662.938H106.872L108.445 665.109H107.327L106.339 663.718L105.364 665.109H104.246ZM106.352 673.13C105.616 673.13 104.996 672.961 104.493 672.623C103.991 672.276 103.609 671.83 103.349 671.284C103.089 670.738 102.959 670.162 102.959 669.555C102.959 668.94 103.089 668.363 103.349 667.826C103.609 667.28 103.991 666.838 104.493 666.5C104.996 666.153 105.616 665.98 106.352 665.98C107.089 665.98 107.709 666.153 108.211 666.5C108.714 666.838 109.095 667.28 109.355 667.826C109.615 668.363 109.745 668.94 109.745 669.555C109.745 670.162 109.615 670.738 109.355 671.284C109.095 671.83 108.714 672.276 108.211 672.623C107.709 672.961 107.089 673.13 106.352 673.13ZM106.352 672.051C106.82 672.051 107.21 671.934 107.522 671.7C107.843 671.457 108.081 671.145 108.237 670.764C108.402 670.383 108.484 669.98 108.484 669.555C108.484 669.122 108.402 668.719 108.237 668.346C108.081 667.965 107.843 667.657 107.522 667.423C107.21 667.18 106.82 667.059 106.352 667.059C105.893 667.059 105.503 667.18 105.182 667.423C104.862 667.657 104.619 667.965 104.454 668.346C104.298 668.719 104.22 669.122 104.22 669.555C104.22 669.98 104.298 670.383 104.454 670.764C104.619 671.145 104.862 671.457 105.182 671.7C105.503 671.934 105.893 672.051 106.352 672.051ZM106.352 675.951C106.11 675.951 105.906 675.864 105.741 675.691C105.585 675.526 105.507 675.331 105.507 675.106C105.507 674.872 105.585 674.673 105.741 674.508C105.906 674.343 106.11 674.261 106.352 674.261C106.595 674.261 106.794 674.343 106.95 674.508C107.115 674.673 107.197 674.872 107.197 675.106C107.197 675.34 107.115 675.539 106.95 675.704C106.794 675.869 106.595 675.951 106.352 675.951ZM117.764 673.13C117.2 673.13 116.706 673.03 116.282 672.831C115.857 672.623 115.502 672.35 115.216 672.012C114.938 671.665 114.726 671.28 114.579 670.855C114.44 670.43 114.371 669.997 114.371 669.555C114.371 669.113 114.44 668.684 114.579 668.268C114.717 667.843 114.925 667.458 115.203 667.111C115.489 666.764 115.844 666.491 116.269 666.292C116.693 666.084 117.192 665.98 117.764 665.98C118.318 665.98 118.778 666.062 119.142 666.227C119.506 666.392 119.796 666.6 120.013 666.851C120.238 667.094 120.403 667.341 120.507 667.592C120.619 667.835 120.693 668.038 120.728 668.203C120.762 668.368 120.78 668.45 120.78 668.45H119.584C119.584 668.45 119.562 668.381 119.519 668.242C119.475 668.095 119.393 667.93 119.272 667.748C119.15 667.566 118.968 667.406 118.726 667.267C118.483 667.12 118.162 667.046 117.764 667.046C117.287 667.046 116.884 667.167 116.555 667.41C116.234 667.644 115.991 667.952 115.827 668.333C115.671 668.714 115.593 669.122 115.593 669.555C115.593 669.988 115.671 670.396 115.827 670.777C115.991 671.158 116.234 671.47 116.555 671.713C116.884 671.947 117.287 672.064 117.764 672.064C118.162 672.064 118.483 671.995 118.726 671.856C118.968 671.709 119.15 671.544 119.272 671.362C119.393 671.18 119.475 671.02 119.519 670.881C119.562 670.734 119.584 670.66 119.584 670.66H120.78C120.78 670.66 120.762 670.742 120.728 670.907C120.693 671.072 120.619 671.28 120.507 671.531C120.403 671.774 120.238 672.021 120.013 672.272C119.796 672.515 119.506 672.718 119.142 672.883C118.778 673.048 118.318 673.13 117.764 673.13ZM122.603 673V663.12H123.838V667.111H123.916C123.977 667.007 124.077 666.864 124.215 666.682C124.363 666.5 124.571 666.34 124.839 666.201C125.108 666.054 125.446 665.98 125.853 665.98C126.356 665.98 126.785 666.097 127.14 666.331C127.496 666.556 127.764 666.864 127.946 667.254C128.137 667.644 128.232 668.082 128.232 668.567V673H126.997V668.645C126.997 668.186 126.867 667.804 126.607 667.501C126.356 667.198 125.988 667.046 125.502 667.046C125.112 667.046 124.796 667.146 124.553 667.345C124.311 667.536 124.129 667.791 124.007 668.112C123.895 668.424 123.838 668.758 123.838 669.113V673H122.603ZM132.575 665.161V664.745C132.575 664.658 132.592 664.572 132.627 664.485C132.661 664.398 132.731 664.329 132.835 664.277L133.017 664.186C133.415 663.987 133.615 663.766 133.615 663.523C133.615 663.402 133.567 663.293 133.472 663.198C133.385 663.094 133.242 663.042 133.043 663.042C132.869 663.042 132.739 663.081 132.653 663.159C132.575 663.228 132.523 663.306 132.497 663.393C132.471 663.48 132.458 663.549 132.458 663.601H131.6C131.6 663.384 131.647 663.176 131.743 662.977C131.847 662.778 132.003 662.613 132.211 662.483C132.427 662.353 132.7 662.288 133.03 662.288C133.489 662.288 133.849 662.409 134.109 662.652C134.377 662.886 134.512 663.168 134.512 663.497C134.512 663.74 134.429 663.969 134.265 664.186C134.1 664.394 133.836 664.585 133.472 664.758L133.42 664.784V665.161H132.575ZM132.497 673.13C131.812 673.13 131.266 672.918 130.859 672.493C130.451 672.068 130.248 671.479 130.248 670.725V666.11H131.483V670.66C131.483 671.111 131.604 671.457 131.847 671.7C132.098 671.943 132.427 672.064 132.835 672.064C133.251 672.064 133.584 671.956 133.836 671.739C134.087 671.522 134.269 671.245 134.382 670.907C134.494 670.569 134.551 670.222 134.551 669.867V666.11H135.786V673H134.551V672.012H134.473C134.421 672.116 134.321 672.259 134.174 672.441C134.026 672.614 133.818 672.775 133.55 672.922C133.281 673.061 132.93 673.13 132.497 673.13ZM143.719 673.13C143.199 673.13 142.744 673.03 142.354 672.831C141.964 672.623 141.639 672.35 141.379 672.012C141.119 671.665 140.924 671.28 140.794 670.855C140.664 670.43 140.599 669.997 140.599 669.555C140.599 669.113 140.664 668.68 140.794 668.255C140.924 667.83 141.119 667.449 141.379 667.111C141.639 666.764 141.964 666.491 142.354 666.292C142.744 666.084 143.199 665.98 143.719 665.98C144.153 665.98 144.517 666.049 144.811 666.188C145.106 666.327 145.344 666.491 145.526 666.682C145.708 666.864 145.847 667.037 145.942 667.202H146.02V665.356H144.213V664.368H146.02V663.12H147.255V664.368H148.438V665.356H147.255V673H146.02V671.908H145.942C145.847 672.073 145.708 672.25 145.526 672.441C145.344 672.632 145.106 672.796 144.811 672.935C144.517 673.065 144.153 673.13 143.719 673.13ZM143.927 672.077C144.387 672.077 144.768 671.956 145.071 671.713C145.383 671.462 145.613 671.145 145.76 670.764C145.916 670.374 145.994 669.971 145.994 669.555C145.994 669.13 145.916 668.727 145.76 668.346C145.613 667.965 145.383 667.653 145.071 667.41C144.768 667.159 144.387 667.033 143.927 667.033C143.468 667.033 143.082 667.159 142.77 667.41C142.458 667.653 142.224 667.965 142.068 668.346C141.921 668.727 141.847 669.13 141.847 669.555C141.847 669.971 141.921 670.374 142.068 670.764C142.224 671.145 142.458 671.462 142.77 671.713C143.082 671.956 143.468 672.077 143.927 672.077ZM154.518 663.471L153.179 661.118H154.453L155.571 663.458L154.518 663.471ZM150.644 665.135L152.217 663.224H153.27L154.843 665.135H153.725L152.737 663.939L151.762 665.135H150.644ZM152.789 673.13C152.225 673.13 151.736 673.03 151.32 672.831C150.912 672.623 150.574 672.346 150.306 671.999C150.046 671.652 149.851 671.271 149.721 670.855C149.591 670.43 149.526 669.997 149.526 669.555C149.526 669.122 149.586 668.693 149.708 668.268C149.838 667.843 150.033 667.458 150.293 667.111C150.561 666.764 150.895 666.491 151.294 666.292C151.701 666.084 152.182 665.98 152.737 665.98C153.326 665.98 153.846 666.114 154.297 666.383C154.747 666.652 155.103 667.05 155.363 667.579C155.623 668.108 155.753 668.771 155.753 669.568V669.932H150.774C150.8 670.322 150.891 670.682 151.047 671.011C151.211 671.332 151.441 671.592 151.736 671.791C152.03 671.982 152.381 672.077 152.789 672.077C153.144 672.077 153.43 672.021 153.647 671.908C153.872 671.787 154.05 671.648 154.18 671.492C154.31 671.336 154.396 671.202 154.44 671.089C154.492 670.968 154.518 670.907 154.518 670.907H155.675C155.675 670.907 155.653 670.985 155.61 671.141C155.566 671.288 155.488 671.47 155.376 671.687C155.263 671.904 155.098 672.125 154.882 672.35C154.665 672.567 154.388 672.753 154.05 672.909C153.712 673.056 153.291 673.13 152.789 673.13ZM150.787 668.97H154.544C154.526 668.519 154.431 668.155 154.258 667.878C154.084 667.592 153.863 667.38 153.595 667.241C153.326 667.102 153.04 667.033 152.737 667.033C152.191 667.033 151.744 667.211 151.398 667.566C151.051 667.913 150.847 668.381 150.787 668.97Z" fill="#888780"/>
<path d="M316.348 673.13C315.724 673.13 315.195 673.052 314.762 672.896C314.337 672.74 313.991 672.536 313.722 672.285C313.453 672.034 313.241 671.769 313.085 671.492C312.938 671.206 312.834 670.937 312.773 670.686C312.721 670.426 312.695 670.214 312.695 670.049H314.593C314.593 670.231 314.645 670.435 314.749 670.66C314.853 670.877 315.026 671.067 315.269 671.232C315.52 671.397 315.871 671.479 316.322 671.479C316.79 671.479 317.176 671.358 317.479 671.115C317.791 670.872 317.947 670.547 317.947 670.14C317.947 669.776 317.813 669.477 317.544 669.243C317.284 669 316.911 668.879 316.426 668.879H315.126V667.332H316.439C316.855 667.332 317.189 667.219 317.44 666.994C317.691 666.76 317.817 666.474 317.817 666.136C317.817 665.781 317.674 665.486 317.388 665.252C317.102 665.009 316.747 664.888 316.322 664.888C315.923 664.888 315.607 664.975 315.373 665.148C315.148 665.321 314.983 665.525 314.879 665.759C314.784 665.993 314.736 666.197 314.736 666.37H312.877C312.877 666.214 312.903 666.006 312.955 665.746C313.016 665.486 313.12 665.213 313.267 664.927C313.414 664.641 313.618 664.372 313.878 664.121C314.138 663.861 314.467 663.653 314.866 663.497C315.273 663.332 315.767 663.25 316.348 663.25C316.929 663.25 317.479 663.358 317.999 663.575C318.528 663.783 318.957 664.091 319.286 664.498C319.615 664.897 319.78 665.382 319.78 665.954C319.78 666.344 319.702 666.682 319.546 666.968C319.39 667.245 319.199 667.475 318.974 667.657C318.749 667.839 318.523 667.969 318.298 668.047V668.125C318.731 668.281 319.113 668.532 319.442 668.879C319.78 669.217 319.949 669.676 319.949 670.257C319.949 670.864 319.78 671.384 319.442 671.817C319.113 672.242 318.675 672.567 318.129 672.792C317.583 673.017 316.989 673.13 316.348 673.13ZM324.189 675.353L328.713 662.223H330.494L325.97 675.353H324.189ZM338.482 673.13C337.815 673.13 337.234 673.013 336.74 672.779C336.246 672.536 335.835 672.211 335.505 671.804C335.185 671.388 334.946 670.92 334.79 670.4C334.634 669.871 334.556 669.321 334.556 668.749C334.556 668.116 334.652 667.479 334.842 666.838C335.042 666.188 335.349 665.594 335.765 665.057C336.19 664.511 336.732 664.073 337.39 663.744C338.049 663.415 338.846 663.25 339.782 663.25C340.164 663.25 340.493 663.276 340.77 663.328C341.048 663.371 341.186 663.393 341.186 663.393V665.174C341.186 665.174 341.113 665.165 340.965 665.148C340.827 665.122 340.649 665.096 340.432 665.07C340.216 665.044 339.999 665.031 339.782 665.031C339.115 665.031 338.556 665.165 338.105 665.434C337.655 665.703 337.308 666.045 337.065 666.461C336.831 666.877 336.693 667.315 336.649 667.774C336.736 667.627 336.87 667.466 337.052 667.293C337.234 667.111 337.477 666.955 337.78 666.825C338.092 666.695 338.482 666.63 338.95 666.63C339.644 666.63 340.224 666.782 340.692 667.085C341.16 667.38 341.511 667.765 341.745 668.242C341.979 668.719 342.096 669.217 342.096 669.737C342.096 670.153 342.018 670.565 341.862 670.972C341.715 671.371 341.49 671.735 341.186 672.064C340.892 672.385 340.519 672.645 340.068 672.844C339.618 673.035 339.089 673.13 338.482 673.13ZM338.482 671.479C338.968 671.479 339.366 671.323 339.678 671.011C339.99 670.699 340.146 670.3 340.146 669.815C340.146 669.321 339.99 668.922 339.678 668.619C339.366 668.307 338.968 668.151 338.482 668.151C338.006 668.151 337.607 668.307 337.286 668.619C336.974 668.922 336.818 669.321 336.818 669.815C336.818 670.3 336.974 670.699 337.286 671.011C337.607 671.323 338.006 671.479 338.482 671.479ZM350.867 673.13C350.425 673.13 350.061 673.061 349.775 672.922C349.489 672.775 349.268 672.619 349.112 672.454C348.965 672.289 348.869 672.177 348.826 672.116H348.735V673H346.759V663.12H348.735V666.994H348.826C348.869 666.933 348.965 666.821 349.112 666.656C349.268 666.491 349.489 666.34 349.775 666.201C350.061 666.054 350.425 665.98 350.867 665.98C351.378 665.98 351.82 666.084 352.193 666.292C352.574 666.491 352.891 666.764 353.142 667.111C353.393 667.449 353.58 667.83 353.701 668.255C353.831 668.68 353.896 669.113 353.896 669.555C353.896 669.997 353.831 670.43 353.701 670.855C353.58 671.28 353.393 671.665 353.142 672.012C352.891 672.35 352.574 672.623 352.193 672.831C351.82 673.03 351.378 673.13 350.867 673.13ZM350.295 671.531C350.65 671.531 350.945 671.436 351.179 671.245C351.422 671.046 351.599 670.794 351.712 670.491C351.833 670.188 351.894 669.876 351.894 669.555C351.894 669.234 351.833 668.922 351.712 668.619C351.599 668.316 351.422 668.069 351.179 667.878C350.945 667.679 350.65 667.579 350.295 667.579C349.94 667.579 349.641 667.679 349.398 667.878C349.164 668.069 348.986 668.316 348.865 668.619C348.752 668.922 348.696 669.234 348.696 669.555C348.696 669.876 348.752 670.188 348.865 670.491C348.986 670.794 349.164 671.046 349.398 671.245C349.641 671.436 349.94 671.531 350.295 671.531ZM358.109 665.161L356.692 662.808H358.525L359.578 665.148L358.109 665.161ZM358.213 665.98C358.655 665.98 359.019 666.054 359.305 666.201C359.591 666.34 359.808 666.491 359.955 666.656C360.111 666.821 360.206 666.933 360.241 666.994H360.345V666.11H362.321V673H360.345V672.116H360.241C360.206 672.177 360.111 672.289 359.955 672.454C359.808 672.619 359.591 672.775 359.305 672.922C359.019 673.061 358.655 673.13 358.213 673.13C357.702 673.13 357.255 673.03 356.874 672.831C356.501 672.623 356.189 672.35 355.938 672.012C355.687 671.665 355.496 671.28 355.366 670.855C355.245 670.43 355.184 669.997 355.184 669.555C355.184 669.113 355.245 668.68 355.366 668.255C355.496 667.83 355.687 667.449 355.938 667.111C356.189 666.764 356.501 666.491 356.874 666.292C357.255 666.084 357.702 665.98 358.213 665.98ZM358.785 667.579C358.43 667.579 358.131 667.679 357.888 667.878C357.654 668.069 357.476 668.316 357.355 668.619C357.242 668.922 357.186 669.234 357.186 669.555C357.186 669.876 357.242 670.188 357.355 670.491C357.476 670.794 357.654 671.046 357.888 671.245C358.131 671.436 358.43 671.531 358.785 671.531C359.14 671.531 359.435 671.436 359.669 671.245C359.912 671.046 360.089 670.794 360.202 670.491C360.323 670.188 360.384 669.876 360.384 669.555C360.384 669.234 360.323 668.922 360.202 668.619C360.089 668.316 359.912 668.069 359.669 667.878C359.435 667.679 359.14 667.579 358.785 667.579ZM365.077 665.174C364.731 665.174 364.449 665.066 364.232 664.849C364.016 664.624 363.907 664.359 363.907 664.056C363.907 663.735 364.016 663.467 364.232 663.25C364.449 663.025 364.731 662.912 365.077 662.912C365.407 662.912 365.684 663.025 365.909 663.25C366.135 663.467 366.247 663.735 366.247 664.056C366.247 664.359 366.135 664.624 365.909 664.849C365.684 665.066 365.407 665.174 365.077 665.174ZM364.089 673V666.11H366.065V673H364.089Z" fill="#0961F5"/>
<path d="M358 681H68C65.2386 681 63 683.239 63 686C63 688.761 65.2386 691 68 691H358C360.761 691 363 688.761 363 686C363 683.239 360.761 681 358 681Z" fill="#E8EFFE"/>
<path d="M208 681H68C65.2386 681 63 683.239 63 686C63 688.761 65.2386 691 68 691H208C210.761 691 213 688.761 213 686C213 683.239 210.761 681 208 681Z" fill="#0961F5"/>
<path d="M372 726H56C49.3726 726 44 731.373 44 738V772C44 778.627 49.3726 784 56 784H372C378.627 784 384 778.627 384 772V738C384 731.373 378.627 726 372 726Z" fill="#E8EFFE" stroke="#C5D3FC" stroke-width="0.5"/>
<path d="M74 775C85.0457 775 94 766.046 94 755C94 743.954 85.0457 735 74 735C62.9543 735 54 743.954 54 755C54 766.046 62.9543 775 74 775Z" fill="#A8BBFB"/>
<path d="M109.995 748.15C109.235 748.15 108.535 748.025 107.895 747.775C107.265 747.515 106.755 747.15 106.365 746.68C105.985 746.2 105.795 745.625 105.795 744.955C105.795 744.435 105.895 744 106.095 743.65C106.295 743.3 106.525 743.025 106.785 742.825C107.045 742.615 107.275 742.47 107.475 742.39C107.685 742.3 107.79 742.255 107.79 742.255V742.165C107.79 742.165 107.7 742.125 107.52 742.045C107.35 741.965 107.15 741.835 106.92 741.655C106.7 741.475 106.505 741.235 106.335 740.935C106.165 740.625 106.08 740.25 106.08 739.81C106.08 739.19 106.25 738.655 106.59 738.205C106.94 737.745 107.41 737.39 108 737.14C108.6 736.88 109.265 736.75 109.995 736.75C110.735 736.75 111.4 736.88 111.99 737.14C112.59 737.39 113.06 737.745 113.4 738.205C113.75 738.655 113.925 739.185 113.925 739.795C113.925 740.245 113.835 740.625 113.655 740.935C113.485 741.235 113.285 741.475 113.055 741.655C112.835 741.835 112.635 741.965 112.455 742.045C112.285 742.125 112.2 742.165 112.2 742.165V742.255C112.21 742.255 112.315 742.3 112.515 742.39C112.715 742.47 112.945 742.615 113.205 742.825C113.465 743.025 113.695 743.3 113.895 743.65C114.095 744 114.195 744.435 114.195 744.955C114.195 745.625 114.005 746.2 113.625 746.68C113.245 747.15 112.735 747.515 112.095 747.775C111.465 748.025 110.765 748.15 109.995 748.15ZM109.995 741.4C110.495 741.4 110.91 741.265 111.24 740.995C111.58 740.715 111.75 740.37 111.75 739.96C111.75 739.54 111.585 739.195 111.255 738.925C110.925 738.655 110.505 738.52 109.995 738.52C109.495 738.52 109.08 738.655 108.75 738.925C108.42 739.195 108.255 739.54 108.255 739.96C108.255 740.38 108.42 740.725 108.75 740.995C109.08 741.265 109.495 741.4 109.995 741.4ZM109.995 746.35C110.435 746.35 110.8 746.27 111.09 746.11C111.39 745.94 111.61 745.73 111.75 745.48C111.9 745.23 111.975 744.965 111.975 744.685C111.975 744.425 111.9 744.175 111.75 743.935C111.61 743.685 111.39 743.48 111.09 743.32C110.8 743.16 110.435 743.08 109.995 743.08C109.555 743.08 109.19 743.16 108.9 743.32C108.61 743.48 108.39 743.685 108.24 743.935C108.09 744.175 108.015 744.425 108.015 744.685C108.015 744.965 108.09 745.23 108.24 745.48C108.39 745.73 108.61 745.94 108.9 746.11C109.2 746.27 109.565 746.35 109.995 746.35ZM119.347 748V740.05H121.627V741.19H121.702C121.792 741.03 121.922 740.85 122.092 740.65C122.272 740.45 122.507 740.275 122.797 740.125C123.097 739.975 123.477 739.9 123.937 739.9C124.557 739.9 125.062 740.045 125.452 740.335C125.842 740.615 126.127 740.98 126.307 741.43C126.487 741.87 126.577 742.335 126.577 742.825V748H124.297V743.215C124.297 742.835 124.192 742.5 123.982 742.21C123.782 741.92 123.457 741.775 123.007 741.775C122.667 741.775 122.397 741.855 122.197 742.015C121.997 742.175 121.852 742.38 121.762 742.63C121.672 742.88 121.627 743.145 121.627 743.425V748H119.347ZM132.304 751.18C131.564 751.18 130.954 751.09 130.474 750.91C130.004 750.73 129.629 750.5 129.349 750.22C129.069 749.95 128.864 749.68 128.734 749.41C128.604 749.14 128.519 748.91 128.479 748.72C128.449 748.54 128.434 748.45 128.434 748.45H130.654C130.654 748.45 130.669 748.495 130.699 748.585C130.739 748.685 130.814 748.795 130.924 748.915C131.034 749.045 131.194 749.155 131.404 749.245C131.624 749.345 131.914 749.395 132.274 749.395C132.894 749.395 133.349 749.22 133.639 748.87C133.939 748.52 134.089 748.06 134.089 747.49V746.65H133.984C133.884 746.81 133.734 746.985 133.534 747.175C133.334 747.365 133.079 747.525 132.769 747.655C132.459 747.785 132.084 747.85 131.644 747.85C131.054 747.85 130.539 747.74 130.099 747.52C129.659 747.29 129.289 746.985 128.989 746.605C128.699 746.225 128.479 745.8 128.329 745.33C128.189 744.86 128.119 744.375 128.119 743.875C128.119 743.385 128.189 742.905 128.329 742.435C128.479 741.955 128.699 741.525 128.989 741.145C129.289 740.765 129.659 740.465 130.099 740.245C130.539 740.015 131.054 739.9 131.644 739.9C132.084 739.9 132.459 739.97 132.769 740.11C133.079 740.24 133.334 740.4 133.534 740.59C133.744 740.77 133.894 740.945 133.984 741.115H134.089V740.05H136.369V747.49C136.369 748.15 136.224 748.76 135.934 749.32C135.644 749.88 135.199 750.33 134.599 750.67C133.999 751.01 133.234 751.18 132.304 751.18ZM132.274 746.05C132.694 746.05 133.039 745.945 133.309 745.735C133.589 745.525 133.799 745.255 133.939 744.925C134.079 744.585 134.149 744.235 134.149 743.875C134.149 743.505 134.079 743.155 133.939 742.825C133.799 742.495 133.589 742.225 133.309 742.015C133.039 741.805 132.694 741.7 132.274 741.7C131.864 741.7 131.519 741.805 131.239 742.015C130.969 742.225 130.764 742.495 130.624 742.825C130.484 743.155 130.414 743.505 130.414 743.875C130.414 744.235 130.484 744.585 130.624 744.925C130.764 745.255 130.969 745.525 131.239 745.735C131.519 745.945 131.864 746.05 132.274 746.05ZM141.294 738.955L139.659 736.24H141.774L142.989 738.94L141.294 738.955ZM141.414 739.9C141.924 739.9 142.344 739.985 142.674 740.155C143.004 740.315 143.254 740.49 143.424 740.68C143.604 740.87 143.714 741 143.754 741.07H143.874V740.05H146.154V748H143.874V746.98H143.754C143.714 747.05 143.604 747.18 143.424 747.37C143.254 747.56 143.004 747.74 142.674 747.91C142.344 748.07 141.924 748.15 141.414 748.15C140.824 748.15 140.309 748.035 139.869 747.805C139.439 747.565 139.079 747.25 138.789 746.86C138.499 746.46 138.279 746.015 138.129 745.525C137.989 745.035 137.919 744.535 137.919 744.025C137.919 743.515 137.989 743.015 138.129 742.525C138.279 742.035 138.499 741.595 138.789 741.205C139.079 740.805 139.439 740.49 139.869 740.26C140.309 740.02 140.824 739.9 141.414 739.9ZM142.074 741.745C141.664 741.745 141.319 741.86 141.039 742.09C140.769 742.31 140.564 742.595 140.424 742.945C140.294 743.295 140.229 743.655 140.229 744.025C140.229 744.395 140.294 744.755 140.424 745.105C140.564 745.455 140.769 745.745 141.039 745.975C141.319 746.195 141.664 746.305 142.074 746.305C142.484 746.305 142.824 746.195 143.094 745.975C143.374 745.745 143.579 745.455 143.709 745.105C143.849 744.755 143.919 744.395 143.919 744.025C143.919 743.655 143.849 743.295 143.709 742.945C143.579 742.595 143.374 742.31 143.094 742.09C142.824 741.86 142.484 741.745 142.074 741.745ZM148.41 750.925C148.14 750.925 147.925 750.915 147.765 750.895C147.605 750.875 147.525 750.865 147.525 750.865V749.035C147.525 749.035 147.59 749.04 147.72 749.05C147.86 749.06 148.03 749.065 148.23 749.065C148.71 749.065 149.105 748.995 149.415 748.855C149.725 748.725 149.995 748.465 150.225 748.075L147.285 740.05H149.565L151.41 745.435L153.21 740.05H155.505L152.655 747.685C152.395 748.415 152.08 749.02 151.71 749.5C151.35 749.98 150.905 750.335 150.375 750.565C149.845 750.805 149.19 750.925 148.41 750.925ZM160.322 748V736.6H162.602V748H160.322ZM165.843 738.97C165.443 738.97 165.118 738.845 164.868 738.595C164.618 738.335 164.493 738.03 164.493 737.68C164.493 737.31 164.618 737 164.868 736.75C165.118 736.49 165.443 736.36 165.843 736.36C166.223 736.36 166.543 736.49 166.803 736.75C167.063 737 167.193 737.31 167.193 737.68C167.193 738.03 167.063 738.335 166.803 738.595C166.543 738.845 166.223 738.97 165.843 738.97ZM164.703 748V740.05H166.983V748H164.703ZM169.982 739.06L171.917 736.36H173.732L175.667 739.06H173.882L172.817 737.5L171.767 739.06H169.982ZM172.892 748.15C172.192 748.15 171.587 748.035 171.077 747.805C170.567 747.565 170.147 747.25 169.817 746.86C169.487 746.46 169.237 746.015 169.067 745.525C168.907 745.035 168.827 744.53 168.827 744.01C168.827 743.51 168.907 743.02 169.067 742.54C169.227 742.05 169.467 741.605 169.787 741.205C170.117 740.805 170.532 740.49 171.032 740.26C171.532 740.02 172.127 739.9 172.817 739.9C173.557 739.9 174.207 740.06 174.767 740.38C175.327 740.7 175.767 741.175 176.087 741.805C176.407 742.425 176.567 743.18 176.567 744.07V744.625H171.122C171.152 745.105 171.317 745.52 171.617 745.87C171.927 746.22 172.352 746.395 172.892 746.395C173.202 746.395 173.452 746.35 173.642 746.26C173.842 746.16 173.997 746.05 174.107 745.93C174.217 745.8 174.292 745.685 174.332 745.585C174.382 745.485 174.407 745.435 174.407 745.435H176.507C176.507 745.435 176.482 745.53 176.432 745.72C176.382 745.9 176.287 746.125 176.147 746.395C176.007 746.665 175.802 746.935 175.532 747.205C175.272 747.475 174.927 747.7 174.497 747.88C174.067 748.06 173.532 748.15 172.892 748.15ZM171.122 743.245H174.377C174.357 742.695 174.192 742.285 173.882 742.015C173.582 741.745 173.212 741.61 172.772 741.61C172.332 741.61 171.957 741.755 171.647 742.045C171.347 742.325 171.172 742.725 171.122 743.245ZM178.116 748V740.05H180.396V741.19H180.471C180.561 741.03 180.691 740.85 180.861 740.65C181.041 740.45 181.276 740.275 181.566 740.125C181.866 739.975 182.246 739.9 182.706 739.9C183.326 739.9 183.831 740.045 184.221 740.335C184.611 740.615 184.896 740.98 185.076 741.43C185.256 741.87 185.346 742.335 185.346 742.825V748H183.066V743.215C183.066 742.835 182.961 742.5 182.751 742.21C182.551 741.92 182.226 741.775 181.776 741.775C181.436 741.775 181.166 741.855 180.966 742.015C180.766 742.175 180.621 742.38 180.531 742.63C180.441 742.88 180.396 743.145 180.396 743.425V748H178.116ZM194.243 748.15C193.623 748.15 193.128 748.06 192.758 747.88C192.388 747.69 192.108 747.455 191.918 747.175C191.728 746.885 191.603 746.58 191.543 746.26C191.483 745.94 191.453 745.645 191.453 745.375V741.865H190.103V740.05H191.453V738.085H193.733V740.05H195.428V741.865H193.733V745.315C193.733 745.645 193.818 745.9 193.988 746.08C194.168 746.26 194.463 746.35 194.873 746.35C195.053 746.35 195.218 746.335 195.368 746.305C195.518 746.275 195.593 746.26 195.593 746.26V748.015C195.593 748.015 195.458 748.035 195.188 748.075C194.918 748.125 194.603 748.15 194.243 748.15ZM198.465 738.97C198.065 738.97 197.74 738.845 197.49 738.595C197.24 738.335 197.115 738.03 197.115 737.68C197.115 737.31 197.24 737 197.49 736.75C197.74 736.49 198.065 736.36 198.465 736.36C198.845 736.36 199.165 736.49 199.425 736.75C199.685 737 199.815 737.31 199.815 737.68C199.815 738.03 199.685 738.335 199.425 738.595C199.165 738.845 198.845 738.97 198.465 738.97ZM197.325 748V740.05H199.605V748H197.325ZM209.039 737.125L207.344 737.11L208.559 734.41H210.674L209.039 737.125ZM202.589 739.06L204.524 736.75H206.339L208.274 739.06H206.489L205.439 737.785L204.374 739.06H202.589ZM205.514 748.15C204.814 748.15 204.209 748.035 203.699 747.805C203.189 747.565 202.769 747.25 202.439 746.86C202.109 746.46 201.859 746.015 201.689 745.525C201.529 745.035 201.449 744.53 201.449 744.01C201.449 743.51 201.529 743.02 201.689 742.54C201.849 742.05 202.089 741.605 202.409 741.205C202.739 740.805 203.154 740.49 203.654 740.26C204.154 740.02 204.749 739.9 205.439 739.9C206.179 739.9 206.829 740.06 207.389 740.38C207.949 740.7 208.389 741.175 208.709 741.805C209.029 742.425 209.189 743.18 209.189 744.07V744.625H203.744C203.774 745.105 203.939 745.52 204.239 745.87C204.549 746.22 204.974 746.395 205.514 746.395C205.824 746.395 206.074 746.35 206.264 746.26C206.464 746.16 206.619 746.05 206.729 745.93C206.839 745.8 206.914 745.685 206.954 745.585C207.004 745.485 207.029 745.435 207.029 745.435H209.129C209.129 745.435 209.104 745.53 209.054 745.72C209.004 745.9 208.909 746.125 208.769 746.395C208.629 746.665 208.424 746.935 208.154 747.205C207.894 747.475 207.549 747.7 207.119 747.88C206.689 748.06 206.154 748.15 205.514 748.15ZM203.744 743.245H206.999C206.979 742.695 206.814 742.285 206.504 742.015C206.204 741.745 205.834 741.61 205.394 741.61C204.954 741.61 204.579 741.755 204.269 742.045C203.969 742.325 203.794 742.725 203.744 743.245ZM210.888 750.925V740.05H213.168V741.07H213.273C213.323 741 213.433 740.87 213.603 740.68C213.783 740.49 214.038 740.315 214.368 740.155C214.698 739.985 215.118 739.9 215.628 739.9C216.218 739.9 216.728 740.02 217.158 740.26C217.598 740.49 217.963 740.805 218.253 741.205C218.543 741.595 218.758 742.035 218.898 742.525C219.048 743.015 219.123 743.515 219.123 744.025C219.123 744.535 219.048 745.035 218.898 745.525C218.758 746.015 218.543 746.46 218.253 746.86C217.963 747.25 217.598 747.565 217.158 747.805C216.728 748.035 216.218 748.15 215.628 748.15C215.118 748.15 214.698 748.07 214.368 747.91C214.038 747.74 213.783 747.56 213.603 747.37C213.433 747.18 213.323 747.05 213.273 746.98H213.168V750.925H210.888ZM213.123 744.025C213.123 744.395 213.188 744.755 213.318 745.105C213.458 745.455 213.663 745.745 213.933 745.975C214.213 746.195 214.558 746.305 214.968 746.305C215.378 746.305 215.718 746.195 215.988 745.975C216.268 745.745 216.473 745.455 216.603 745.105C216.743 744.755 216.813 744.395 216.813 744.025C216.813 743.655 216.743 743.295 216.603 742.945C216.473 742.595 216.268 742.31 215.988 742.09C215.718 741.86 215.378 741.745 214.968 741.745C214.558 741.745 214.213 741.86 213.933 742.09C213.663 742.31 213.458 742.595 213.318 742.945C213.188 743.295 213.123 743.655 213.123 744.025ZM221.478 744.715L221.208 736.9H223.668L223.353 744.715H221.478ZM222.438 748.135C222.078 748.135 221.783 748.015 221.553 747.775C221.333 747.535 221.223 747.25 221.223 746.92C221.223 746.59 221.333 746.305 221.553 746.065C221.783 745.825 222.078 745.705 222.438 745.705C222.788 745.705 223.078 745.825 223.308 746.065C223.538 746.305 223.653 746.59 223.653 746.92C223.653 747.26 223.538 747.55 223.308 747.79C223.078 748.02 222.788 748.135 222.438 748.135Z" fill="#03318C"/>
<path d="M106.04 768V758.38H107.314V762.553H111.903V758.38H113.177V768H111.903V763.697H107.314V768H106.04ZM118.455 768.13C117.718 768.13 117.098 767.961 116.596 767.623C116.093 767.276 115.712 766.83 115.452 766.284C115.192 765.738 115.062 765.162 115.062 764.555C115.062 763.94 115.192 763.363 115.452 762.826C115.712 762.28 116.093 761.838 116.596 761.5C117.098 761.153 117.718 760.98 118.455 760.98C119.191 760.98 119.811 761.153 120.314 761.5C120.816 761.838 121.198 762.28 121.458 762.826C121.718 763.363 121.848 763.94 121.848 764.555C121.848 765.162 121.718 765.738 121.458 766.284C121.198 766.83 120.816 767.276 120.314 767.623C119.811 767.961 119.191 768.13 118.455 768.13ZM118.455 767.051C118.923 767.051 119.313 766.934 119.625 766.7C119.945 766.457 120.184 766.145 120.34 765.764C120.504 765.383 120.587 764.98 120.587 764.555C120.587 764.122 120.504 763.719 120.34 763.346C120.184 762.965 119.945 762.657 119.625 762.423C119.313 762.18 118.923 762.059 118.455 762.059C117.995 762.059 117.605 762.18 117.285 762.423C116.964 762.657 116.721 762.965 116.557 763.346C116.401 763.719 116.323 764.122 116.323 764.555C116.323 764.98 116.401 765.383 116.557 765.764C116.721 766.145 116.964 766.457 117.285 766.7C117.605 766.934 117.995 767.051 118.455 767.051ZM118.455 770.951C118.212 770.951 118.008 770.864 117.844 770.691C117.688 770.526 117.61 770.331 117.61 770.106C117.61 769.872 117.688 769.673 117.844 769.508C118.008 769.343 118.212 769.261 118.455 769.261C118.697 769.261 118.897 769.343 119.053 769.508C119.217 769.673 119.3 769.872 119.3 770.106C119.3 770.34 119.217 770.539 119.053 770.704C118.897 770.869 118.697 770.951 118.455 770.951ZM126.807 768.13C126.243 768.13 125.749 768.03 125.325 767.831C124.9 767.623 124.545 767.35 124.259 767.012C123.981 766.665 123.769 766.28 123.622 765.855C123.483 765.43 123.414 764.997 123.414 764.555C123.414 764.113 123.483 763.684 123.622 763.268C123.76 762.843 123.968 762.458 124.246 762.111C124.532 761.764 124.887 761.491 125.312 761.292C125.736 761.084 126.235 760.98 126.807 760.98C127.361 760.98 127.821 761.062 128.185 761.227C128.549 761.392 128.839 761.6 129.056 761.851C129.281 762.094 129.446 762.341 129.55 762.592C129.662 762.835 129.736 763.038 129.771 763.203C129.805 763.368 129.823 763.45 129.823 763.45H128.627C128.627 763.45 128.605 763.381 128.562 763.242C128.518 763.095 128.436 762.93 128.315 762.748C128.193 762.566 128.011 762.406 127.769 762.267C127.526 762.12 127.205 762.046 126.807 762.046C126.33 762.046 125.927 762.167 125.598 762.41C125.277 762.644 125.034 762.952 124.87 763.333C124.714 763.714 124.636 764.122 124.636 764.555C124.636 764.988 124.714 765.396 124.87 765.777C125.034 766.158 125.277 766.47 125.598 766.713C125.927 766.947 126.33 767.064 126.807 767.064C127.205 767.064 127.526 766.995 127.769 766.856C128.011 766.709 128.193 766.544 128.315 766.362C128.436 766.18 128.518 766.02 128.562 765.881C128.605 765.734 128.627 765.66 128.627 765.66H129.823C129.823 765.66 129.805 765.742 129.771 765.907C129.736 766.072 129.662 766.28 129.55 766.531C129.446 766.774 129.281 767.021 129.056 767.272C128.839 767.515 128.549 767.718 128.185 767.883C127.821 768.048 127.361 768.13 126.807 768.13ZM137.438 768.13C136.727 768.13 136.19 767.948 135.826 767.584C135.47 767.22 135.293 766.709 135.293 766.05V762.124H134.058V761.11H135.293V759.381H136.528V761.11H138.205V762.124H136.528V766.05C136.528 766.397 136.623 766.652 136.814 766.817C137.004 766.973 137.282 767.051 137.646 767.051C137.836 767.051 138.018 767.038 138.192 767.012C138.365 766.986 138.452 766.973 138.452 766.973V768.026C138.452 768.026 138.352 768.043 138.153 768.078C137.953 768.113 137.715 768.13 137.438 768.13ZM140.203 768V758.12H141.438V762.111H141.516C141.577 762.007 141.676 761.864 141.815 761.682C141.962 761.5 142.17 761.34 142.439 761.201C142.708 761.054 143.046 760.98 143.453 760.98C143.956 760.98 144.385 761.097 144.74 761.331C145.095 761.556 145.364 761.864 145.546 762.254C145.737 762.644 145.832 763.082 145.832 763.567V768H144.597V763.645C144.597 763.186 144.467 762.804 144.207 762.501C143.956 762.198 143.587 762.046 143.102 762.046C142.712 762.046 142.396 762.146 142.153 762.345C141.91 762.536 141.728 762.791 141.607 763.112C141.494 763.424 141.438 763.758 141.438 764.113V768H140.203ZM148.705 760.135L150.278 757.964H151.331L152.904 760.135H151.786L150.798 758.744L149.823 760.135H148.705ZM150.85 768.13C150.287 768.13 149.797 768.03 149.381 767.831C148.974 767.623 148.636 767.346 148.367 766.999C148.107 766.652 147.912 766.271 147.782 765.855C147.652 765.43 147.587 764.997 147.587 764.555C147.587 764.122 147.648 763.693 147.769 763.268C147.899 762.843 148.094 762.458 148.354 762.111C148.623 761.764 148.957 761.491 149.355 761.292C149.763 761.084 150.244 760.98 150.798 760.98C151.388 760.98 151.908 761.114 152.358 761.383C152.809 761.652 153.164 762.05 153.424 762.579C153.684 763.108 153.814 763.771 153.814 764.568V764.932H148.835C148.861 765.322 148.952 765.682 149.108 766.011C149.273 766.332 149.503 766.592 149.797 766.791C150.092 766.982 150.443 767.077 150.85 767.077C151.206 767.077 151.492 767.021 151.708 766.908C151.934 766.787 152.111 766.648 152.241 766.492C152.371 766.336 152.458 766.202 152.501 766.089C152.553 765.968 152.579 765.907 152.579 765.907H153.736C153.736 765.907 153.715 765.985 153.671 766.141C153.628 766.288 153.55 766.47 153.437 766.687C153.325 766.904 153.16 767.125 152.943 767.35C152.727 767.567 152.449 767.753 152.111 767.909C151.773 768.056 151.353 768.13 150.85 768.13ZM148.848 763.97H152.605C152.588 763.519 152.493 763.155 152.319 762.878C152.146 762.592 151.925 762.38 151.656 762.241C151.388 762.102 151.102 762.033 150.798 762.033C150.252 762.033 149.806 762.211 149.459 762.566C149.113 762.913 148.909 763.381 148.848 763.97ZM155.574 768V761.11H156.809V762.111H156.861C156.93 761.981 157.039 761.829 157.186 761.656C157.333 761.474 157.533 761.318 157.784 761.188C158.044 761.049 158.369 760.98 158.759 760.98C159.27 760.98 159.699 761.106 160.046 761.357C160.401 761.6 160.666 761.929 160.839 762.345H160.852C161.043 761.964 161.311 761.643 161.658 761.383C162.013 761.114 162.473 760.98 163.036 760.98C163.781 760.98 164.353 761.236 164.752 761.747C165.159 762.25 165.363 762.9 165.363 763.697V768H164.128V763.762C164.128 763.251 164.007 762.839 163.764 762.527C163.521 762.206 163.17 762.046 162.711 762.046C162.312 762.046 161.992 762.154 161.749 762.371C161.515 762.588 161.346 762.856 161.242 763.177C161.138 763.498 161.086 763.818 161.086 764.139V768H159.851V763.762C159.851 763.251 159.73 762.839 159.487 762.527C159.253 762.206 158.902 762.046 158.434 762.046C158.035 762.046 157.715 762.154 157.472 762.371C157.238 762.588 157.069 762.861 156.965 763.19C156.861 763.511 156.809 763.827 156.809 764.139V768H155.574ZM170.174 768V761.11H171.409V762.111H171.487C171.547 762.007 171.647 761.864 171.786 761.682C171.933 761.5 172.141 761.34 172.41 761.201C172.678 761.054 173.016 760.98 173.424 760.98C173.926 760.98 174.355 761.097 174.711 761.331C175.066 761.556 175.335 761.864 175.517 762.254C175.707 762.644 175.803 763.082 175.803 763.567V768H174.568V763.645C174.568 763.186 174.438 762.804 174.178 762.501C173.926 762.198 173.558 762.046 173.073 762.046C172.683 762.046 172.366 762.146 172.124 762.345C171.881 762.536 171.699 762.791 171.578 763.112C171.465 763.424 171.409 763.758 171.409 764.113V768H170.174ZM180.941 770.73C180.369 770.73 179.892 770.652 179.511 770.496C179.129 770.349 178.822 770.158 178.588 769.924C178.362 769.699 178.193 769.473 178.081 769.248C177.968 769.023 177.894 768.832 177.86 768.676C177.825 768.529 177.808 768.455 177.808 768.455H179.043C179.043 768.455 179.064 768.516 179.108 768.637C179.151 768.758 179.233 768.897 179.355 769.053C179.485 769.209 179.675 769.348 179.927 769.469C180.178 769.59 180.516 769.651 180.941 769.651C181.443 769.651 181.838 769.551 182.124 769.352C182.41 769.161 182.613 768.91 182.735 768.598C182.865 768.286 182.93 767.957 182.93 767.61V766.817H182.865C182.778 766.964 182.639 767.133 182.449 767.324C182.267 767.506 182.024 767.666 181.721 767.805C181.417 767.935 181.045 768 180.603 768C180.083 768 179.628 767.9 179.238 767.701C178.848 767.502 178.523 767.233 178.263 766.895C178.011 766.557 177.821 766.18 177.691 765.764C177.561 765.348 177.496 764.923 177.496 764.49C177.496 764.057 177.561 763.632 177.691 763.216C177.821 762.8 178.011 762.423 178.263 762.085C178.523 761.747 178.848 761.478 179.238 761.279C179.628 761.08 180.083 760.98 180.603 760.98C181.045 760.98 181.417 761.049 181.721 761.188C182.024 761.318 182.267 761.474 182.449 761.656C182.639 761.838 182.778 762.007 182.865 762.163H182.93V761.11H184.165V767.597C184.165 768.559 183.883 769.322 183.32 769.885C182.765 770.448 181.972 770.73 180.941 770.73ZM180.837 766.947C181.296 766.947 181.677 766.83 181.981 766.596C182.293 766.353 182.522 766.046 182.67 765.673C182.826 765.3 182.904 764.906 182.904 764.49C182.904 764.074 182.826 763.68 182.67 763.307C182.522 762.926 182.293 762.618 181.981 762.384C181.677 762.15 181.296 762.033 180.837 762.033C180.377 762.033 179.992 762.15 179.68 762.384C179.368 762.618 179.134 762.926 178.978 763.307C178.83 763.68 178.757 764.074 178.757 764.49C178.757 764.906 178.83 765.3 178.978 765.673C179.134 766.046 179.368 766.353 179.68 766.596C179.992 766.83 180.377 766.947 180.837 766.947ZM188.598 760.07L187.259 757.717H188.533L189.651 760.057L188.598 760.07ZM188.78 760.98C189.214 760.98 189.578 761.049 189.872 761.188C190.167 761.327 190.405 761.491 190.587 761.682C190.769 761.864 190.908 762.037 191.003 762.202H191.081V761.11H192.316V768H191.081V766.908H191.003C190.908 767.073 190.769 767.25 190.587 767.441C190.405 767.632 190.167 767.796 189.872 767.935C189.578 768.065 189.214 768.13 188.78 768.13C188.26 768.13 187.805 768.03 187.415 767.831C187.025 767.623 186.7 767.35 186.44 767.012C186.18 766.665 185.985 766.28 185.855 765.855C185.725 765.43 185.66 764.997 185.66 764.555C185.66 764.113 185.725 763.68 185.855 763.255C185.985 762.83 186.18 762.449 186.44 762.111C186.7 761.764 187.025 761.491 187.415 761.292C187.805 761.084 188.26 760.98 188.78 760.98ZM188.988 762.033C188.529 762.033 188.143 762.159 187.831 762.41C187.519 762.653 187.285 762.965 187.129 763.346C186.982 763.727 186.908 764.13 186.908 764.555C186.908 764.971 186.982 765.374 187.129 765.764C187.285 766.145 187.519 766.462 187.831 766.713C188.143 766.956 188.529 767.077 188.988 767.077C189.448 767.077 189.829 766.956 190.132 766.713C190.444 766.462 190.674 766.145 190.821 765.764C190.977 765.374 191.055 764.971 191.055 764.555C191.055 764.13 190.977 763.727 190.821 763.346C190.674 762.965 190.444 762.653 190.132 762.41C189.829 762.159 189.448 762.033 188.988 762.033ZM194.288 770.535C194.089 770.535 193.92 770.526 193.781 770.509C193.642 770.492 193.573 770.483 193.573 770.483V769.43C193.573 769.43 193.642 769.434 193.781 769.443C193.928 769.46 194.084 769.469 194.249 769.469C194.76 769.469 195.176 769.361 195.497 769.144C195.826 768.936 196.104 768.589 196.329 768.104L193.664 761.11H194.951L196.94 766.492L198.942 761.11H200.242L197.577 768.013C197.239 768.88 196.801 769.517 196.264 769.924C195.735 770.331 195.077 770.535 194.288 770.535ZM204.603 768V761.11H205.838V762.111H205.89C205.96 761.981 206.068 761.829 206.215 761.656C206.363 761.474 206.562 761.318 206.813 761.188C207.073 761.049 207.398 760.98 207.788 760.98C208.3 760.98 208.729 761.106 209.075 761.357C209.431 761.6 209.695 761.929 209.868 762.345H209.881C210.072 761.964 210.341 761.643 210.687 761.383C211.043 761.114 211.502 760.98 212.065 760.98C212.811 760.98 213.383 761.236 213.781 761.747C214.189 762.25 214.392 762.9 214.392 763.697V768H213.157V763.762C213.157 763.251 213.036 762.839 212.793 762.527C212.551 762.206 212.2 762.046 211.74 762.046C211.342 762.046 211.021 762.154 210.778 762.371C210.544 762.588 210.375 762.856 210.271 763.177C210.167 763.498 210.115 763.818 210.115 764.139V768H208.88V763.762C208.88 763.251 208.759 762.839 208.516 762.527C208.282 762.206 207.931 762.046 207.463 762.046C207.065 762.046 206.744 762.154 206.501 762.371C206.267 762.588 206.098 762.861 205.994 763.19C205.89 763.511 205.838 763.827 205.838 764.139V768H204.603ZM219.197 760.98C219.63 760.98 219.994 761.049 220.289 761.188C220.584 761.327 220.822 761.491 221.004 761.682C221.186 761.864 221.325 762.037 221.42 762.202H221.498V761.11H222.733V768H221.498V766.908H221.42C221.325 767.073 221.186 767.25 221.004 767.441C220.822 767.632 220.584 767.796 220.289 767.935C219.994 768.065 219.63 768.13 219.197 768.13C218.677 768.13 218.222 768.03 217.832 767.831C217.442 767.623 217.117 767.35 216.857 767.012C216.597 766.665 216.402 766.28 216.272 765.855C216.142 765.43 216.077 764.997 216.077 764.555C216.077 764.113 216.142 763.68 216.272 763.255C216.402 762.83 216.597 762.449 216.857 762.111C217.117 761.764 217.442 761.491 217.832 761.292C218.222 761.084 218.677 760.98 219.197 760.98ZM219.405 762.033C218.946 762.033 218.56 762.159 218.248 762.41C217.936 762.653 217.702 762.965 217.546 763.346C217.399 763.727 217.325 764.13 217.325 764.555C217.325 764.971 217.399 765.374 217.546 765.764C217.702 766.145 217.936 766.462 218.248 766.713C218.56 766.956 218.946 767.077 219.405 767.077C219.864 767.077 220.246 766.956 220.549 766.713C220.861 766.462 221.091 766.145 221.238 765.764C221.394 765.374 221.472 764.971 221.472 764.555C221.472 764.13 221.394 763.727 221.238 763.346C221.091 762.965 220.861 762.653 220.549 762.41C220.246 762.159 219.864 762.033 219.405 762.033ZM225.354 759.797C225.12 759.797 224.925 759.719 224.769 759.563C224.621 759.407 224.548 759.221 224.548 759.004C224.548 758.779 224.621 758.588 224.769 758.432C224.925 758.276 225.12 758.198 225.354 758.198C225.579 758.198 225.77 758.276 225.926 758.432C226.082 758.588 226.16 758.779 226.16 759.004C226.16 759.221 226.082 759.407 225.926 759.563C225.77 759.719 225.579 759.797 225.354 759.797ZM224.743 768V761.11H225.978V768H224.743ZM233.962 768.13C233.442 768.13 232.987 768.03 232.597 767.831C232.207 767.623 231.882 767.35 231.622 767.012C231.362 766.665 231.167 766.28 231.037 765.855C230.907 765.43 230.842 764.997 230.842 764.555C230.842 764.113 230.907 763.68 231.037 763.255C231.167 762.83 231.362 762.449 231.622 762.111C231.882 761.764 232.207 761.491 232.597 761.292C232.987 761.084 233.442 760.98 233.962 760.98C234.395 760.98 234.759 761.049 235.054 761.188C235.348 761.327 235.587 761.491 235.769 761.682C235.951 761.864 236.089 762.037 236.185 762.202H236.263V760.356H234.456V759.368H236.263V758.12H237.498V759.368H238.681V760.356H237.498V768H236.263V766.908H236.185C236.089 767.073 235.951 767.25 235.769 767.441C235.587 767.632 235.348 767.796 235.054 767.935C234.759 768.065 234.395 768.13 233.962 768.13ZM234.17 767.077C234.629 767.077 235.01 766.956 235.314 766.713C235.626 766.462 235.855 766.145 236.003 765.764C236.159 765.374 236.237 764.971 236.237 764.555C236.237 764.13 236.159 763.727 236.003 763.346C235.855 762.965 235.626 762.653 235.314 762.41C235.01 762.159 234.629 762.033 234.17 762.033C233.71 762.033 233.325 762.159 233.013 762.41C232.701 762.653 232.467 762.965 232.311 763.346C232.163 763.727 232.09 764.13 232.09 764.555C232.09 764.971 232.163 765.374 232.311 765.764C232.467 766.145 232.701 766.462 233.013 766.713C233.325 766.956 233.71 767.077 234.17 767.077ZM244.552 758.562V758.146C244.552 758.059 244.569 757.973 244.604 757.886C244.639 757.799 244.708 757.73 244.812 757.678L244.994 757.587C245.393 757.388 245.592 757.167 245.592 756.924C245.592 756.803 245.544 756.694 245.449 756.599C245.362 756.495 245.219 756.443 245.02 756.443C244.847 756.443 244.717 756.482 244.63 756.56C244.552 756.629 244.5 756.707 244.474 756.794C244.448 756.881 244.435 756.95 244.435 757.002H243.577C243.577 756.785 243.625 756.577 243.72 756.378C243.824 756.179 243.98 756.014 244.188 755.884C244.405 755.754 244.678 755.689 245.007 755.689C245.466 755.689 245.826 755.81 246.086 756.053C246.355 756.287 246.489 756.569 246.489 756.898C246.489 757.141 246.407 757.37 246.242 757.587C246.077 757.795 245.813 757.986 245.449 758.159L245.397 758.185V758.562H244.552ZM240.886 760.135L242.459 758.224H243.512L245.085 760.135H243.967L242.979 758.939L242.004 760.135H240.886ZM243.031 768.13C242.468 768.13 241.978 768.03 241.562 767.831C241.155 767.623 240.817 767.346 240.548 766.999C240.288 766.652 240.093 766.271 239.963 765.855C239.833 765.43 239.768 764.997 239.768 764.555C239.768 764.122 239.829 763.693 239.95 763.268C240.08 762.843 240.275 762.458 240.535 762.111C240.804 761.764 241.137 761.491 241.536 761.292C241.943 761.084 242.424 760.98 242.979 760.98C243.568 760.98 244.088 761.114 244.539 761.383C244.99 761.652 245.345 762.05 245.605 762.579C245.865 763.108 245.995 763.771 245.995 764.568V764.932H241.016C241.042 765.322 241.133 765.682 241.289 766.011C241.454 766.332 241.683 766.592 241.978 766.791C242.273 766.982 242.624 767.077 243.031 767.077C243.386 767.077 243.672 767.021 243.889 766.908C244.114 766.787 244.292 766.648 244.422 766.492C244.552 766.336 244.639 766.202 244.682 766.089C244.734 765.968 244.76 765.907 244.76 765.907H245.917C245.917 765.907 245.895 765.985 245.852 766.141C245.809 766.288 245.731 766.47 245.618 766.687C245.505 766.904 245.341 767.125 245.124 767.35C244.907 767.567 244.63 767.753 244.292 767.909C243.954 768.056 243.534 768.13 243.031 768.13ZM241.029 763.97H244.786C244.769 763.519 244.673 763.155 244.5 762.878C244.327 762.592 244.106 762.38 243.837 762.241C243.568 762.102 243.282 762.033 242.979 762.033C242.433 762.033 241.987 762.211 241.64 762.566C241.293 762.913 241.09 763.381 241.029 763.97ZM254.066 770.73C253.494 770.73 253.017 770.652 252.636 770.496C252.254 770.349 251.947 770.158 251.713 769.924C251.487 769.699 251.318 769.473 251.206 769.248C251.093 769.023 251.019 768.832 250.985 768.676C250.95 768.529 250.933 768.455 250.933 768.455H252.168C252.168 768.455 252.189 768.516 252.233 768.637C252.276 768.758 252.358 768.897 252.48 769.053C252.61 769.209 252.8 769.348 253.052 769.469C253.303 769.59 253.641 769.651 254.066 769.651C254.568 769.651 254.963 769.551 255.249 769.352C255.535 769.161 255.738 768.91 255.86 768.598C255.99 768.286 256.055 767.957 256.055 767.61V766.817H255.99C255.903 766.964 255.764 767.133 255.574 767.324C255.392 767.506 255.149 767.666 254.846 767.805C254.542 767.935 254.17 768 253.728 768C253.208 768 252.753 767.9 252.363 767.701C251.973 767.502 251.648 767.233 251.388 766.895C251.136 766.557 250.946 766.18 250.816 765.764C250.686 765.348 250.621 764.923 250.621 764.49C250.621 764.057 250.686 763.632 250.816 763.216C250.946 762.8 251.136 762.423 251.388 762.085C251.648 761.747 251.973 761.478 252.363 761.279C252.753 761.08 253.208 760.98 253.728 760.98C254.17 760.98 254.542 761.049 254.846 761.188C255.149 761.318 255.392 761.474 255.574 761.656C255.764 761.838 255.903 762.007 255.99 762.163H256.055V761.11H257.29V767.597C257.29 768.559 257.008 769.322 256.445 769.885C255.89 770.448 255.097 770.73 254.066 770.73ZM253.962 766.947C254.421 766.947 254.802 766.83 255.106 766.596C255.418 766.353 255.647 766.046 255.795 765.673C255.951 765.3 256.029 764.906 256.029 764.49C256.029 764.074 255.951 763.68 255.795 763.307C255.647 762.926 255.418 762.618 255.106 762.384C254.802 762.15 254.421 762.033 253.962 762.033C253.502 762.033 253.117 762.15 252.805 762.384C252.493 762.618 252.259 762.926 252.103 763.307C251.955 763.68 251.882 764.074 251.882 764.49C251.882 764.906 251.955 765.3 252.103 765.673C252.259 766.046 252.493 766.353 252.805 766.596C253.117 766.83 253.502 766.947 253.962 766.947ZM259.91 759.797C259.676 759.797 259.481 759.719 259.325 759.563C259.178 759.407 259.104 759.221 259.104 759.004C259.104 758.779 259.178 758.588 259.325 758.432C259.481 758.276 259.676 758.198 259.91 758.198C260.136 758.198 260.326 758.276 260.482 758.432C260.638 758.588 260.716 758.779 260.716 759.004C260.716 759.221 260.638 759.407 260.482 759.563C260.326 759.719 260.136 759.797 259.91 759.797ZM259.299 768V761.11H260.534V768H259.299ZM266.25 759.979C266.016 759.979 265.817 759.936 265.652 759.849C265.496 759.762 265.357 759.663 265.236 759.55C265.123 759.437 265.015 759.338 264.911 759.251C264.807 759.164 264.694 759.121 264.573 759.121C264.426 759.121 264.317 759.195 264.248 759.342C264.187 759.481 264.157 759.667 264.157 759.901H263.325C263.325 759.632 263.355 759.372 263.416 759.121C263.485 758.861 263.607 758.649 263.78 758.484C263.953 758.311 264.192 758.224 264.495 758.224C264.729 758.224 264.928 758.267 265.093 758.354C265.258 758.441 265.396 758.54 265.509 758.653C265.63 758.757 265.743 758.852 265.847 758.939C265.951 759.026 266.059 759.069 266.172 759.069C266.311 759.069 266.41 759 266.471 758.861C266.54 758.722 266.575 758.532 266.575 758.289H267.407C267.407 758.558 267.372 758.822 267.303 759.082C267.242 759.342 267.125 759.559 266.952 759.732C266.787 759.897 266.553 759.979 266.25 759.979ZM264.976 768.13C264.291 768.13 263.745 767.918 263.338 767.493C262.931 767.068 262.727 766.479 262.727 765.725V761.11H263.962V765.66C263.962 766.111 264.083 766.457 264.326 766.7C264.577 766.943 264.907 767.064 265.314 767.064C265.73 767.064 266.064 766.956 266.315 766.739C266.566 766.522 266.748 766.245 266.861 765.907C266.974 765.569 267.03 765.222 267.03 764.867V761.11H268.083C268.421 761.11 268.59 760.932 268.59 760.577V759.797H269.682V760.577C269.682 760.976 269.578 761.296 269.37 761.539C269.162 761.782 268.846 761.903 268.421 761.903H268.265V768H267.03V767.012H266.952C266.9 767.116 266.8 767.259 266.653 767.441C266.506 767.614 266.298 767.775 266.029 767.922C265.76 768.061 265.409 768.13 264.976 768.13ZM276.472 768.13C275.908 768.13 275.414 768.03 274.99 767.831C274.565 767.623 274.21 767.35 273.924 767.012C273.646 766.665 273.434 766.28 273.287 765.855C273.148 765.43 273.079 764.997 273.079 764.555C273.079 764.113 273.148 763.684 273.287 763.268C273.425 762.843 273.633 762.458 273.911 762.111C274.197 761.764 274.552 761.491 274.977 761.292C275.401 761.084 275.9 760.98 276.472 760.98C277.026 760.98 277.486 761.062 277.85 761.227C278.214 761.392 278.504 761.6 278.721 761.851C278.946 762.094 279.111 762.341 279.215 762.592C279.327 762.835 279.401 763.038 279.436 763.203C279.47 763.368 279.488 763.45 279.488 763.45H278.292C278.292 763.45 278.27 763.381 278.227 763.242C278.183 763.095 278.101 762.93 277.98 762.748C277.858 762.566 277.676 762.406 277.434 762.267C277.191 762.12 276.87 762.046 276.472 762.046C275.995 762.046 275.592 762.167 275.263 762.41C274.942 762.644 274.699 762.952 274.535 763.333C274.379 763.714 274.301 764.122 274.301 764.555C274.301 764.988 274.379 765.396 274.535 765.777C274.699 766.158 274.942 766.47 275.263 766.713C275.592 766.947 275.995 767.064 276.472 767.064C276.87 767.064 277.191 766.995 277.434 766.856C277.676 766.709 277.858 766.544 277.98 766.362C278.101 766.18 278.183 766.02 278.227 765.881C278.27 765.734 278.292 765.66 278.292 765.66H279.488C279.488 765.66 279.47 765.742 279.436 765.907C279.401 766.072 279.327 766.28 279.215 766.531C279.111 766.774 278.946 767.021 278.721 767.272C278.504 767.515 278.214 767.718 277.85 767.883C277.486 768.048 277.026 768.13 276.472 768.13ZM281.311 768V758.12H282.546V762.111H282.624C282.685 762.007 282.785 761.864 282.923 761.682C283.071 761.5 283.279 761.34 283.547 761.201C283.816 761.054 284.154 760.98 284.561 760.98C285.064 760.98 285.493 761.097 285.848 761.331C286.204 761.556 286.472 761.864 286.654 762.254C286.845 762.644 286.94 763.082 286.94 763.567V768H285.705V763.645C285.705 763.186 285.575 762.804 285.315 762.501C285.064 762.198 284.696 762.046 284.21 762.046C283.82 762.046 283.504 762.146 283.261 762.345C283.019 762.536 282.837 762.791 282.715 763.112C282.603 763.424 282.546 763.758 282.546 764.113V768H281.311ZM291.01 768.13C290.325 768.13 289.779 767.918 289.372 767.493C288.964 767.068 288.761 766.479 288.761 765.725V761.11H289.996V765.66C289.996 766.111 290.117 766.457 290.36 766.7C290.611 766.943 290.94 767.064 291.348 767.064C291.764 767.064 292.097 766.956 292.349 766.739C292.6 766.522 292.782 766.245 292.895 765.907C293.007 765.569 293.064 765.222 293.064 764.867V761.11H294.299V768H293.064V767.012H292.986C292.934 767.116 292.834 767.259 292.687 767.441C292.539 767.614 292.331 767.775 292.063 767.922C291.794 768.061 291.443 768.13 291.01 768.13ZM300.323 757.691C300.089 757.691 299.89 757.648 299.725 757.561C299.569 757.474 299.43 757.375 299.309 757.262C299.196 757.149 299.088 757.05 298.984 756.963C298.88 756.876 298.767 756.833 298.646 756.833C298.499 756.833 298.39 756.907 298.321 757.054C298.26 757.193 298.23 757.379 298.23 757.613H297.398C297.398 757.344 297.428 757.084 297.489 756.833C297.558 756.573 297.68 756.361 297.853 756.196C298.026 756.023 298.265 755.936 298.568 755.936C298.802 755.936 299.001 755.979 299.166 756.066C299.331 756.153 299.469 756.252 299.582 756.365C299.703 756.469 299.816 756.564 299.92 756.651C300.024 756.738 300.132 756.781 300.245 756.781C300.384 756.781 300.483 756.712 300.544 756.573C300.613 756.434 300.648 756.244 300.648 756.001H301.48C301.48 756.27 301.445 756.534 301.376 756.794C301.315 757.054 301.198 757.271 301.025 757.444C300.86 757.609 300.626 757.691 300.323 757.691ZM297.333 760.109L298.906 758.198H299.959L301.532 760.109H300.414L299.426 758.913L298.451 760.109H297.333ZM299.452 768.13C298.715 768.13 298.096 767.961 297.593 767.623C297.09 767.276 296.709 766.83 296.449 766.284C296.189 765.738 296.059 765.162 296.059 764.555C296.059 763.94 296.189 763.363 296.449 762.826C296.709 762.28 297.09 761.838 297.593 761.5C298.096 761.153 298.715 760.98 299.452 760.98C300.189 760.98 300.808 761.153 301.311 761.5C301.814 761.838 302.195 762.28 302.455 762.826C302.715 763.363 302.845 763.94 302.845 764.555C302.845 765.162 302.715 765.738 302.455 766.284C302.195 766.83 301.814 767.276 301.311 767.623C300.808 767.961 300.189 768.13 299.452 768.13ZM299.452 767.051C299.92 767.051 300.31 766.934 300.622 766.7C300.943 766.457 301.181 766.145 301.337 765.764C301.502 765.383 301.584 764.98 301.584 764.555C301.584 764.122 301.502 763.719 301.337 763.346C301.181 762.965 300.943 762.657 300.622 762.423C300.31 762.18 299.92 762.059 299.452 762.059C298.993 762.059 298.603 762.18 298.282 762.423C297.961 762.657 297.719 762.965 297.554 763.346C297.398 763.719 297.32 764.122 297.32 764.555C297.32 764.98 297.398 765.383 297.554 765.764C297.719 766.145 297.961 766.457 298.282 766.7C298.603 766.934 298.993 767.051 299.452 767.051ZM305.41 759.797C305.176 759.797 304.981 759.719 304.825 759.563C304.678 759.407 304.604 759.221 304.604 759.004C304.604 758.779 304.678 758.588 304.825 758.432C304.981 758.276 305.176 758.198 305.41 758.198C305.636 758.198 305.826 758.276 305.982 758.432C306.138 758.588 306.216 758.779 306.216 759.004C306.216 759.221 306.138 759.407 305.982 759.563C305.826 759.719 305.636 759.797 305.41 759.797ZM304.799 768V761.11H306.034V768H304.799ZM311.028 768V761.11H312.263V762.111H312.341C312.402 762.007 312.501 761.864 312.64 761.682C312.787 761.5 312.995 761.34 313.264 761.201C313.533 761.054 313.871 760.98 314.278 760.98C314.781 760.98 315.21 761.097 315.565 761.331C315.92 761.556 316.189 761.864 316.371 762.254C316.562 762.644 316.657 763.082 316.657 763.567V768H315.422V763.645C315.422 763.186 315.292 762.804 315.032 762.501C314.781 762.198 314.412 762.046 313.927 762.046C313.537 762.046 313.221 762.146 312.978 762.345C312.735 762.536 312.553 762.791 312.432 763.112C312.319 763.424 312.263 763.758 312.263 764.113V768H311.028ZM318.61 768V758.12H319.845V762.111H319.923C319.984 762.007 320.084 761.864 320.222 761.682C320.37 761.5 320.578 761.34 320.846 761.201C321.115 761.054 321.453 760.98 321.86 760.98C322.363 760.98 322.792 761.097 323.147 761.331C323.503 761.556 323.771 761.864 323.953 762.254C324.144 762.644 324.239 763.082 324.239 763.567V768H323.004V763.645C323.004 763.186 322.874 762.804 322.614 762.501C322.363 762.198 321.995 762.046 321.509 762.046C321.119 762.046 320.803 762.146 320.56 762.345C320.318 762.536 320.136 762.791 320.014 763.112C319.902 763.424 319.845 763.758 319.845 764.113V768H318.61ZM329.725 760.083L328.672 760.07L329.79 757.73H331.064L329.725 760.083ZM329.257 768.13C328.694 768.13 328.204 768.03 327.788 767.831C327.381 767.623 327.043 767.346 326.774 766.999C326.514 766.652 326.319 766.271 326.189 765.855C326.059 765.43 325.994 764.997 325.994 764.555C325.994 764.122 326.055 763.693 326.176 763.268C326.306 762.843 326.501 762.458 326.761 762.111C327.03 761.764 327.364 761.491 327.762 761.292C328.17 761.084 328.651 760.98 329.205 760.98C329.795 760.98 330.315 761.114 330.765 761.383C331.216 761.652 331.571 762.05 331.831 762.579C332.091 763.108 332.221 763.771 332.221 764.568V764.932H327.242C327.268 765.322 327.359 765.682 327.515 766.011C327.68 766.332 327.91 766.592 328.204 766.791C328.499 766.982 328.85 767.077 329.257 767.077C329.613 767.077 329.899 767.021 330.115 766.908C330.341 766.787 330.518 766.648 330.648 766.492C330.778 766.336 330.865 766.202 330.908 766.089C330.96 765.968 330.986 765.907 330.986 765.907H332.143C332.143 765.907 332.122 765.985 332.078 766.141C332.035 766.288 331.957 766.47 331.844 766.687C331.732 766.904 331.567 767.125 331.35 767.35C331.134 767.567 330.856 767.753 330.518 767.909C330.18 768.056 329.76 768.13 329.257 768.13ZM327.255 763.97H331.012C330.995 763.519 330.9 763.155 330.726 762.878C330.553 762.592 330.332 762.38 330.063 762.241C329.795 762.102 329.509 762.033 329.205 762.033C328.659 762.033 328.213 762.211 327.866 762.566C327.52 762.913 327.316 763.381 327.255 763.97Z" fill="#2450C8"/>
<path d="M44 800H384" stroke="#E8EFFE"/>
<path d="M188 816H56C49.3726 816 44 821.373 44 828V856C44 862.627 49.3726 868 56 868H188C194.627 868 200 862.627 200 856V828C200 821.373 194.627 816 188 816Z" fill="white" stroke="#0961F5" stroke-width="1.5"/>
<path d="M78.3472 850V831.5H80.7972V847.85H90.3222V850H78.3472ZM98.2218 834.75L95.6468 830.225H98.0968L100.247 834.725L98.2218 834.75ZM98.5718 836.5C99.4051 836.5 100.105 836.633 100.672 836.9C101.238 837.167 101.697 837.483 102.047 837.85C102.397 838.2 102.663 838.533 102.847 838.85H102.997V836.75H105.372V850H102.997V847.9H102.847C102.663 848.217 102.397 848.558 102.047 848.925C101.697 849.292 101.238 849.608 100.672 849.875C100.105 850.125 99.4051 850.25 98.5718 850.25C97.5718 850.25 96.6968 850.058 95.9468 849.675C95.1968 849.275 94.5718 848.75 94.0718 848.1C93.5718 847.433 93.1968 846.692 92.9468 845.875C92.6968 845.058 92.5718 844.225 92.5718 843.375C92.5718 842.525 92.6968 841.692 92.9468 840.875C93.1968 840.058 93.5718 839.325 94.0718 838.675C94.5718 838.008 95.1968 837.483 95.9468 837.1C96.6968 836.7 97.5718 836.5 98.5718 836.5ZM98.9718 838.525C98.0884 838.525 97.3468 838.767 96.7468 839.25C96.1468 839.717 95.6968 840.317 95.3968 841.05C95.1134 841.783 94.9718 842.558 94.9718 843.375C94.9718 844.175 95.1134 844.95 95.3968 845.7C95.6968 846.433 96.1468 847.042 96.7468 847.525C97.3468 847.992 98.0884 848.225 98.9718 848.225C99.8551 848.225 100.588 847.992 101.172 847.525C101.772 847.042 102.213 846.433 102.497 845.7C102.797 844.95 102.947 844.175 102.947 843.375C102.947 842.558 102.797 841.783 102.497 841.05C102.213 840.317 101.772 839.717 101.172 839.25C100.588 838.767 99.8551 838.525 98.9718 838.525ZM109.03 850V836.75H111.405V838.675H111.505C111.638 838.425 111.846 838.133 112.13 837.8C112.413 837.45 112.796 837.15 113.28 836.9C113.78 836.633 114.405 836.5 115.155 836.5C116.138 836.5 116.963 836.742 117.63 837.225C118.313 837.692 118.821 838.325 119.155 839.125H119.18C119.546 838.392 120.063 837.775 120.73 837.275C121.413 836.758 122.296 836.5 123.38 836.5C124.813 836.5 125.913 836.992 126.68 837.975C127.463 838.942 127.855 840.192 127.855 841.725V850H125.48V841.85C125.48 840.867 125.246 840.075 124.78 839.475C124.313 838.858 123.638 838.55 122.755 838.55C121.988 838.55 121.371 838.758 120.905 839.175C120.455 839.592 120.13 840.108 119.93 840.725C119.73 841.342 119.63 841.958 119.63 842.575V850H117.255V841.85C117.255 840.867 117.021 840.075 116.555 839.475C116.105 838.858 115.43 838.55 114.53 838.55C113.763 838.55 113.146 838.758 112.68 839.175C112.23 839.592 111.905 840.117 111.705 840.75C111.505 841.367 111.405 841.975 111.405 842.575V850H109.03ZM137.356 850L137.381 831H139.731V850H137.356ZM149.353 836.5C150.186 836.5 150.886 836.633 151.453 836.9C152.02 837.167 152.478 837.483 152.828 837.85C153.178 838.2 153.445 838.533 153.628 838.85H153.778V836.75H156.153V850H153.778V847.9H153.628C153.445 848.217 153.178 848.558 152.828 848.925C152.478 849.292 152.02 849.608 151.453 849.875C150.886 850.125 150.186 850.25 149.353 850.25C148.353 850.25 147.478 850.058 146.728 849.675C145.978 849.275 145.353 848.75 144.853 848.1C144.353 847.433 143.978 846.692 143.728 845.875C143.478 845.058 143.353 844.225 143.353 843.375C143.353 842.525 143.478 841.692 143.728 840.875C143.978 840.058 144.353 839.325 144.853 838.675C145.353 838.008 145.978 837.483 146.728 837.1C147.478 836.7 148.353 836.5 149.353 836.5ZM149.753 838.525C148.87 838.525 148.128 838.767 147.528 839.25C146.928 839.717 146.478 840.317 146.178 841.05C145.895 841.783 145.753 842.558 145.753 843.375C145.753 844.175 145.895 844.95 146.178 845.7C146.478 846.433 146.928 847.042 147.528 847.525C148.128 847.992 148.87 848.225 149.753 848.225C150.636 848.225 151.37 847.992 151.953 847.525C152.553 847.042 152.995 846.433 153.278 845.7C153.578 844.95 153.728 844.175 153.728 843.375C153.728 842.558 153.578 841.783 153.278 841.05C152.995 840.317 152.553 839.717 151.953 839.25C151.37 838.767 150.636 838.525 149.753 838.525ZM149.903 855.675C149.436 855.675 149.045 855.508 148.728 855.175C148.428 854.858 148.278 854.483 148.278 854.05C148.278 853.6 148.428 853.217 148.728 852.9C149.045 852.583 149.436 852.425 149.903 852.425C150.37 852.425 150.753 852.583 151.053 852.9C151.37 853.217 151.528 853.6 151.528 854.05C151.528 854.5 151.37 854.883 151.053 855.2C150.753 855.517 150.37 855.675 149.903 855.675ZM161.361 834.225C160.911 834.225 160.536 834.075 160.236 833.775C159.953 833.475 159.811 833.117 159.811 832.7C159.811 832.267 159.953 831.9 160.236 831.6C160.536 831.3 160.911 831.15 161.361 831.15C161.794 831.15 162.161 831.3 162.461 831.6C162.761 831.9 162.911 832.267 162.911 832.7C162.911 833.117 162.761 833.475 162.461 833.775C162.161 834.075 161.794 834.225 161.361 834.225ZM160.186 850V836.75H162.561V850H160.186Z" fill="#0961F5"/>
<path d="M372 816H228C221.373 816 216 821.373 216 828V856C216 862.627 221.373 868 228 868H372C378.627 868 384 862.627 384 856V828C384 821.373 378.627 816 372 816Z" fill="#0961F5"/>
<path d="M231.711 851V835.85H226.036V832.5H241.236V835.85H235.561V851H231.711ZM245.899 835.95C245.233 835.95 244.691 835.742 244.274 835.325C243.858 834.892 243.649 834.383 243.649 833.8C243.649 833.183 243.858 832.667 244.274 832.25C244.691 831.817 245.233 831.6 245.899 831.6C246.533 831.6 247.066 831.817 247.499 832.25C247.933 832.667 248.149 833.183 248.149 833.8C248.149 834.383 247.933 834.892 247.499 835.325C247.066 835.742 246.533 835.95 245.899 835.95ZM243.999 851V837.75H247.799V851H243.999ZM263.522 832.875L260.697 832.85L262.722 828.35H266.247L263.522 832.875ZM252.772 836.1L255.997 832.25H259.022L262.247 836.1H259.272L257.522 833.975L255.747 836.1H252.772ZM257.647 851.25C256.48 851.25 255.472 851.058 254.622 850.675C253.772 850.275 253.072 849.75 252.522 849.1C251.972 848.433 251.555 847.692 251.272 846.875C251.005 846.058 250.872 845.217 250.872 844.35C250.872 843.517 251.005 842.7 251.272 841.9C251.538 841.083 251.938 840.342 252.472 839.675C253.022 839.008 253.713 838.483 254.547 838.1C255.38 837.7 256.372 837.5 257.522 837.5C258.755 837.5 259.838 837.767 260.772 838.3C261.705 838.833 262.438 839.625 262.972 840.675C263.505 841.708 263.772 842.967 263.772 844.45V845.375H254.697C254.747 846.175 255.022 846.867 255.522 847.45C256.038 848.033 256.747 848.325 257.647 848.325C258.163 848.325 258.58 848.25 258.897 848.1C259.23 847.933 259.488 847.75 259.672 847.55C259.855 847.333 259.98 847.142 260.047 846.975C260.13 846.808 260.172 846.725 260.172 846.725H263.672C263.672 846.725 263.63 846.883 263.547 847.2C263.463 847.5 263.305 847.875 263.072 848.325C262.838 848.775 262.497 849.225 262.047 849.675C261.613 850.125 261.038 850.5 260.322 850.8C259.605 851.1 258.713 851.25 257.647 851.25ZM254.697 843.075H260.122C260.088 842.158 259.813 841.475 259.297 841.025C258.797 840.575 258.18 840.35 257.447 840.35C256.713 840.35 256.088 840.592 255.572 841.075C255.072 841.542 254.78 842.208 254.697 843.075ZM266.604 855.875V837.75H270.404V839.45H270.579C270.663 839.333 270.846 839.117 271.129 838.8C271.429 838.483 271.854 838.192 272.404 837.925C272.954 837.642 273.654 837.5 274.504 837.5C275.488 837.5 276.338 837.7 277.054 838.1C277.788 838.483 278.396 839.008 278.879 839.675C279.363 840.325 279.721 841.058 279.954 841.875C280.204 842.692 280.329 843.525 280.329 844.375C280.329 845.225 280.204 846.058 279.954 846.875C279.721 847.692 279.363 848.433 278.879 849.1C278.396 849.75 277.788 850.275 277.054 850.675C276.338 851.058 275.488 851.25 274.504 851.25C273.654 851.25 272.954 851.117 272.404 850.85C271.854 850.567 271.429 850.267 271.129 849.95C270.846 849.633 270.663 849.417 270.579 849.3H270.404V855.875H266.604ZM270.329 844.375C270.329 844.992 270.438 845.592 270.654 846.175C270.888 846.758 271.229 847.242 271.679 847.625C272.146 847.992 272.721 848.175 273.404 848.175C274.088 848.175 274.654 847.992 275.104 847.625C275.571 847.242 275.913 846.758 276.129 846.175C276.363 845.592 276.479 844.992 276.479 844.375C276.479 843.758 276.363 843.158 276.129 842.575C275.913 841.992 275.571 841.517 275.104 841.15C274.654 840.767 274.088 840.575 273.404 840.575C272.721 840.575 272.146 840.767 271.679 841.15C271.229 841.517 270.888 841.992 270.654 842.575C270.438 843.158 270.329 843.758 270.329 844.375ZM294.99 851.25C293.957 851.25 293.132 851.1 292.515 850.8C291.899 850.483 291.432 850.092 291.115 849.625C290.799 849.142 290.59 848.633 290.49 848.1C290.39 847.567 290.34 847.075 290.34 846.625V840.775H288.09V837.75H290.34V834.475H294.14V837.75H296.965V840.775H294.14V846.525C294.14 847.075 294.282 847.5 294.565 847.8C294.865 848.1 295.357 848.25 296.04 848.25C296.34 848.25 296.615 848.225 296.865 848.175C297.115 848.125 297.24 848.1 297.24 848.1V851.025C297.24 851.025 297.015 851.058 296.565 851.125C296.115 851.208 295.59 851.25 294.99 851.25ZM300.027 851V832H303.827V839.65H303.952C304.102 839.383 304.319 839.083 304.602 838.75C304.902 838.417 305.294 838.125 305.777 837.875C306.277 837.625 306.91 837.5 307.677 837.5C308.71 837.5 309.552 837.742 310.202 838.225C310.852 838.692 311.327 839.3 311.627 840.05C311.927 840.783 312.077 841.558 312.077 842.375V851H308.277V843.025C308.277 842.392 308.102 841.833 307.752 841.35C307.419 840.867 306.877 840.625 306.127 840.625C305.56 840.625 305.11 840.758 304.777 841.025C304.444 841.292 304.202 841.633 304.052 842.05C303.902 842.467 303.827 842.908 303.827 843.375V851H300.027ZM321.441 851.25C320.274 851.25 319.266 851.058 318.416 850.675C317.566 850.275 316.866 849.75 316.316 849.1C315.766 848.433 315.349 847.692 315.066 846.875C314.799 846.058 314.666 845.217 314.666 844.35C314.666 843.517 314.791 842.7 315.041 841.9C315.307 841.083 315.707 840.342 316.241 839.675C316.791 839.008 317.482 838.483 318.316 838.1C319.166 837.7 320.166 837.5 321.316 837.5C322.532 837.5 323.607 837.767 324.541 838.3C325.491 838.833 326.232 839.625 326.766 840.675C327.299 841.708 327.566 842.967 327.566 844.45V845.375H318.491C318.541 846.175 318.816 846.867 319.316 847.45C319.832 848.033 320.541 848.325 321.441 848.325C321.957 848.325 322.374 848.25 322.691 848.1C323.024 847.933 323.282 847.75 323.466 847.55C323.649 847.333 323.774 847.142 323.841 846.975C323.907 846.808 323.941 846.725 323.941 846.725H327.441C327.441 846.725 327.399 846.883 327.316 847.2C327.249 847.5 327.099 847.875 326.866 848.325C326.632 848.775 326.291 849.225 325.841 849.675C325.407 850.125 324.832 850.5 324.116 850.8C323.399 851.1 322.507 851.25 321.441 851.25ZM318.491 843.075H323.916C323.866 842.158 323.591 841.475 323.091 841.025C322.591 840.575 321.974 840.35 321.241 840.35C320.507 840.35 319.882 840.592 319.366 841.075C318.849 841.542 318.557 842.208 318.491 843.075ZM336.948 851.25C335.464 851.25 334.206 850.933 333.173 850.3C332.139 849.65 331.348 848.808 330.798 847.775C330.264 846.725 329.998 845.592 329.998 844.375C329.998 843.158 330.264 842.033 330.798 841C331.348 839.95 332.139 839.108 333.173 838.475C334.206 837.825 335.464 837.5 336.948 837.5C338.431 837.5 339.689 837.825 340.723 838.475C341.756 839.108 342.539 839.95 343.073 841C343.623 842.033 343.898 843.158 343.898 844.375C343.898 845.592 343.623 846.725 343.073 847.775C342.539 848.808 341.756 849.65 340.723 850.3C339.689 850.933 338.431 851.25 336.948 851.25ZM336.948 848.15C337.614 848.15 338.173 847.975 338.623 847.625C339.089 847.275 339.448 846.817 339.698 846.25C339.948 845.667 340.073 845.042 340.073 844.375C340.073 843.692 339.948 843.067 339.698 842.5C339.448 841.933 339.089 841.475 338.623 841.125C338.173 840.775 337.614 840.6 336.948 840.6C336.281 840.6 335.714 840.775 335.248 841.125C334.781 841.475 334.423 841.933 334.173 842.5C333.939 843.067 333.823 843.692 333.823 844.375C333.823 845.042 333.939 845.667 334.173 846.25C334.423 846.817 334.781 847.275 335.248 847.625C335.714 847.975 336.281 848.15 336.948 848.15ZM366.864 845.75C367.031 845.317 367.214 844.917 367.414 844.55C367.614 844.167 367.839 843.808 368.089 843.475H354.689V841.425H368.089C367.856 841.092 367.639 840.742 367.439 840.375C367.239 839.992 367.056 839.583 366.889 839.15H368.789C369.823 840.367 370.956 841.292 372.189 841.925V843C370.956 843.6 369.823 844.517 368.789 845.75H366.864Z" fill="white"/>
<path d="M256.5 900H171.5C170.119 900 169 901.119 169 902.5C169 903.881 170.119 905 171.5 905H256.5C257.881 905 259 903.881 259 902.5C259 901.119 257.881 900 256.5 900Z" fill="#C8C8C8"/>
</g>
<defs>
<clipPath id="clip0_18_359">
<rect width="429" height="927" fill="white"/>
</clipPath>
</defs>
</svg>
