<svg width="429" height="927" viewBox="0 0 429 927" fill="none" xmlns="http://www.w3.org/2000/svg">
<g clip-path="url(#clip0_18_307)">
<path d="M392.458 0.5H36.5421C16.6366 0.5 0.5 15.6101 0.5 34.2494V892.751C0.5 911.39 16.6366 926.5 36.5421 926.5H392.458C412.363 926.5 428.5 911.39 428.5 892.751V34.2494C428.5 15.6101 412.363 0.5 392.458 0.5Z" fill="white" stroke="#E0E0E0"/>
<path d="M39.07 16.75C39.84 16.75 40.51 16.89 41.08 17.17C41.65 17.44 42.12 17.815 42.49 18.295C42.86 18.765 43.135 19.305 43.315 19.915C43.505 20.515 43.6 21.145 43.6 21.805C43.6 22.535 43.485 23.275 43.255 24.025C43.025 24.765 42.67 25.45 42.19 26.08C41.71 26.7 41.085 27.2 40.315 27.58C39.555 27.96 38.64 28.15 37.57 28.15C37.13 28.15 36.75 28.12 36.43 28.06C36.11 28.01 35.95 27.985 35.95 27.985V25.93C35.95 25.93 36.03 25.945 36.19 25.975C36.36 25.995 36.57 26.02 36.82 26.05C37.07 26.08 37.32 26.095 37.57 26.095C38.34 26.095 38.985 25.94 39.505 25.63C40.025 25.32 40.42 24.925 40.69 24.445C40.97 23.965 41.135 23.46 41.185 22.93C41.085 23.1 40.93 23.29 40.72 23.5C40.51 23.7 40.225 23.875 39.865 24.025C39.515 24.175 39.065 24.25 38.515 24.25C37.725 24.25 37.06 24.08 36.52 23.74C35.98 23.39 35.575 22.94 35.305 22.39C35.035 21.84 34.9 21.265 34.9 20.665C34.9 20.185 34.985 19.715 35.155 19.255C35.335 18.785 35.595 18.365 35.935 17.995C36.285 17.615 36.72 17.315 37.24 17.095C37.76 16.865 38.37 16.75 39.07 16.75ZM39.07 18.655C38.51 18.655 38.05 18.835 37.69 19.195C37.33 19.555 37.15 20.015 37.15 20.575C37.15 21.145 37.33 21.61 37.69 21.97C38.05 22.32 38.51 22.495 39.07 22.495C39.62 22.495 40.075 22.32 40.435 21.97C40.795 21.61 40.975 21.145 40.975 20.575C40.975 20.015 40.795 19.555 40.435 19.195C40.075 18.835 39.62 18.655 39.07 18.655ZM47.0229 22.465C46.6429 22.465 46.3329 22.34 46.0929 22.09C45.8529 21.83 45.7329 21.525 45.7329 21.175C45.7329 20.825 45.8529 20.525 46.0929 20.275C46.3329 20.025 46.6429 19.9 47.0229 19.9C47.3829 19.9 47.6829 20.025 47.9229 20.275C48.1729 20.525 48.2979 20.825 48.2979 21.175C48.2979 21.525 48.1729 21.83 47.9229 22.09C47.6829 22.34 47.3829 22.465 47.0229 22.465ZM47.0229 28.15C46.6429 28.15 46.3329 28.025 46.0929 27.775C45.8529 27.515 45.7329 27.215 45.7329 26.875C45.7329 26.515 45.8529 26.21 46.0929 25.96C46.3329 25.71 46.6429 25.585 47.0229 25.585C47.3829 25.585 47.6829 25.71 47.9229 25.96C48.1729 26.21 48.2979 26.515 48.2979 26.875C48.2979 27.225 48.1729 27.525 47.9229 27.775C47.6829 28.025 47.3829 28.15 47.0229 28.15ZM55.5273 28V25.735L50.1573 25.72V23.71L54.9873 16.9H57.8523V23.785H59.5623V25.735H57.8523V28H55.5273ZM52.4373 23.785H55.5273V19.39L52.4373 23.785ZM65.4082 16.9V28H63.0982V20.05L60.9532 20.065V18.67L61.2982 18.565C61.9282 18.385 62.4382 18.18 62.8282 17.95C63.2182 17.72 63.5932 17.415 63.9532 17.035L64.0582 16.9H65.4082Z" fill="#1A1A1A"/>
<path opacity="0.35" d="M409.166 18.333H392.5C391.303 18.333 390.333 19.3032 390.333 20.5V26.499C390.333 27.6958 391.303 28.666 392.5 28.666H409.166C410.363 28.666 411.333 27.6958 411.333 26.499V20.5C411.333 19.3032 410.363 18.333 409.166 18.333Z" stroke="black"/>
<path opacity="0.4" d="M412.833 21.5V25.5C413.638 25.161 414.161 24.373 414.161 23.5C414.161 22.627 413.638 21.839 412.833 21.5Z" fill="black"/>
<path d="M408.5 19.833H393.166C392.43 19.833 391.833 20.4298 391.833 21.166V25.833C391.833 26.5692 392.43 27.166 393.166 27.166H408.5C409.236 27.166 409.833 26.5692 409.833 25.833V21.166C409.833 20.4298 409.236 19.833 408.5 19.833Z" fill="black"/>
<path d="M367.38 26.2571C368.842 25.1751 370.983 25.1751 372.444 26.2571C372.518 26.3161 372.56 26.3981 372.563 26.4851C372.564 26.5721 372.525 26.6551 372.455 26.7151L370.166 28.7381C370.099 28.7971 370.007 28.8311 369.912 28.8311C369.817 28.8311 369.725 28.7971 369.658 28.7381L367.369 26.7151C367.299 26.6551 367.26 26.5721 367.262 26.4851C367.264 26.3981 367.306 26.3161 367.38 26.2571ZM364.326 23.5601C367.475 20.9961 372.352 20.9961 375.501 23.5601C375.572 23.6201 375.612 23.7031 375.613 23.7901C375.614 23.8761 375.575 23.9591 375.506 24.0201L374.184 25.1911C374.047 25.3111 373.826 25.3121 373.687 25.1961C371.545 23.4741 368.279 23.4741 366.141 25.1961C366.001 25.3121 365.78 25.3101 365.644 25.1911L364.321 24.0201C364.252 23.9591 364.212 23.8761 364.213 23.7901C364.214 23.7031 364.255 23.6201 364.326 23.5601ZM361.271 20.8701C366.102 16.8181 373.722 16.8181 378.552 20.8701C378.622 20.9301 378.662 21.0121 378.662 21.0981C378.663 21.1841 378.624 21.2671 378.555 21.3281L377.23 22.4981C377.094 22.6181 376.872 22.6191 376.733 22.5011C372.921 19.3301 356.903 19.3301 363.09 22.5011C362.951 22.6191 362.729 22.6181 362.593 22.4981L361.269 21.3281C361.2 21.2671 361.161 21.1841 361.161 21.0981C361.162 21.0121 361.202 20.9301 361.271 20.8701Z" fill="#A0A4AB"/>
<path d="M338.335 24.834C338.965 24.834 339.476 25.282 339.476 25.834V27.834C339.475 28.386 338.965 28.834 338.335 28.834H337.193C336.563 28.834 336.052 28.386 336.052 27.834V25.834C336.052 25.282 336.563 24.834 337.193 24.834H338.335ZM343.661 22.834C344.291 22.834 344.802 23.282 344.802 23.834V27.834C344.802 28.386 344.291 28.834 343.661 28.834H342.52C341.889 28.834 341.378 28.386 341.378 27.834V23.834C341.378 23.282 341.889 22.834 342.52 22.834H343.661ZM348.987 20.5C349.617 20.5 350.129 20.948 350.129 21.5V27.834C350.129 28.386 349.617 28.834 348.987 28.834H347.846C347.216 28.834 346.704 28.386 346.704 27.834V21.5C346.704 20.948 347.216 20.5 347.846 20.5H348.987ZM354.313 18.167C354.944 18.167 355.455 18.615 355.455 19.167V27.834C355.455 28.386 354.944 28.834 354.313 28.834H353.172C352.542 28.834 352.03 28.386 352.03 27.834V19.167C352.03 18.615 352.542 18.167 353.172 18.167H354.313Z" fill="#A0A4AB"/>
<path d="M61 95C70.9411 95 79 86.9411 79 77C79 67.0589 70.9411 59 61 59C51.0589 59 43 67.0589 43 77C43 86.9411 51.0589 95 61 95Z" fill="#EEF4FF"/>
<path d="M66 70L58 77L66 84" stroke="#378ADD" stroke-width="2" stroke-linecap="round" stroke-linejoin="round"/>
<path d="M84.836 83V77.456H83.342V75.224H84.836V69.68H89.858C90.95 69.68 91.904 69.872 92.72 70.256C93.536 70.628 94.214 71.132 94.754 71.768C95.306 72.404 95.714 73.118 95.978 73.91C96.254 74.702 96.392 75.512 96.392 76.34C96.392 77.168 96.254 77.978 95.978 78.77C95.714 79.562 95.306 80.276 94.754 80.912C94.214 81.548 93.536 82.058 92.72 82.442C91.904 82.814 90.95 83 89.858 83H84.836ZM90.11 77.456H87.608V80.534H89.732C90.608 80.534 91.334 80.33 91.91 79.922C92.486 79.514 92.912 78.986 93.188 78.338C93.464 77.69 93.602 77.018 93.602 76.322C93.602 75.626 93.464 74.96 93.188 74.324C92.912 73.676 92.486 73.148 91.91 72.74C91.334 72.32 90.608 72.11 89.732 72.11H87.608V75.224H90.11V77.456ZM99.7792 72.164C99.2992 72.164 98.9092 72.014 98.6092 71.714C98.3092 71.402 98.1592 71.036 98.1592 70.616C98.1592 70.172 98.3092 69.8 98.6092 69.5C98.9092 69.188 99.2992 69.032 99.7792 69.032C100.235 69.032 100.619 69.188 100.931 69.5C101.243 69.8 101.399 70.172 101.399 70.616C101.399 71.036 101.243 71.402 100.931 71.714C100.619 72.014 100.235 72.164 99.7792 72.164ZM98.4112 83V73.46H101.147V83H98.4112ZM107.814 83V69.32H110.55V77.204L113.7 73.46H116.814L113.07 77.816L116.976 83H113.754L110.55 78.716V83H107.814ZM118.589 83V69.32H121.325V74.828H121.415C121.523 74.636 121.679 74.42 121.883 74.18C122.099 73.94 122.381 73.73 122.729 73.55C123.089 73.37 123.545 73.28 124.097 73.28C124.841 73.28 125.447 73.454 125.915 73.802C126.383 74.138 126.725 74.576 126.941 75.116C127.157 75.644 127.265 76.202 127.265 76.79V83H124.529V77.258C124.529 76.802 124.403 76.4 124.151 76.052C123.911 75.704 123.521 75.53 122.981 75.53C122.573 75.53 122.249 75.626 122.009 75.818C121.769 76.01 121.595 76.256 121.487 76.556C121.379 76.856 121.325 77.174 121.325 77.51V83H118.589ZM135.213 72.146L133.179 72.128L134.637 68.888H137.175L135.213 72.146ZM133.359 73.28C133.971 73.28 134.475 73.382 134.871 73.586C135.267 73.778 135.567 73.988 135.771 74.216C135.987 74.444 136.119 74.6 136.167 74.684H136.311V73.46H139.047V83H136.311V81.776H136.167C136.119 81.86 135.987 82.016 135.771 82.244C135.567 82.472 135.267 82.688 134.871 82.892C134.475 83.084 133.971 83.18 133.359 83.18C132.651 83.18 132.033 83.042 131.505 82.766C130.989 82.478 130.557 82.1 130.209 81.632C129.861 81.152 129.597 80.618 129.417 80.03C129.249 79.442 129.165 78.842 129.165 78.23C129.165 77.618 129.249 77.018 129.417 76.43C129.597 75.842 129.861 75.314 130.209 74.846C130.557 74.366 130.989 73.988 131.505 73.712C132.033 73.424 132.651 73.28 133.359 73.28ZM134.151 75.494C133.659 75.494 133.245 75.632 132.909 75.908C132.585 76.172 132.339 76.514 132.171 76.934C132.015 77.354 131.937 77.786 131.937 78.23C131.937 78.674 132.015 79.106 132.171 79.526C132.339 79.946 132.585 80.294 132.909 80.57C133.245 80.834 133.659 80.966 134.151 80.966C134.643 80.966 135.051 80.834 135.375 80.57C135.711 80.294 135.957 79.946 136.113 79.526C136.281 79.106 136.365 78.674 136.365 78.23C136.365 77.786 136.281 77.354 136.113 76.934C135.957 76.514 135.711 76.172 135.375 75.908C135.051 75.632 134.643 75.494 134.151 75.494ZM141.243 83V73.46H143.979V74.756H144.069C144.273 74.408 144.579 74.078 144.987 73.766C145.395 73.442 145.953 73.28 146.661 73.28C147.381 73.28 147.957 73.448 148.389 73.784C148.833 74.12 149.157 74.534 149.361 75.026H149.397C149.553 74.75 149.757 74.48 150.009 74.216C150.273 73.94 150.597 73.718 150.981 73.55C151.377 73.37 151.839 73.28 152.367 73.28C153.027 73.28 153.573 73.43 154.005 73.73C154.437 74.03 154.755 74.426 154.959 74.918C155.175 75.398 155.283 75.914 155.283 76.466V83H152.547V77.15C152.547 76.682 152.427 76.298 152.187 75.998C151.959 75.686 151.611 75.53 151.143 75.53C150.783 75.53 150.489 75.62 150.261 75.8C150.045 75.98 149.883 76.214 149.775 76.502C149.679 76.778 149.631 77.066 149.631 77.366V83H146.895V77.15C146.895 76.682 146.775 76.298 146.535 75.998C146.307 75.686 145.959 75.53 145.491 75.53C145.131 75.53 144.837 75.62 144.609 75.8C144.393 75.98 144.231 76.214 144.123 76.502C144.027 76.778 143.979 77.066 143.979 77.366V83H141.243ZM167.396 83.18C166.784 83.18 166.28 83.084 165.884 82.892C165.488 82.688 165.182 82.472 164.966 82.244C164.762 82.016 164.63 81.86 164.57 81.776H164.444V83H161.708V69.32H164.444V74.684H164.57C164.63 74.6 164.762 74.444 164.966 74.216C165.182 73.988 165.488 73.778 165.884 73.586C166.28 73.382 166.784 73.28 167.396 73.28C168.104 73.28 168.716 73.424 169.232 73.712C169.76 73.988 170.198 74.366 170.546 74.846C170.894 75.314 171.152 75.842 171.32 76.43C171.5 77.018 171.59 77.618 171.59 78.23C171.59 78.842 171.5 79.442 171.32 80.03C171.152 80.618 170.894 81.152 170.546 81.632C170.198 82.1 169.76 82.478 169.232 82.766C168.716 83.042 168.104 83.18 167.396 83.18ZM166.604 80.966C167.096 80.966 167.504 80.834 167.828 80.57C168.164 80.294 168.41 79.946 168.566 79.526C168.734 79.106 168.818 78.674 168.818 78.23C168.818 77.786 168.734 77.354 168.566 76.934C168.41 76.514 168.164 76.172 167.828 75.908C167.504 75.632 167.096 75.494 166.604 75.494C166.112 75.494 165.698 75.632 165.362 75.908C165.038 76.172 164.792 76.514 164.624 76.934C164.468 77.354 164.39 77.786 164.39 78.23C164.39 78.674 164.468 79.106 164.624 79.526C164.792 79.946 165.038 80.294 165.362 80.57C165.698 80.834 166.112 80.966 166.604 80.966ZM174.724 72.272L177.046 69.032H179.224L181.546 72.272H179.404L178.126 70.4L176.866 72.272H174.724ZM178.216 83.18C177.376 83.18 176.65 83.042 176.038 82.766C175.426 82.478 174.922 82.1 174.526 81.632C174.13 81.152 173.83 80.618 173.626 80.03C173.434 79.442 173.338 78.836 173.338 78.212C173.338 77.612 173.434 77.024 173.626 76.448C173.818 75.86 174.106 75.326 174.49 74.846C174.886 74.366 175.384 73.988 175.984 73.712C176.584 73.424 177.298 73.28 178.126 73.28C179.014 73.28 179.794 73.472 180.466 73.856C181.138 74.24 181.666 74.81 182.05 75.566C182.434 76.31 182.626 77.216 182.626 78.284V78.95H176.092C176.128 79.526 176.326 80.024 176.686 80.444C177.058 80.864 177.568 81.074 178.216 81.074C178.588 81.074 178.888 81.02 179.116 80.912C179.356 80.792 179.542 80.66 179.674 80.516C179.806 80.36 179.896 80.222 179.944 80.102C180.004 79.982 180.034 79.922 180.034 79.922H182.554C182.554 79.922 182.524 80.036 182.464 80.264C182.404 80.48 182.29 80.75 182.122 81.074C181.954 81.398 181.708 81.722 181.384 82.046C181.072 82.37 180.658 82.64 180.142 82.856C179.626 83.072 178.984 83.18 178.216 83.18ZM176.092 77.294H179.998C179.974 76.634 179.776 76.142 179.404 75.818C179.044 75.494 178.6 75.332 178.072 75.332C177.544 75.332 177.094 75.506 176.722 75.854C176.362 76.19 176.152 76.67 176.092 77.294ZM178.126 87.428C177.706 87.428 177.358 87.284 177.082 86.996C176.818 86.72 176.686 86.39 176.686 86.006C176.686 85.61 176.818 85.268 177.082 84.98C177.358 84.704 177.706 84.566 178.126 84.566C178.534 84.566 178.87 84.704 179.134 84.98C179.41 85.268 179.548 85.61 179.548 86.006C179.548 86.39 179.41 86.72 179.134 86.996C178.87 87.284 178.534 87.428 178.126 87.428ZM184.485 83V73.46H187.221V74.828H187.311C187.419 74.636 187.575 74.42 187.779 74.18C187.995 73.94 188.277 73.73 188.625 73.55C188.985 73.37 189.441 73.28 189.993 73.28C190.737 73.28 191.343 73.454 191.811 73.802C192.279 74.138 192.621 74.576 192.837 75.116C193.053 75.644 193.161 76.202 193.161 76.79V83H190.425V77.258C190.425 76.802 190.299 76.4 190.047 76.052C189.807 75.704 189.417 75.53 188.877 75.53C188.469 75.53 188.145 75.626 187.905 75.818C187.665 76.01 187.491 76.256 187.383 76.556C187.275 76.856 187.221 77.174 187.221 77.51V83H184.485ZM195.423 83V69.32H198.159V74.828H198.249C198.357 74.636 198.513 74.42 198.717 74.18C198.933 73.94 199.215 73.73 199.563 73.55C199.923 73.37 200.379 73.28 200.931 73.28C201.675 73.28 202.281 73.454 202.749 73.802C203.217 74.138 203.559 74.576 203.775 75.116C203.991 75.644 204.099 76.202 204.099 76.79V83H201.363V77.258C201.363 76.802 201.237 76.4 200.985 76.052C200.745 75.704 200.355 75.53 199.815 75.53C199.407 75.53 199.083 75.626 198.843 75.818C198.603 76.01 198.429 76.256 198.321 76.556C198.213 76.856 198.159 77.174 198.159 77.51V83H195.423ZM212.251 77.834C211.807 77.834 211.441 77.684 211.153 77.384C210.865 77.084 210.721 76.724 210.721 76.304C210.721 75.872 210.865 75.512 211.153 75.224C211.441 74.924 211.807 74.774 212.251 74.774C212.695 74.774 213.061 74.924 213.349 75.224C213.649 75.512 213.799 75.872 213.799 76.304C213.799 76.724 213.649 77.084 213.349 77.384C213.061 77.684 212.695 77.834 212.251 77.834ZM220.156 83V69.68H222.928V80.588H229.444V83H220.156ZM234.301 83.18C233.629 83.18 233.071 83.036 232.627 82.748C232.195 82.46 231.871 82.076 231.655 81.596C231.439 81.104 231.331 80.552 231.331 79.94V73.46H234.049V79.4C234.049 79.856 234.169 80.228 234.409 80.516C234.649 80.792 235.003 80.93 235.471 80.93C235.867 80.93 236.179 80.834 236.407 80.642C236.647 80.45 236.821 80.204 236.929 79.904C237.037 79.604 237.091 79.286 237.091 78.95V73.46H239.827V83H237.091V81.65H236.983C236.779 82.022 236.461 82.37 236.029 82.694C235.609 83.018 235.033 83.18 234.301 83.18ZM242.687 86.51C242.363 86.51 242.105 86.498 241.913 86.474C241.721 86.45 241.625 86.438 241.625 86.438V84.242C241.625 84.242 241.703 84.248 241.859 84.26C242.027 84.272 242.231 84.278 242.471 84.278C243.047 84.278 243.521 84.194 243.893 84.026C244.265 83.87 244.589 83.558 244.865 83.09L241.337 73.46H244.073L246.287 79.922L248.447 73.46H251.201L247.781 82.622C247.469 83.498 247.091 84.224 246.647 84.8C246.215 85.376 245.681 85.802 245.045 86.078C244.409 86.366 243.623 86.51 242.687 86.51ZM253.333 72.272L255.655 69.032H257.833L260.155 72.272H258.013L256.735 70.4L255.475 72.272H253.333ZM256.825 83.18C255.985 83.18 255.259 83.042 254.647 82.766C254.035 82.478 253.531 82.1 253.135 81.632C252.739 81.152 252.439 80.618 252.235 80.03C252.043 79.442 251.947 78.836 251.947 78.212C251.947 77.612 252.043 77.024 252.235 76.448C252.427 75.86 252.715 75.326 253.099 74.846C253.495 74.366 253.993 73.988 254.593 73.712C255.193 73.424 255.907 73.28 256.735 73.28C257.623 73.28 258.403 73.472 259.075 73.856C259.747 74.24 260.275 74.81 260.659 75.566C261.043 76.31 261.235 77.216 261.235 78.284V78.95H254.701C254.737 79.526 254.935 80.024 255.295 80.444C255.667 80.864 256.177 81.074 256.825 81.074C257.197 81.074 257.497 81.02 257.725 80.912C257.965 80.792 258.151 80.66 258.283 80.516C258.415 80.36 258.505 80.222 258.553 80.102C258.613 79.982 258.643 79.922 258.643 79.922H261.163C261.163 79.922 261.133 80.036 261.073 80.264C261.013 80.48 260.899 80.75 260.731 81.074C260.563 81.398 260.317 81.722 259.993 82.046C259.681 82.37 259.267 82.64 258.751 82.856C258.235 83.072 257.593 83.18 256.825 83.18ZM254.701 77.294H258.607C258.583 76.634 258.385 76.142 258.013 75.818C257.653 75.494 257.209 75.332 256.681 75.332C256.153 75.332 255.703 75.506 255.331 75.854C254.971 76.19 254.761 76.67 254.701 77.294ZM256.735 87.428C256.315 87.428 255.967 87.284 255.691 86.996C255.427 86.72 255.295 86.39 255.295 86.006C255.295 85.61 255.427 85.268 255.691 84.98C255.967 84.704 256.315 84.566 256.735 84.566C257.143 84.566 257.479 84.704 257.743 84.98C258.019 85.268 258.157 85.61 258.157 86.006C258.157 86.39 258.019 86.72 257.743 86.996C257.479 87.284 257.143 87.428 256.735 87.428ZM263.095 83V73.46H265.831V74.828H265.921C266.029 74.636 266.185 74.42 266.389 74.18C266.605 73.94 266.887 73.73 267.235 73.55C267.595 73.37 268.051 73.28 268.603 73.28C269.347 73.28 269.953 73.454 270.421 73.802C270.889 74.138 271.231 74.576 271.447 75.116C271.663 75.644 271.771 76.202 271.771 76.79V83H269.035V77.258C269.035 76.802 268.909 76.4 268.657 76.052C268.417 75.704 268.027 75.53 267.487 75.53C267.079 75.53 266.755 75.626 266.515 75.818C266.275 76.01 266.101 76.256 265.993 76.556C265.885 76.856 265.831 77.174 265.831 77.51V83H263.095ZM282.069 83.18C281.361 83.18 280.743 83.042 280.215 82.766C279.699 82.478 279.267 82.1 278.919 81.632C278.571 81.152 278.307 80.618 278.127 80.03C277.959 79.442 277.875 78.842 277.875 78.23C277.875 77.618 277.959 77.018 278.127 76.43C278.307 75.842 278.571 75.314 278.919 74.846C279.267 74.366 279.699 73.988 280.215 73.712C280.743 73.424 281.361 73.28 282.069 73.28C282.681 73.28 283.185 73.382 283.581 73.586C283.977 73.778 284.277 73.988 284.481 74.216C284.697 74.444 284.829 74.6 284.877 74.684H285.021V72.668H282.681V70.868H285.021V69.32H287.757V70.868H289.233V72.668H287.757V83H285.021V81.776H284.877C284.829 81.86 284.697 82.016 284.481 82.244C284.277 82.472 283.977 82.688 283.581 82.892C283.185 83.084 282.681 83.18 282.069 83.18ZM282.861 80.966C283.353 80.966 283.761 80.834 284.085 80.57C284.421 80.294 284.667 79.946 284.823 79.526C284.991 79.106 285.075 78.674 285.075 78.23C285.075 77.786 284.991 77.354 284.823 76.934C284.667 76.514 284.421 76.172 284.085 75.908C283.761 75.632 283.353 75.494 282.861 75.494C282.369 75.494 281.955 75.632 281.619 75.908C281.295 76.172 281.049 76.514 280.881 76.934C280.725 77.354 280.647 77.786 280.647 78.23C280.647 78.674 280.725 79.106 280.881 79.526C281.049 79.946 281.295 80.294 281.619 80.57C281.955 80.834 282.369 80.966 282.861 80.966ZM295.324 83.18C294.256 83.18 293.35 82.952 292.606 82.496C291.862 82.028 291.292 81.422 290.896 80.678C290.512 79.922 290.32 79.106 290.32 78.23C290.32 77.354 290.512 76.544 290.896 75.8C291.292 75.044 291.862 74.438 292.606 73.982C293.35 73.514 294.256 73.28 295.324 73.28C296.392 73.28 297.298 73.514 298.042 73.982C298.786 74.438 299.35 75.044 299.734 75.8C300.13 76.544 300.328 77.354 300.328 78.23C300.328 79.106 300.13 79.922 299.734 80.678C299.35 81.422 298.786 82.028 298.042 82.496C297.298 82.952 296.392 83.18 295.324 83.18ZM295.324 80.948C295.804 80.948 296.212 80.822 296.548 80.57C296.884 80.318 297.136 79.988 297.304 79.58C297.484 79.16 297.574 78.71 297.574 78.23C297.574 77.738 297.484 77.288 297.304 76.88C297.136 76.472 296.884 76.142 296.548 75.89C296.212 75.638 295.804 75.512 295.324 75.512C294.844 75.512 294.436 75.638 294.1 75.89C293.764 76.142 293.506 76.472 293.326 76.88C293.158 77.288 293.074 77.738 293.074 78.23C293.074 78.71 293.158 79.16 293.326 79.58C293.506 79.988 293.764 80.318 294.1 80.57C294.436 80.822 294.844 80.948 295.324 80.948ZM295.324 87.446C294.904 87.446 294.556 87.302 294.28 87.014C294.016 86.738 293.884 86.402 293.884 86.006C293.884 85.61 294.016 85.274 294.28 84.998C294.556 84.722 294.904 84.584 295.324 84.584C295.732 84.584 296.068 84.722 296.332 84.998C296.608 85.274 296.746 85.61 296.746 86.006C296.746 86.402 296.608 86.738 296.332 87.014C296.068 87.302 295.732 87.446 295.324 87.446ZM307.048 83.18C306.208 83.18 305.476 83.042 304.852 82.766C304.228 82.478 303.712 82.1 303.304 81.632C302.896 81.164 302.59 80.636 302.386 80.048C302.182 79.448 302.08 78.842 302.08 78.23C302.08 77.618 302.182 77.018 302.386 76.43C302.59 75.842 302.896 75.314 303.304 74.846C303.712 74.366 304.228 73.988 304.852 73.712C305.476 73.424 306.208 73.28 307.048 73.28C307.9 73.28 308.602 73.406 309.154 73.658C309.706 73.898 310.144 74.204 310.468 74.576C310.804 74.936 311.05 75.302 311.206 75.674C311.362 76.034 311.458 76.34 311.494 76.592C311.542 76.832 311.566 76.952 311.566 76.952H309.01C309.01 76.952 308.986 76.88 308.938 76.736C308.902 76.58 308.818 76.406 308.686 76.214C308.566 76.01 308.38 75.836 308.128 75.692C307.876 75.536 307.54 75.458 307.12 75.458C306.604 75.458 306.172 75.59 305.824 75.854C305.488 76.106 305.236 76.442 305.068 76.862C304.9 77.282 304.816 77.738 304.816 78.23C304.816 78.722 304.9 79.178 305.068 79.598C305.236 80.018 305.488 80.36 305.824 80.624C306.172 80.876 306.604 81.002 307.12 81.002C307.54 81.002 307.876 80.93 308.128 80.786C308.38 80.63 308.566 80.456 308.686 80.264C308.818 80.06 308.902 79.886 308.938 79.742C308.986 79.586 309.01 79.508 309.01 79.508H311.566C311.566 79.508 311.542 79.634 311.494 79.886C311.458 80.126 311.362 80.432 311.206 80.804C311.05 81.164 310.804 81.53 310.468 81.902C310.144 82.262 309.706 82.568 309.154 82.82C308.602 83.06 307.9 83.18 307.048 83.18Z" fill="#0961F5"/>
<path d="M354.928 84.18C354.148 84.18 353.404 84.03 352.696 83.73C352 83.43 351.43 82.974 350.986 82.362C350.554 81.738 350.338 80.952 350.338 80.004H352.012C352.012 80.616 352.15 81.12 352.426 81.516C352.714 81.912 353.08 82.206 353.524 82.398C353.98 82.59 354.448 82.686 354.928 82.686C355.444 82.686 355.918 82.59 356.35 82.398C356.782 82.194 357.13 81.9 357.394 81.516C357.658 81.132 357.79 80.67 357.79 80.13C357.79 79.422 357.556 78.864 357.088 78.456C356.62 78.036 355.996 77.826 355.216 77.826H353.416V76.44H355.216C355.864 76.44 356.416 76.248 356.872 75.864C357.34 75.48 357.574 74.958 357.574 74.298C357.574 73.818 357.448 73.41 357.196 73.074C356.956 72.726 356.632 72.456 356.224 72.264C355.828 72.072 355.396 71.976 354.928 71.976C354.484 71.976 354.052 72.078 353.632 72.282C353.224 72.474 352.888 72.768 352.624 73.164C352.36 73.56 352.228 74.064 352.228 74.676H350.59C350.59 73.74 350.8 72.966 351.22 72.354C351.652 71.73 352.198 71.268 352.858 70.968C353.53 70.656 354.232 70.5 354.964 70.5C355.708 70.5 356.404 70.65 357.052 70.95C357.712 71.238 358.246 71.658 358.654 72.21C359.062 72.75 359.266 73.398 359.266 74.154C359.266 74.874 359.086 75.486 358.726 75.99C358.366 76.482 357.91 76.836 357.358 77.052V77.142C357.994 77.358 358.516 77.724 358.924 78.24C359.332 78.756 359.536 79.404 359.536 80.184C359.536 81.012 359.32 81.726 358.888 82.326C358.456 82.926 357.892 83.388 357.196 83.712C356.5 84.024 355.744 84.18 354.928 84.18ZM361.505 86.718L367.751 69.168H369.389L363.143 86.718H361.505ZM375.102 84.18C374.25 84.18 373.506 84.018 372.87 83.694C372.246 83.37 371.73 82.926 371.322 82.362C370.914 81.786 370.608 81.132 370.404 80.4C370.212 79.668 370.116 78.9 370.116 78.096C370.116 77.436 370.188 76.752 370.332 76.044C370.476 75.336 370.698 74.652 370.998 73.992C371.31 73.332 371.718 72.744 372.222 72.228C372.738 71.7 373.356 71.28 374.076 70.968C374.808 70.656 375.66 70.5 376.632 70.5C377.016 70.5 377.364 70.524 377.676 70.572C378 70.608 378.258 70.65 378.45 70.698C378.642 70.746 378.738 70.77 378.738 70.77V72.39C378.738 72.39 378.63 72.366 378.414 72.318C378.198 72.27 377.922 72.228 377.586 72.192C377.262 72.144 376.932 72.12 376.596 72.12C375.864 72.12 375.234 72.234 374.706 72.462C374.19 72.678 373.752 72.972 373.392 73.344C373.044 73.704 372.762 74.1 372.546 74.532C372.342 74.952 372.192 75.372 372.096 75.792C372 76.2 371.946 76.554 371.934 76.854C372.018 76.71 372.186 76.512 372.438 76.26C372.69 76.008 373.044 75.78 373.5 75.576C373.956 75.372 374.538 75.27 375.246 75.27C376.23 75.27 377.046 75.486 377.694 75.918C378.342 76.338 378.828 76.884 379.152 77.556C379.488 78.228 379.656 78.936 379.656 79.68C379.656 80.424 379.488 81.144 379.152 81.84C378.816 82.524 378.312 83.088 377.64 83.532C376.968 83.964 376.122 84.18 375.102 84.18ZM375.066 82.668C375.546 82.668 376.002 82.56 376.434 82.344C376.878 82.128 377.238 81.804 377.514 81.372C377.802 80.928 377.946 80.382 377.946 79.734C377.946 79.074 377.802 78.528 377.514 78.096C377.238 77.652 376.878 77.322 376.434 77.106C376.002 76.89 375.546 76.782 375.066 76.782C374.586 76.782 374.124 76.89 373.68 77.106C373.248 77.322 372.888 77.652 372.6 78.096C372.324 78.528 372.186 79.074 372.186 79.734C372.186 80.382 372.324 80.928 372.6 81.372C372.888 81.804 373.248 82.128 373.68 82.344C374.124 82.56 374.586 82.668 375.066 82.668Z" fill="#378ADD"/>
<path d="M381 101H47C45.3431 101 44 102.343 44 104C44 105.657 45.3431 107 47 107H381C382.657 107 384 105.657 384 104C384 102.343 382.657 101 381 101Z" fill="#E6F1FB"/>
<path d="M211 101H47C45.3431 101 44 102.343 44 104C44 105.657 45.3431 107 47 107H211C212.657 107 214 105.657 214 104C214 102.343 212.657 101 211 101Z" fill="#0961F5"/>
<path d="M374 125H54C48.4772 125 44 129.477 44 135V167C44 172.523 48.4772 177 54 177H374C379.523 177 384 172.523 384 167V135C384 129.477 379.523 125 374 125Z" fill="#EAF3DE"/>
<path d="M73 167C81.8366 167 89 159.837 89 151C89 142.163 81.8366 135 73 135C64.1634 135 57 142.163 57 151C57 159.837 64.1634 167 73 167Z" fill="#639922"/>
<path d="M78 146C78 143.239 75.7614 141 73 141C70.2386 141 68 143.239 68 146V150C68 152.761 70.2386 155 73 155C75.7614 155 78 152.761 78 150V146Z" fill="white"/>
<path d="M63 151C63 157 67 160 73 160C79 160 83 157 83 151" stroke="white" stroke-width="2" stroke-linecap="round"/>
<path d="M73 160V165" stroke="white" stroke-width="2" stroke-linecap="round"/>
<path d="M68 165H78" stroke="white" stroke-width="2" stroke-linecap="round"/>
<path d="M101.1 156V151.11H99.6V149.79H101.1V144.9H104.7C105.59 144.9 106.365 145.06 107.025 145.38C107.685 145.69 108.235 146.11 108.675 146.64C109.115 147.17 109.445 147.765 109.665 148.425C109.885 149.085 109.995 149.76 109.995 150.45C109.995 151.14 109.885 151.815 109.665 152.475C109.445 153.135 109.115 153.73 108.675 154.26C108.235 154.79 107.685 155.215 107.025 155.535C106.365 155.845 105.59 156 104.7 156H101.1ZM104.91 151.11H102.57V154.71H104.64C105.29 154.71 105.855 154.59 106.335 154.35C106.825 154.11 107.23 153.79 107.55 153.39C107.88 152.98 108.125 152.52 108.285 152.01C108.445 151.5 108.525 150.98 108.525 150.45C108.525 149.92 108.445 149.4 108.285 148.89C108.125 148.38 107.88 147.925 107.55 147.525C107.23 147.115 106.825 146.79 106.335 146.55C105.855 146.31 105.29 146.19 104.64 146.19H102.57V149.79H104.91V151.11ZM115.711 156.15C114.861 156.15 114.146 155.955 113.566 155.565C112.986 155.165 112.546 154.65 112.246 154.02C111.946 153.39 111.796 152.725 111.796 152.025C111.796 151.315 111.946 150.65 112.246 150.03C112.546 149.4 112.986 148.89 113.566 148.5C114.146 148.1 114.861 147.9 115.711 147.9C116.561 147.9 117.276 148.1 117.856 148.5C118.436 148.89 118.876 149.4 119.176 150.03C119.476 150.65 119.626 151.315 119.626 152.025C119.626 152.725 119.476 153.39 119.176 154.02C118.876 154.65 118.436 155.165 117.856 155.565C117.276 155.955 116.561 156.15 115.711 156.15ZM115.711 154.905C116.251 154.905 116.701 154.77 117.061 154.5C117.431 154.22 117.706 153.86 117.886 153.42C118.076 152.98 118.171 152.515 118.171 152.025C118.171 151.525 118.076 151.06 117.886 150.63C117.706 150.19 117.431 149.835 117.061 149.565C116.701 149.285 116.251 149.145 115.711 149.145C115.181 149.145 114.731 149.285 114.361 149.565C113.991 149.835 113.711 150.19 113.521 150.63C113.341 151.06 113.251 151.525 113.251 152.025C113.251 152.515 113.341 152.98 113.521 153.42C113.711 153.86 113.991 154.22 114.361 154.5C114.731 154.77 115.181 154.905 115.711 154.905ZM115.711 159.405C115.431 159.405 115.196 159.305 115.006 159.105C114.826 158.915 114.736 158.69 114.736 158.43C114.736 158.16 114.826 157.93 115.006 157.74C115.196 157.55 115.431 157.455 115.711 157.455C115.991 157.455 116.221 157.55 116.401 157.74C116.591 157.93 116.686 158.16 116.686 158.43C116.686 158.7 116.591 158.93 116.401 159.12C116.221 159.31 115.991 159.405 115.711 159.405ZM125.348 156.15C124.698 156.15 124.128 156.035 123.638 155.805C123.148 155.565 122.738 155.25 122.408 154.86C122.088 154.46 121.843 154.015 121.673 153.525C121.513 153.035 121.433 152.535 121.433 152.025C121.433 151.515 121.513 151.02 121.673 150.54C121.833 150.05 122.073 149.605 122.393 149.205C122.723 148.805 123.133 148.49 123.623 148.26C124.113 148.02 124.688 147.9 125.348 147.9C125.988 147.9 126.518 147.995 126.938 148.185C127.358 148.375 127.693 148.615 127.943 148.905C128.203 149.185 128.393 149.47 128.513 149.76C128.643 150.04 128.728 150.275 128.768 150.465C128.808 150.655 128.828 150.75 128.828 150.75H127.448C127.448 150.75 127.423 150.67 127.373 150.51C127.323 150.34 127.228 150.15 127.088 149.94C126.948 149.73 126.738 149.545 126.458 149.385C126.178 149.215 125.808 149.13 125.348 149.13C124.798 149.13 124.333 149.27 123.953 149.55C123.583 149.82 123.303 150.175 123.113 150.615C122.933 151.055 122.843 151.525 122.843 152.025C122.843 152.525 122.933 152.995 123.113 153.435C123.303 153.875 123.583 154.235 123.953 154.515C124.333 154.785 124.798 154.92 125.348 154.92C125.808 154.92 126.178 154.84 126.458 154.68C126.738 154.51 126.948 154.32 127.088 154.11C127.228 153.9 127.323 153.715 127.373 153.555C127.423 153.385 127.448 153.3 127.448 153.3H128.828C128.828 153.3 128.808 153.395 128.768 153.585C128.728 153.775 128.643 154.015 128.513 154.305C128.393 154.585 128.203 154.87 127.943 155.16C127.693 155.44 127.358 155.675 126.938 155.865C126.518 156.055 125.988 156.15 125.348 156.15ZM137.614 156.15C136.794 156.15 136.174 155.94 135.754 155.52C135.344 155.1 135.139 154.51 135.139 153.75V149.22H133.714V148.05H135.139V146.055H136.564V148.05H138.499V149.22H136.564V153.75C136.564 154.15 136.674 154.445 136.894 154.635C137.114 154.815 137.434 154.905 137.854 154.905C138.074 154.905 138.284 154.89 138.484 154.86C138.684 154.83 138.784 154.815 138.784 154.815V156.03C138.784 156.03 138.669 156.05 138.439 156.09C138.209 156.13 137.934 156.15 137.614 156.15ZM144.128 156.15C143.278 156.15 142.563 155.955 141.983 155.565C141.403 155.165 140.963 154.65 140.663 154.02C140.363 153.39 140.213 152.725 140.213 152.025C140.213 151.315 140.363 150.65 140.663 150.03C140.963 149.4 141.403 148.89 141.983 148.5C142.563 148.1 143.278 147.9 144.128 147.9C144.978 147.9 145.693 148.1 146.273 148.5C146.853 148.89 147.293 149.4 147.593 150.03C147.893 150.65 148.043 151.315 148.043 152.025C148.043 152.725 147.893 153.39 147.593 154.02C147.293 154.65 146.853 155.165 146.273 155.565C145.693 155.955 144.978 156.15 144.128 156.15ZM144.128 154.905C144.668 154.905 145.118 154.77 145.478 154.5C145.848 154.22 146.123 153.86 146.303 153.42C146.493 152.98 146.588 152.515 146.588 152.025C146.588 151.525 146.493 151.06 146.303 150.63C146.123 150.19 145.848 149.835 145.478 149.565C145.118 149.285 144.668 149.145 144.128 149.145C143.598 149.145 143.148 149.285 142.778 149.565C142.408 149.835 142.128 150.19 141.938 150.63C141.758 151.06 141.668 151.525 141.668 152.025C141.668 152.515 141.758 152.98 141.938 153.42C142.128 153.86 142.408 154.22 142.778 154.5C143.148 154.77 143.598 154.905 144.128 154.905ZM157.209 156.15C156.559 156.15 155.989 156.035 155.499 155.805C155.009 155.565 154.599 155.25 154.269 154.86C153.949 154.46 153.704 154.015 153.534 153.525C153.374 153.035 153.294 152.535 153.294 152.025C153.294 151.515 153.374 151.02 153.534 150.54C153.694 150.05 153.934 149.605 154.254 149.205C154.584 148.805 154.994 148.49 155.484 148.26C155.974 148.02 156.549 147.9 157.209 147.9C157.849 147.9 158.379 147.995 158.799 148.185C159.219 148.375 159.554 148.615 159.804 148.905C160.064 149.185 160.254 149.47 160.374 149.76C160.504 150.04 160.589 150.275 160.629 150.465C160.669 150.655 160.689 150.75 160.689 150.75H159.309C159.309 150.75 159.284 150.67 159.234 150.51C159.184 150.34 159.089 150.15 158.949 149.94C158.809 149.73 158.599 149.545 158.319 149.385C158.039 149.215 157.669 149.13 157.209 149.13C156.659 149.13 156.194 149.27 155.814 149.55C155.444 149.82 155.164 150.175 154.974 150.615C154.794 151.055 154.704 151.525 154.704 152.025C154.704 152.525 154.794 152.995 154.974 153.435C155.164 153.875 155.444 154.235 155.814 154.515C156.194 154.785 156.659 154.92 157.209 154.92C157.669 154.92 158.039 154.84 158.319 154.68C158.599 154.51 158.809 154.32 158.949 154.11C159.089 153.9 159.184 153.715 159.234 153.555C159.284 153.385 159.309 153.3 159.309 153.3H160.689C160.689 153.3 160.669 153.395 160.629 153.585C160.589 153.775 160.504 154.015 160.374 154.305C160.254 154.585 160.064 154.87 159.804 155.16C159.554 155.44 159.219 155.675 158.799 155.865C158.379 156.055 157.849 156.15 157.209 156.15ZM164.083 146.91L165.898 144.405H167.113L168.928 146.91H167.638L166.498 145.305L165.373 146.91H164.083ZM166.168 147.9C166.668 147.9 167.088 147.98 167.428 148.14C167.768 148.3 168.043 148.49 168.253 148.71C168.463 148.92 168.623 149.12 168.733 149.31H168.823V148.05H170.248V156H168.823V154.74H168.733C168.623 154.93 168.463 155.135 168.253 155.355C168.043 155.575 167.768 155.765 167.428 155.925C167.088 156.075 166.668 156.15 166.168 156.15C165.568 156.15 165.043 156.035 164.593 155.805C164.143 155.565 163.768 155.25 163.468 154.86C163.168 154.46 162.943 154.015 162.793 153.525C162.643 153.035 162.568 152.535 162.568 152.025C162.568 151.515 162.643 151.015 162.793 150.525C162.943 150.035 163.168 149.595 163.468 149.205C163.768 148.805 164.143 148.49 164.593 148.26C165.043 148.02 165.568 147.9 166.168 147.9ZM166.408 149.115C165.878 149.115 165.433 149.26 165.073 149.55C164.713 149.83 164.443 150.19 164.263 150.63C164.093 151.07 164.008 151.535 164.008 152.025C164.008 152.505 164.093 152.97 164.263 153.42C164.443 153.86 164.713 154.225 165.073 154.515C165.433 154.795 165.878 154.935 166.408 154.935C166.938 154.935 167.378 154.795 167.728 154.515C168.088 154.225 168.353 153.86 168.523 153.42C168.703 152.97 168.793 152.505 168.793 152.025C168.793 151.535 168.703 151.07 168.523 150.63C168.353 150.19 168.088 149.83 167.728 149.55C167.378 149.26 166.938 149.115 166.408 149.115ZM175.038 156.15C174.248 156.15 173.618 155.905 173.148 155.415C172.678 154.925 172.443 154.245 172.443 153.375V148.05H173.868V153.3C173.868 153.82 174.008 154.22 174.288 154.5C174.578 154.78 174.958 154.92 175.428 154.92C175.908 154.92 176.293 154.795 176.583 154.545C176.873 154.295 177.083 153.975 177.213 153.585C177.343 153.195 177.408 152.795 177.408 152.385V148.05H178.833V156H177.408V154.86H177.318C177.258 154.98 177.143 155.145 176.973 155.355C176.803 155.555 176.563 155.74 176.253 155.91C175.943 156.07 175.538 156.15 175.038 156.15ZM188.626 156.15C188.126 156.15 187.706 156.07 187.366 155.91C187.026 155.75 186.751 155.56 186.541 155.34C186.341 155.12 186.181 154.92 186.061 154.74H185.971V156H184.546V144.6H185.971V149.31H186.061C186.181 149.12 186.341 148.915 186.541 148.695C186.751 148.475 187.026 148.29 187.366 148.14C187.706 147.98 188.126 147.9 188.626 147.9C189.226 147.9 189.751 148.02 190.201 148.26C190.651 148.49 191.026 148.805 191.326 149.205C191.626 149.595 191.851 150.035 192.001 150.525C192.151 151.015 192.226 151.515 192.226 152.025C192.226 152.535 192.151 153.035 192.001 153.525C191.851 154.015 191.626 154.46 191.326 154.86C191.026 155.25 190.651 155.565 190.201 155.805C189.751 156.035 189.226 156.15 188.626 156.15ZM188.386 154.935C188.926 154.935 189.371 154.795 189.721 154.515C190.081 154.225 190.346 153.86 190.516 153.42C190.696 152.97 190.786 152.505 190.786 152.025C190.786 151.535 190.696 151.07 190.516 150.63C190.346 150.19 190.081 149.83 189.721 149.55C189.371 149.26 188.926 149.115 188.386 149.115C187.856 149.115 187.411 149.26 187.051 149.55C186.701 149.83 186.436 150.19 186.256 150.63C186.086 151.07 186.001 151.535 186.001 152.025C186.001 152.505 186.086 152.97 186.256 153.42C186.436 153.86 186.701 154.225 187.051 154.515C187.411 154.795 187.856 154.935 188.386 154.935ZM195.323 146.925L197.138 144.42H198.353L200.168 146.925H198.878L197.738 145.32L196.613 146.925H195.323ZM197.798 156.15C197.148 156.15 196.583 156.035 196.103 155.805C195.633 155.565 195.243 155.245 194.933 154.845C194.633 154.445 194.408 154.005 194.258 153.525C194.108 153.035 194.033 152.535 194.033 152.025C194.033 151.525 194.103 151.03 194.243 150.54C194.393 150.05 194.618 149.605 194.918 149.205C195.228 148.805 195.613 148.49 196.073 148.26C196.543 148.02 197.098 147.9 197.738 147.9C198.418 147.9 199.018 148.055 199.538 148.365C200.058 148.675 200.468 149.135 200.768 149.745C201.068 150.355 201.218 151.12 201.218 152.04V152.46H195.473C195.503 152.91 195.608 153.325 195.788 153.705C195.978 154.075 196.243 154.375 196.583 154.605C196.923 154.825 197.328 154.935 197.798 154.935C198.208 154.935 198.538 154.87 198.788 154.74C199.048 154.6 199.253 154.44 199.403 154.26C199.553 154.08 199.653 153.925 199.703 153.795C199.763 153.655 199.793 153.585 199.793 153.585H201.128C201.128 153.585 201.103 153.675 201.053 153.855C201.003 154.025 200.913 154.235 200.783 154.485C200.653 154.735 200.463 154.99 200.213 155.25C199.963 155.5 199.643 155.715 199.253 155.895C198.863 156.065 198.378 156.15 197.798 156.15ZM195.488 151.35H199.823C199.803 150.83 199.693 150.41 199.493 150.09C199.293 149.76 199.038 149.515 198.728 149.355C198.418 149.195 198.088 149.115 197.738 149.115C197.108 149.115 196.593 149.32 196.193 149.73C195.793 150.13 195.558 150.67 195.488 151.35ZM203.248 156V148.05H204.673V149.205H204.763C204.833 149.085 204.948 148.92 205.108 148.71C205.278 148.5 205.518 148.315 205.828 148.155C206.138 147.985 206.528 147.9 206.998 147.9C207.578 147.9 208.073 148.035 208.483 148.305C208.893 148.565 209.203 148.92 209.413 149.37C209.633 149.82 209.743 150.325 209.743 150.885V156H208.318V150.975C208.318 150.445 208.168 150.005 207.868 149.655C207.578 149.305 207.153 149.13 206.593 149.13C206.143 149.13 205.778 149.245 205.498 149.475C205.218 149.695 205.008 149.99 204.868 150.36C204.738 150.72 204.673 151.105 204.673 151.515V156H203.248ZM218.754 156.15C218.154 156.15 217.629 156.035 217.179 155.805C216.729 155.565 216.354 155.25 216.054 154.86C215.754 154.46 215.529 154.015 215.379 153.525C215.229 153.035 215.154 152.535 215.154 152.025C215.154 151.515 215.229 151.015 215.379 150.525C215.529 150.035 215.754 149.595 216.054 149.205C216.354 148.805 216.729 148.49 217.179 148.26C217.629 148.02 218.154 147.9 218.754 147.9C219.254 147.9 219.674 147.98 220.014 148.14C220.354 148.3 220.629 148.49 220.839 148.71C221.049 148.92 221.209 149.12 221.319 149.31H221.409V144.6H222.834V156H221.409V154.74H221.319C221.209 154.93 221.049 155.135 220.839 155.355C220.629 155.575 220.354 155.765 220.014 155.925C219.674 156.075 219.254 156.15 218.754 156.15ZM218.994 154.935C219.524 154.935 219.964 154.795 220.314 154.515C220.674 154.225 220.939 153.86 221.109 153.42C221.289 152.97 221.379 152.505 221.379 152.025C221.379 151.535 221.289 151.07 221.109 150.63C220.939 150.19 220.674 149.83 220.314 149.55C219.964 149.26 219.524 149.115 218.994 149.115C218.464 149.115 218.019 149.26 217.659 149.55C217.299 149.83 217.029 150.19 216.849 150.63C216.679 151.07 216.594 151.535 216.594 152.025C216.594 152.505 216.679 152.97 216.849 153.42C217.029 153.86 217.299 154.225 217.659 154.515C218.019 154.795 218.464 154.935 218.994 154.935ZM227.684 156.15C226.894 156.15 226.264 155.905 225.794 155.415C225.324 154.925 225.089 154.245 225.089 153.375V148.05H226.514V153.3C226.514 153.82 226.654 154.22 226.934 154.5C227.224 154.78 227.604 154.92 228.074 154.92C228.554 154.92 228.939 154.795 229.229 154.545C229.519 154.295 229.729 153.975 229.859 153.585C229.989 153.195 230.054 152.795 230.054 152.385V148.05H231.269C231.659 148.05 231.854 147.845 231.854 147.435V146.535H233.114V147.435C233.114 147.895 232.994 148.265 232.754 148.545C232.514 148.825 232.149 148.965 231.659 148.965H231.479V156H230.054V154.86H229.964C229.904 154.98 229.789 155.145 229.619 155.355C229.449 155.555 229.209 155.74 228.899 155.91C228.589 156.07 228.184 156.15 227.684 156.15ZM238.391 146.85L237.176 146.835L238.466 144.135H239.936L238.391 146.85ZM237.791 156.15C236.941 156.15 236.226 155.955 235.646 155.565C235.066 155.165 234.626 154.65 234.326 154.02C234.026 153.39 233.876 152.725 233.876 152.025C233.876 151.315 234.026 150.65 234.326 150.03C234.626 149.4 235.066 148.89 235.646 148.5C236.226 148.1 236.941 147.9 237.791 147.9H239.831C240.221 147.9 240.416 147.695 240.416 147.285V146.385H241.676V147.285C241.676 147.725 241.566 148.085 241.346 148.365C241.126 148.635 240.796 148.785 240.356 148.815C240.796 149.205 241.131 149.685 241.361 150.255C241.591 150.815 241.706 151.405 241.706 152.025C241.706 152.725 241.556 153.39 241.256 154.02C240.956 154.65 240.516 155.165 239.936 155.565C239.356 155.955 238.641 156.15 237.791 156.15ZM237.791 154.905C238.331 154.905 238.781 154.77 239.141 154.5C239.511 154.22 239.786 153.86 239.966 153.42C240.156 152.98 240.251 152.515 240.251 152.025C240.251 151.525 240.156 151.06 239.966 150.63C239.786 150.19 239.511 149.835 239.141 149.565C238.781 149.285 238.331 149.145 237.791 149.145C237.261 149.145 236.811 149.285 236.441 149.565C236.071 149.835 235.791 150.19 235.601 150.63C235.421 151.06 235.331 151.525 235.331 152.025C235.331 152.515 235.421 152.98 235.601 153.42C235.791 153.86 236.071 154.22 236.441 154.5C236.811 154.77 237.261 154.905 237.791 154.905ZM244.667 146.535C244.397 146.535 244.172 146.445 243.992 146.265C243.822 146.085 243.737 145.87 243.737 145.62C243.737 145.36 243.822 145.14 243.992 144.96C244.172 144.78 244.397 144.69 244.667 144.69C244.927 144.69 245.147 144.78 245.327 144.96C245.507 145.14 245.597 145.36 245.597 145.62C245.597 145.87 245.507 146.085 245.327 146.265C245.147 146.445 244.927 146.535 244.667 146.535ZM243.962 156V148.05H245.387V156H243.962ZM251.149 156V148.05H252.574V149.04H252.634C252.804 148.74 253.054 148.475 253.384 148.245C253.714 148.015 254.179 147.9 254.779 147.9C254.949 147.9 255.104 147.91 255.244 147.93C255.384 147.94 255.454 147.945 255.454 147.945V149.31C255.454 149.31 255.374 149.305 255.214 149.295C255.064 149.275 254.904 149.265 254.734 149.265C254.044 149.265 253.509 149.465 253.129 149.865C252.759 150.255 252.574 150.895 252.574 151.785V156H251.149ZM262.302 144.975L260.757 142.26H262.227L263.517 144.96L262.302 144.975ZM257.832 146.895L259.647 144.69H260.862L262.677 146.895H261.387L260.247 145.515L259.122 146.895H257.832ZM260.262 156.15C259.412 156.15 258.697 155.955 258.117 155.565C257.537 155.165 257.097 154.65 256.797 154.02C256.497 153.39 256.347 152.725 256.347 152.025C256.347 151.315 256.497 150.65 256.797 150.03C257.097 149.4 257.537 148.89 258.117 148.5C258.697 148.1 259.412 147.9 260.262 147.9C261.112 147.9 261.827 148.1 262.407 148.5C262.987 148.89 263.427 149.4 263.727 150.03C264.027 150.65 264.177 151.315 264.177 152.025C264.177 152.725 264.027 153.39 263.727 154.02C263.427 154.65 262.987 155.165 262.407 155.565C261.827 155.955 261.112 156.15 260.262 156.15ZM260.262 154.905C260.802 154.905 261.252 154.77 261.612 154.5C261.982 154.22 262.257 153.86 262.437 153.42C262.627 152.98 262.722 152.515 262.722 152.025C262.722 151.525 262.627 151.06 262.437 150.63C262.257 150.19 261.982 149.835 261.612 149.565C261.252 149.285 260.802 149.145 260.262 149.145C259.732 149.145 259.282 149.285 258.912 149.565C258.542 149.835 258.262 150.19 258.072 150.63C257.892 151.06 257.802 151.525 257.802 152.025C257.802 152.515 257.892 152.98 258.072 153.42C258.262 153.86 258.542 154.22 258.912 154.5C259.282 154.77 259.732 154.905 260.262 154.905ZM267.137 146.535C266.867 146.535 266.642 146.445 266.462 146.265C266.292 146.085 266.207 145.87 266.207 145.62C266.207 145.36 266.292 145.14 266.462 144.96C266.642 144.78 266.867 144.69 267.137 144.69C267.397 144.69 267.617 144.78 267.797 144.96C267.977 145.14 268.067 145.36 268.067 145.62C268.067 145.87 267.977 146.085 267.797 146.265C267.617 146.445 267.397 146.535 267.137 146.535ZM266.432 156V148.05H267.857V156H266.432ZM277.849 156.15C277.349 156.15 276.929 156.07 276.589 155.91C276.249 155.75 275.974 155.56 275.764 155.34C275.564 155.12 275.404 154.92 275.284 154.74H275.194V156H273.769V144.6H275.194V149.31H275.284C275.404 149.12 275.564 148.915 275.764 148.695C275.974 148.475 276.249 148.29 276.589 148.14C276.929 147.98 277.349 147.9 277.849 147.9C278.449 147.9 278.974 148.02 279.424 148.26C279.874 148.49 280.249 148.805 280.549 149.205C280.849 149.595 281.074 150.035 281.224 150.525C281.374 151.015 281.449 151.515 281.449 152.025C281.449 152.535 281.374 153.035 281.224 153.525C281.074 154.015 280.849 154.46 280.549 154.86C280.249 155.25 279.874 155.565 279.424 155.805C278.974 156.035 278.449 156.15 277.849 156.15ZM277.609 154.935C278.149 154.935 278.594 154.795 278.944 154.515C279.304 154.225 279.569 153.86 279.739 153.42C279.919 152.97 280.009 152.505 280.009 152.025C280.009 151.535 279.919 151.07 279.739 150.63C279.569 150.19 279.304 149.83 278.944 149.55C278.594 149.26 278.149 149.115 277.609 149.115C277.079 149.115 276.634 149.26 276.274 149.55C275.924 149.83 275.659 150.19 275.479 150.63C275.309 151.07 275.224 151.535 275.224 152.025C275.224 152.505 275.309 152.97 275.479 153.42C275.659 153.86 275.924 154.225 276.274 154.515C276.634 154.795 277.079 154.935 277.609 154.935ZM290.081 144.99L288.866 144.975L290.156 142.275H291.626L290.081 144.99ZM284.771 146.91L286.586 144.705H287.801L289.616 146.91H288.326L287.186 145.53L286.061 146.91H284.771ZM286.856 147.9C287.356 147.9 287.776 147.98 288.116 148.14C288.456 148.3 288.731 148.49 288.941 148.71C289.151 148.92 289.311 149.12 289.421 149.31H289.511V148.05H290.936V156H289.511V154.74H289.421C289.311 154.93 289.151 155.135 288.941 155.355C288.731 155.575 288.456 155.765 288.116 155.925C287.776 156.075 287.356 156.15 286.856 156.15C286.256 156.15 285.731 156.035 285.281 155.805C284.831 155.565 284.456 155.25 284.156 154.86C283.856 154.46 283.631 154.015 283.481 153.525C283.331 153.035 283.256 152.535 283.256 152.025C283.256 151.515 283.331 151.015 283.481 150.525C283.631 150.035 283.856 149.595 284.156 149.205C284.456 148.805 284.831 148.49 285.281 148.26C285.731 148.02 286.256 147.9 286.856 147.9ZM287.096 149.115C286.566 149.115 286.121 149.26 285.761 149.55C285.401 149.83 285.131 150.19 284.951 150.63C284.781 151.07 284.696 151.535 284.696 152.025C284.696 152.505 284.781 152.97 284.951 153.42C285.131 153.86 285.401 154.225 285.761 154.515C286.121 154.795 286.566 154.935 287.096 154.935C287.626 154.935 288.066 154.795 288.416 154.515C288.776 154.225 289.041 153.86 289.211 153.42C289.391 152.97 289.481 152.505 289.481 152.025C289.481 151.535 289.391 151.07 289.211 150.63C289.041 150.19 288.776 149.83 288.416 149.55C288.066 149.26 287.626 149.115 287.096 149.115ZM293.131 156V148.05H294.556V149.205H294.616C294.696 149.055 294.821 148.88 294.991 148.68C295.161 148.47 295.391 148.29 295.681 148.14C295.981 147.98 296.356 147.9 296.806 147.9C297.396 147.9 297.891 148.045 298.291 148.335C298.701 148.615 299.006 148.995 299.206 149.475H299.221C299.441 149.035 299.751 148.665 300.151 148.365C300.561 148.055 301.091 147.9 301.741 147.9C302.601 147.9 303.261 148.195 303.721 148.785C304.191 149.365 304.426 150.115 304.426 151.035V156H303.001V151.11C303.001 150.52 302.861 150.045 302.581 149.685C302.301 149.315 301.896 149.13 301.366 149.13C300.906 149.13 300.536 149.255 300.256 149.505C299.986 149.755 299.791 150.065 299.671 150.435C299.551 150.805 299.491 151.175 299.491 151.545V156H298.066V151.11C298.066 150.52 297.926 150.045 297.646 149.685C297.376 149.315 296.971 149.13 296.431 149.13C295.971 149.13 295.601 149.255 295.321 149.505C295.051 149.755 294.856 150.07 294.736 150.45C294.616 150.82 294.556 151.185 294.556 151.545V156H293.131ZM309.977 156V148.05H311.402V149.205H311.492C311.562 149.085 311.677 148.92 311.837 148.71C312.007 148.5 312.247 148.315 312.557 148.155C312.867 147.985 313.257 147.9 313.727 147.9C314.307 147.9 314.802 148.035 315.212 148.305C315.622 148.565 315.932 148.92 316.142 149.37C316.362 149.82 316.472 150.325 316.472 150.885V156H315.047V150.975C315.047 150.445 314.897 150.005 314.597 149.655C314.307 149.305 313.882 149.13 313.322 149.13C312.872 149.13 312.507 149.245 312.227 149.475C311.947 149.695 311.737 149.99 311.597 150.36C311.467 150.72 311.402 151.105 311.402 151.515V156H309.977ZM322.565 146.85L321.35 146.835L322.64 144.135H324.11L322.565 146.85ZM321.395 156.15C320.605 156.15 319.975 155.905 319.505 155.415C319.035 154.925 318.8 154.245 318.8 153.375V148.05H320.225V153.3C320.225 153.82 320.365 154.22 320.645 154.5C320.935 154.78 321.315 154.92 321.785 154.92C322.265 154.92 322.65 154.795 322.94 154.545C323.23 154.295 323.44 153.975 323.57 153.585C323.7 153.195 323.765 152.795 323.765 152.385V148.05H325.19V156H323.765V154.86H323.675C323.615 154.98 323.5 155.145 323.33 155.355C323.16 155.555 322.92 155.74 322.61 155.91C322.3 156.07 321.895 156.15 321.395 156.15ZM330.813 156.15C329.993 156.15 329.373 155.94 328.953 155.52C328.543 155.1 328.338 154.51 328.338 153.75V149.22H326.913V148.05H328.338V146.055H329.763V148.05H331.698V149.22H329.763V153.75C329.763 154.15 329.873 154.445 330.093 154.635C330.313 154.815 330.633 154.905 331.053 154.905C331.273 154.905 331.483 154.89 331.683 154.86C331.883 154.83 331.983 154.815 331.983 154.815V156.03C331.983 156.03 331.868 156.05 331.638 156.09C331.408 156.13 331.133 156.15 330.813 156.15ZM337.311 156V148.05H338.736V149.205H338.796C338.876 149.055 339.001 148.88 339.171 148.68C339.341 148.47 339.571 148.29 339.861 148.14C340.161 147.98 340.536 147.9 340.986 147.9C341.576 147.9 342.071 148.045 342.471 148.335C342.881 148.615 343.186 148.995 343.386 149.475H343.401C343.621 149.035 343.931 148.665 344.331 148.365C344.741 148.055 345.271 147.9 345.921 147.9C346.781 147.9 347.441 148.195 347.901 148.785C348.371 149.365 348.606 150.115 348.606 151.035V156H347.181V151.11C347.181 150.52 347.041 150.045 346.761 149.685C346.481 149.315 346.076 149.13 345.546 149.13C345.086 149.13 344.716 149.255 344.436 149.505C344.166 149.755 343.971 150.065 343.851 150.435C343.731 150.805 343.671 151.175 343.671 151.545V156H342.246V151.11C342.246 150.52 342.106 150.045 341.826 149.685C341.556 149.315 341.151 149.13 340.611 149.13C340.151 149.13 339.781 149.255 339.501 149.505C339.231 149.755 339.036 150.07 338.916 150.45C338.796 150.82 338.736 151.185 338.736 151.545V156H337.311ZM351.629 146.535C351.359 146.535 351.134 146.445 350.954 146.265C350.784 146.085 350.699 145.87 350.699 145.62C350.699 145.36 350.784 145.14 350.954 144.96C351.134 144.78 351.359 144.69 351.629 144.69C351.889 144.69 352.109 144.78 352.289 144.96C352.469 145.14 352.559 145.36 352.559 145.62C352.559 145.87 352.469 146.085 352.289 146.265C352.109 146.445 351.889 146.535 351.629 146.535ZM350.924 156V148.05H352.349V156H350.924ZM358.419 156.15C357.769 156.15 357.199 156.035 356.709 155.805C356.219 155.565 355.809 155.25 355.479 154.86C355.159 154.46 354.914 154.015 354.744 153.525C354.584 153.035 354.504 152.535 354.504 152.025C354.504 151.515 354.584 151.02 354.744 150.54C354.904 150.05 355.144 149.605 355.464 149.205C355.794 148.805 356.204 148.49 356.694 148.26C357.184 148.02 357.759 147.9 358.419 147.9C359.059 147.9 359.589 147.995 360.009 148.185C360.429 148.375 360.764 148.615 361.014 148.905C361.274 149.185 361.464 149.47 361.584 149.76C361.714 150.04 361.799 150.275 361.839 150.465C361.879 150.655 361.899 150.75 361.899 150.75H360.519C360.519 150.75 360.494 150.67 360.444 150.51C360.394 150.34 360.299 150.15 360.159 149.94C360.019 149.73 359.809 149.545 359.529 149.385C359.249 149.215 358.879 149.13 358.419 149.13C357.869 149.13 357.404 149.27 357.024 149.55C356.654 149.82 356.374 150.175 356.184 150.615C356.004 151.055 355.914 151.525 355.914 152.025C355.914 152.525 356.004 152.995 356.184 153.435C356.374 153.875 356.654 154.235 357.024 154.515C357.404 154.785 357.869 154.92 358.419 154.92C358.879 154.92 359.249 154.84 359.529 154.68C359.809 154.51 360.019 154.32 360.159 154.11C360.299 153.9 360.394 153.715 360.444 153.555C360.494 153.385 360.519 153.3 360.519 153.3H361.899C361.899 153.3 361.879 153.395 361.839 153.585C361.799 153.775 361.714 154.015 361.584 154.305C361.464 154.585 361.274 154.87 361.014 155.16C360.764 155.44 360.429 155.675 360.009 155.865C359.589 156.055 359.059 156.15 358.419 156.15Z" fill="#3B6D11"/>
<path d="M370 193H58C50.268 193 44 199.268 44 207V289C44 296.732 50.268 303 58 303H370C377.732 303 384 296.732 384 289V207C384 199.268 377.732 193 370 193Z" fill="#F5F5F0" stroke="#E0E0E0" stroke-width="0.5"/>
<path d="M65.904 234V213.28H70.216V234H65.904ZM80.4782 234V212.72H84.7342V221.288H84.8742C85.0422 220.989 85.2849 220.653 85.6022 220.28C85.9382 219.907 86.3769 219.58 86.9182 219.3C87.4782 219.02 88.1876 218.88 89.0462 218.88C90.2036 218.88 91.1462 219.151 91.8742 219.692C92.6022 220.215 93.1342 220.896 93.4702 221.736C93.8062 222.557 93.9742 223.425 93.9742 224.34V234H89.7182V225.068C89.7182 224.359 89.5222 223.733 89.1302 223.192C88.7569 222.651 88.1502 222.38 87.3102 222.38C86.6756 222.38 86.1716 222.529 85.7982 222.828C85.4249 223.127 85.1542 223.509 84.9862 223.976C84.8182 224.443 84.7342 224.937 84.7342 225.46V234H80.4782ZM103.397 218.88C104.349 218.88 105.133 219.039 105.749 219.356C106.365 219.655 106.832 219.981 107.149 220.336C107.485 220.691 107.691 220.933 107.765 221.064H107.989V219.16H112.245V234H107.989V232.096H107.765C107.691 232.227 107.485 232.469 107.149 232.824C106.832 233.179 106.365 233.515 105.749 233.832C105.133 234.131 104.349 234.28 103.397 234.28C102.296 234.28 101.335 234.065 100.513 233.636C99.7106 233.188 99.0386 232.6 98.4973 231.872C97.956 231.125 97.5453 230.295 97.2653 229.38C97.004 228.465 96.8733 227.532 96.8733 226.58C96.8733 225.628 97.004 224.695 97.2653 223.78C97.5453 222.865 97.956 222.044 98.4973 221.316C99.0386 220.569 99.7106 219.981 100.513 219.552C101.335 219.104 102.296 218.88 103.397 218.88ZM104.629 222.324C103.864 222.324 103.22 222.539 102.697 222.968C102.193 223.379 101.811 223.911 101.549 224.564C101.307 225.217 101.185 225.889 101.185 226.58C101.185 227.271 101.307 227.943 101.549 228.596C101.811 229.249 102.193 229.791 102.697 230.22C103.22 230.631 103.864 230.836 104.629 230.836C105.395 230.836 106.029 230.631 106.533 230.22C107.056 229.791 107.439 229.249 107.681 228.596C107.943 227.943 108.073 227.271 108.073 226.58C108.073 225.889 107.943 225.217 107.681 224.564C107.439 223.911 107.056 223.379 106.533 222.968C106.029 222.539 105.395 222.324 104.629 222.324ZM119.404 234L113.972 219.16H118.228L121.7 229.212L125.032 219.16H129.316L123.856 234H119.404ZM138.231 234.28C136.924 234.28 135.795 234.065 134.843 233.636C133.891 233.188 133.107 232.6 132.491 231.872C131.875 231.125 131.408 230.295 131.091 229.38C130.792 228.465 130.643 227.523 130.643 226.552C130.643 225.619 130.783 224.704 131.063 223.808C131.362 222.893 131.81 222.063 132.407 221.316C133.023 220.569 133.798 219.981 134.731 219.552C135.683 219.104 136.803 218.88 138.091 218.88C139.454 218.88 140.658 219.179 141.703 219.776C142.767 220.373 143.598 221.26 144.195 222.436C144.792 223.593 145.091 225.003 145.091 226.664V227.7H134.927C134.983 228.596 135.291 229.371 135.851 230.024C136.43 230.677 137.223 231.004 138.231 231.004C138.81 231.004 139.276 230.92 139.631 230.752C140.004 230.565 140.294 230.36 140.499 230.136C140.704 229.893 140.844 229.679 140.919 229.492C140.994 229.305 141.031 229.212 141.031 229.212H144.951C144.951 229.212 144.904 229.389 144.811 229.744C144.736 230.08 144.568 230.5 144.307 231.004C144.046 231.508 143.663 232.012 143.159 232.516C142.674 233.02 142.03 233.44 141.227 233.776C140.424 234.112 139.426 234.28 138.231 234.28ZM134.927 225.124H141.003C140.947 224.097 140.639 223.332 140.079 222.828C139.519 222.324 138.828 222.072 138.007 222.072C137.186 222.072 136.486 222.343 135.907 222.884C135.328 223.407 135.002 224.153 134.927 225.124ZM160.929 218.88C161.881 218.88 162.665 219.039 163.281 219.356C163.897 219.655 164.363 219.981 164.681 220.336C165.017 220.691 165.222 220.933 165.297 221.064H165.521V219.16H169.777V234H165.521V232.096H165.297C165.222 232.227 165.017 232.469 164.681 232.824C164.363 233.179 163.897 233.515 163.281 233.832C162.665 234.131 161.881 234.28 160.929 234.28C159.827 234.28 158.866 234.065 158.045 233.636C157.242 233.188 156.57 232.6 156.029 231.872C155.487 231.125 155.077 230.295 154.797 229.38C154.535 228.465 154.405 227.532 154.405 226.58C154.405 225.628 154.535 224.695 154.797 223.78C155.077 222.865 155.487 222.044 156.029 221.316C156.57 220.569 157.242 219.981 158.045 219.552C158.866 219.104 159.827 218.88 160.929 218.88ZM162.161 222.324C161.395 222.324 160.751 222.539 160.229 222.968C159.725 223.379 159.342 223.911 159.081 224.564C158.838 225.217 158.717 225.889 158.717 226.58C158.717 227.271 158.838 227.943 159.081 228.596C159.342 229.249 159.725 229.791 160.229 230.22C160.751 230.631 161.395 230.836 162.161 230.836C162.926 230.836 163.561 230.631 164.065 230.22C164.587 229.791 164.97 229.249 165.213 228.596C165.474 227.943 165.605 227.271 165.605 226.58C165.605 225.889 165.474 225.217 165.213 224.564C164.97 223.911 164.587 223.379 164.065 222.968C163.561 222.539 162.926 222.324 162.161 222.324ZM185.727 234.28C184.495 234.28 183.478 234.112 182.675 233.776C181.873 233.44 181.229 233.029 180.743 232.544C180.277 232.04 179.922 231.545 179.679 231.06C179.455 230.556 179.306 230.136 179.231 229.8C179.175 229.464 179.147 229.296 179.147 229.296H183.095C183.095 229.296 183.123 229.389 183.179 229.576C183.235 229.763 183.357 229.977 183.543 230.22C183.749 230.463 184.038 230.677 184.411 230.864C184.785 231.051 185.289 231.144 185.923 231.144C186.707 231.144 187.239 230.985 187.519 230.668C187.818 230.351 187.967 230.033 187.967 229.716C187.967 229.044 187.417 228.596 186.315 228.372L184.299 227.98C183.441 227.812 182.629 227.569 181.863 227.252C181.117 226.916 180.51 226.459 180.043 225.88C179.595 225.283 179.371 224.517 179.371 223.584C179.371 222.688 179.605 221.885 180.071 221.176C180.538 220.467 181.201 219.907 182.059 219.496C182.937 219.085 183.982 218.88 185.195 218.88C186.334 218.88 187.277 219.039 188.023 219.356C188.789 219.655 189.395 220.037 189.843 220.504C190.291 220.952 190.627 221.409 190.851 221.876C191.075 222.324 191.215 222.707 191.271 223.024C191.346 223.323 191.383 223.472 191.383 223.472H187.575C187.575 223.472 187.519 223.351 187.407 223.108C187.295 222.847 187.062 222.595 186.707 222.352C186.371 222.091 185.849 221.96 185.139 221.96C184.411 221.96 183.907 222.109 183.627 222.408C183.347 222.688 183.207 222.987 183.207 223.304C183.207 223.677 183.366 223.957 183.683 224.144C184.019 224.331 184.449 224.48 184.971 224.592L186.903 224.984C188.322 225.264 189.489 225.759 190.403 226.468C191.318 227.159 191.775 228.167 191.775 229.492C191.775 230.388 191.542 231.2 191.075 231.928C190.609 232.656 189.927 233.235 189.031 233.664C188.135 234.075 187.034 234.28 185.727 234.28ZM201.165 234.28C200.008 234.28 199.084 234.112 198.393 233.776C197.702 233.421 197.18 232.983 196.825 232.46C196.47 231.919 196.237 231.349 196.125 230.752C196.013 230.155 195.957 229.604 195.957 229.1V222.548H193.437V219.16H195.957V215.492H200.213V219.16H203.377V222.548H200.213V228.988C200.213 229.604 200.372 230.08 200.689 230.416C201.025 230.752 201.576 230.92 202.341 230.92C202.677 230.92 202.985 230.892 203.265 230.836C203.545 230.78 203.685 230.752 203.685 230.752V234.028C203.685 234.028 203.433 234.065 202.929 234.14C202.425 234.233 201.837 234.28 201.165 234.28ZM213.896 234.28C212.234 234.28 210.825 233.925 209.668 233.216C208.51 232.488 207.624 231.545 207.008 230.388C206.41 229.212 206.112 227.943 206.112 226.58C206.112 225.217 206.41 223.957 207.008 222.8C207.624 221.624 208.51 220.681 209.668 219.972C210.825 219.244 212.234 218.88 213.896 218.88C215.557 218.88 216.966 219.244 218.124 219.972C219.281 220.681 220.158 221.624 220.756 222.8C221.372 223.957 221.68 225.217 221.68 226.58C221.68 227.943 221.372 229.212 220.756 230.388C220.158 231.545 219.281 232.488 218.124 233.216C216.966 233.925 215.557 234.28 213.896 234.28ZM213.896 230.808C214.642 230.808 215.268 230.612 215.772 230.22C216.294 229.828 216.696 229.315 216.976 228.68C217.256 228.027 217.396 227.327 217.396 226.58C217.396 225.815 217.256 225.115 216.976 224.48C216.696 223.845 216.294 223.332 215.772 222.94C215.268 222.548 214.642 222.352 213.896 222.352C213.149 222.352 212.514 222.548 211.992 222.94C211.469 223.332 211.068 223.845 210.788 224.48C210.526 225.115 210.396 225.815 210.396 226.58C210.396 227.327 210.526 228.027 210.788 228.68C211.068 229.315 211.469 229.828 211.992 230.22C212.514 230.612 213.149 230.808 213.896 230.808ZM224.573 234V219.16H228.829V221.176H228.969C229.287 220.635 229.763 220.121 230.397 219.636C231.032 219.132 231.9 218.88 233.001 218.88C234.121 218.88 235.017 219.141 235.689 219.664C236.38 220.187 236.884 220.831 237.201 221.596H237.257C237.5 221.167 237.817 220.747 238.209 220.336C238.62 219.907 239.124 219.561 239.721 219.3C240.337 219.02 241.056 218.88 241.877 218.88C242.904 218.88 243.753 219.113 244.425 219.58C245.097 220.047 245.592 220.663 245.909 221.428C246.245 222.175 246.413 222.977 246.413 223.836V234H242.157V224.9C242.157 224.172 241.971 223.575 241.597 223.108C241.243 222.623 240.701 222.38 239.973 222.38C239.413 222.38 238.956 222.52 238.601 222.8C238.265 223.08 238.013 223.444 237.845 223.892C237.696 224.321 237.621 224.769 237.621 225.236V234H233.365V224.9C233.365 224.172 233.179 223.575 232.805 223.108C232.451 222.623 231.909 222.38 231.181 222.38C230.621 222.38 230.164 222.52 229.809 222.8C229.473 223.08 229.221 223.444 229.053 223.892C228.904 224.321 228.829 224.769 228.829 225.236V234H224.573ZM255.839 218.88C256.791 218.88 257.575 219.039 258.191 219.356C258.807 219.655 259.273 219.981 259.591 220.336C259.927 220.691 260.132 220.933 260.207 221.064H260.431V219.16H264.687V234H260.431V232.096H260.207C260.132 232.227 259.927 232.469 259.591 232.824C259.273 233.179 258.807 233.515 258.191 233.832C257.575 234.131 256.791 234.28 255.839 234.28C254.737 234.28 253.776 234.065 252.955 233.636C252.152 233.188 251.48 232.6 250.939 231.872C250.397 231.125 249.987 230.295 249.707 229.38C249.445 228.465 249.315 227.532 249.315 226.58C249.315 225.628 249.445 224.695 249.707 223.78C249.987 222.865 250.397 222.044 250.939 221.316C251.48 220.569 252.152 219.981 252.955 219.552C253.776 219.104 254.737 218.88 255.839 218.88ZM257.071 222.324C256.305 222.324 255.661 222.539 255.139 222.968C254.635 223.379 254.252 223.911 253.991 224.564C253.748 225.217 253.627 225.889 253.627 226.58C253.627 227.271 253.748 227.943 253.991 228.596C254.252 229.249 254.635 229.791 255.139 230.22C255.661 230.631 256.305 230.836 257.071 230.836C257.836 230.836 258.471 230.631 258.975 230.22C259.497 229.791 259.88 229.249 260.123 228.596C260.384 227.943 260.515 227.271 260.515 226.58C260.515 225.889 260.384 225.217 260.123 224.564C259.88 223.911 259.497 223.379 258.975 222.968C258.471 222.539 257.836 222.324 257.071 222.324ZM275.636 234.28C274.33 234.28 273.191 234.065 272.22 233.636C271.25 233.188 270.447 232.6 269.812 231.872C269.178 231.144 268.702 230.323 268.384 229.408C268.067 228.475 267.908 227.532 267.908 226.58C267.908 225.628 268.067 224.695 268.384 223.78C268.702 222.865 269.178 222.044 269.812 221.316C270.447 220.569 271.25 219.981 272.22 219.552C273.191 219.104 274.33 218.88 275.636 218.88C276.962 218.88 278.054 219.076 278.912 219.468C279.771 219.841 280.452 220.317 280.956 220.896C281.479 221.456 281.862 222.025 282.104 222.604C282.347 223.164 282.496 223.64 282.552 224.032C282.627 224.405 282.664 224.592 282.664 224.592H278.688C278.688 224.592 278.651 224.48 278.576 224.256C278.52 224.013 278.39 223.743 278.184 223.444C277.998 223.127 277.708 222.856 277.316 222.632C276.924 222.389 276.402 222.268 275.748 222.268C274.946 222.268 274.274 222.473 273.732 222.884C273.21 223.276 272.818 223.799 272.556 224.452C272.295 225.105 272.164 225.815 272.164 226.58C272.164 227.345 272.295 228.055 272.556 228.708C272.818 229.361 273.21 229.893 273.732 230.304C274.274 230.696 274.946 230.892 275.748 230.892C276.402 230.892 276.924 230.78 277.316 230.556C277.708 230.313 277.998 230.043 278.184 229.744C278.39 229.427 278.52 229.156 278.576 228.932C278.651 228.689 278.688 228.568 278.688 228.568H282.664C282.664 228.568 282.627 228.764 282.552 229.156C282.496 229.529 282.347 230.005 282.104 230.584C281.862 231.144 281.479 231.713 280.956 232.292C280.452 232.852 279.771 233.328 278.912 233.72C278.054 234.093 276.962 234.28 275.636 234.28ZM285.994 234V212.72H290.25V221.288H290.39C290.558 220.989 290.801 220.653 291.118 220.28C291.454 219.907 291.893 219.58 292.434 219.3C292.994 219.02 293.703 218.88 294.562 218.88C295.719 218.88 296.662 219.151 297.39 219.692C298.118 220.215 298.65 220.896 298.986 221.736C299.322 222.557 299.49 223.425 299.49 224.34V234H295.234V225.068C295.234 224.359 295.038 223.733 294.646 223.192C294.273 222.651 293.666 222.38 292.826 222.38C292.191 222.38 291.687 222.529 291.314 222.828C290.941 223.127 290.67 223.509 290.502 223.976C290.334 224.443 290.25 224.937 290.25 225.46V234H285.994ZM308.913 218.88C309.865 218.88 310.649 219.039 311.265 219.356C311.881 219.655 312.348 219.981 312.665 220.336C313.001 220.691 313.206 220.933 313.281 221.064H313.505V219.16H317.761V234H313.505V232.096H313.281C313.206 232.227 313.001 232.469 312.665 232.824C312.348 233.179 311.881 233.515 311.265 233.832C310.649 234.131 309.865 234.28 308.913 234.28C307.812 234.28 306.85 234.065 306.029 233.636C305.226 233.188 304.554 232.6 304.013 231.872C303.472 231.125 303.061 230.295 302.781 229.38C302.52 228.465 302.389 227.532 302.389 226.58C302.389 225.628 302.52 224.695 302.781 223.78C303.061 222.865 303.472 222.044 304.013 221.316C304.554 220.569 305.226 219.981 306.029 219.552C306.85 219.104 307.812 218.88 308.913 218.88ZM310.145 222.324C309.38 222.324 308.736 222.539 308.213 222.968C307.709 223.379 307.326 223.911 307.065 224.564C306.822 225.217 306.701 225.889 306.701 226.58C306.701 227.271 306.822 227.943 307.065 228.596C307.326 229.249 307.709 229.791 308.213 230.22C308.736 230.631 309.38 230.836 310.145 230.836C310.91 230.836 311.545 230.631 312.049 230.22C312.572 229.791 312.954 229.249 313.197 228.596C313.458 227.943 313.589 227.271 313.589 226.58C313.589 225.889 313.458 225.217 313.197 224.564C312.954 223.911 312.572 223.379 312.049 222.968C311.545 222.539 310.91 222.324 310.145 222.324ZM328.711 234.28C327.404 234.28 326.265 234.065 325.295 233.636C324.324 233.188 323.521 232.6 322.887 231.872C322.252 231.144 321.776 230.323 321.459 229.408C321.141 228.475 320.983 227.532 320.983 226.58C320.983 225.628 321.141 224.695 321.459 223.78C321.776 222.865 322.252 222.044 322.887 221.316C323.521 220.569 324.324 219.981 325.295 219.552C326.265 219.104 327.404 218.88 328.711 218.88C330.036 218.88 331.128 219.076 331.987 219.468C332.845 219.841 333.527 220.317 334.031 220.896C334.553 221.456 334.936 222.025 335.179 222.604C335.421 223.164 335.571 223.64 335.627 224.032C335.701 224.405 335.739 224.592 335.739 224.592H331.763C331.763 224.592 331.725 224.48 331.651 224.256C331.595 224.013 331.464 223.743 331.259 223.444C331.072 223.127 330.783 222.856 330.391 222.632C329.999 222.389 329.476 222.268 328.823 222.268C328.02 222.268 327.348 222.473 326.807 222.884C326.284 223.276 325.892 223.799 325.631 224.452C325.369 225.105 325.239 225.815 325.239 226.58C325.239 227.345 325.369 228.055 325.631 228.708C325.892 229.361 326.284 229.893 326.807 230.304C327.348 230.696 328.02 230.892 328.823 230.892C329.476 230.892 329.999 230.78 330.391 230.556C330.783 230.313 331.072 230.043 331.259 229.744C331.464 229.427 331.595 229.156 331.651 228.932C331.725 228.689 331.763 228.568 331.763 228.568H335.739C335.739 228.568 335.701 228.764 335.627 229.156C335.571 229.529 335.421 230.005 335.179 230.584C334.936 231.144 334.553 231.713 334.031 232.292C333.527 232.852 332.845 233.328 331.987 233.72C331.128 234.093 330.036 234.28 328.711 234.28ZM339.068 234V212.72H343.324V221.288H343.464C343.632 220.989 343.875 220.653 344.192 220.28C344.528 219.907 344.967 219.58 345.508 219.3C346.068 219.02 346.777 218.88 347.636 218.88C348.793 218.88 349.736 219.151 350.464 219.692C351.192 220.215 351.724 220.896 352.06 221.736C352.396 222.557 352.564 223.425 352.564 224.34V234H348.308V225.068C348.308 224.359 348.112 223.733 347.72 223.192C347.347 222.651 346.74 222.38 345.9 222.38C345.265 222.38 344.761 222.529 344.388 222.828C344.015 223.127 343.744 223.509 343.576 223.976C343.408 224.443 343.324 224.937 343.324 225.46V234H339.068ZM363.051 234.28C361.744 234.28 360.615 234.065 359.663 233.636C358.711 233.188 357.927 232.6 357.311 231.872C356.695 231.125 356.228 230.295 355.911 229.38C355.612 228.465 355.463 227.523 355.463 226.552C355.463 225.619 355.603 224.704 355.883 223.808C356.182 222.893 356.63 222.063 357.227 221.316C357.843 220.569 358.618 219.981 359.551 219.552C360.503 219.104 361.623 218.88 362.911 218.88C364.274 218.88 365.478 219.179 366.523 219.776C367.587 220.373 368.418 221.26 369.015 222.436C369.612 223.593 369.911 225.003 369.911 226.664V227.7H359.747C359.803 228.596 360.111 229.371 360.671 230.024C361.25 230.677 362.043 231.004 363.051 231.004C363.63 231.004 364.096 230.92 364.451 230.752C364.824 230.565 365.114 230.36 365.319 230.136C365.524 229.893 365.664 229.679 365.739 229.492C365.814 229.305 365.851 229.212 365.851 229.212H369.771C369.771 229.212 369.724 229.389 369.631 229.744C369.556 230.08 369.388 230.5 369.127 231.004C368.866 231.508 368.483 232.012 367.979 232.516C367.494 233.02 366.85 233.44 366.047 233.776C365.244 234.112 364.246 234.28 363.051 234.28ZM359.747 225.124H365.823C365.767 224.097 365.459 223.332 364.899 222.828C364.339 222.324 363.648 222.072 362.827 222.072C362.006 222.072 361.306 222.343 360.727 222.884C360.148 223.407 359.822 224.153 359.747 225.124ZM376.048 234.28C375.338 234.28 374.76 234.047 374.312 233.58C373.864 233.095 373.64 232.535 373.64 231.9C373.64 231.228 373.864 230.659 374.312 230.192C374.76 229.725 375.338 229.492 376.048 229.492C376.72 229.492 377.28 229.725 377.728 230.192C378.194 230.659 378.428 231.228 378.428 231.9C378.428 232.553 378.194 233.113 377.728 233.58C377.28 234.047 376.72 234.28 376.048 234.28Z" fill="#1A1A1A"/>
<path d="M69.918 272V258.316H64.902V255.72H77.926V258.316H72.91V272H69.918ZM79.9318 258.8L82.7038 254.928H85.0798L87.8518 258.8H85.4758L83.8918 256.49L82.3078 258.8H79.9318ZM83.8918 272.22C82.6011 272.22 81.5084 271.934 80.6138 271.362C79.7338 270.79 79.0591 270.049 78.5898 269.14C78.1351 268.216 77.9078 267.226 77.9078 266.17C77.9078 265.114 78.1351 264.131 78.5898 263.222C79.0591 262.298 79.7338 261.55 80.6138 260.978C81.5084 260.406 82.6011 260.12 83.8918 260.12C85.1824 260.12 86.2678 260.406 87.1478 260.978C88.0424 261.55 88.7171 262.298 89.1718 263.222C89.6411 264.131 89.8758 265.114 89.8758 266.17C89.8758 267.226 89.6411 268.216 89.1718 269.14C88.7171 270.049 88.0424 270.79 87.1478 271.362C86.2678 271.934 85.1824 272.22 83.8918 272.22ZM83.8918 269.778C84.5371 269.778 85.0871 269.609 85.5418 269.272C85.9964 268.935 86.3411 268.495 86.5758 267.952C86.8104 267.395 86.9278 266.801 86.9278 266.17C86.9278 265.525 86.8104 264.931 86.5758 264.388C86.3411 263.845 85.9964 263.405 85.5418 263.068C85.0871 262.731 84.5371 262.562 83.8918 262.562C83.2464 262.562 82.6964 262.731 82.2418 263.068C81.7871 263.405 81.4424 263.845 81.2078 264.388C80.9731 264.931 80.8558 265.525 80.8558 266.17C80.8558 266.801 80.9731 267.395 81.2078 267.952C81.4424 268.495 81.7871 268.935 82.2418 269.272C82.6964 269.609 83.2464 269.778 83.8918 269.778ZM94.2373 258.536C93.7239 258.536 93.2986 258.367 92.9613 258.03C92.6386 257.693 92.4773 257.289 92.4773 256.82C92.4773 256.351 92.6386 255.947 92.9613 255.61C93.2986 255.273 93.7239 255.104 94.2373 255.104C94.7506 255.104 95.1759 255.273 95.5133 255.61C95.8506 255.947 96.0193 256.351 96.0193 256.82C96.0193 257.289 95.8506 257.693 95.5133 258.03C95.1759 258.367 94.7506 258.536 94.2373 258.536ZM92.7853 272V260.34H95.7113V272H92.7853ZM110.663 272.22C109.915 272.22 109.299 272.103 108.815 271.868C108.331 271.619 107.95 271.347 107.671 271.054C107.407 270.761 107.224 270.533 107.121 270.372H106.967V272H104.041V255.28H106.967V261.968H107.121C107.224 261.792 107.407 261.557 107.671 261.264C107.95 260.971 108.331 260.707 108.815 260.472C109.299 260.237 109.915 260.12 110.663 260.12C111.543 260.12 112.306 260.296 112.951 260.648C113.596 260.985 114.132 261.447 114.557 262.034C114.982 262.606 115.298 263.251 115.503 263.97C115.723 264.689 115.833 265.422 115.833 266.17C115.833 266.918 115.723 267.651 115.503 268.37C115.298 269.089 114.982 269.741 114.557 270.328C114.132 270.9 113.596 271.362 112.951 271.714C112.306 272.051 111.543 272.22 110.663 272.22ZM109.893 269.822C110.568 269.822 111.125 269.646 111.565 269.294C112.005 268.927 112.335 268.465 112.555 267.908C112.775 267.351 112.885 266.771 112.885 266.17C112.885 265.569 112.775 264.989 112.555 264.432C112.335 263.875 112.005 263.42 111.565 263.068C111.125 262.701 110.568 262.518 109.893 262.518C109.233 262.518 108.683 262.701 108.243 263.068C107.803 263.42 107.473 263.875 107.253 264.432C107.033 264.989 106.923 265.569 106.923 266.17C106.923 266.771 107.033 267.351 107.253 267.908C107.473 268.465 107.803 268.927 108.243 269.294C108.683 269.646 109.233 269.822 109.893 269.822ZM120.257 258.536C119.744 258.536 119.319 258.367 118.981 258.03C118.644 257.693 118.475 257.289 118.475 256.82C118.475 256.351 118.644 255.947 118.981 255.61C119.319 255.273 119.744 255.104 120.257 255.104C120.756 255.104 121.174 255.273 121.511 255.61C121.863 255.947 122.039 256.351 122.039 256.82C122.039 257.289 121.863 257.693 121.511 258.03C121.174 258.367 120.756 258.536 120.257 258.536ZM118.805 272V260.34H121.731V272H118.805ZM120.257 277.28C119.773 277.28 119.377 277.119 119.069 276.796C118.761 276.473 118.607 276.092 118.607 275.652C118.607 275.197 118.761 274.809 119.069 274.486C119.377 274.163 119.773 274.002 120.257 274.002C120.727 274.002 121.115 274.163 121.423 274.486C121.731 274.809 121.885 275.197 121.885 275.652C121.885 276.092 121.731 276.473 121.423 276.796C121.115 277.119 120.727 277.28 120.257 277.28ZM134.919 272.22C134.053 272.22 133.298 272.051 132.653 271.714C132.007 271.362 131.465 270.9 131.025 270.328C130.599 269.741 130.277 269.089 130.057 268.37C129.851 267.651 129.749 266.918 129.749 266.17C129.749 265.422 129.851 264.689 130.057 263.97C130.277 263.251 130.599 262.606 131.025 262.034C131.465 261.447 132.007 260.985 132.653 260.648C133.298 260.296 134.053 260.12 134.919 260.12C135.667 260.12 136.283 260.245 136.767 260.494C137.251 260.729 137.632 260.993 137.911 261.286C138.189 261.565 138.38 261.792 138.483 261.968H138.615V259.262H135.689V257.26H138.615V255.28H141.541V257.26H143.411V259.262H141.541V272H138.615V270.372H138.483C138.38 270.548 138.189 270.783 137.911 271.076C137.632 271.369 137.251 271.633 136.767 271.868C136.283 272.103 135.667 272.22 134.919 272.22ZM135.689 269.822C136.349 269.822 136.899 269.646 137.339 269.294C137.779 268.927 138.109 268.465 138.329 267.908C138.549 267.351 138.659 266.771 138.659 266.17C138.659 265.569 138.549 264.989 138.329 264.432C138.109 263.875 137.779 263.42 137.339 263.068C136.899 262.701 136.349 262.518 135.689 262.518C135.029 262.518 134.471 262.701 134.017 263.068C133.577 263.42 133.247 263.875 133.027 264.432C132.807 264.989 132.697 265.569 132.697 266.17C132.697 266.771 132.807 267.351 133.027 267.908C133.247 268.465 133.577 268.927 134.017 269.294C134.471 269.646 135.029 269.822 135.689 269.822ZM150.065 260.12C150.813 260.12 151.429 260.245 151.913 260.494C152.397 260.729 152.778 260.993 153.057 261.286C153.336 261.565 153.526 261.792 153.629 261.968H153.761V260.34H156.687V272H153.761V270.372H153.629C153.526 270.548 153.336 270.783 153.057 271.076C152.778 271.369 152.397 271.633 151.913 271.868C151.429 272.103 150.813 272.22 150.065 272.22C149.2 272.22 148.444 272.051 147.799 271.714C147.154 271.362 146.611 270.9 146.171 270.328C145.746 269.741 145.423 269.089 145.203 268.37C144.998 267.651 144.895 266.918 144.895 266.17C144.895 265.422 144.998 264.689 145.203 263.97C145.423 263.251 145.746 262.606 146.171 262.034C146.611 261.447 147.154 260.985 147.799 260.648C148.444 260.296 149.2 260.12 150.065 260.12ZM150.835 262.518C150.175 262.518 149.618 262.701 149.163 263.068C148.723 263.42 148.393 263.875 148.173 264.432C147.953 264.989 147.843 265.569 147.843 266.17C147.843 266.771 147.953 267.351 148.173 267.908C148.393 268.465 148.723 268.927 149.163 269.294C149.618 269.646 150.175 269.822 150.835 269.822C151.495 269.822 152.045 269.646 152.485 269.294C152.925 268.927 153.255 268.465 153.475 267.908C153.695 267.351 153.805 266.771 153.805 266.17C153.805 265.569 153.695 264.989 153.475 264.432C153.255 263.875 152.925 263.42 152.485 263.068C152.045 262.701 151.495 262.518 150.835 262.518ZM163.205 272.22C161.987 272.22 161.063 271.846 160.433 271.098C159.817 270.35 159.509 269.389 159.509 268.216V260.34H162.413V267.732C162.413 268.363 162.581 268.869 162.919 269.25C163.256 269.617 163.733 269.8 164.349 269.8C164.891 269.8 165.331 269.661 165.669 269.382C166.006 269.103 166.248 268.744 166.395 268.304C166.556 267.864 166.637 267.409 166.637 266.94V260.34H169.563V272H166.637V270.328H166.505C166.358 270.592 166.145 270.871 165.867 271.164C165.603 271.457 165.251 271.707 164.811 271.912C164.385 272.117 163.85 272.22 163.205 272.22ZM184.204 272.22C183.456 272.22 182.84 272.103 182.356 271.868C181.872 271.619 181.491 271.347 181.212 271.054C180.948 270.761 180.765 270.533 180.662 270.372H180.508V272H177.582V255.28H180.508V261.968H180.662C180.765 261.792 180.948 261.557 181.212 261.264C181.491 260.971 181.872 260.707 182.356 260.472C182.84 260.237 183.456 260.12 184.204 260.12C185.084 260.12 185.847 260.296 186.492 260.648C187.137 260.985 187.673 261.447 188.098 262.034C188.523 262.606 188.839 263.251 189.044 263.97C189.264 264.689 189.374 265.422 189.374 266.17C189.374 266.918 189.264 267.651 189.044 268.37C188.839 269.089 188.523 269.741 188.098 270.328C187.673 270.9 187.137 271.362 186.492 271.714C185.847 272.051 185.084 272.22 184.204 272.22ZM183.434 269.822C184.109 269.822 184.666 269.646 185.106 269.294C185.546 268.927 185.876 268.465 186.096 267.908C186.316 267.351 186.426 266.771 186.426 266.17C186.426 265.569 186.316 264.989 186.096 264.432C185.876 263.875 185.546 263.42 185.106 263.068C184.666 262.701 184.109 262.518 183.434 262.518C182.774 262.518 182.224 262.701 181.784 263.068C181.344 263.42 181.014 263.875 180.794 264.432C180.574 264.989 180.464 265.569 180.464 266.17C180.464 266.771 180.574 267.351 180.794 267.908C181.014 268.465 181.344 268.927 181.784 269.294C182.224 269.646 182.774 269.822 183.434 269.822ZM195.866 272.22C194.649 272.22 193.725 271.846 193.094 271.098C192.478 270.35 192.17 269.389 192.17 268.216V260.34H195.074V267.732C195.074 268.363 195.243 268.869 195.58 269.25C195.918 269.617 196.394 269.8 197.01 269.8C197.553 269.8 197.993 269.661 198.33 269.382C198.668 269.103 198.91 268.744 199.056 268.304C199.218 267.864 199.298 267.409 199.298 266.94V260.34H202.224V272H199.298V270.328H199.166C199.02 270.592 198.807 270.871 198.528 271.164C198.264 271.457 197.912 271.707 197.472 271.912C197.047 272.117 196.512 272.22 195.866 272.22ZM197.164 277.28C196.68 277.28 196.284 277.119 195.976 276.796C195.668 276.473 195.514 276.092 195.514 275.652C195.514 275.197 195.668 274.809 195.976 274.486C196.284 274.163 196.68 274.002 197.164 274.002C197.634 274.002 198.022 274.163 198.33 274.486C198.638 274.809 198.792 275.197 198.792 275.652C198.792 276.092 198.638 276.473 198.33 276.796C198.022 277.119 197.634 277.28 197.164 277.28ZM205.077 272V260.34H208.003V262.012H208.135C208.252 261.807 208.436 261.557 208.685 261.264C208.934 260.956 209.279 260.692 209.719 260.472C210.159 260.237 210.716 260.12 211.391 260.12C212.286 260.12 213.019 260.325 213.591 260.736C214.178 261.132 214.61 261.66 214.889 262.32C215.182 262.98 215.329 263.691 215.329 264.454V272H212.403V264.85C212.403 264.219 212.227 263.677 211.875 263.222C211.523 262.767 210.995 262.54 210.291 262.54C209.748 262.54 209.308 262.679 208.971 262.958C208.634 263.222 208.384 263.567 208.223 263.992C208.076 264.417 208.003 264.865 208.003 265.334V272H205.077ZM223.82 276.664C222.778 276.664 221.913 276.525 221.224 276.246C220.549 275.982 220.014 275.652 219.618 275.256C219.222 274.875 218.928 274.486 218.738 274.09C218.547 273.694 218.422 273.364 218.364 273.1C218.305 272.836 218.276 272.704 218.276 272.704H221.136C221.136 272.704 221.165 272.785 221.224 272.946C221.282 273.107 221.4 273.291 221.576 273.496C221.766 273.716 222.038 273.907 222.39 274.068C222.742 274.229 223.211 274.31 223.798 274.31C224.824 274.31 225.565 274.017 226.02 273.43C226.474 272.843 226.702 272.132 226.702 271.296V269.998H226.57C226.408 270.247 226.174 270.519 225.866 270.812C225.572 271.105 225.184 271.355 224.7 271.56C224.23 271.765 223.658 271.868 222.984 271.868C222.118 271.868 221.363 271.699 220.718 271.362C220.072 271.025 219.53 270.577 219.09 270.02C218.65 269.463 218.32 268.839 218.1 268.15C217.894 267.446 217.792 266.727 217.792 265.994C217.792 265.261 217.894 264.549 218.1 263.86C218.32 263.156 218.65 262.525 219.09 261.968C219.53 261.396 220.072 260.949 220.718 260.626C221.363 260.289 222.118 260.12 222.984 260.12C223.658 260.12 224.23 260.223 224.7 260.428C225.184 260.633 225.572 260.883 225.866 261.176C226.174 261.455 226.408 261.719 226.57 261.968H226.702V260.34H229.628V271.274C229.628 272.286 229.415 273.195 228.99 274.002C228.564 274.823 227.919 275.469 227.054 275.938C226.203 276.422 225.125 276.664 223.82 276.664ZM223.754 269.514C224.414 269.514 224.964 269.345 225.404 269.008C225.844 268.656 226.174 268.216 226.394 267.688C226.614 267.145 226.724 266.581 226.724 265.994C226.724 265.393 226.614 264.828 226.394 264.3C226.174 263.757 225.844 263.317 225.404 262.98C224.964 262.643 224.414 262.474 223.754 262.474C223.079 262.474 222.514 262.643 222.06 262.98C221.62 263.317 221.29 263.757 221.07 264.3C220.85 264.828 220.74 265.393 220.74 265.994C220.74 266.581 220.85 267.145 221.07 267.688C221.29 268.216 221.62 268.656 222.06 269.008C222.514 269.345 223.079 269.514 223.754 269.514ZM234.496 272.22C233.997 272.22 233.587 272.051 233.264 271.714C232.941 271.362 232.78 270.951 232.78 270.482C232.78 270.013 232.941 269.609 233.264 269.272C233.587 268.935 233.997 268.766 234.496 268.766C234.995 268.766 235.405 268.935 235.728 269.272C236.065 269.609 236.234 270.013 236.234 270.482C236.234 270.966 236.065 271.377 235.728 271.714C235.405 272.051 234.995 272.22 234.496 272.22Z" fill="#888780"/>
<path d="M302 319H126C116.611 319 109 326.611 109 336C109 345.389 116.611 353 126 353H302C311.389 353 319 345.389 319 336C319 326.611 311.389 319 302 319Z" fill="#E6F1FB"/>
<path d="M142.28 333.98C142.714 333.98 143.078 334.049 143.372 334.188C143.667 334.327 143.905 334.491 144.087 334.682C144.269 334.864 144.408 335.037 144.503 335.202H144.581V334.11H145.816V341H144.581V339.908H144.503C144.408 340.073 144.269 340.25 144.087 340.441C143.905 340.632 143.667 340.796 143.372 340.935C143.078 341.065 142.714 341.13 142.28 341.13C141.76 341.13 141.305 341.03 140.915 340.831C140.525 340.623 140.2 340.35 139.94 340.012C139.68 339.665 139.485 339.28 139.355 338.855C139.225 338.43 139.16 337.997 139.16 337.555C139.16 337.113 139.225 336.68 139.355 336.255C139.485 335.83 139.68 335.449 139.94 335.111C140.2 334.764 140.525 334.491 140.915 334.292C141.305 334.084 141.76 333.98 142.28 333.98ZM142.488 335.033C142.029 335.033 141.643 335.159 141.331 335.41C141.019 335.653 140.785 335.965 140.629 336.346C140.482 336.727 140.408 337.13 140.408 337.555C140.408 337.971 140.482 338.374 140.629 338.764C140.785 339.145 141.019 339.462 141.331 339.713C141.643 339.956 142.029 340.077 142.488 340.077C142.948 340.077 143.329 339.956 143.632 339.713C143.944 339.462 144.174 339.145 144.321 338.764C144.477 338.374 144.555 337.971 144.555 337.555C144.555 337.13 144.477 336.727 144.321 336.346C144.174 335.965 143.944 335.653 143.632 335.41C143.329 335.159 142.948 335.033 142.488 335.033ZM147.701 343.535C147.501 343.535 147.332 343.526 147.194 343.509C147.055 343.492 146.986 343.483 146.986 343.483V342.43C146.986 342.43 147.055 342.434 147.194 342.443C147.341 342.46 147.497 342.469 147.662 342.469C148.173 342.469 148.589 342.361 148.91 342.144C149.239 341.936 149.516 341.589 149.742 341.104L147.077 334.11H148.364L150.353 339.492L152.355 334.11H153.655L150.99 341.013C150.652 341.88 150.214 342.517 149.677 342.924C149.148 343.331 148.489 343.535 147.701 343.535ZM159.147 336.736C158.904 336.736 158.701 336.654 158.536 336.489C158.38 336.316 158.302 336.116 158.302 335.891C158.302 335.657 158.38 335.458 158.536 335.293C158.701 335.128 158.904 335.046 159.147 335.046C159.39 335.046 159.589 335.128 159.745 335.293C159.91 335.458 159.992 335.657 159.992 335.891C159.992 336.125 159.91 336.324 159.745 336.489C159.589 336.654 159.39 336.736 159.147 336.736ZM164.456 341V331.12H165.691V335.111H165.769C165.829 335.007 165.929 334.864 166.068 334.682C166.215 334.5 166.423 334.34 166.692 334.201C166.96 334.054 167.298 333.98 167.706 333.98C168.208 333.98 168.637 334.097 168.993 334.331C169.348 334.556 169.617 334.864 169.799 335.254C169.989 335.644 170.085 336.082 170.085 336.567V341H168.85V336.645C168.85 336.186 168.72 335.804 168.46 335.501C168.208 335.198 167.84 335.046 167.355 335.046C166.965 335.046 166.648 335.146 166.406 335.345C166.163 335.536 165.981 335.791 165.86 336.112C165.747 336.424 165.691 336.758 165.691 337.113V341H164.456ZM174.18 341.13C173.738 341.13 173.335 341.052 172.971 340.896C172.607 340.74 172.316 340.506 172.1 340.194C171.883 339.882 171.775 339.501 171.775 339.05C171.775 338.409 172.013 337.906 172.49 337.542C172.966 337.169 173.599 336.983 174.388 336.983H176.351V336.593C176.351 336.368 176.307 336.129 176.221 335.878C176.134 335.627 175.974 335.414 175.74 335.241C175.514 335.059 175.185 334.968 174.752 334.968C174.379 334.968 174.08 335.033 173.855 335.163C173.638 335.284 173.478 335.427 173.374 335.592C173.27 335.757 173.2 335.904 173.166 336.034C173.131 336.155 173.114 336.216 173.114 336.216H171.918C171.918 336.216 171.935 336.142 171.97 335.995C172.004 335.839 172.069 335.653 172.165 335.436C172.269 335.211 172.42 334.99 172.62 334.773C172.828 334.548 173.101 334.361 173.439 334.214C173.777 334.058 174.197 333.98 174.7 333.98C175.384 333.98 175.926 334.123 176.325 334.409C176.723 334.695 176.979 335.029 177.092 335.41H177.131C177.243 335.176 177.408 334.951 177.625 334.734C177.85 334.517 178.132 334.34 178.47 334.201C178.816 334.054 179.224 333.98 179.692 333.98C180.281 333.98 180.805 334.114 181.265 334.383C181.733 334.652 182.101 335.055 182.37 335.592C182.638 336.129 182.773 336.797 182.773 337.594V337.958H177.612C177.629 338.339 177.72 338.695 177.885 339.024C178.058 339.353 178.301 339.622 178.613 339.83C178.925 340.029 179.297 340.129 179.731 340.129C180.086 340.129 180.381 340.068 180.615 339.947C180.849 339.826 181.031 339.683 181.161 339.518C181.299 339.353 181.395 339.21 181.447 339.089C181.499 338.968 181.525 338.907 181.525 338.907H182.695C182.695 338.907 182.669 338.985 182.617 339.141C182.573 339.288 182.491 339.47 182.37 339.687C182.248 339.904 182.075 340.125 181.85 340.35C181.633 340.567 181.347 340.753 180.992 340.909C180.645 341.056 180.216 341.13 179.705 341.13C179.133 341.13 178.652 341.035 178.262 340.844C177.88 340.645 177.577 340.419 177.352 340.168C177.135 339.908 176.983 339.687 176.897 339.505H176.832C176.832 339.505 176.793 339.587 176.715 339.752C176.645 339.917 176.515 340.107 176.325 340.324C176.134 340.532 175.865 340.718 175.519 340.883C175.172 341.048 174.726 341.13 174.18 341.13ZM177.599 337.009H181.564C181.538 336.506 181.434 336.108 181.252 335.813C181.078 335.51 180.853 335.293 180.576 335.163C180.298 335.033 179.995 334.968 179.666 334.968C179.085 334.968 178.604 335.15 178.223 335.514C177.85 335.869 177.642 336.368 177.599 337.009ZM174.401 340.181C174.808 340.181 175.155 340.086 175.441 339.895C175.735 339.704 175.961 339.453 176.117 339.141C176.273 338.82 176.351 338.474 176.351 338.101V337.932H174.388C173.911 337.932 173.556 338.04 173.322 338.257C173.088 338.465 172.971 338.729 172.971 339.05C172.971 339.431 173.114 339.717 173.4 339.908C173.694 340.09 174.028 340.181 174.401 340.181ZM186.377 341L183.751 334.11H185.038L187.053 339.492L189.029 334.11H190.329L187.69 341H186.377ZM195.824 336.736C195.581 336.736 195.377 336.654 195.213 336.489C195.057 336.316 194.979 336.116 194.979 335.891C194.979 335.657 195.057 335.458 195.213 335.293C195.377 335.128 195.581 335.046 195.824 335.046C196.066 335.046 196.266 335.128 196.422 335.293C196.586 335.458 196.669 335.657 196.669 335.891C196.669 336.125 196.586 336.324 196.422 336.489C196.266 336.654 196.066 336.736 195.824 336.736ZM203.355 333.902C204.023 333.902 204.608 334.036 205.11 334.305C205.613 334.574 206.003 334.972 206.28 335.501C206.566 336.03 206.709 336.684 206.709 337.464C206.709 338.227 206.579 338.881 206.319 339.427C206.068 339.973 205.708 340.393 205.24 340.688C204.781 340.983 204.244 341.13 203.628 341.13C203.039 341.13 202.528 341 202.094 340.74C201.661 340.48 201.327 340.116 201.093 339.648C200.868 339.171 200.755 338.617 200.755 337.984V337.295H205.526C205.509 336.506 205.305 335.908 204.915 335.501C204.534 335.085 203.997 334.877 203.303 334.877C202.861 334.877 202.467 334.92 202.12 335.007C201.782 335.085 201.431 335.202 201.067 335.358V334.357C201.423 334.201 201.774 334.088 202.12 334.019C202.467 333.941 202.879 333.902 203.355 333.902ZM201.951 338.205C201.96 338.595 202.021 338.942 202.133 339.245C202.255 339.54 202.441 339.774 202.692 339.947C202.944 340.112 203.26 340.194 203.641 340.194C204.187 340.194 204.616 340.021 204.928 339.674C205.249 339.319 205.44 338.829 205.5 338.205H201.951ZM212.467 336.736C212.225 336.736 212.021 336.654 211.856 336.489C211.7 336.316 211.622 336.116 211.622 335.891C211.622 335.657 211.7 335.458 211.856 335.293C212.021 335.128 212.225 335.046 212.467 335.046C212.71 335.046 212.909 335.128 213.065 335.293C213.23 335.458 213.312 335.657 213.312 335.891C213.312 336.125 213.23 336.324 213.065 336.489C212.909 336.654 212.71 336.736 212.467 336.736ZM218.296 331.12V334.552H217.256V331.12H218.296ZM222.25 341.13C221.721 341.13 221.284 341.056 220.937 340.909C220.599 340.762 220.33 340.58 220.131 340.363C219.932 340.138 219.784 339.917 219.689 339.7C219.594 339.475 219.533 339.288 219.507 339.141C219.481 338.994 219.468 338.92 219.468 338.92H220.716C220.716 338.92 220.729 338.981 220.755 339.102C220.79 339.215 220.855 339.349 220.95 339.505C221.054 339.652 221.21 339.787 221.418 339.908C221.635 340.021 221.921 340.077 222.276 340.077C222.683 340.077 223 339.982 223.225 339.791C223.45 339.592 223.563 339.349 223.563 339.063C223.563 338.812 223.472 338.612 223.29 338.465C223.117 338.318 222.865 338.205 222.536 338.127L221.6 337.906C221.253 337.819 220.928 337.702 220.625 337.555C220.322 337.408 220.075 337.208 219.884 336.957C219.702 336.697 219.611 336.376 219.611 335.995C219.611 335.406 219.832 334.925 220.274 334.552C220.716 334.171 221.292 333.98 222.003 333.98C222.48 333.98 222.874 334.049 223.186 334.188C223.498 334.318 223.745 334.483 223.927 334.682C224.118 334.881 224.256 335.081 224.343 335.28C224.438 335.479 224.499 335.648 224.525 335.787C224.551 335.917 224.564 335.982 224.564 335.982H223.368C223.368 335.982 223.355 335.934 223.329 335.839C223.303 335.735 223.242 335.622 223.147 335.501C223.06 335.371 222.926 335.258 222.744 335.163C222.562 335.059 222.319 335.007 222.016 335.007C221.6 335.007 221.297 335.102 221.106 335.293C220.915 335.484 220.82 335.692 220.82 335.917C220.82 336.134 220.907 336.311 221.08 336.45C221.262 336.58 221.496 336.68 221.782 336.749L222.731 336.97C223.32 337.109 223.806 337.338 224.187 337.659C224.577 337.971 224.772 338.422 224.772 339.011C224.772 339.392 224.672 339.748 224.473 340.077C224.274 340.398 223.988 340.653 223.615 340.844C223.242 341.035 222.787 341.13 222.25 341.13ZM229.127 341.13C228.417 341.13 227.879 340.948 227.515 340.584C227.16 340.22 226.982 339.709 226.982 339.05V335.124H225.747V334.11H226.982V332.381H228.217V334.11H229.894V335.124H228.217V339.05C228.217 339.397 228.313 339.652 228.503 339.817C228.694 339.973 228.971 340.051 229.335 340.051C229.526 340.051 229.708 340.038 229.881 340.012C230.055 339.986 230.141 339.973 230.141 339.973V341.026C230.141 341.026 230.042 341.043 229.842 341.078C229.643 341.113 229.405 341.13 229.127 341.13ZM234.818 334.032L237.457 341H236.235L234.753 336.892C234.684 336.701 234.61 336.489 234.532 336.255C234.454 336.021 234.385 335.796 234.324 335.579C234.263 335.362 234.22 335.185 234.194 335.046H234.142C234.116 335.185 234.068 335.367 233.999 335.592C233.93 335.809 233.856 336.034 233.778 336.268C233.7 336.493 233.626 336.701 233.557 336.892L232.075 341H230.853L233.505 334.032H234.818ZM238.365 341V334.11H239.6V335.111H239.652C239.721 334.981 239.829 334.829 239.977 334.656C240.124 334.474 240.323 334.318 240.575 334.188C240.835 334.049 241.16 333.98 241.55 333.98C242.061 333.98 242.49 334.106 242.837 334.357C243.192 334.6 243.456 334.929 243.63 335.345H243.643C243.833 334.964 244.102 334.643 244.449 334.383C244.804 334.114 245.263 333.98 245.827 333.98C246.572 333.98 247.144 334.236 247.543 334.747C247.95 335.25 248.154 335.9 248.154 336.697V341H246.919V336.762C246.919 336.251 246.797 335.839 246.555 335.527C246.312 335.206 245.961 335.046 245.502 335.046C245.103 335.046 244.782 335.154 244.54 335.371C244.306 335.588 244.137 335.856 244.033 336.177C243.929 336.498 243.877 336.818 243.877 337.139V341H242.642V336.762C242.642 336.251 242.52 335.839 242.278 335.527C242.044 335.206 241.693 335.046 241.225 335.046C240.826 335.046 240.505 335.154 240.263 335.371C240.029 335.588 239.86 335.861 239.756 336.19C239.652 336.511 239.6 336.827 239.6 337.139V341H238.365ZM250.917 341.13C250.674 341.13 250.471 341.048 250.306 340.883C250.15 340.71 250.072 340.51 250.072 340.285C250.072 340.051 250.15 339.852 250.306 339.687C250.471 339.522 250.674 339.44 250.917 339.44C251.16 339.44 251.359 339.522 251.515 339.687C251.68 339.852 251.762 340.051 251.762 340.285C251.762 340.519 251.68 340.718 251.515 340.883C251.359 341.048 251.16 341.13 250.917 341.13ZM256.041 333.902C256.708 333.902 257.293 334.036 257.796 334.305C258.298 334.574 258.688 334.972 258.966 335.501C259.252 336.03 259.395 336.684 259.395 337.464C259.395 338.227 259.265 338.881 259.005 339.427C258.753 339.973 258.394 340.393 257.926 340.688C257.466 340.983 256.929 341.13 256.314 341.13C255.724 341.13 255.213 341 254.78 340.74C254.346 340.48 254.013 340.116 253.779 339.648C253.553 339.171 253.441 338.617 253.441 337.984V337.295H258.212C258.194 336.506 257.991 335.908 257.601 335.501C257.219 335.085 256.682 334.877 255.989 334.877C255.547 334.877 255.152 334.92 254.806 335.007C254.468 335.085 254.117 335.202 253.753 335.358V334.357C254.108 334.201 254.459 334.088 254.806 334.019C255.152 333.941 255.564 333.902 256.041 333.902ZM254.637 338.205C254.645 338.595 254.706 338.942 254.819 339.245C254.94 339.54 255.126 339.774 255.378 339.947C255.629 340.112 255.945 340.194 256.327 340.194C256.873 340.194 257.302 340.021 257.614 339.674C257.934 339.319 258.125 338.829 258.186 338.205H254.637ZM261.975 341.13C261.732 341.13 261.528 341.048 261.364 340.883C261.208 340.71 261.13 340.51 261.13 340.285C261.13 340.051 261.208 339.852 261.364 339.687C261.528 339.522 261.732 339.44 261.975 339.44C262.217 339.44 262.417 339.522 262.573 339.687C262.737 339.852 262.82 340.051 262.82 340.285C262.82 340.519 262.737 340.718 262.573 340.883C262.417 341.048 262.217 341.13 261.975 341.13ZM264.875 341V331.12H266.11V336.866L268.853 334.11H270.465L267.293 337.243L270.53 341H268.957L266.11 337.685V341H264.875ZM274.505 341.13C273.942 341.13 273.452 341.03 273.036 340.831C272.629 340.623 272.291 340.346 272.022 339.999C271.762 339.652 271.567 339.271 271.437 338.855C271.307 338.43 271.242 337.997 271.242 337.555C271.242 337.122 271.303 336.693 271.424 336.268C271.554 335.843 271.749 335.458 272.009 335.111C272.278 334.764 272.612 334.491 273.01 334.292C273.418 334.084 273.899 333.98 274.453 333.98C275.043 333.98 275.563 334.114 276.013 334.383C276.464 334.652 276.819 335.05 277.079 335.579C277.339 336.108 277.469 336.771 277.469 337.568V337.932H272.49C272.516 338.322 272.607 338.682 272.763 339.011C272.928 339.332 273.158 339.592 273.452 339.791C273.747 339.982 274.098 340.077 274.505 340.077C274.861 340.077 275.147 340.021 275.363 339.908C275.589 339.787 275.766 339.648 275.896 339.492C276.026 339.336 276.113 339.202 276.156 339.089C276.208 338.968 276.234 338.907 276.234 338.907H277.391C277.391 338.907 277.37 338.985 277.326 339.141C277.283 339.288 277.205 339.47 277.092 339.687C276.98 339.904 276.815 340.125 276.598 340.35C276.382 340.567 276.104 340.753 275.766 340.909C275.428 341.056 275.008 341.13 274.505 341.13ZM272.503 336.97H276.26C276.243 336.519 276.148 336.155 275.974 335.878C275.801 335.592 275.58 335.38 275.311 335.241C275.043 335.102 274.757 335.033 274.453 335.033C273.907 335.033 273.461 335.211 273.114 335.566C272.768 335.913 272.564 336.381 272.503 336.97ZM281.937 334.032V334.708L280.897 334.942V340.103L281.937 340.324V341H278.713V340.324L279.753 340.103V334.942L278.713 334.708V334.032H281.937ZM283.449 341V331.12H284.684V336.866L287.427 334.11H289.039L285.867 337.243L289.104 341H287.531L284.684 337.685V341H283.449Z" fill="#378ADD"/>
<path d="M214 500C249.899 500 279 470.899 279 435C279 399.101 249.899 370 214 370C178.101 370 149 399.101 149 435C149 470.899 178.101 500 214 500Z" fill="#E6F1FB"/>
<path d="M215 485C242.614 485 265 462.614 265 435C265 407.386 242.614 385 215 385C187.386 385 165 407.386 165 435C165 462.614 187.386 485 215 485Z" fill="#0961F5"/>
<path d="M224 419.571C224 413.181 219.523 408 214 408C208.477 408 204 413.181 204 419.571V432.429C204 438.819 208.477 444 214 444C219.523 444 224 438.819 224 432.429V419.571Z" fill="white"/>
<path d="M195 435C195 449.438 203.941 456 214 456C224.059 456 233 449.438 233 435" stroke="white" stroke-width="2.5" stroke-linecap="round"/>
<path d="M214 456V466" stroke="white" stroke-width="2.5" stroke-linecap="round"/>
<path d="M206 466H222" stroke="white" stroke-width="2.5" stroke-linecap="round"/>
<path d="M162.764 554.25C161.214 554.25 159.864 553.983 158.714 553.45C157.564 552.917 156.606 552.2 155.839 551.3C155.089 550.383 154.522 549.367 154.139 548.25C153.772 547.117 153.589 545.958 153.589 544.775C153.589 543.592 153.772 542.433 154.139 541.3C154.522 540.167 155.097 539.15 155.864 538.25C156.631 537.333 157.597 536.608 158.764 536.075C159.931 535.525 161.289 535.25 162.839 535.25C164.056 535.25 165.097 535.408 165.964 535.725C166.847 536.025 167.581 536.417 168.164 536.9C168.764 537.383 169.239 537.9 169.589 538.45C169.956 538.983 170.231 539.492 170.414 539.975C170.597 540.458 170.722 540.858 170.789 541.175C170.856 541.475 170.889 541.625 170.889 541.625H167.489C167.489 541.625 167.456 541.517 167.389 541.3C167.339 541.067 167.222 540.783 167.039 540.45C166.856 540.117 166.589 539.783 166.239 539.45C165.906 539.117 165.464 538.842 164.914 538.625C164.364 538.392 163.681 538.275 162.864 538.275C161.881 538.275 161.022 538.458 160.289 538.825C159.572 539.192 158.972 539.683 158.489 540.3C158.006 540.917 157.647 541.608 157.414 542.375C157.181 543.142 157.064 543.925 157.064 544.725C157.064 545.808 157.281 546.85 157.714 547.85C158.147 548.85 158.789 549.667 159.639 550.3C160.506 550.933 161.572 551.25 162.839 551.25C164.306 551.25 165.464 550.85 166.314 550.05C167.181 549.25 167.672 548.183 167.789 546.85H162.739V544.15H171.089V545.525C171.089 547.442 170.722 549.05 169.989 550.35C169.256 551.633 168.256 552.608 166.989 553.275C165.739 553.925 164.331 554.25 162.764 554.25ZM175.716 538.7C175.133 538.7 174.649 538.508 174.266 538.125C173.899 537.742 173.716 537.283 173.716 536.75C173.716 536.217 173.899 535.758 174.266 535.375C174.649 534.992 175.133 534.8 175.716 534.8C176.299 534.8 176.783 534.992 177.166 535.375C177.549 535.758 177.741 536.217 177.741 536.75C177.741 537.283 177.549 537.742 177.166 538.125C176.783 538.508 176.299 538.7 175.716 538.7ZM174.066 554V540.75H177.391V554H174.066ZM188.445 538.625C187.995 538.625 187.612 538.55 187.295 538.4C186.978 538.233 186.695 538.05 186.445 537.85C186.212 537.633 185.987 537.45 185.77 537.3C185.57 537.133 185.353 537.05 185.12 537.05C184.853 537.05 184.662 537.183 184.545 537.45C184.445 537.7 184.395 538.042 184.395 538.475H182.495C182.495 537.942 182.562 537.4 182.695 536.85C182.828 536.3 183.07 535.85 183.42 535.5C183.77 535.133 184.27 534.95 184.92 534.95C185.387 534.95 185.778 535.033 186.095 535.2C186.428 535.35 186.712 535.533 186.945 535.75C187.195 535.95 187.42 536.133 187.62 536.3C187.82 536.45 188.028 536.525 188.245 536.525C188.512 536.525 188.695 536.4 188.795 536.15C188.912 535.883 188.97 535.525 188.97 535.075H190.87C190.87 535.625 190.803 536.175 190.67 536.725C190.537 537.258 190.295 537.708 189.945 538.075C189.595 538.442 189.095 538.625 188.445 538.625ZM185.32 554.25C183.937 554.25 182.887 553.825 182.17 552.975C181.47 552.125 181.12 551.033 181.12 549.7V540.75H184.42V549.15C184.42 549.867 184.612 550.442 184.995 550.875C185.378 551.292 185.92 551.5 186.62 551.5C187.237 551.5 187.737 551.342 188.12 551.025C188.503 550.708 188.778 550.3 188.945 549.8C189.128 549.3 189.22 548.783 189.22 548.25V540.75H191.645C192.295 540.75 192.62 540.408 192.62 539.725V538.05H195.345V539.825C195.345 540.675 195.12 541.342 194.67 541.825C194.237 542.308 193.587 542.55 192.72 542.55H192.545V554H189.22V552.1H189.07C188.903 552.4 188.662 552.717 188.345 553.05C188.045 553.383 187.645 553.667 187.145 553.9C186.662 554.133 186.053 554.25 185.32 554.25ZM207.223 554.25C206.24 554.25 205.381 554.058 204.648 553.675C203.915 553.275 203.298 552.75 202.798 552.1C202.315 551.433 201.948 550.692 201.698 549.875C201.465 549.058 201.348 548.225 201.348 547.375C201.348 546.525 201.465 545.692 201.698 544.875C201.948 544.058 202.315 543.325 202.798 542.675C203.298 542.008 203.915 541.483 204.648 541.1C205.381 540.7 206.24 540.5 207.223 540.5C208.073 540.5 208.773 540.642 209.323 540.925C209.873 541.192 210.306 541.492 210.623 541.825C210.94 542.142 211.156 542.4 211.273 542.6H211.423V539.525H208.098V537.25H211.423V535H214.748V537.25H216.873V539.525H214.748V554H211.423V552.15H211.273C211.156 552.35 210.94 552.617 210.623 552.95C210.306 553.283 209.873 553.583 209.323 553.85C208.773 554.117 208.073 554.25 207.223 554.25ZM208.098 551.525C208.848 551.525 209.473 551.325 209.973 550.925C210.473 550.508 210.848 549.983 211.098 549.35C211.348 548.717 211.473 548.058 211.473 547.375C211.473 546.692 211.348 546.033 211.098 545.4C210.848 544.767 210.473 544.25 209.973 543.85C209.473 543.433 208.848 543.225 208.098 543.225C207.348 543.225 206.715 543.433 206.198 543.85C205.698 544.25 205.323 544.767 205.073 545.4C204.823 546.033 204.698 546.692 204.698 547.375C204.698 548.058 204.823 548.717 205.073 549.35C205.323 549.983 205.698 550.508 206.198 550.925C206.715 551.325 207.348 551.525 208.098 551.525ZM228.585 536.125V535.325C228.585 535.125 228.627 534.933 228.71 534.75C228.793 534.567 228.943 534.417 229.16 534.3L229.535 534.125C229.902 533.942 230.177 533.758 230.36 533.575C230.543 533.392 230.635 533.167 230.635 532.9C230.635 532.683 230.552 532.492 230.385 532.325C230.218 532.158 229.977 532.075 229.66 532.075C229.343 532.075 229.11 532.15 228.96 532.3C228.81 532.433 228.718 532.583 228.685 532.75C228.652 532.917 228.635 533.025 228.635 533.075H226.635C226.618 532.642 226.71 532.217 226.91 531.8C227.11 531.367 227.435 531.008 227.885 530.725C228.335 530.442 228.91 530.3 229.61 530.3C230.577 530.3 231.343 530.55 231.91 531.05C232.477 531.55 232.76 532.15 232.76 532.85C232.76 533.4 232.577 533.875 232.21 534.275C231.843 534.675 231.335 535.042 230.685 535.375L230.585 535.425V536.125H228.585ZM220.535 539.025L223.71 535.225H226.385L229.56 539.025H226.86L225.035 536.825L223.235 539.025H220.535ZM225.21 554.25C224.077 554.25 223.093 554.058 222.26 553.675C221.427 553.275 220.735 552.75 220.185 552.1C219.652 551.433 219.252 550.692 218.985 549.875C218.735 549.058 218.61 548.225 218.61 547.375C218.61 546.525 218.735 545.7 218.985 544.9C219.252 544.083 219.643 543.342 220.16 542.675C220.693 542.008 221.368 541.483 222.185 541.1C223.002 540.7 223.968 540.5 225.085 540.5C226.285 540.5 227.343 540.767 228.26 541.3C229.177 541.833 229.893 542.617 230.41 543.65C230.927 544.667 231.185 545.933 231.185 547.45V548.3H221.96C222.01 549.2 222.31 549.983 222.86 550.65C223.427 551.3 224.21 551.625 225.21 551.625C225.777 551.625 226.243 551.533 226.61 551.35C226.977 551.167 227.26 550.958 227.46 550.725C227.66 550.475 227.793 550.267 227.86 550.1C227.943 549.917 227.985 549.825 227.985 549.825H231.06C231.06 549.825 231.018 549.975 230.935 550.275C230.868 550.558 230.718 550.925 230.485 551.375C230.252 551.808 229.918 552.25 229.485 552.7C229.052 553.133 228.485 553.5 227.785 553.8C227.102 554.1 226.243 554.25 225.21 554.25ZM221.96 546.125H227.985C227.935 545.092 227.627 544.325 227.06 543.825C226.493 543.325 225.827 543.075 225.06 543.075C224.21 543.075 223.502 543.35 222.935 543.9C222.368 544.433 222.043 545.175 221.96 546.125ZM239.903 554V540.75H243.228V542.65H243.378C243.511 542.417 243.719 542.133 244.003 541.8C244.286 541.45 244.678 541.15 245.178 540.9C245.678 540.633 246.311 540.5 247.078 540.5C248.094 540.5 248.928 540.733 249.578 541.2C250.244 541.65 250.736 542.25 251.053 543C251.386 543.75 251.553 544.558 251.553 545.425V554H248.228V545.875C248.228 545.158 248.028 544.542 247.628 544.025C247.228 543.508 246.628 543.25 245.828 543.25C245.211 543.25 244.711 543.408 244.328 543.725C243.944 544.025 243.661 544.417 243.478 544.9C243.311 545.383 243.228 545.892 243.228 546.425V554H239.903ZM262.476 538.85L259.926 538.825L261.976 534.325H265.151L262.476 538.85ZM261.201 554.25C259.734 554.25 258.493 553.925 257.476 553.275C256.476 552.625 255.709 551.783 255.176 550.75C254.659 549.7 254.401 548.575 254.401 547.375C254.401 546.175 254.659 545.058 255.176 544.025C255.709 542.975 256.476 542.125 257.476 541.475C258.493 540.825 259.734 540.5 261.201 540.5C262.668 540.5 263.901 540.825 264.901 541.475C265.918 542.125 266.684 542.975 267.201 544.025C267.734 545.058 268.001 546.175 268.001 547.375C268.001 548.575 267.734 549.7 267.201 550.75C266.684 551.783 265.918 552.625 264.901 553.275C263.901 553.925 262.668 554.25 261.201 554.25ZM261.201 551.475C261.934 551.475 262.559 551.283 263.076 550.9C263.593 550.517 263.984 550.017 264.251 549.4C264.518 548.767 264.651 548.092 264.651 547.375C264.651 546.642 264.518 545.967 264.251 545.35C263.984 544.733 263.593 544.233 263.076 543.85C262.559 543.467 261.934 543.275 261.201 543.275C260.468 543.275 259.843 543.467 259.326 543.85C258.809 544.233 258.418 544.733 258.151 545.35C257.884 545.967 257.751 546.642 257.751 547.375C257.751 548.092 257.884 548.767 258.151 549.4C258.418 550.017 258.809 550.517 259.326 550.9C259.843 551.283 260.468 551.475 261.201 551.475ZM272.957 538.7C272.374 538.7 271.891 538.508 271.507 538.125C271.141 537.742 270.957 537.283 270.957 536.75C270.957 536.217 271.141 535.758 271.507 535.375C271.891 534.992 272.374 534.8 272.957 534.8C273.541 534.8 274.024 534.992 274.407 535.375C274.791 535.758 274.982 536.217 274.982 536.75C274.982 537.283 274.791 537.742 274.407 538.125C274.024 538.508 273.541 538.7 272.957 538.7ZM271.307 554V540.75H274.632V554H271.307Z" fill="#888780"/>
<path d="M370 601H58C50.268 601 44 609.462 44 619.9V744.1C44 754.538 50.268 763 58 763H370C377.732 763 384 754.538 384 744.1V619.9C384 609.462 377.732 601 370 601Z" fill="#EAF3DE" stroke="#C0DD97" stroke-width="0.5"/>
<path d="M69 642C76.732 642 83 635.732 83 628C83 620.268 76.732 614 69 614C61.268 614 55 620.268 55 628C55 635.732 61.268 642 69 642Z" fill="#639922"/>
<path d="M62 628L67 633L76 623" stroke="white" stroke-width="2.5" stroke-linecap="round" stroke-linejoin="round"/>
<path d="M92.632 637V619.24H96.328V626.752L102.688 619.24H107.248L99.832 627.76L107.512 637H102.784L96.328 629.104V637H92.632ZM109.812 637V618.76H113.46V626.104H113.58C113.724 625.848 113.932 625.56 114.204 625.24C114.492 624.92 114.868 624.64 115.332 624.4C115.812 624.16 116.42 624.04 117.156 624.04C118.148 624.04 118.956 624.272 119.58 624.736C120.204 625.184 120.66 625.768 120.948 626.488C121.236 627.192 121.38 627.936 121.38 628.72V637H117.732V629.344C117.732 628.736 117.564 628.2 117.228 627.736C116.908 627.272 116.388 627.04 115.668 627.04C115.124 627.04 114.692 627.168 114.372 627.424C114.052 627.68 113.82 628.008 113.676 628.408C113.532 628.808 113.46 629.232 113.46 629.68V637H109.812ZM131.977 622.528L129.265 622.504L131.209 618.184H134.593L131.977 622.528ZM129.505 624.04C130.321 624.04 130.993 624.176 131.521 624.448C132.049 624.704 132.449 624.984 132.721 625.288C133.009 625.592 133.185 625.8 133.249 625.912H133.441V624.28H137.089V637H133.441V635.368H133.249C133.185 635.48 133.009 635.688 132.721 635.992C132.449 636.296 132.049 636.584 131.521 636.856C130.993 637.112 130.321 637.24 129.505 637.24C128.561 637.24 127.737 637.056 127.033 636.688C126.345 636.304 125.769 635.8 125.305 635.176C124.841 634.536 124.489 633.824 124.249 633.04C124.025 632.256 123.913 631.456 123.913 630.64C123.913 629.824 124.025 629.024 124.249 628.24C124.489 627.456 124.841 626.752 125.305 626.128C125.769 625.488 126.345 624.984 127.033 624.616C127.737 624.232 128.561 624.04 129.505 624.04ZM130.561 626.992C129.905 626.992 129.353 627.176 128.905 627.544C128.473 627.896 128.145 628.352 127.921 628.912C127.713 629.472 127.609 630.048 127.609 630.64C127.609 631.232 127.713 631.808 127.921 632.368C128.145 632.928 128.473 633.392 128.905 633.76C129.353 634.112 129.905 634.288 130.561 634.288C131.217 634.288 131.761 634.112 132.193 633.76C132.641 633.392 132.969 632.928 133.177 632.368C133.401 631.808 133.513 631.232 133.513 630.64C133.513 630.048 133.401 629.472 133.177 628.912C132.969 628.352 132.641 627.896 132.193 627.544C131.761 627.176 131.217 626.992 130.561 626.992ZM151.406 637.24C150.414 637.24 149.622 637.096 149.03 636.808C148.438 636.504 147.99 636.128 147.686 635.68C147.382 635.216 147.182 634.728 147.086 634.216C146.99 633.704 146.942 633.232 146.942 632.8V627.184H144.782V624.28H146.942V621.136H150.59V624.28H153.302V627.184H150.59V632.704C150.59 633.232 150.726 633.64 150.998 633.928C151.286 634.216 151.758 634.36 152.414 634.36C152.702 634.36 152.966 634.336 153.206 634.288C153.446 634.24 153.566 634.216 153.566 634.216V637.024C153.566 637.024 153.35 637.056 152.918 637.12C152.486 637.2 151.982 637.24 151.406 637.24ZM168.054 619.6L165.366 619.576L167.31 615.256H170.694L168.054 619.6ZM157.758 622.696L160.854 619H163.758L166.854 622.696H163.998L162.318 620.632L160.614 622.696H157.758ZM162.318 637.24C160.894 637.24 159.686 636.936 158.694 636.328C157.702 635.704 156.942 634.896 156.414 633.904C155.902 632.896 155.646 631.808 155.646 630.64C155.646 629.472 155.902 628.392 156.414 627.4C156.942 626.392 157.702 625.584 158.694 624.976C159.686 624.352 160.894 624.04 162.318 624.04C163.742 624.04 164.95 624.352 165.942 624.976C166.934 625.584 167.686 626.392 168.198 627.4C168.726 628.392 168.99 629.472 168.99 630.64C168.99 631.808 168.726 632.896 168.198 633.904C167.686 634.896 166.934 635.704 165.942 636.328C164.95 636.936 163.742 637.24 162.318 637.24ZM162.318 634.264C162.958 634.264 163.502 634.096 163.95 633.76C164.398 633.424 164.734 632.984 164.958 632.44C165.198 631.88 165.318 631.28 165.318 630.64C165.318 629.984 165.198 629.384 164.958 628.84C164.734 628.296 164.398 627.856 163.95 627.52C163.502 627.184 162.958 627.016 162.318 627.016C161.678 627.016 161.134 627.184 160.686 627.52C160.238 627.856 159.894 628.296 159.654 628.84C159.43 629.384 159.318 629.984 159.318 630.64C159.318 631.28 159.43 631.88 159.654 632.44C159.894 632.984 160.238 633.424 160.686 633.76C161.134 634.096 161.678 634.264 162.318 634.264ZM177.304 637.24C176.312 637.24 175.52 637.096 174.928 636.808C174.336 636.504 173.888 636.128 173.584 635.68C173.28 635.216 173.08 634.728 172.984 634.216C172.888 633.704 172.84 633.232 172.84 632.8V627.184H170.68V624.28H172.84V621.136H176.488V624.28H179.2V627.184H176.488V632.704C176.488 633.232 176.624 633.64 176.896 633.928C177.184 634.216 177.656 634.36 178.312 634.36C178.6 634.36 178.864 634.336 179.104 634.288C179.344 634.24 179.464 634.216 179.464 634.216V637.024C179.464 637.024 179.248 637.056 178.816 637.12C178.384 637.2 177.88 637.24 177.304 637.24ZM183.052 631.744L182.62 619.24H186.556L186.052 631.744H183.052ZM184.588 637.216C184.012 637.216 183.54 637.024 183.172 636.64C182.82 636.256 182.644 635.8 182.644 635.272C182.644 634.744 182.82 634.288 183.172 633.904C183.54 633.52 184.012 633.328 184.588 633.328C185.148 633.328 185.612 633.52 185.98 633.904C186.348 634.288 186.532 634.744 186.532 635.272C186.532 635.816 186.348 636.28 185.98 636.664C185.612 637.032 185.148 637.216 184.588 637.216ZM202.211 637.24C200.995 637.24 199.875 637.04 198.851 636.64C197.843 636.224 197.027 635.64 196.403 634.888C195.795 634.12 195.491 633.2 195.491 632.128C195.491 631.296 195.651 630.6 195.971 630.04C196.291 629.48 196.659 629.04 197.075 628.72C197.491 628.384 197.859 628.152 198.179 628.024C198.515 627.88 198.683 627.808 198.683 627.808V627.664C198.683 627.664 198.539 627.6 198.251 627.472C197.979 627.344 197.659 627.136 197.291 626.848C196.939 626.56 196.627 626.176 196.355 625.696C196.083 625.2 195.947 624.6 195.947 623.896C195.947 622.904 196.219 622.048 196.763 621.328C197.323 620.592 198.075 620.024 199.019 619.624C199.979 619.208 201.043 619 202.211 619C203.395 619 204.459 619.208 205.403 619.624C206.363 620.024 207.115 620.592 207.659 621.328C208.219 622.048 208.499 622.896 208.499 623.872C208.499 624.592 208.355 625.2 208.067 625.696C207.795 626.176 207.475 626.56 207.107 626.848C206.755 627.136 206.435 627.344 206.147 627.472C205.875 627.6 205.739 627.664 205.739 627.664V627.808C205.755 627.808 205.923 627.88 206.243 628.024C206.563 628.152 206.931 628.384 207.347 628.72C207.763 629.04 208.131 629.48 208.451 630.04C208.771 630.6 208.931 631.296 208.931 632.128C208.931 633.2 208.627 634.12 208.019 634.888C207.411 635.64 206.595 636.224 205.571 636.64C204.563 637.04 203.443 637.24 202.211 637.24ZM202.211 626.44C203.011 626.44 203.675 626.224 204.203 625.792C204.747 625.344 205.019 624.792 205.019 624.136C205.019 623.464 204.755 622.912 204.227 622.48C203.699 622.048 203.027 621.832 202.211 621.832C201.411 621.832 200.747 622.048 200.219 622.48C199.691 622.912 199.427 623.464 199.427 624.136C199.427 624.808 199.691 625.36 200.219 625.792C200.747 626.224 201.411 626.44 202.211 626.44ZM202.211 634.36C202.915 634.36 203.499 634.232 203.963 633.976C204.443 633.704 204.795 633.368 205.019 632.968C205.259 632.568 205.379 632.144 205.379 631.696C205.379 631.28 205.259 630.88 205.019 630.496C204.795 630.096 204.443 629.768 203.963 629.512C203.499 629.256 202.915 629.128 202.211 629.128C201.507 629.128 200.923 629.256 200.459 629.512C199.995 629.768 199.643 630.096 199.403 630.496C199.163 630.88 199.043 631.28 199.043 631.696C199.043 632.144 199.163 632.568 199.403 632.968C199.643 633.368 199.995 633.704 200.459 633.976C200.939 634.232 201.523 634.36 202.211 634.36ZM211.642 637V634.456L214.714 631.84C215.994 630.768 217.09 629.856 218.002 629.104C218.914 628.352 219.61 627.648 220.09 626.992C220.57 626.336 220.81 625.632 220.81 624.88C220.81 624.304 220.674 623.824 220.402 623.44C220.13 623.04 219.778 622.744 219.346 622.552C218.93 622.344 218.49 622.24 218.026 622.24C217.466 622.24 216.994 622.344 216.61 622.552C216.242 622.76 215.946 623.032 215.722 623.368C215.514 623.688 215.362 624.024 215.266 624.376C215.17 624.728 215.122 625.032 215.122 625.288H211.57C211.57 624.616 211.698 623.92 211.954 623.2C212.21 622.464 212.602 621.784 213.13 621.16C213.658 620.52 214.338 620 215.17 619.6C216.002 619.2 216.994 619 218.146 619C219.314 619 220.378 619.232 221.338 619.696C222.298 620.144 223.066 620.792 223.642 621.64C224.234 622.488 224.53 623.488 224.53 624.64C224.53 625.728 224.258 626.72 223.714 627.616C223.186 628.496 222.442 629.36 221.482 630.208C220.522 631.04 219.418 631.944 218.17 632.92L217.162 633.76H224.77V637H211.642ZM232.535 641.344L240.887 617.104H244.175L235.823 641.344H232.535ZM258.37 619.24V637H254.674V624.28L251.242 624.304V622.072L251.794 621.904C252.802 621.616 253.618 621.288 254.242 620.92C254.866 620.552 255.466 620.064 256.042 619.456L256.21 619.24H258.37ZM268.97 637.24C267.786 637.24 266.73 637 265.802 636.52C264.89 636.04 264.114 635.384 263.474 634.552C262.834 633.704 262.346 632.728 262.01 631.624C261.69 630.52 261.53 629.352 261.53 628.12C261.53 626.872 261.69 625.696 262.01 624.592C262.346 623.488 262.834 622.52 263.474 621.688C264.114 620.84 264.89 620.184 265.802 619.72C266.73 619.24 267.786 619 268.97 619C270.154 619 271.202 619.24 272.114 619.72C273.042 620.184 273.826 620.84 274.466 621.688C275.106 622.52 275.586 623.488 275.906 624.592C276.242 625.696 276.41 626.872 276.41 628.12C276.41 629.352 276.242 630.52 275.906 631.624C275.586 632.728 275.106 633.704 274.466 634.552C273.826 635.384 273.042 636.04 272.114 636.52C271.202 637 270.154 637.24 268.97 637.24ZM268.97 633.952C270.026 633.952 270.89 633.464 271.562 632.488C272.25 631.512 272.594 630.056 272.594 628.12C272.594 626.184 272.25 624.728 271.562 623.752C270.89 622.776 270.026 622.288 268.97 622.288C267.914 622.288 267.042 622.776 266.354 623.752C265.682 624.728 265.346 626.184 265.346 628.12C265.346 630.056 265.682 631.512 266.354 632.488C267.042 633.464 267.914 633.952 268.97 633.952ZM285.775 637.24C284.591 637.24 283.535 637 282.607 636.52C281.695 636.04 280.919 635.384 280.279 634.552C279.639 633.704 279.151 632.728 278.815 631.624C278.495 630.52 278.335 629.352 278.335 628.12C278.335 626.872 278.495 625.696 278.815 624.592C279.151 623.488 279.639 622.52 280.279 621.688C280.919 620.84 281.695 620.184 282.607 619.72C283.535 619.24 284.591 619 285.775 619C286.959 619 288.007 619.24 288.919 619.72C289.847 620.184 290.631 620.84 291.271 621.688C291.911 622.52 292.391 623.488 292.711 624.592C293.047 625.696 293.215 626.872 293.215 628.12C293.215 629.352 293.047 630.52 292.711 631.624C292.391 632.728 291.911 633.704 291.271 634.552C290.631 635.384 289.847 636.04 288.919 636.52C288.007 637 286.959 637.24 285.775 637.24ZM285.775 633.952C286.831 633.952 287.695 633.464 288.367 632.488C289.055 631.512 289.399 630.056 289.399 628.12C289.399 626.184 289.055 624.728 288.367 623.752C287.695 622.776 286.831 622.288 285.775 622.288C284.719 622.288 283.847 622.776 283.159 623.752C282.487 624.728 282.151 626.184 282.151 628.12C282.151 630.056 282.487 631.512 283.159 632.488C283.847 633.464 284.719 633.952 285.775 633.952Z" fill="#27500A"/>
<path d="M68.6 673V658.2H74.3C75.2467 658.2 76.0533 658.373 76.72 658.72C77.4 659.053 77.92 659.507 78.28 660.08C78.64 660.64 78.82 661.253 78.82 661.92C78.82 662.653 78.6867 663.247 78.42 663.7C78.1533 664.153 77.8533 664.5 77.52 664.74C77.1867 664.967 76.92 665.12 76.72 665.2V665.32C77.04 665.413 77.4067 665.593 77.82 665.86C78.2467 666.113 78.6133 666.48 78.92 666.96C79.2267 667.44 79.38 668.067 79.38 668.84C79.38 669.52 79.2133 670.18 78.88 670.82C78.5467 671.46 78.02 671.987 77.3 672.4C76.58 672.8 75.6267 673 74.44 673H68.6ZM74.22 659.9H70.56V664.62H74.22C74.86 664.62 75.3733 664.507 75.76 664.28C76.16 664.053 76.4467 663.76 76.62 663.4C76.8067 663.027 76.9 662.647 76.9 662.26C76.9 661.86 76.8067 661.48 76.62 661.12C76.4467 660.76 76.16 660.467 75.76 660.24C75.3733 660.013 74.86 659.9 74.22 659.9ZM74.38 666.2H70.56V671.3H74.38C75.1133 671.3 75.7 671.18 76.14 670.94C76.58 670.687 76.9 670.367 77.1 669.98C77.3133 669.58 77.42 669.167 77.42 668.74C77.42 668.313 77.3133 667.907 77.1 667.52C76.9 667.133 76.58 666.82 76.14 666.58C75.7 666.327 75.1133 666.2 74.38 666.2ZM86.5766 662.2C87.2432 662.2 87.8032 662.307 88.2566 662.52C88.7099 662.733 89.0766 662.987 89.3566 663.28C89.6366 663.56 89.8499 663.827 89.9966 664.08H90.1166V662.4H92.0166V673H90.1166V671.32H89.9966C89.8499 671.573 89.6366 671.847 89.3566 672.14C89.0766 672.433 88.7099 672.687 88.2566 672.9C87.8032 673.1 87.2432 673.2 86.5766 673.2C85.7766 673.2 85.0766 673.047 84.4766 672.74C83.8766 672.42 83.3766 672 82.9766 671.48C82.5766 670.947 82.2766 670.353 82.0766 669.7C81.8766 669.047 81.7766 668.38 81.7766 667.7C81.7766 667.02 81.8766 666.353 82.0766 665.7C82.2766 665.047 82.5766 664.46 82.9766 663.94C83.3766 663.407 83.8766 662.987 84.4766 662.68C85.0766 662.36 85.7766 662.2 86.5766 662.2ZM86.8966 663.82C86.1899 663.82 85.5966 664.013 85.1166 664.4C84.6366 664.773 84.2766 665.253 84.0366 665.84C83.8099 666.427 83.6966 667.047 83.6966 667.7C83.6966 668.34 83.8099 668.96 84.0366 669.56C84.2766 670.147 84.6366 670.633 85.1166 671.02C85.5966 671.393 86.1899 671.58 86.8966 671.58C87.6032 671.58 88.1899 671.393 88.6566 671.02C89.1366 670.633 89.4899 670.147 89.7166 669.56C89.9566 668.96 90.0766 668.34 90.0766 667.7C90.0766 667.047 89.9566 666.427 89.7166 665.84C89.4899 665.253 89.1366 664.773 88.6566 664.4C88.1899 664.013 87.6032 663.82 86.8966 663.82ZM87.0166 677.54C86.6432 677.54 86.3299 677.407 86.0766 677.14C85.8366 676.887 85.7166 676.587 85.7166 676.24C85.7166 675.88 85.8366 675.573 86.0766 675.32C86.3299 675.067 86.6432 674.94 87.0166 674.94C87.3899 674.94 87.6966 675.067 87.9366 675.32C88.1899 675.573 88.3166 675.88 88.3166 676.24C88.3166 676.6 88.1899 676.907 87.9366 677.16C87.6966 677.413 87.3899 677.54 87.0166 677.54ZM94.943 673V662.4H96.843V663.94H96.963C97.0563 663.78 97.2096 663.56 97.423 663.28C97.6496 663 97.9696 662.753 98.383 662.54C98.7963 662.313 99.3163 662.2 99.943 662.2C100.716 662.2 101.376 662.38 101.923 662.74C102.47 663.087 102.883 663.56 103.163 664.16C103.456 664.76 103.603 665.433 103.603 666.18V673H101.703V666.3C101.703 665.593 101.503 665.007 101.103 664.54C100.716 664.073 100.15 663.84 99.403 663.84C98.803 663.84 98.3163 663.993 97.943 664.3C97.5696 664.593 97.2896 664.987 97.103 665.48C96.9296 665.96 96.843 666.473 96.843 667.02V673H94.943ZM115.617 673.2C114.817 673.2 114.117 673.047 113.517 672.74C112.917 672.42 112.417 672 112.017 671.48C111.617 670.947 111.317 670.353 111.117 669.7C110.917 669.047 110.817 668.38 110.817 667.7C110.817 667.02 110.917 666.353 111.117 665.7C111.317 665.047 111.617 664.46 112.017 663.94C112.417 663.407 112.917 662.987 113.517 662.68C114.117 662.36 114.817 662.2 115.617 662.2C116.284 662.2 116.844 662.307 117.297 662.52C117.751 662.733 118.117 662.987 118.397 663.28C118.677 663.56 118.891 663.827 119.037 664.08H119.157V661.24H116.377V659.72H119.157V657.8H121.057V659.72H122.877V661.24H121.057V673H119.157V671.32H119.037C118.891 671.573 118.677 671.847 118.397 672.14C118.117 672.433 117.751 672.687 117.297 672.9C116.844 673.1 116.284 673.2 115.617 673.2ZM115.937 671.58C116.644 671.58 117.231 671.393 117.697 671.02C118.177 670.633 118.531 670.147 118.757 669.56C118.997 668.96 119.117 668.34 119.117 667.7C119.117 667.047 118.997 666.427 118.757 665.84C118.531 665.253 118.177 664.773 117.697 664.4C117.231 664.013 116.644 663.82 115.937 663.82C115.231 663.82 114.637 664.013 114.157 664.4C113.677 664.773 113.317 665.253 113.077 665.84C112.851 666.427 112.737 667.047 112.737 667.7C112.737 668.34 112.851 668.96 113.077 669.56C113.317 670.147 113.677 670.633 114.157 671.02C114.637 671.393 115.231 671.58 115.937 671.58ZM131.15 660.66C130.79 660.66 130.483 660.593 130.23 660.46C129.99 660.327 129.777 660.173 129.59 660C129.417 659.827 129.25 659.673 129.09 659.54C128.93 659.407 128.757 659.34 128.57 659.34C128.343 659.34 128.177 659.453 128.07 659.68C127.977 659.893 127.93 660.18 127.93 660.54H126.65C126.65 660.127 126.697 659.727 126.79 659.34C126.897 658.94 127.083 658.613 127.35 658.36C127.617 658.093 127.983 657.96 128.45 657.96C128.81 657.96 129.117 658.027 129.37 658.16C129.623 658.293 129.837 658.447 130.01 658.62C130.197 658.78 130.37 658.927 130.53 659.06C130.69 659.193 130.857 659.26 131.03 659.26C131.243 659.26 131.397 659.153 131.49 658.94C131.597 658.727 131.65 658.433 131.65 658.06H132.93C132.93 658.473 132.877 658.88 132.77 659.28C132.677 659.68 132.497 660.013 132.23 660.28C131.977 660.533 131.617 660.66 131.15 660.66ZM129.35 662.2C130.017 662.2 130.577 662.307 131.03 662.52C131.483 662.733 131.85 662.987 132.13 663.28C132.41 663.56 132.623 663.827 132.77 664.08H132.89V662.4H134.79V673H132.89V671.32H132.77C132.623 671.573 132.41 671.847 132.13 672.14C131.85 672.433 131.483 672.687 131.03 672.9C130.577 673.1 130.017 673.2 129.35 673.2C128.55 673.2 127.85 673.047 127.25 672.74C126.65 672.42 126.15 672 125.75 671.48C125.35 670.947 125.05 670.353 124.85 669.7C124.65 669.047 124.55 668.38 124.55 667.7C124.55 667.02 124.65 666.353 124.85 665.7C125.05 665.047 125.35 664.46 125.75 663.94C126.15 663.407 126.65 662.987 127.25 662.68C127.85 662.36 128.55 662.2 129.35 662.2ZM129.67 663.82C128.963 663.82 128.37 664.013 127.89 664.4C127.41 664.773 127.05 665.253 126.81 665.84C126.583 666.427 126.47 667.047 126.47 667.7C126.47 668.34 126.583 668.96 126.81 669.56C127.05 670.147 127.41 670.633 127.89 671.02C128.37 671.393 128.963 671.58 129.67 671.58C130.377 671.58 130.963 671.393 131.43 671.02C131.91 670.633 132.263 670.147 132.49 669.56C132.73 668.96 132.85 668.34 132.85 667.7C132.85 667.047 132.73 666.427 132.49 665.84C132.263 665.253 131.91 664.773 131.43 664.4C130.963 664.013 130.377 663.82 129.67 663.82ZM142.326 673V662.4H144.226V663.94H144.346C144.439 663.78 144.592 663.56 144.806 663.28C145.032 663 145.352 662.753 145.766 662.54C146.179 662.313 146.699 662.2 147.326 662.2C148.099 662.2 148.759 662.38 149.306 662.74C149.852 663.087 150.266 663.56 150.546 664.16C150.839 664.76 150.986 665.433 150.986 666.18V673H149.086V666.3C149.086 665.593 148.886 665.007 148.486 664.54C148.099 664.073 147.532 663.84 146.786 663.84C146.186 663.84 145.699 663.993 145.326 664.3C144.952 664.593 144.672 664.987 144.486 665.48C144.312 665.96 144.226 666.473 144.226 667.02V673H142.326ZM159.691 660.78L158.071 660.76L159.791 657.16H161.751L159.691 660.78ZM158.911 673.2C157.777 673.2 156.824 672.94 156.051 672.42C155.277 671.887 154.691 671.2 154.291 670.36C153.891 669.52 153.691 668.633 153.691 667.7C153.691 666.753 153.891 665.867 154.291 665.04C154.691 664.2 155.277 663.52 156.051 663C156.824 662.467 157.777 662.2 158.911 662.2C160.044 662.2 160.997 662.467 161.771 663C162.544 663.52 163.131 664.2 163.531 665.04C163.931 665.867 164.131 666.753 164.131 667.7C164.131 668.633 163.931 669.52 163.531 670.36C163.131 671.2 162.544 671.887 161.771 672.42C160.997 672.94 160.044 673.2 158.911 673.2ZM158.911 671.54C159.631 671.54 160.231 671.36 160.711 671C161.204 670.627 161.571 670.147 161.811 669.56C162.064 668.973 162.191 668.353 162.191 667.7C162.191 667.033 162.064 666.413 161.811 665.84C161.571 665.253 161.204 664.78 160.711 664.42C160.231 664.047 159.631 663.86 158.911 663.86C158.204 663.86 157.604 664.047 157.111 664.42C156.617 664.78 156.244 665.253 155.991 665.84C155.751 666.413 155.631 667.033 155.631 667.7C155.631 668.353 155.751 668.973 155.991 669.56C156.244 670.147 156.617 670.627 157.111 671C157.604 671.36 158.204 671.54 158.911 671.54ZM168.077 660.38C167.718 660.38 167.418 660.26 167.178 660.02C166.951 659.78 166.838 659.493 166.838 659.16C166.838 658.813 166.951 658.52 167.178 658.28C167.418 658.04 167.718 657.92 168.077 657.92C168.424 657.92 168.718 658.04 168.958 658.28C169.198 658.52 169.318 658.813 169.318 659.16C169.318 659.493 169.198 659.78 168.958 660.02C168.718 660.26 168.424 660.38 168.077 660.38ZM167.138 673V662.4H169.038V673H167.138ZM173.571 664.8C173.198 664.8 172.884 664.673 172.631 664.42C172.391 664.153 172.271 663.847 172.271 663.5C172.271 663.14 172.391 662.833 172.631 662.58C172.884 662.327 173.198 662.2 173.571 662.2C173.944 662.2 174.251 662.327 174.491 662.58C174.744 662.833 174.871 663.14 174.871 663.5C174.871 663.86 174.744 664.167 174.491 664.42C174.251 664.673 173.944 664.8 173.571 664.8ZM173.571 673.2C173.198 673.2 172.884 673.073 172.631 672.82C172.391 672.553 172.271 672.247 172.271 671.9C172.271 671.54 172.391 671.233 172.631 670.98C172.884 670.727 173.198 670.6 173.571 670.6C173.944 670.6 174.251 670.727 174.491 670.98C174.744 671.233 174.871 671.54 174.871 671.9C174.871 672.26 174.744 672.567 174.491 672.82C174.251 673.073 173.944 673.2 173.571 673.2Z" fill="#3B6D11"/>
<path d="M133.653 687H67.3472C64.394 687 62 689.411 62 692.385V709.615C62 712.589 64.394 715 67.3472 715H133.653C136.606 715 139 712.589 139 709.615V692.385C139 689.411 136.606 687 133.653 687Z" fill="#C0DD97"/>
<path d="M70.425 709V692.72H72.581V709H70.425ZM81.1672 709V692.28H83.2572V699.034H83.3892C83.4919 698.858 83.6606 698.616 83.8952 698.308C84.1446 698 84.4966 697.729 84.9512 697.494C85.4059 697.245 85.9779 697.12 86.6672 697.12C87.5179 697.12 88.2439 697.318 88.8452 697.714C89.4466 698.095 89.9012 698.616 90.2092 699.276C90.5319 699.936 90.6932 700.677 90.6932 701.498V709H88.6032V701.63C88.6032 700.853 88.3832 700.207 87.9432 699.694C87.5179 699.181 86.8946 698.924 86.0732 698.924C85.4132 698.924 84.8779 699.093 84.4672 699.43C84.0566 699.753 83.7486 700.185 83.5432 700.728C83.3526 701.256 83.2572 701.821 83.2572 702.422V709H81.1672ZM98.8334 697.12C99.5667 697.12 100.183 697.237 100.681 697.472C101.18 697.707 101.583 697.985 101.891 698.308C102.199 698.616 102.434 698.909 102.595 699.188H102.727V697.34H104.817V709H102.727V707.152H102.595C102.434 707.431 102.199 707.731 101.891 708.054C101.583 708.377 101.18 708.655 100.681 708.89C100.183 709.11 99.5667 709.22 98.8334 709.22C97.9534 709.22 97.1834 709.051 96.5234 708.714C95.8634 708.362 95.3134 707.9 94.8734 707.328C94.4334 706.741 94.1034 706.089 93.8834 705.37C93.6634 704.651 93.5534 703.918 93.5534 703.17C93.5534 702.422 93.6634 701.689 93.8834 700.97C94.1034 700.251 94.4334 699.606 94.8734 699.034C95.3134 698.447 95.8634 697.985 96.5234 697.648C97.1834 697.296 97.9534 697.12 98.8334 697.12ZM99.1854 698.902C98.4081 698.902 97.7554 699.115 97.2274 699.54C96.6994 699.951 96.3034 700.479 96.0394 701.124C95.7901 701.769 95.6654 702.451 95.6654 703.17C95.6654 703.874 95.7901 704.556 96.0394 705.216C96.3034 705.861 96.6994 706.397 97.2274 706.822C97.7554 707.233 98.4081 707.438 99.1854 707.438C99.9627 707.438 100.608 707.233 101.121 706.822C101.649 706.397 102.038 705.861 102.287 705.216C102.551 704.556 102.683 703.874 102.683 703.17C102.683 702.451 102.551 701.769 102.287 701.124C102.038 700.479 101.649 699.951 101.121 699.54C100.608 699.115 99.9627 698.902 99.1854 698.902ZM111.133 709L106.689 697.34H108.867L112.277 706.448L115.621 697.34H117.821L113.355 709H111.133ZM125.007 709.22C124.054 709.22 123.225 709.051 122.521 708.714C121.832 708.362 121.26 707.893 120.805 707.306C120.365 706.719 120.035 706.074 119.815 705.37C119.595 704.651 119.485 703.918 119.485 703.17C119.485 702.437 119.588 701.711 119.793 700.992C120.013 700.273 120.343 699.621 120.783 699.034C121.238 698.447 121.802 697.985 122.477 697.648C123.166 697.296 123.98 697.12 124.919 697.12C125.916 697.12 126.796 697.347 127.559 697.802C128.322 698.257 128.923 698.931 129.363 699.826C129.803 700.721 130.023 701.843 130.023 703.192V703.808H121.597C121.641 704.468 121.795 705.077 122.059 705.634C122.338 706.177 122.726 706.617 123.225 706.954C123.724 707.277 124.318 707.438 125.007 707.438C125.608 707.438 126.092 707.343 126.459 707.152C126.84 706.947 127.141 706.712 127.361 706.448C127.581 706.184 127.728 705.957 127.801 705.766C127.889 705.561 127.933 705.458 127.933 705.458H129.891C129.891 705.458 129.854 705.59 129.781 705.854C129.708 706.103 129.576 706.411 129.385 706.778C129.194 707.145 128.916 707.519 128.549 707.9C128.182 708.267 127.713 708.582 127.141 708.846C126.569 709.095 125.858 709.22 125.007 709.22ZM121.619 702.18H127.977C127.948 701.417 127.786 700.801 127.493 700.332C127.2 699.848 126.826 699.489 126.371 699.254C125.916 699.019 125.432 698.902 124.919 698.902C123.995 698.902 123.24 699.203 122.653 699.804C122.066 700.391 121.722 701.183 121.619 702.18Z" fill="#173404"/>
<path d="M160.67 697.12C161.404 697.12 162.02 697.237 162.518 697.472C163.017 697.707 163.42 697.985 163.728 698.308C164.036 698.616 164.271 698.909 164.432 699.188H164.564V697.34H166.654V709H164.564V707.152H164.432C164.271 707.431 164.036 707.731 163.728 708.054C163.42 708.377 163.017 708.655 162.518 708.89C162.02 709.11 161.404 709.22 160.67 709.22C159.79 709.22 159.02 709.051 158.36 708.714C157.7 708.362 157.15 707.9 156.71 707.328C156.27 706.741 155.94 706.089 155.72 705.37C155.5 704.651 155.39 703.918 155.39 703.17C155.39 702.422 155.5 701.689 155.72 700.97C155.94 700.251 156.27 699.606 156.71 699.034C157.15 698.447 157.7 697.985 158.36 697.648C159.02 697.296 159.79 697.12 160.67 697.12ZM161.022 698.902C160.245 698.902 159.592 699.115 159.064 699.54C158.536 699.951 158.14 700.479 157.876 701.124C157.627 701.769 157.502 702.451 157.502 703.17C157.502 703.874 157.627 704.556 157.876 705.216C158.14 705.861 158.536 706.397 159.064 706.822C159.592 707.233 160.245 707.438 161.022 707.438C161.8 707.438 162.445 707.233 162.958 706.822C163.486 706.397 163.875 705.861 164.124 705.216C164.388 704.556 164.52 703.874 164.52 703.17C164.52 702.451 164.388 701.769 164.124 701.124C163.875 700.479 163.486 699.951 162.958 699.54C162.445 699.115 161.8 698.902 161.022 698.902Z" fill="#1A1A1A"/>
<path d="M327.6 688H194.4C190.313 688 187 690.239 187 693V709C187 711.761 190.313 714 194.4 714H327.6C331.687 714 335 711.761 335 709V693C335 690.239 331.687 688 327.6 688Z" fill="#F7C1C1"/>
<path d="M198.868 709.22C197.973 709.22 197.232 709.095 196.646 708.846C196.074 708.597 195.619 708.289 195.282 707.922C194.944 707.541 194.695 707.167 194.534 706.8C194.372 706.419 194.27 706.103 194.226 705.854C194.182 705.605 194.16 705.48 194.16 705.48H196.272C196.272 705.48 196.294 705.583 196.338 705.788C196.396 705.979 196.506 706.206 196.668 706.47C196.844 706.719 197.108 706.947 197.46 707.152C197.826 707.343 198.31 707.438 198.912 707.438C199.601 707.438 200.136 707.277 200.518 706.954C200.899 706.617 201.09 706.206 201.09 705.722C201.09 705.297 200.936 704.959 200.628 704.71C200.334 704.461 199.909 704.27 199.352 704.138L197.768 703.764C197.181 703.617 196.631 703.419 196.118 703.17C195.604 702.921 195.186 702.583 194.864 702.158C194.556 701.718 194.402 701.175 194.402 700.53C194.402 699.533 194.776 698.719 195.524 698.088C196.272 697.443 197.247 697.12 198.45 697.12C199.256 697.12 199.924 697.237 200.452 697.472C200.98 697.692 201.398 697.971 201.706 698.308C202.028 698.645 202.263 698.983 202.41 699.32C202.571 699.657 202.674 699.943 202.718 700.178C202.762 700.398 202.784 700.508 202.784 700.508H200.76C200.76 700.508 200.738 700.427 200.694 700.266C200.65 700.09 200.547 699.899 200.386 699.694C200.239 699.474 200.012 699.283 199.704 699.122C199.396 698.946 198.985 698.858 198.472 698.858C197.768 698.858 197.254 699.019 196.932 699.342C196.609 699.665 196.448 700.017 196.448 700.398C196.448 700.765 196.594 701.065 196.888 701.3C197.196 701.52 197.592 701.689 198.076 701.806L199.682 702.18C200.679 702.415 201.5 702.803 202.146 703.346C202.806 703.874 203.136 704.637 203.136 705.634C203.136 706.279 202.967 706.881 202.63 707.438C202.292 707.981 201.808 708.413 201.178 708.736C200.547 709.059 199.777 709.22 198.868 709.22ZM210.507 709.22C209.304 709.22 208.395 708.912 207.779 708.296C207.177 707.68 206.877 706.815 206.877 705.7V699.056H204.787V697.34H206.877V694.414H208.967V697.34H211.805V699.056H208.967V705.7C208.967 706.287 209.128 706.719 209.451 706.998C209.773 707.262 210.243 707.394 210.859 707.394C211.181 707.394 211.489 707.372 211.783 707.328C212.076 707.284 212.223 707.262 212.223 707.262V709.044C212.223 709.044 212.054 709.073 211.717 709.132C211.379 709.191 210.976 709.22 210.507 709.22ZM220.059 709.22C218.812 709.22 217.764 708.934 216.913 708.362C216.062 707.775 215.417 707.02 214.977 706.096C214.537 705.172 214.317 704.197 214.317 703.17C214.317 702.129 214.537 701.153 214.977 700.244C215.417 699.32 216.062 698.572 216.913 698C217.764 697.413 218.812 697.12 220.059 697.12C221.306 697.12 222.354 697.413 223.205 698C224.056 698.572 224.701 699.32 225.141 700.244C225.581 701.153 225.801 702.129 225.801 703.17C225.801 704.197 225.581 705.172 225.141 706.096C224.701 707.02 224.056 707.775 223.205 708.362C222.354 708.934 221.306 709.22 220.059 709.22ZM220.059 707.394C220.851 707.394 221.511 707.196 222.039 706.8C222.582 706.389 222.985 705.861 223.249 705.216C223.528 704.571 223.667 703.889 223.667 703.17C223.667 702.437 223.528 701.755 223.249 701.124C222.985 700.479 222.582 699.958 222.039 699.562C221.511 699.151 220.851 698.946 220.059 698.946C219.282 698.946 218.622 699.151 218.079 699.562C217.536 699.958 217.126 700.479 216.847 701.124C216.583 701.755 216.451 702.437 216.451 703.17C216.451 703.889 216.583 704.571 216.847 705.216C217.126 705.861 217.536 706.389 218.079 706.8C218.622 707.196 219.282 707.394 220.059 707.394ZM228.652 709V697.34H230.742V699.034H230.83C230.948 698.814 231.131 698.557 231.38 698.264C231.63 697.956 231.967 697.692 232.392 697.472C232.832 697.237 233.382 697.12 234.042 697.12C234.908 697.12 235.634 697.333 236.22 697.758C236.822 698.169 237.269 698.726 237.562 699.43H237.584C237.907 698.785 238.362 698.242 238.948 697.802C239.55 697.347 240.327 697.12 241.28 697.12C242.542 697.12 243.51 697.553 244.184 698.418C244.874 699.269 245.218 700.369 245.218 701.718V709H243.128V701.828C243.128 700.963 242.923 700.266 242.512 699.738C242.102 699.195 241.508 698.924 240.73 698.924C240.056 698.924 239.513 699.107 239.102 699.474C238.706 699.841 238.42 700.295 238.244 700.838C238.068 701.381 237.98 701.923 237.98 702.466V709H235.89V701.828C235.89 700.963 235.685 700.266 235.274 699.738C234.878 699.195 234.284 698.924 233.492 698.924C232.818 698.924 232.275 699.107 231.864 699.474C231.468 699.841 231.182 700.303 231.006 700.86C230.83 701.403 230.742 701.938 230.742 702.466V709H228.652ZM253.349 697.12C254.082 697.12 254.698 697.237 255.197 697.472C255.696 697.707 256.099 697.985 256.407 698.308C256.715 698.616 256.95 698.909 257.111 699.188H257.243V697.34H259.333V709H257.243V707.152H257.111C256.95 707.431 256.715 707.731 256.407 708.054C256.099 708.377 255.696 708.655 255.197 708.89C254.698 709.11 254.082 709.22 253.349 709.22C252.469 709.22 251.699 709.051 251.039 708.714C250.379 708.362 249.829 707.9 249.389 707.328C248.949 706.741 248.619 706.089 248.399 705.37C248.179 704.651 248.069 703.918 248.069 703.17C248.069 702.422 248.179 701.689 248.399 700.97C248.619 700.251 248.949 699.606 249.389 699.034C249.829 698.447 250.379 697.985 251.039 697.648C251.699 697.296 252.469 697.12 253.349 697.12ZM253.701 698.902C252.924 698.902 252.271 699.115 251.743 699.54C251.215 699.951 250.819 700.479 250.555 701.124C250.306 701.769 250.181 702.451 250.181 703.17C250.181 703.874 250.306 704.556 250.555 705.216C250.819 705.861 251.215 706.397 251.743 706.822C252.271 707.233 252.924 707.438 253.701 707.438C254.478 707.438 255.124 707.233 255.637 706.822C256.165 706.397 256.554 705.861 256.803 705.216C257.067 704.556 257.199 703.874 257.199 703.17C257.199 702.451 257.067 701.769 256.803 701.124C256.554 700.479 256.165 699.951 255.637 699.54C255.124 699.115 254.478 698.902 253.701 698.902ZM267.926 709.22C266.973 709.22 266.137 709.051 265.418 708.714C264.7 708.362 264.098 707.9 263.614 707.328C263.145 706.741 262.786 706.089 262.536 705.37C262.302 704.651 262.184 703.918 262.184 703.17C262.184 702.422 262.302 701.696 262.536 700.992C262.771 700.273 263.123 699.621 263.592 699.034C264.076 698.447 264.678 697.985 265.396 697.648C266.115 697.296 266.958 697.12 267.926 697.12C268.865 697.12 269.642 697.259 270.258 697.538C270.874 697.817 271.366 698.169 271.732 698.594C272.114 699.005 272.392 699.423 272.568 699.848C272.759 700.259 272.884 700.603 272.942 700.882C273.001 701.161 273.03 701.3 273.03 701.3H271.006C271.006 701.3 270.97 701.183 270.896 700.948C270.823 700.699 270.684 700.42 270.478 700.112C270.273 699.804 269.965 699.533 269.554 699.298C269.144 699.049 268.601 698.924 267.926 698.924C267.12 698.924 266.438 699.129 265.88 699.54C265.338 699.936 264.927 700.457 264.648 701.102C264.384 701.747 264.252 702.437 264.252 703.17C264.252 703.903 264.384 704.593 264.648 705.238C264.927 705.883 265.338 706.411 265.88 706.822C266.438 707.218 267.12 707.416 267.926 707.416C268.601 707.416 269.144 707.299 269.554 707.064C269.965 706.815 270.273 706.536 270.478 706.228C270.684 705.92 270.823 705.649 270.896 705.414C270.97 705.165 271.006 705.04 271.006 705.04H273.03C273.03 705.04 273.001 705.179 272.942 705.458C272.884 705.737 272.759 706.089 272.568 706.514C272.392 706.925 272.114 707.343 271.732 707.768C271.366 708.179 270.874 708.523 270.258 708.802C269.642 709.081 268.865 709.22 267.926 709.22ZM276.116 709V692.28H278.206V699.034H278.338C278.441 698.858 278.61 698.616 278.844 698.308C279.094 698 279.446 697.729 279.9 697.494C280.355 697.245 280.927 697.12 281.616 697.12C282.467 697.12 283.193 697.318 283.794 697.714C284.396 698.095 284.85 698.616 285.158 699.276C285.481 699.936 285.642 700.677 285.642 701.498V709H283.552V701.63C283.552 700.853 283.332 700.207 282.892 699.694C282.467 699.181 281.844 698.924 281.022 698.924C280.362 698.924 279.827 699.093 279.416 699.43C279.006 699.753 278.698 700.185 278.492 700.728C278.302 701.256 278.206 701.821 278.206 702.422V709H276.116ZM294.025 709.22C293.071 709.22 292.243 709.051 291.539 708.714C290.849 708.362 290.277 707.893 289.823 707.306C289.383 706.719 289.053 706.074 288.833 705.37C288.613 704.651 288.503 703.918 288.503 703.17C288.503 702.437 288.605 701.711 288.811 700.992C289.031 700.273 289.361 699.621 289.801 699.034C290.255 698.447 290.82 697.985 291.495 697.648C292.184 697.296 292.998 697.12 293.937 697.12C294.934 697.12 295.814 697.347 296.577 697.802C297.339 698.257 297.941 698.931 298.381 699.826C298.821 700.721 299.041 701.843 299.041 703.192V703.808H290.615C290.659 704.468 290.813 705.077 291.077 705.634C291.355 706.177 291.744 706.617 292.243 706.954C292.741 707.277 293.335 707.438 294.025 707.438C294.626 707.438 295.11 707.343 295.477 707.152C295.858 706.947 296.159 706.712 296.379 706.448C296.599 706.184 296.745 705.957 296.819 705.766C296.907 705.561 296.951 705.458 296.951 705.458H298.909C298.909 705.458 298.872 705.59 298.799 705.854C298.725 706.103 298.593 706.411 298.403 706.778C298.212 707.145 297.933 707.519 297.567 707.9C297.2 708.267 296.731 708.582 296.159 708.846C295.587 709.095 294.875 709.22 294.025 709.22ZM290.637 702.18H296.995C296.965 701.417 296.804 700.801 296.511 700.332C296.217 699.848 295.843 699.489 295.389 699.254C294.934 699.019 294.45 698.902 293.937 698.902C293.013 698.902 292.257 699.203 291.671 699.804C291.084 700.391 290.739 701.183 290.637 702.18ZM307.307 709.22C306.354 709.22 305.518 709.051 304.799 708.714C304.08 708.362 303.479 707.9 302.995 707.328C302.526 706.741 302.166 706.089 301.917 705.37C301.682 704.651 301.565 703.918 301.565 703.17C301.565 702.422 301.682 701.696 301.917 700.992C302.152 700.273 302.504 699.621 302.973 699.034C303.457 698.447 304.058 697.985 304.777 697.648C305.496 697.296 306.339 697.12 307.307 697.12C308.246 697.12 309.023 697.259 309.639 697.538C310.255 697.817 310.746 698.169 311.113 698.594C311.494 699.005 311.773 699.423 311.949 699.848C312.14 700.259 312.264 700.603 312.323 700.882C312.382 701.161 312.411 701.3 312.411 701.3H310.387C310.387 701.3 310.35 701.183 310.277 700.948C310.204 700.699 310.064 700.42 309.859 700.112C309.654 699.804 309.346 699.533 308.935 699.298C308.524 699.049 307.982 698.924 307.307 698.924C306.5 698.924 305.818 699.129 305.261 699.54C304.718 699.936 304.308 700.457 304.029 701.102C303.765 701.747 303.633 702.437 303.633 703.17C303.633 703.903 303.765 704.593 304.029 705.238C304.308 705.883 304.718 706.411 305.261 706.822C305.818 707.218 306.5 707.416 307.307 707.416C307.982 707.416 308.524 707.299 308.935 707.064C309.346 706.815 309.654 706.536 309.859 706.228C310.064 705.92 310.204 705.649 310.277 705.414C310.35 705.165 310.387 705.04 310.387 705.04H312.411C312.411 705.04 312.382 705.179 312.323 705.458C312.264 705.737 312.14 706.089 311.949 706.514C311.773 706.925 311.494 707.343 311.113 707.768C310.746 708.179 310.255 708.523 309.639 708.802C309.023 709.081 308.246 709.22 307.307 709.22ZM315.497 709V692.28H317.587V702.004L322.229 697.34H324.957L319.589 702.642L325.067 709H322.405L317.587 703.39V709H315.497Z" fill="#501313"/>
<path d="M55.148 739.95C54.776 739.506 54.392 739.122 53.996 738.798C53.6 738.474 53.192 738.21 52.772 738.006V737.682C53.6 737.262 54.392 736.614 55.148 735.738H55.778C55.586 736.146 55.394 736.506 55.202 736.818C55.01 737.118 54.824 737.37 54.644 737.574V738.114C54.824 738.306 55.01 738.558 55.202 738.87C55.394 739.17 55.586 739.53 55.778 739.95H55.148ZM54.554 738.222V737.466H65.228V738.222H54.554ZM77.1164 744V732.228H72.9584V730.68H83.0384V732.228H78.8804V744H77.1164ZM86.5985 733.02L84.7445 729.762H86.5085L88.0565 733.002L86.5985 733.02ZM86.7065 744.18C85.7585 744.18 85.0025 743.886 84.4385 743.298C83.8745 742.71 83.5925 741.894 83.5925 740.85V734.46H85.3025V740.76C85.3025 741.384 85.4705 741.864 85.8065 742.2C86.1545 742.536 86.6105 742.704 87.1745 742.704C87.7505 742.704 88.2125 742.554 88.5605 742.254C88.9085 741.954 89.1605 741.57 89.3165 741.102C89.4725 740.634 89.5505 740.154 89.5505 739.662V734.46H91.0085C91.4765 734.46 91.7105 734.214 91.7105 733.722V732.642H93.2225V733.722C93.2225 734.274 93.0785 734.718 92.7905 735.054C92.5025 735.39 92.0645 735.558 91.4765 735.558H91.2605V744H89.5505V742.632H89.4425C89.3705 742.776 89.2325 742.974 89.0285 743.226C88.8245 743.466 88.5365 743.688 88.1645 743.892C87.7925 744.084 87.3065 744.18 86.7065 744.18ZM100.428 734.37L100.608 730.68H102.21L101.544 734.37H100.428ZM97.9257 734.37L98.1057 730.68H99.7077L99.0417 734.37H97.9257ZM107.328 744.18C106.596 744.18 105.99 744.078 105.51 743.874C105.042 743.67 104.67 743.418 104.394 743.118C104.118 742.806 103.914 742.5 103.782 742.2C103.65 741.888 103.566 741.63 103.53 741.426C103.494 741.222 103.476 741.12 103.476 741.12H105.204C105.204 741.12 105.222 741.204 105.258 741.372C105.306 741.528 105.396 741.714 105.528 741.93C105.672 742.134 105.888 742.32 106.176 742.488C106.476 742.644 106.872 742.722 107.364 742.722C107.928 742.722 108.366 742.59 108.678 742.326C108.99 742.05 109.146 741.714 109.146 741.318C109.146 740.97 109.02 740.694 108.768 740.49C108.528 740.286 108.18 740.13 107.724 740.022L106.428 739.716C105.948 739.596 105.498 739.434 105.078 739.23C104.658 739.026 104.316 738.75 104.052 738.402C103.8 738.042 103.674 737.598 103.674 737.07C103.674 736.254 103.98 735.588 104.592 735.072C105.204 734.544 106.002 734.28 106.986 734.28C107.646 734.28 108.192 734.376 108.624 734.568C109.056 734.748 109.398 734.976 109.65 735.252C109.914 735.528 110.106 735.804 110.226 736.08C110.358 736.356 110.442 736.59 110.478 736.782C110.514 736.962 110.532 737.052 110.532 737.052H108.876C108.876 737.052 108.858 736.986 108.822 736.854C108.786 736.71 108.702 736.554 108.57 736.386C108.45 736.206 108.264 736.05 108.012 735.918C107.76 735.774 107.424 735.702 107.004 735.702C106.428 735.702 106.008 735.834 105.744 736.098C105.48 736.362 105.348 736.65 105.348 736.962C105.348 737.262 105.468 737.508 105.708 737.7C105.96 737.88 106.284 738.018 106.68 738.114L107.994 738.42C108.81 738.612 109.482 738.93 110.01 739.374C110.55 739.806 110.82 740.43 110.82 741.246C110.82 741.774 110.682 742.266 110.406 742.722C110.13 743.166 109.734 743.52 109.218 743.784C108.702 744.048 108.072 744.18 107.328 744.18ZM116.851 744.18C115.867 744.18 115.123 743.928 114.619 743.424C114.127 742.92 113.881 742.212 113.881 741.3V735.864H112.171V734.46H113.881V732.066H115.591V734.46H117.913V735.864H115.591V741.3C115.591 741.78 115.723 742.134 115.987 742.362C116.251 742.578 116.635 742.686 117.139 742.686C117.403 742.686 117.655 742.668 117.895 742.632C118.135 742.596 118.255 742.578 118.255 742.578V744.036C118.255 744.036 118.117 744.06 117.841 744.108C117.565 744.156 117.235 744.18 116.851 744.18ZM124.667 744.18C123.647 744.18 122.789 743.946 122.093 743.478C121.397 742.998 120.869 742.38 120.509 741.624C120.149 740.868 119.969 740.07 119.969 739.23C119.969 738.378 120.149 737.58 120.509 736.836C120.869 736.08 121.397 735.468 122.093 735C122.789 734.52 123.647 734.28 124.667 734.28C125.687 734.28 126.545 734.52 127.241 735C127.937 735.468 128.465 736.08 128.825 736.836C129.185 737.58 129.365 738.378 129.365 739.23C129.365 740.07 129.185 740.868 128.825 741.624C128.465 742.38 127.937 742.998 127.241 743.478C126.545 743.946 125.687 744.18 124.667 744.18ZM124.667 742.686C125.315 742.686 125.855 742.524 126.287 742.2C126.731 741.864 127.061 741.432 127.277 740.904C127.505 740.376 127.619 739.818 127.619 739.23C127.619 738.63 127.505 738.072 127.277 737.556C127.061 737.028 126.731 736.602 126.287 736.278C125.855 735.942 125.315 735.774 124.667 735.774C124.031 735.774 123.491 735.942 123.047 736.278C122.603 736.602 122.267 737.028 122.039 737.556C121.823 738.072 121.715 738.63 121.715 739.23C121.715 739.818 121.823 740.376 122.039 740.904C122.267 741.432 122.603 741.864 123.047 742.2C123.491 742.524 124.031 742.686 124.667 742.686ZM131.698 744V734.46H133.408V735.846H133.48C133.576 735.666 133.726 735.456 133.93 735.216C134.134 734.964 134.41 734.748 134.758 734.568C135.118 734.376 135.568 734.28 136.108 734.28C136.816 734.28 137.41 734.454 137.89 734.802C138.382 735.138 138.748 735.594 138.988 736.17H139.006C139.27 735.642 139.642 735.198 140.122 734.838C140.614 734.466 141.25 734.28 142.03 734.28C143.062 734.28 143.854 734.634 144.406 735.342C144.97 736.038 145.252 736.938 145.252 738.042V744H143.542V738.132C143.542 737.424 143.374 736.854 143.038 736.422C142.702 735.978 142.216 735.756 141.58 735.756C141.028 735.756 140.584 735.906 140.248 736.206C139.924 736.506 139.69 736.878 139.546 737.322C139.402 737.766 139.33 738.21 139.33 738.654V744H137.62V738.132C137.62 737.424 137.452 736.854 137.116 736.422C136.792 735.978 136.306 735.756 135.658 735.756C135.106 735.756 134.662 735.906 134.326 736.206C134.002 736.506 133.768 736.884 133.624 737.34C133.48 737.784 133.408 738.222 133.408 738.654V744H131.698ZM151.904 734.28C152.504 734.28 153.008 734.376 153.416 734.568C153.824 734.76 154.154 734.988 154.406 735.252C154.658 735.504 154.85 735.744 154.982 735.972H155.09V734.46H156.8V744H155.09V742.488H154.982C154.85 742.716 154.658 742.962 154.406 743.226C154.154 743.49 153.824 743.718 153.416 743.91C153.008 744.09 152.504 744.18 151.904 744.18C151.184 744.18 150.554 744.042 150.014 743.766C149.474 743.478 149.024 743.1 148.664 742.632C148.304 742.152 148.034 741.618 147.854 741.03C147.674 740.442 147.584 739.842 147.584 739.23C147.584 738.618 147.674 738.018 147.854 737.43C148.034 736.842 148.304 736.314 148.664 735.846C149.024 735.366 149.474 734.988 150.014 734.712C150.554 734.424 151.184 734.28 151.904 734.28ZM152.192 735.738C151.556 735.738 151.022 735.912 150.59 736.26C150.158 736.596 149.834 737.028 149.618 737.556C149.414 738.084 149.312 738.642 149.312 739.23C149.312 739.806 149.414 740.364 149.618 740.904C149.834 741.432 150.158 741.87 150.59 742.218C151.022 742.554 151.556 742.722 152.192 742.722C152.828 742.722 153.356 742.554 153.776 742.218C154.208 741.87 154.526 741.432 154.73 740.904C154.946 740.364 155.054 739.806 155.054 739.23C155.054 738.642 154.946 738.084 154.73 737.556C154.526 737.028 154.208 736.596 153.776 736.26C153.356 735.912 152.828 735.738 152.192 735.738ZM163.831 744.18C163.051 744.18 162.367 744.042 161.779 743.766C161.191 743.478 160.699 743.1 160.303 742.632C159.919 742.152 159.625 741.618 159.421 741.03C159.229 740.442 159.133 739.842 159.133 739.23C159.133 738.618 159.229 738.024 159.421 737.448C159.613 736.86 159.901 736.326 160.285 735.846C160.681 735.366 161.173 734.988 161.761 734.712C162.349 734.424 163.039 734.28 163.831 734.28C164.599 734.28 165.235 734.394 165.739 734.622C166.243 734.85 166.645 735.138 166.945 735.486C167.257 735.822 167.485 736.164 167.629 736.512C167.785 736.848 167.887 737.13 167.935 737.358C167.983 737.586 168.007 737.7 168.007 737.7H166.351C166.351 737.7 166.321 737.604 166.261 737.412C166.201 737.208 166.087 736.98 165.919 736.728C165.751 736.476 165.499 736.254 165.163 736.062C164.827 735.858 164.383 735.756 163.831 735.756C163.171 735.756 162.613 735.924 162.157 736.26C161.713 736.584 161.377 737.01 161.149 737.538C160.933 738.066 160.825 738.63 160.825 739.23C160.825 739.83 160.933 740.394 161.149 740.922C161.377 741.45 161.713 741.882 162.157 742.218C162.613 742.542 163.171 742.704 163.831 742.704C164.383 742.704 164.827 742.608 165.163 742.416C165.499 742.212 165.751 741.984 165.919 741.732C166.087 741.48 166.201 741.258 166.261 741.066C166.321 740.862 166.351 740.76 166.351 740.76H168.007C168.007 740.76 167.983 740.874 167.935 741.102C167.887 741.33 167.785 741.618 167.629 741.966C167.485 742.302 167.257 742.644 166.945 742.992C166.645 743.328 166.243 743.61 165.739 743.838C165.235 744.066 164.599 744.18 163.831 744.18ZM170.532 744V730.32H172.242V735.846H172.35C172.434 735.702 172.572 735.504 172.764 735.252C172.968 735 173.256 734.778 173.628 734.586C174 734.382 174.468 734.28 175.032 734.28C175.728 734.28 176.322 734.442 176.814 734.766C177.306 735.078 177.678 735.504 177.93 736.044C178.194 736.584 178.326 737.19 178.326 737.862V744H176.616V737.97C176.616 737.334 176.436 736.806 176.076 736.386C175.728 735.966 175.218 735.756 174.546 735.756C174.006 735.756 173.568 735.894 173.232 736.17C172.896 736.434 172.644 736.788 172.476 737.232C172.32 737.664 172.242 738.126 172.242 738.618V744H170.532ZM184.986 734.28C185.586 734.28 186.09 734.376 186.498 734.568C186.906 734.76 187.236 734.988 187.488 735.252C187.74 735.504 187.932 735.744 188.064 735.972H188.172V734.46H189.882V744H188.172V742.488H188.064C187.932 742.716 187.74 742.962 187.488 743.226C187.236 743.49 186.906 743.718 186.498 743.91C186.09 744.09 185.586 744.18 184.986 744.18C184.266 744.18 183.636 744.042 183.096 743.766C182.556 743.478 182.106 743.1 181.746 742.632C181.386 742.152 181.116 741.618 180.936 741.03C180.756 740.442 180.666 739.842 180.666 739.23C180.666 738.618 180.756 738.018 180.936 737.43C181.116 736.842 181.386 736.314 181.746 735.846C182.106 735.366 182.556 734.988 183.096 734.712C183.636 734.424 184.266 734.28 184.986 734.28ZM185.274 735.738C184.638 735.738 184.104 735.912 183.672 736.26C183.24 736.596 182.916 737.028 182.7 737.556C182.496 738.084 182.394 738.642 182.394 739.23C182.394 739.806 182.496 740.364 182.7 740.904C182.916 741.432 183.24 741.87 183.672 742.218C184.104 742.554 184.638 742.722 185.274 742.722C185.91 742.722 186.438 742.554 186.858 742.218C187.29 741.87 187.608 741.432 187.812 740.904C188.028 740.364 188.136 739.806 188.136 739.23C188.136 738.642 188.028 738.084 187.812 737.556C187.608 737.028 187.29 736.596 186.858 736.26C186.438 735.912 185.91 735.738 185.274 735.738ZM196.913 744.18C196.133 744.18 195.449 744.042 194.861 743.766C194.273 743.478 193.781 743.1 193.385 742.632C193.001 742.152 192.707 741.618 192.503 741.03C192.311 740.442 192.215 739.842 192.215 739.23C192.215 738.618 192.311 738.024 192.503 737.448C192.695 736.86 192.983 736.326 193.367 735.846C193.763 735.366 194.255 734.988 194.843 734.712C195.431 734.424 196.121 734.28 196.913 734.28C197.681 734.28 198.317 734.394 198.821 734.622C199.325 734.85 199.727 735.138 200.027 735.486C200.339 735.822 200.567 736.164 200.711 736.512C200.867 736.848 200.969 737.13 201.017 737.358C201.065 737.586 201.089 737.7 201.089 737.7H199.433C199.433 737.7 199.403 737.604 199.343 737.412C199.283 737.208 199.169 736.98 199.001 736.728C198.833 736.476 198.581 736.254 198.245 736.062C197.909 735.858 197.465 735.756 196.913 735.756C196.253 735.756 195.695 735.924 195.239 736.26C194.795 736.584 194.459 737.01 194.231 737.538C194.015 738.066 193.907 738.63 193.907 739.23C193.907 739.83 194.015 740.394 194.231 740.922C194.459 741.45 194.795 741.882 195.239 742.218C195.695 742.542 196.253 742.704 196.913 742.704C197.465 742.704 197.909 742.608 198.245 742.416C198.581 742.212 198.833 741.984 199.001 741.732C199.169 741.48 199.283 741.258 199.343 741.066C199.403 740.862 199.433 740.76 199.433 740.76H201.089C201.089 740.76 201.065 740.874 201.017 741.102C200.969 741.33 200.867 741.618 200.711 741.966C200.567 742.302 200.339 742.644 200.027 742.992C199.727 743.328 199.325 743.61 198.821 743.838C198.317 744.066 197.681 744.18 196.913 744.18ZM203.614 744V730.32H205.324V735.846H205.432C205.516 735.702 205.654 735.504 205.846 735.252C206.05 735 206.338 734.778 206.71 734.586C207.082 734.382 207.55 734.28 208.114 734.28C208.81 734.28 209.404 734.442 209.896 734.766C210.388 735.078 210.76 735.504 211.012 736.044C211.276 736.584 211.408 737.19 211.408 737.862V744H209.698V737.97C209.698 737.334 209.518 736.806 209.158 736.386C208.81 735.966 208.3 735.756 207.628 735.756C207.088 735.756 206.65 735.894 206.314 736.17C205.978 736.434 205.726 736.788 205.558 737.232C205.402 737.664 205.324 738.126 205.324 738.618V744H203.614ZM218.266 744.18C217.486 744.18 216.808 744.042 216.232 743.766C215.668 743.478 215.2 743.094 214.828 742.614C214.468 742.134 214.198 741.606 214.018 741.03C213.838 740.442 213.748 739.842 213.748 739.23C213.748 738.63 213.832 738.036 214 737.448C214.18 736.86 214.45 736.326 214.81 735.846C215.182 735.366 215.644 734.988 216.196 734.712C216.76 734.424 217.426 734.28 218.194 734.28C219.01 734.28 219.73 734.466 220.354 734.838C220.978 735.21 221.47 735.762 221.83 736.494C222.19 737.226 222.37 738.144 222.37 739.248V739.752H215.476C215.512 740.292 215.638 740.79 215.854 741.246C216.082 741.69 216.4 742.05 216.808 742.326C217.216 742.59 217.702 742.722 218.266 742.722C218.758 742.722 219.154 742.644 219.454 742.488C219.766 742.32 220.012 742.128 220.192 741.912C220.372 741.696 220.492 741.51 220.552 741.354C220.624 741.186 220.66 741.102 220.66 741.102H222.262C222.262 741.102 222.232 741.21 222.172 741.426C222.112 741.63 222.004 741.882 221.848 742.182C221.692 742.482 221.464 742.788 221.164 743.1C220.864 743.4 220.48 743.658 220.012 743.874C219.544 744.078 218.962 744.18 218.266 744.18ZM215.494 738.42H220.696C220.672 737.796 220.54 737.292 220.3 736.908C220.06 736.512 219.754 736.218 219.382 736.026C219.01 735.834 218.614 735.738 218.194 735.738C217.438 735.738 216.82 735.984 216.34 736.476C215.86 736.956 215.578 737.604 215.494 738.42ZM227.025 734.37L227.205 730.68H228.807L228.141 734.37H227.025ZM224.523 734.37L224.703 730.68H226.305L225.639 734.37H224.523ZM239.1 744.18C238.32 744.18 237.636 744.042 237.048 743.766C236.46 743.478 235.968 743.1 235.572 742.632C235.188 742.152 234.894 741.618 234.69 741.03C234.498 740.442 234.402 739.842 234.402 739.23C234.402 738.618 234.498 738.024 234.69 737.448C234.882 736.86 235.17 736.326 235.554 735.846C235.95 735.366 236.442 734.988 237.03 734.712C237.618 734.424 238.308 734.28 239.1 734.28C239.868 734.28 240.504 734.394 241.008 734.622C241.512 734.85 241.914 735.138 242.214 735.486C242.526 735.822 242.754 736.164 242.898 736.512C243.054 736.848 243.156 737.13 243.204 737.358C243.252 737.586 243.276 737.7 243.276 737.7H241.62C241.62 737.7 241.59 737.604 241.53 737.412C241.47 737.208 241.356 736.98 241.188 736.728C241.02 736.476 240.768 736.254 240.432 736.062C240.096 735.858 239.652 735.756 239.1 735.756C238.44 735.756 237.882 735.924 237.426 736.26C236.982 736.584 236.646 737.01 236.418 737.538C236.202 738.066 236.094 738.63 236.094 739.23C236.094 739.83 236.202 740.394 236.418 740.922C236.646 741.45 236.982 741.882 237.426 742.218C237.882 742.542 238.44 742.704 239.1 742.704C239.652 742.704 240.096 742.608 240.432 742.416C240.768 742.212 241.02 741.984 241.188 741.732C241.356 741.48 241.47 741.258 241.53 741.066C241.59 740.862 241.62 740.76 241.62 740.76H243.276C243.276 740.76 243.252 740.874 243.204 741.102C243.156 741.33 243.054 741.618 242.898 741.966C242.754 742.302 242.526 742.644 242.214 742.992C241.914 743.328 241.512 743.61 241.008 743.838C240.504 744.066 239.868 744.18 239.1 744.18ZM252.713 730.788L250.859 727.53H252.623L254.171 730.77L252.713 730.788ZM247.349 733.092L249.527 730.446H250.985L253.163 733.092H251.615L250.247 731.436L248.897 733.092H247.349ZM249.851 734.28C250.451 734.28 250.955 734.376 251.363 734.568C251.771 734.76 252.101 734.988 252.353 735.252C252.605 735.504 252.797 735.744 252.929 735.972H253.037V734.46H254.747V744H253.037V742.488H252.929C252.797 742.716 252.605 742.962 252.353 743.226C252.101 743.49 251.771 743.718 251.363 743.91C250.955 744.09 250.451 744.18 249.851 744.18C249.131 744.18 248.501 744.042 247.961 743.766C247.421 743.478 246.971 743.1 246.611 742.632C246.251 742.152 245.981 741.618 245.801 741.03C245.621 740.442 245.531 739.842 245.531 739.23C245.531 738.618 245.621 738.018 245.801 737.43C245.981 736.842 246.251 736.314 246.611 735.846C246.971 735.366 247.421 734.988 247.961 734.712C248.501 734.424 249.131 734.28 249.851 734.28ZM250.139 735.738C249.503 735.738 248.969 735.912 248.537 736.26C248.105 736.596 247.781 737.028 247.565 737.556C247.361 738.084 247.259 738.642 247.259 739.23C247.259 739.806 247.361 740.364 247.565 740.904C247.781 741.432 248.105 741.87 248.537 742.218C248.969 742.554 249.503 742.722 250.139 742.722C250.775 742.722 251.303 742.554 251.723 742.218C252.155 741.87 252.473 741.432 252.677 740.904C252.893 740.364 253.001 739.806 253.001 739.23C253.001 738.642 252.893 738.084 252.677 737.556C252.473 737.028 252.155 736.596 251.723 736.26C251.303 735.912 250.775 735.738 250.139 735.738ZM257.381 744V734.46H259.091V735.846H259.199C259.283 735.702 259.421 735.504 259.613 735.252C259.817 735 260.105 734.778 260.477 734.586C260.849 734.382 261.317 734.28 261.881 734.28C262.577 734.28 263.171 734.442 263.663 734.766C264.155 735.078 264.527 735.504 264.779 736.044C265.043 736.584 265.175 737.19 265.175 737.862V744H263.465V737.97C263.465 737.334 263.285 736.806 262.925 736.386C262.577 735.966 262.067 735.756 261.395 735.756C260.855 735.756 260.417 735.894 260.081 736.17C259.745 736.434 259.493 736.788 259.325 737.232C259.169 737.664 259.091 738.126 259.091 738.618V744H257.381ZM272.028 747.528V734.46H273.738V735.972H273.846C273.99 735.744 274.182 735.498 274.422 735.234C274.674 734.97 275.004 734.748 275.412 734.568C275.82 734.376 276.324 734.28 276.924 734.28C277.644 734.28 278.274 734.424 278.814 734.712C279.354 734.988 279.804 735.366 280.164 735.846C280.524 736.314 280.794 736.842 280.974 737.43C281.154 738.018 281.244 738.618 281.244 739.23C281.244 739.842 281.154 740.442 280.974 741.03C280.794 741.618 280.524 742.152 280.164 742.632C279.804 743.1 279.354 743.478 278.814 743.766C278.274 744.042 277.644 744.18 276.924 744.18C276.324 744.18 275.82 744.084 275.412 743.892C275.004 743.7 274.674 743.472 274.422 743.208C274.182 742.944 273.99 742.704 273.846 742.488H273.738V747.528H272.028ZM273.774 739.23C273.774 739.806 273.876 740.364 274.08 740.904C274.296 741.432 274.614 741.87 275.034 742.218C275.466 742.554 276 742.722 276.636 742.722C277.284 742.722 277.818 742.554 278.238 742.218C278.67 741.87 278.988 741.432 279.192 740.904C279.408 740.364 279.516 739.806 279.516 739.23C279.516 738.642 279.408 738.084 279.192 737.556C278.988 737.028 278.67 736.596 278.238 736.26C277.818 735.912 277.284 735.738 276.636 735.738C276 735.738 275.466 735.912 275.034 736.26C274.614 736.596 274.296 737.028 274.08 737.556C273.876 738.084 273.774 738.642 273.774 739.23ZM283.77 744V730.32H285.48V735.846H285.588C285.672 735.702 285.81 735.504 286.002 735.252C286.206 735 286.494 734.778 286.866 734.586C287.238 734.382 287.706 734.28 288.27 734.28C288.966 734.28 289.56 734.442 290.052 734.766C290.544 735.078 290.916 735.504 291.168 736.044C291.432 736.584 291.564 737.19 291.564 737.862V744H289.854V737.97C289.854 737.334 289.674 736.806 289.314 736.386C288.966 735.966 288.456 735.756 287.784 735.756C287.244 735.756 286.806 735.894 286.47 736.17C286.134 736.434 285.882 736.788 285.714 737.232C285.558 737.664 285.48 738.126 285.48 738.618V744H283.77ZM299.43 733.02L297.972 733.002L299.52 729.762H301.284L299.43 733.02ZM298.314 734.28C298.914 734.28 299.418 734.376 299.826 734.568C300.234 734.76 300.564 734.988 300.816 735.252C301.068 735.504 301.26 735.744 301.392 735.972H301.5V734.46H303.21V744H301.5V742.488H301.392C301.26 742.716 301.068 742.962 300.816 743.226C300.564 743.49 300.234 743.718 299.826 743.91C299.418 744.09 298.914 744.18 298.314 744.18C297.594 744.18 296.964 744.042 296.424 743.766C295.884 743.478 295.434 743.1 295.074 742.632C294.714 742.152 294.444 741.618 294.264 741.03C294.084 740.442 293.994 739.842 293.994 739.23C293.994 738.618 294.084 738.018 294.264 737.43C294.444 736.842 294.714 736.314 295.074 735.846C295.434 735.366 295.884 734.988 296.424 734.712C296.964 734.424 297.594 734.28 298.314 734.28ZM298.602 735.738C297.966 735.738 297.432 735.912 297 736.26C296.568 736.596 296.244 737.028 296.028 737.556C295.824 738.084 295.722 738.642 295.722 739.23C295.722 739.806 295.824 740.364 296.028 740.904C296.244 741.432 296.568 741.87 297 742.218C297.432 742.554 297.966 742.722 298.602 742.722C299.238 742.722 299.766 742.554 300.186 742.218C300.618 741.87 300.936 741.432 301.14 740.904C301.356 740.364 301.464 739.806 301.464 739.23C301.464 738.642 301.356 738.084 301.14 737.556C300.936 737.028 300.618 736.596 300.186 736.26C299.766 735.912 299.238 735.738 298.602 735.738ZM309.542 744.18C308.558 744.18 307.814 743.928 307.31 743.424C306.818 742.92 306.572 742.212 306.572 741.3V735.864H304.862V734.46H306.572V732.066H308.282V734.46H310.604V735.864H308.282V741.3C308.282 741.78 308.414 742.134 308.678 742.362C308.942 742.578 309.326 742.686 309.83 742.686C310.094 742.686 310.346 742.668 310.586 742.632C310.826 742.596 310.946 742.578 310.946 742.578V744.036C310.946 744.036 310.808 744.06 310.532 744.108C310.256 744.156 309.926 744.18 309.542 744.18ZM319.068 733.092L321.246 730.086H322.704L324.882 733.092H323.334L321.966 731.166L320.616 733.092H319.068ZM321.57 734.28C322.17 734.28 322.674 734.376 323.082 734.568C323.49 734.76 323.82 734.988 324.072 735.252C324.324 735.504 324.516 735.744 324.648 735.972H324.756V734.46H326.466V744H324.756V742.488H324.648C324.516 742.716 324.324 742.962 324.072 743.226C323.82 743.49 323.49 743.718 323.082 743.91C322.674 744.09 322.17 744.18 321.57 744.18C320.85 744.18 320.22 744.042 319.68 743.766C319.14 743.478 318.69 743.1 318.33 742.632C317.97 742.152 317.7 741.618 317.52 741.03C317.34 740.442 317.25 739.842 317.25 739.23C317.25 738.618 317.34 738.018 317.52 737.43C317.7 736.842 317.97 736.314 318.33 735.846C318.69 735.366 319.14 734.988 319.68 734.712C320.22 734.424 320.85 734.28 321.57 734.28ZM321.858 735.738C321.222 735.738 320.688 735.912 320.256 736.26C319.824 736.596 319.5 737.028 319.284 737.556C319.08 738.084 318.978 738.642 318.978 739.23C318.978 739.806 319.08 740.364 319.284 740.904C319.5 741.432 319.824 741.87 320.256 742.218C320.688 742.554 321.222 742.722 321.858 742.722C322.494 742.722 323.022 742.554 323.442 742.218C323.874 741.87 324.192 741.432 324.396 740.904C324.612 740.364 324.72 739.806 324.72 739.23C324.72 738.642 324.612 738.084 324.396 737.556C324.192 737.028 323.874 736.596 323.442 736.26C323.022 735.912 322.494 735.738 321.858 735.738ZM329.1 744V734.46H330.81V735.846H330.882C330.978 735.666 331.128 735.456 331.332 735.216C331.536 734.964 331.812 734.748 332.16 734.568C332.52 734.376 332.97 734.28 333.51 734.28C334.218 734.28 334.812 734.454 335.292 734.802C335.784 735.138 336.15 735.594 336.39 736.17H336.408C336.672 735.642 337.044 735.198 337.524 734.838C338.016 734.466 338.652 734.28 339.432 734.28C340.464 734.28 341.256 734.634 341.808 735.342C342.372 736.038 342.654 736.938 342.654 738.042V744H340.944V738.132C340.944 737.424 340.776 736.854 340.44 736.422C340.104 735.978 339.618 735.756 338.982 735.756C338.43 735.756 337.986 735.906 337.65 736.206C337.326 736.506 337.092 736.878 336.948 737.322C336.804 737.766 336.732 738.21 336.732 738.654V744H335.022V738.132C335.022 737.424 334.854 736.854 334.518 736.422C334.194 735.978 333.708 735.756 333.06 735.756C332.508 735.756 332.064 735.906 331.728 736.206C331.404 736.506 331.17 736.884 331.026 737.34C330.882 737.784 330.81 738.222 330.81 738.654V744H329.1ZM349.495 744L349.513 730.32H351.205V744H349.495ZM358.133 734.28C358.733 734.28 359.237 734.376 359.645 734.568C360.053 734.76 360.383 734.988 360.635 735.252C360.887 735.504 361.079 735.744 361.211 735.972H361.319V734.46H363.029V744H361.319V742.488H361.211C361.079 742.716 360.887 742.962 360.635 743.226C360.383 743.49 360.053 743.718 359.645 743.91C359.237 744.09 358.733 744.18 358.133 744.18C357.413 744.18 356.783 744.042 356.243 743.766C355.703 743.478 355.253 743.1 354.893 742.632C354.533 742.152 354.263 741.618 354.083 741.03C353.903 740.442 353.813 739.842 353.813 739.23C353.813 738.618 353.903 738.018 354.083 737.43C354.263 736.842 354.533 736.314 354.893 735.846C355.253 735.366 355.703 734.988 356.243 734.712C356.783 734.424 357.413 734.28 358.133 734.28ZM358.421 735.738C357.785 735.738 357.251 735.912 356.819 736.26C356.387 736.596 356.063 737.028 355.847 737.556C355.643 738.084 355.541 738.642 355.541 739.23C355.541 739.806 355.643 740.364 355.847 740.904C356.063 741.432 356.387 741.87 356.819 742.218C357.251 742.554 357.785 742.722 358.421 742.722C359.057 742.722 359.585 742.554 360.005 742.218C360.437 741.87 360.755 741.432 360.959 740.904C361.175 740.364 361.283 739.806 361.283 739.23C361.283 738.642 361.175 738.084 360.959 737.556C360.755 737.028 360.437 736.596 360.005 736.26C359.585 735.912 359.057 735.738 358.421 735.738ZM358.529 748.086C358.193 748.086 357.911 747.966 357.683 747.726C357.467 747.498 357.359 747.228 357.359 746.916C357.359 746.592 357.467 746.316 357.683 746.088C357.911 745.86 358.193 745.746 358.529 745.746C358.865 745.746 359.141 745.86 359.357 746.088C359.585 746.316 359.699 746.592 359.699 746.916C359.699 747.24 359.585 747.516 359.357 747.744C359.141 747.972 358.865 748.086 358.529 748.086ZM366.778 732.642C366.454 732.642 366.184 732.534 365.968 732.318C365.764 732.102 365.662 731.844 365.662 731.544C365.662 731.232 365.764 730.968 365.968 730.752C366.184 730.536 366.454 730.428 366.778 730.428C367.09 730.428 367.354 730.536 367.57 730.752C367.786 730.968 367.894 731.232 367.894 731.544C367.894 731.844 367.786 732.102 367.57 732.318C367.354 732.534 367.09 732.642 366.778 732.642ZM365.932 744V734.46H367.642V744H365.932Z" fill="#639922"/>
<path d="M44 791H384" stroke="#E8E8E8"/>
<path d="M192 807H56C49.3726 807 44 812.373 44 819V847C44 853.627 49.3726 859 56 859H192C198.627 859 204 853.627 204 847V819C204 812.373 198.627 807 192 807Z" fill="white" stroke="#378ADD" stroke-width="1.5"/>
<path d="M85.068 842V825.65H79.293V823.5H93.293V825.65H87.518V842H85.068ZM96.4277 842V823H98.8027V830.675H98.9527C99.0694 830.475 99.2611 830.2 99.5277 829.85C99.8111 829.5 100.211 829.192 100.728 828.925C101.244 828.642 101.894 828.5 102.678 828.5C103.644 828.5 104.469 828.725 105.153 829.175C105.836 829.608 106.353 830.2 106.703 830.95C107.069 831.7 107.253 832.542 107.253 833.475V842H104.878V833.625C104.878 832.742 104.628 832.008 104.128 831.425C103.644 830.842 102.936 830.55 102.003 830.55C101.253 830.55 100.644 830.742 100.178 831.125C99.7111 831.492 99.3611 831.983 99.1277 832.6C98.9111 833.2 98.8027 833.842 98.8027 834.525V842H96.4277ZM115.403 826.925V826.125C115.403 825.958 115.436 825.792 115.503 825.625C115.57 825.458 115.703 825.325 115.903 825.225L116.253 825.05C117.02 824.667 117.403 824.242 117.403 823.775C117.403 823.542 117.311 823.333 117.128 823.15C116.961 822.95 116.686 822.85 116.303 822.85C115.97 822.85 115.72 822.925 115.553 823.075C115.403 823.208 115.303 823.358 115.253 823.525C115.203 823.692 115.178 823.825 115.178 823.925H113.528C113.528 823.508 113.62 823.108 113.803 822.725C114.003 822.342 114.303 822.025 114.703 821.775C115.103 821.525 115.628 821.4 116.278 821.4C117.161 821.4 117.853 821.633 118.353 822.1C118.87 822.55 119.128 823.092 119.128 823.725C119.128 824.192 118.97 824.633 118.653 825.05C118.336 825.45 117.828 825.817 117.128 826.15L117.028 826.2V826.925H115.403ZM115.453 842.25C114.136 842.25 113.086 841.842 112.303 841.025C111.52 840.208 111.128 839.075 111.128 837.625V828.75H113.503V837.5C113.503 838.367 113.736 839.033 114.203 839.5C114.686 839.967 115.32 840.2 116.103 840.2C116.903 840.2 117.545 839.992 118.028 839.575C118.511 839.158 118.861 838.625 119.078 837.975C119.295 837.325 119.403 836.658 119.403 835.975V828.75H121.428C122.078 828.75 122.403 828.408 122.403 827.725V826.225H124.503V827.725C124.503 828.492 124.303 829.108 123.903 829.575C123.503 830.042 122.895 830.275 122.078 830.275H121.778V842H119.403V840.1H119.253C119.153 840.3 118.961 840.575 118.678 840.925C118.395 841.258 117.995 841.567 117.478 841.85C116.961 842.117 116.286 842.25 115.453 842.25ZM131.535 842L131.56 823H133.91V842H131.535ZM143.532 828.5C144.366 828.5 145.066 828.633 145.632 828.9C146.199 829.167 146.657 829.483 147.007 829.85C147.357 830.2 147.624 830.533 147.807 830.85H147.957V828.75H150.332V842H147.957V839.9H147.807C147.624 840.217 147.357 840.558 147.007 840.925C146.657 841.292 146.199 841.608 145.632 841.875C145.066 842.125 144.366 842.25 143.532 842.25C142.532 842.25 141.657 842.058 140.907 841.675C140.157 841.275 139.532 840.75 139.032 840.1C138.532 839.433 138.157 838.692 137.907 837.875C137.657 837.058 137.532 836.225 137.532 835.375C137.532 834.525 137.657 833.692 137.907 832.875C138.157 832.058 138.532 831.325 139.032 830.675C139.532 830.008 140.157 829.483 140.907 829.1C141.657 828.7 142.532 828.5 143.532 828.5ZM143.932 830.525C143.049 830.525 142.307 830.767 141.707 831.25C141.107 831.717 140.657 832.317 140.357 833.05C140.074 833.783 139.932 834.558 139.932 835.375C139.932 836.175 140.074 836.95 140.357 837.7C140.657 838.433 141.107 839.042 141.707 839.525C142.307 839.992 143.049 840.225 143.932 840.225C144.816 840.225 145.549 839.992 146.132 839.525C146.732 839.042 147.174 838.433 147.457 837.7C147.757 836.95 147.907 836.175 147.907 835.375C147.907 834.558 147.757 833.783 147.457 833.05C147.174 832.317 146.732 831.717 146.132 831.25C145.549 830.767 144.816 830.525 143.932 830.525ZM144.082 847.675C143.616 847.675 143.224 847.508 142.907 847.175C142.607 846.858 142.457 846.483 142.457 846.05C142.457 845.6 142.607 845.217 142.907 844.9C143.224 844.583 143.616 844.425 144.082 844.425C144.549 844.425 144.932 844.583 145.232 844.9C145.549 845.217 145.707 845.6 145.707 846.05C145.707 846.5 145.549 846.883 145.232 847.2C144.932 847.517 144.549 847.675 144.082 847.675ZM155.54 826.225C155.09 826.225 154.715 826.075 154.415 825.775C154.132 825.475 153.99 825.117 153.99 824.7C153.99 824.267 154.132 823.9 154.415 823.6C154.715 823.3 155.09 823.15 155.54 823.15C155.974 823.15 156.34 823.3 156.64 823.6C156.94 823.9 157.09 824.267 157.09 824.7C157.09 825.117 156.94 825.475 156.64 825.775C156.34 826.075 155.974 826.225 155.54 826.225ZM154.365 842V828.75H156.74V842H154.365Z" fill="#378ADD"/>
<path d="M372 807H232C225.373 807 220 812.373 220 819V847C220 853.627 225.373 859 232 859H372C378.627 859 384 853.627 384 847V819C384 812.373 378.627 807 372 807Z" fill="#0961F5"/>
<path d="M232.711 842V826.85H227.036V823.5H242.236V826.85H236.561V842H232.711ZM246.899 826.95C246.233 826.95 245.691 826.742 245.274 826.325C244.858 825.892 244.649 825.383 244.649 824.8C244.649 824.183 244.858 823.667 245.274 823.25C245.691 822.817 246.233 822.6 246.899 822.6C247.533 822.6 248.066 822.817 248.499 823.25C248.933 823.667 249.149 824.183 249.149 824.8C249.149 825.383 248.933 825.892 248.499 826.325C248.066 826.742 247.533 826.95 246.899 826.95ZM244.999 842V828.75H248.799V842H244.999ZM264.522 823.875L261.697 823.85L263.722 819.35H267.247L264.522 823.875ZM253.772 827.1L256.997 823.25H260.022L263.247 827.1H260.272L258.522 824.975L256.747 827.1H253.772ZM258.647 842.25C257.48 842.25 256.472 842.058 255.622 841.675C254.772 841.275 254.072 840.75 253.522 840.1C252.972 839.433 252.555 838.692 252.272 837.875C252.005 837.058 251.872 836.217 251.872 835.35C251.872 834.517 252.005 833.7 252.272 832.9C252.538 832.083 252.938 831.342 253.472 830.675C254.022 830.008 254.713 829.483 255.547 829.1C256.38 828.7 257.372 828.5 258.522 828.5C259.755 828.5 260.838 828.767 261.772 829.3C262.705 829.833 263.438 830.625 263.972 831.675C264.505 832.708 264.772 833.967 264.772 835.45V836.375H255.697C255.747 837.175 256.022 837.867 256.522 838.45C257.038 839.033 257.747 839.325 258.647 839.325C259.163 839.325 259.58 839.25 259.897 839.1C260.23 838.933 260.488 838.75 260.672 838.55C260.855 838.333 260.98 838.142 261.047 837.975C261.13 837.808 261.172 837.725 261.172 837.725H264.672C264.672 837.725 264.63 837.883 264.547 838.2C264.463 838.5 264.305 838.875 264.072 839.325C263.838 839.775 263.497 840.225 263.047 840.675C262.613 841.125 262.038 841.5 261.322 841.8C260.605 842.1 259.713 842.25 258.647 842.25ZM255.697 834.075H261.122C261.088 833.158 260.813 832.475 260.297 832.025C259.797 831.575 259.18 831.35 258.447 831.35C257.713 831.35 257.088 831.592 256.572 832.075C256.072 832.542 255.78 833.208 255.697 834.075ZM267.604 846.875V828.75H271.404V830.45H271.579C271.663 830.333 271.846 830.117 272.129 829.8C272.429 829.483 272.854 829.192 273.404 828.925C273.954 828.642 274.654 828.5 275.504 828.5C276.488 828.5 277.338 828.7 278.054 829.1C278.788 829.483 279.396 830.008 279.879 830.675C280.363 831.325 280.721 832.058 280.954 832.875C281.204 833.692 281.329 834.525 281.329 835.375C281.329 836.225 281.204 837.058 280.954 837.875C280.721 838.692 280.363 839.433 279.879 840.1C279.396 840.75 278.788 841.275 278.054 841.675C277.338 842.058 276.488 842.25 275.504 842.25C274.654 842.25 273.954 842.117 273.404 841.85C272.854 841.567 272.429 841.267 272.129 840.95C271.846 840.633 271.663 840.417 271.579 840.3H271.404V846.875H267.604ZM271.329 835.375C271.329 835.992 271.438 836.592 271.654 837.175C271.888 837.758 272.229 838.242 272.679 838.625C273.146 838.992 273.721 839.175 274.404 839.175C275.088 839.175 275.654 838.992 276.104 838.625C276.571 838.242 276.913 837.758 277.129 837.175C277.363 836.592 277.479 835.992 277.479 835.375C277.479 834.758 277.363 834.158 277.129 833.575C276.913 832.992 276.571 832.517 276.104 832.15C275.654 831.767 275.088 831.575 274.404 831.575C273.721 831.575 273.146 831.767 272.679 832.15C272.229 832.517 271.888 832.992 271.654 833.575C271.438 834.158 271.329 834.758 271.329 835.375ZM295.99 842.25C294.957 842.25 294.132 842.1 293.515 841.8C292.899 841.483 292.432 841.092 292.115 840.625C291.799 840.142 291.59 839.633 291.49 839.1C291.39 838.567 291.34 838.075 291.34 837.625V831.775H289.09V828.75H291.34V825.475H295.14V828.75H297.965V831.775H295.14V837.525C295.14 838.075 295.282 838.5 295.565 838.8C295.865 839.1 296.357 839.25 297.04 839.25C297.34 839.25 297.615 839.225 297.865 839.175C298.115 839.125 298.24 839.1 298.24 839.1V842.025C298.24 842.025 298.015 842.058 297.565 842.125C297.115 842.208 296.59 842.25 295.99 842.25ZM301.027 842V823H304.827V830.65H304.952C305.102 830.383 305.319 830.083 305.602 829.75C305.902 829.417 306.294 829.125 306.777 828.875C307.277 828.625 307.91 828.5 308.677 828.5C309.71 828.5 310.552 828.742 311.202 829.225C311.852 829.692 312.327 830.3 312.627 831.05C312.927 831.783 313.077 832.558 313.077 833.375V842H309.277V834.025C309.277 833.392 309.102 832.833 308.752 832.35C308.419 831.867 307.877 831.625 307.127 831.625C306.56 831.625 306.11 831.758 305.777 832.025C305.444 832.292 305.202 832.633 305.052 833.05C304.902 833.467 304.827 833.908 304.827 834.375V842H301.027ZM322.441 842.25C321.274 842.25 320.266 842.058 319.416 841.675C318.566 841.275 317.866 840.75 317.316 840.1C316.766 839.433 316.349 838.692 316.066 837.875C315.799 837.058 315.666 836.217 315.666 835.35C315.666 834.517 315.791 833.7 316.041 832.9C316.307 832.083 316.707 831.342 317.241 830.675C317.791 830.008 318.482 829.483 319.316 829.1C320.166 828.7 321.166 828.5 322.316 828.5C323.532 828.5 324.607 828.767 325.541 829.3C326.491 829.833 327.232 830.625 327.766 831.675C328.299 832.708 328.566 833.967 328.566 835.45V836.375H319.491C319.541 837.175 319.816 837.867 320.316 838.45C320.832 839.033 321.541 839.325 322.441 839.325C322.957 839.325 323.374 839.25 323.691 839.1C324.024 838.933 324.282 838.75 324.466 838.55C324.649 838.333 324.774 838.142 324.841 837.975C324.907 837.808 324.941 837.725 324.941 837.725H328.441C328.441 837.725 328.399 837.883 328.316 838.2C328.249 838.5 328.099 838.875 327.866 839.325C327.632 839.775 327.291 840.225 326.841 840.675C326.407 841.125 325.832 841.5 325.116 841.8C324.399 842.1 323.507 842.25 322.441 842.25ZM319.491 834.075H324.916C324.866 833.158 324.591 832.475 324.091 832.025C323.591 831.575 322.974 831.35 322.241 831.35C321.507 831.35 320.882 831.592 320.366 832.075C319.849 832.542 319.557 833.208 319.491 834.075ZM337.948 842.25C336.464 842.25 335.206 841.933 334.173 841.3C333.139 840.65 332.348 839.808 331.798 838.775C331.264 837.725 330.998 836.592 330.998 835.375C330.998 834.158 331.264 833.033 331.798 832C332.348 830.95 333.139 830.108 334.173 829.475C335.206 828.825 336.464 828.5 337.948 828.5C339.431 828.5 340.689 828.825 341.723 829.475C342.756 830.108 343.539 830.95 344.073 832C344.623 833.033 344.898 834.158 344.898 835.375C344.898 836.592 344.623 837.725 344.073 838.775C343.539 839.808 342.756 840.65 341.723 841.3C340.689 841.933 339.431 842.25 337.948 842.25ZM337.948 839.15C338.614 839.15 339.173 838.975 339.623 838.625C340.089 838.275 340.448 837.817 340.698 837.25C340.948 836.667 341.073 836.042 341.073 835.375C341.073 834.692 340.948 834.067 340.698 833.5C340.448 832.933 340.089 832.475 339.623 832.125C339.173 831.775 338.614 831.6 337.948 831.6C337.281 831.6 336.714 831.775 336.248 832.125C335.781 832.475 335.423 832.933 335.173 833.5C334.939 834.067 334.823 834.692 334.823 835.375C334.823 836.042 334.939 836.667 335.173 837.25C335.423 837.817 335.781 838.275 336.248 838.625C336.714 838.975 337.281 839.15 337.948 839.15ZM367.864 836.75C368.031 836.317 368.214 835.917 368.414 835.55C368.614 835.167 368.839 834.808 369.089 834.475H355.689V832.425H369.089C368.856 832.092 368.639 831.742 368.439 831.375C368.239 830.992 368.056 830.583 367.889 830.15H369.789C370.823 831.367 371.956 832.292 373.189 832.925V834C371.956 834.6 370.823 835.517 369.789 836.75H367.864Z" fill="white"/>
<path d="M256.5 900H171.5C170.119 900 169 901.119 169 902.5C169 903.881 170.119 905 171.5 905H256.5C257.881 905 259 903.881 259 902.5C259 901.119 257.881 900 256.5 900Z" fill="#C8C8C8"/>
</g>
<defs>
<clipPath id="clip0_18_307">
<rect width="429" height="927" fill="white"/>
</clipPath>
</defs>
</svg>
